2025-05-24 17:10:03,800 [INFO] Inicio del sistema
2025-05-24 17:10:04,939 [INFO] Lectura BMP390
2025-05-24 17:10:05,019 [INFO] [31m[1mWARNING: This is a development server. Do not use it in a production deployment. Use a production WSGI server instead.[0m
 * Running on all addresses (0.0.0.0)
 * Running on http://127.0.0.1:5000
 * Running on http://192.168.95.239:5000
2025-05-24 17:10:05,020 [INFO] [33mPress CTRL+C to quit[0m
2025-05-24 17:10:05,165 [INFO] Lectura LTR390
2025-05-24 17:10:05,171 [WARNING] Lectura serial fallida o formato incorrecto
2025-05-24 17:10:05,173 [WARNING] GPS sin señal
2025-05-24 17:10:05,177 [INFO] Datos JSON preparados para envío
2025-05-24 17:10:06,230 [INFO] Lectura BMP390
2025-05-24 17:10:06,421 [INFO] Lectura LTR390
2025-05-24 17:10:06,428 [INFO] Lectura desde ESP32-S3 por serial
2025-05-24 17:10:06,432 [WARNING] GPS sin señal
2025-05-24 17:10:06,436 [INFO] Datos JSON preparados para envío
2025-05-24 17:10:07,493 [INFO] Lectura BMP390
2025-05-24 17:10:07,678 [INFO] Lectura LTR390
2025-05-24 17:10:08,575 [INFO] Lectura desde ESP32-S3 por serial
2025-05-24 17:10:08,579 [WARNING] GPS sin señal
2025-05-24 17:10:08,580 [INFO] Datos JSON preparados para envío
2025-05-24 17:10:09,632 [INFO] Lectura BMP390
2025-05-24 17:10:09,816 [INFO] Lectura LTR390
2025-05-24 17:10:10,753 [INFO] Lectura desde ESP32-S3 por serial
2025-05-24 17:10:10,755 [WARNING] GPS sin señal
2025-05-24 17:10:10,757 [INFO] Datos JSON preparados para envío
2025-05-24 17:10:10,826 [INFO] 192.168.95.214 - - [24/May/2025 17:10:10] "GET / HTTP/1.1" 200 -
2025-05-24 17:10:10,948 [INFO] 192.168.95.214 - - [24/May/2025 17:10:10] "[33mGET /favicon.ico HTTP/1.1[0m" 404 -
2025-05-24 17:10:11,810 [INFO] Lectura BMP390
2025-05-24 17:10:11,993 [INFO] Lectura LTR390
2025-05-24 17:10:12,937 [INFO] Lectura desde ESP32-S3 por serial
2025-05-24 17:10:12,942 [WARNING] GPS sin señal
2025-05-24 17:10:12,945 [INFO] Datos JSON preparados para envío
2025-05-24 17:10:13,999 [INFO] Lectura BMP390
2025-05-24 17:10:14,186 [INFO] Lectura LTR390
2025-05-24 17:10:15,118 [INFO] Lectura desde ESP32-S3 por serial
2025-05-24 17:10:15,121 [WARNING] GPS sin señal
2025-05-24 17:10:15,124 [INFO] Datos JSON preparados para envío
2025-05-24 17:10:16,182 [INFO] Lectura BMP390
2025-05-24 17:10:16,374 [INFO] Lectura LTR390
2025-05-24 17:10:17,298 [INFO] Lectura desde ESP32-S3 por serial
2025-05-24 17:10:17,303 [WARNING] GPS sin señal
2025-05-24 17:10:17,306 [INFO] Datos JSON preparados para envío
2025-05-24 17:10:18,366 [INFO] Lectura BMP390
2025-05-24 17:10:18,559 [INFO] Lectura LTR390
2025-05-24 17:10:18,692 [INFO] 192.168.95.214 - - [24/May/2025 17:10:18] "POST /mover HTTP/1.1" 200 -
2025-05-24 17:10:18,694 [INFO] Movimiento hacia adelante
2025-05-24 17:10:19,475 [INFO] Lectura desde ESP32-S3 por serial
2025-05-24 17:10:19,480 [WARNING] GPS sin señal
2025-05-24 17:10:19,485 [INFO] Datos JSON preparados para envío
2025-05-24 17:10:20,552 [INFO] Lectura BMP390
2025-05-24 17:10:20,754 [INFO] Lectura LTR390
2025-05-24 17:10:21,658 [INFO] Lectura desde ESP32-S3 por serial
2025-05-24 17:10:21,665 [WARNING] GPS sin señal
2025-05-24 17:10:21,670 [INFO] Datos JSON preparados para envío
2025-05-24 17:10:22,168 [INFO] Movimiento hacia adelante
2025-05-24 17:10:22,733 [INFO] Lectura BMP390
2025-05-24 17:10:22,932 [INFO] Lectura LTR390
2025-05-24 17:10:23,837 [INFO] Lectura desde ESP32-S3 por serial
2025-05-24 17:10:23,842 [WARNING] GPS sin señal
2025-05-24 17:10:23,847 [INFO] Datos JSON preparados para envío
2025-05-24 17:10:24,909 [INFO] Lectura BMP390
2025-05-24 17:10:25,095 [INFO] Lectura LTR390
2025-05-24 17:10:25,689 [INFO] Movimiento hacia adelante
2025-05-24 17:10:26,016 [INFO] Lectura desde ESP32-S3 por serial
2025-05-24 17:10:26,022 [WARNING] GPS sin señal
2025-05-24 17:10:26,026 [INFO] Datos JSON preparados para envío
2025-05-24 17:10:27,084 [INFO] Lectura BMP390
2025-05-24 17:10:27,280 [INFO] Lectura LTR390
2025-05-24 17:10:28,203 [INFO] Lectura desde ESP32-S3 por serial
2025-05-24 17:10:28,207 [WARNING] GPS sin señal
2025-05-24 17:10:28,210 [INFO] Datos JSON preparados para envío
2025-05-24 17:10:28,989 [INFO] Movimiento hacia adelante
2025-05-24 17:10:29,267 [INFO] Lectura BMP390
2025-05-24 17:10:29,465 [INFO] Lectura LTR390
2025-05-24 17:10:30,382 [INFO] Lectura desde ESP32-S3 por serial
2025-05-24 17:10:30,386 [WARNING] GPS sin señal
2025-05-24 17:10:30,392 [INFO] Datos JSON preparados para envío
2025-05-24 17:10:31,472 [INFO] Lectura BMP390
2025-05-24 17:10:31,664 [INFO] Lectura LTR390
2025-05-24 17:10:32,410 [INFO] Movimiento hacia adelante
2025-05-24 17:10:32,563 [INFO] Lectura desde ESP32-S3 por serial
2025-05-24 17:10:32,568 [WARNING] GPS sin señal
2025-05-24 17:10:32,574 [INFO] Datos JSON preparados para envío
2025-05-24 17:10:33,632 [INFO] Lectura BMP390
2025-05-24 17:10:33,830 [INFO] Lectura LTR390
2025-05-24 17:10:34,743 [INFO] Lectura desde ESP32-S3 por serial
2025-05-24 17:10:34,747 [WARNING] GPS sin señal
2025-05-24 17:10:34,754 [INFO] Datos JSON preparados para envío
2025-05-24 17:10:35,718 [INFO] Movimiento hacia adelante
2025-05-24 17:10:35,840 [INFO] Lectura BMP390
2025-05-24 17:10:36,042 [INFO] Lectura LTR390
2025-05-24 17:10:36,922 [INFO] Lectura desde ESP32-S3 por serial
2025-05-24 17:10:36,930 [WARNING] GPS sin señal
2025-05-24 17:10:36,940 [INFO] Datos JSON preparados para envío
2025-05-24 17:10:38,002 [INFO] Lectura BMP390
2025-05-24 17:10:38,197 [INFO] Lectura LTR390
2025-05-24 17:10:39,108 [INFO] Lectura desde ESP32-S3 por serial
2025-05-24 17:10:39,111 [WARNING] GPS sin señal
2025-05-24 17:10:39,115 [INFO] Datos JSON preparados para envío
2025-05-24 17:10:39,483 [INFO] Movimiento hacia adelante
2025-05-24 17:10:40,187 [INFO] Lectura BMP390
2025-05-24 17:10:40,397 [INFO] Lectura LTR390
2025-05-24 17:10:41,280 [INFO] Lectura desde ESP32-S3 por serial
2025-05-24 17:10:41,284 [WARNING] GPS sin señal
2025-05-24 17:10:41,286 [INFO] Datos JSON preparados para envío
2025-05-24 17:10:42,345 [INFO] Lectura BMP390
2025-05-24 17:10:42,541 [INFO] Lectura LTR390
2025-05-24 17:10:43,000 [INFO] Movimiento hacia adelante
2025-05-24 17:10:43,465 [INFO] Lectura desde ESP32-S3 por serial
2025-05-24 17:10:43,468 [WARNING] GPS sin señal
2025-05-24 17:10:43,472 [INFO] Datos JSON preparados para envío
2025-05-24 17:10:44,536 [INFO] Lectura BMP390
2025-05-24 17:10:44,740 [INFO] Lectura LTR390
2025-05-24 17:10:45,644 [INFO] Lectura desde ESP32-S3 por serial
2025-05-24 17:10:45,649 [WARNING] GPS sin señal
2025-05-24 17:10:45,653 [INFO] Datos JSON preparados para envío
2025-05-24 17:10:46,622 [INFO] Movimiento hacia adelante
2025-05-24 17:10:46,713 [INFO] Lectura BMP390
2025-05-24 17:10:46,902 [INFO] Lectura LTR390
2025-05-24 17:10:47,822 [INFO] Lectura desde ESP32-S3 por serial
2025-05-24 17:10:47,827 [WARNING] GPS sin señal
2025-05-24 17:10:47,838 [INFO] Datos JSON preparados para envío
2025-05-24 17:10:48,898 [INFO] Lectura BMP390
2025-05-24 17:10:49,095 [INFO] Lectura LTR390
2025-05-24 17:10:50,015 [INFO] Lectura desde ESP32-S3 por serial
2025-05-24 17:10:50,020 [WARNING] GPS sin señal
2025-05-24 17:10:50,023 [INFO] Datos JSON preparados para envío
2025-05-24 17:10:50,437 [INFO] Movimiento hacia adelante
2025-05-24 17:10:51,087 [INFO] Lectura BMP390
2025-05-24 17:10:51,289 [INFO] Lectura LTR390
2025-05-24 17:10:52,182 [INFO] Lectura desde ESP32-S3 por serial
2025-05-24 17:10:52,188 [WARNING] GPS sin señal
2025-05-24 17:10:52,190 [INFO] Datos JSON preparados para envío
2025-05-24 17:10:53,248 [INFO] Lectura BMP390
2025-05-24 17:10:53,444 [INFO] Lectura LTR390
2025-05-24 17:10:53,837 [INFO] Movimiento hacia adelante
2025-05-24 17:10:54,368 [INFO] Lectura desde ESP32-S3 por serial
2025-05-24 17:10:54,375 [WARNING] GPS sin señal
2025-05-24 17:10:54,379 [INFO] Datos JSON preparados para envío
2025-05-24 17:10:55,447 [INFO] Lectura BMP390
2025-05-24 17:10:55,643 [INFO] Lectura LTR390
2025-05-24 17:10:56,542 [INFO] Lectura desde ESP32-S3 por serial
2025-05-24 17:10:56,546 [WARNING] GPS sin señal
2025-05-24 17:10:56,547 [INFO] Datos JSON preparados para envío
2025-05-24 17:10:57,032 [INFO] Movimiento hacia adelante
2025-05-24 17:10:57,611 [INFO] Lectura BMP390
2025-05-24 17:10:57,803 [INFO] Lectura LTR390
2025-05-24 17:10:58,722 [INFO] Lectura desde ESP32-S3 por serial
2025-05-24 17:10:58,725 [WARNING] GPS sin señal
2025-05-24 17:10:58,729 [INFO] Datos JSON preparados para envío
2025-05-24 17:10:59,791 [INFO] Lectura BMP390
2025-05-24 17:10:59,986 [INFO] Lectura LTR390
2025-05-24 17:11:00,257 [INFO] Movimiento hacia adelante
2025-05-24 17:11:00,901 [INFO] Lectura desde ESP32-S3 por serial
2025-05-24 17:11:00,904 [WARNING] GPS sin señal
2025-05-24 17:11:00,906 [INFO] Datos JSON preparados para envío
2025-05-24 17:11:01,967 [INFO] Lectura BMP390
2025-05-24 17:11:02,166 [INFO] Lectura LTR390
2025-05-24 17:11:03,088 [INFO] Lectura desde ESP32-S3 por serial
2025-05-24 17:11:03,093 [WARNING] GPS sin señal
2025-05-24 17:11:03,096 [INFO] Datos JSON preparados para envío
2025-05-24 17:11:03,451 [INFO] Movimiento hacia adelante
2025-05-24 17:11:04,177 [INFO] Lectura BMP390
2025-05-24 17:11:04,385 [INFO] Lectura LTR390
2025-05-24 17:11:05,267 [INFO] Lectura desde ESP32-S3 por serial
2025-05-24 17:11:05,272 [WARNING] GPS sin señal
2025-05-24 17:11:05,275 [INFO] Datos JSON preparados para envío
2025-05-24 17:11:06,331 [INFO] Lectura BMP390
2025-05-24 17:11:06,524 [INFO] Lectura LTR390
2025-05-24 17:11:07,069 [INFO] Movimiento hacia adelante
2025-05-24 17:11:07,439 [INFO] Lectura desde ESP32-S3 por serial
2025-05-24 17:11:07,443 [WARNING] GPS sin señal
2025-05-24 17:11:07,448 [INFO] Datos JSON preparados para envío
2025-05-24 17:11:08,515 [INFO] Lectura BMP390
2025-05-24 17:11:08,706 [INFO] Lectura LTR390
2025-05-24 17:11:09,619 [INFO] Lectura desde ESP32-S3 por serial
2025-05-24 17:11:09,633 [WARNING] GPS sin señal
2025-05-24 17:11:09,641 [INFO] Datos JSON preparados para envío
2025-05-24 17:11:10,498 [INFO] Movimiento hacia adelante
2025-05-24 17:11:10,704 [INFO] Lectura BMP390
2025-05-24 17:11:10,902 [INFO] Lectura LTR390
2025-05-24 17:11:11,806 [INFO] Lectura desde ESP32-S3 por serial
2025-05-24 17:11:11,812 [WARNING] GPS sin señal
2025-05-24 17:11:11,815 [INFO] Datos JSON preparados para envío
2025-05-24 17:11:12,875 [INFO] Lectura BMP390
2025-05-24 17:11:13,072 [INFO] Lectura LTR390
2025-05-24 17:11:13,926 [INFO] Movimiento hacia adelante
2025-05-24 17:11:13,977 [INFO] Lectura desde ESP32-S3 por serial
2025-05-24 17:11:13,982 [WARNING] GPS sin señal
2025-05-24 17:11:13,987 [INFO] Datos JSON preparados para envío
2025-05-24 17:11:15,053 [INFO] Lectura BMP390
2025-05-24 17:11:15,251 [INFO] Lectura LTR390
2025-05-24 17:11:16,153 [INFO] Lectura desde ESP32-S3 por serial
2025-05-24 17:11:16,166 [WARNING] GPS sin señal
2025-05-24 17:11:16,169 [INFO] Datos JSON preparados para envío
2025-05-24 17:11:17,227 [INFO] Lectura BMP390
2025-05-24 17:11:17,429 [INFO] Lectura LTR390
2025-05-24 17:11:17,454 [INFO] Movimiento hacia adelante
2025-05-24 17:11:18,326 [INFO] Lectura desde ESP32-S3 por serial
2025-05-24 17:11:18,331 [WARNING] GPS sin señal
2025-05-24 17:11:18,337 [INFO] Datos JSON preparados para envío
2025-05-24 17:11:19,393 [INFO] Lectura BMP390
2025-05-24 17:11:19,586 [INFO] Lectura LTR390
2025-05-24 17:11:20,508 [INFO] Lectura desde ESP32-S3 por serial
2025-05-24 17:11:20,515 [WARNING] GPS sin señal
2025-05-24 17:11:20,520 [INFO] Datos JSON preparados para envío
2025-05-24 17:11:20,867 [INFO] Movimiento hacia adelante
2025-05-24 17:11:21,579 [INFO] Lectura BMP390
2025-05-24 17:11:21,769 [INFO] Lectura LTR390
2025-05-24 17:11:22,692 [INFO] Lectura desde ESP32-S3 por serial
2025-05-24 17:11:22,697 [WARNING] GPS sin señal
2025-05-24 17:11:22,706 [INFO] Datos JSON preparados para envío
2025-05-24 17:11:23,771 [INFO] Lectura BMP390
2025-05-24 17:11:23,957 [INFO] Lectura LTR390
2025-05-24 17:11:24,526 [INFO] Movimiento hacia adelante
2025-05-24 17:11:24,878 [INFO] Lectura desde ESP32-S3 por serial
2025-05-24 17:11:24,883 [WARNING] GPS sin señal
2025-05-24 17:11:24,885 [INFO] Datos JSON preparados para envío
2025-05-24 17:11:25,948 [INFO] Lectura BMP390
2025-05-24 17:11:26,139 [INFO] Lectura LTR390
2025-05-24 17:11:27,047 [INFO] Lectura desde ESP32-S3 por serial
2025-05-24 17:11:27,052 [WARNING] GPS sin señal
2025-05-24 17:11:27,058 [INFO] Datos JSON preparados para envío
2025-05-24 17:11:27,990 [INFO] Movimiento hacia adelante
2025-05-24 17:11:28,123 [INFO] Lectura BMP390
2025-05-24 17:11:28,322 [INFO] Lectura LTR390
2025-05-24 17:11:29,243 [INFO] Lectura desde ESP32-S3 por serial
2025-05-24 17:11:29,252 [WARNING] GPS sin señal
2025-05-24 17:11:29,259 [INFO] Datos JSON preparados para envío
2025-05-24 17:11:30,320 [INFO] Lectura BMP390
2025-05-24 17:11:30,519 [INFO] Lectura LTR390
2025-05-24 17:11:31,406 [INFO] Lectura desde ESP32-S3 por serial
2025-05-24 17:11:31,410 [WARNING] GPS sin señal
2025-05-24 17:11:31,413 [INFO] Datos JSON preparados para envío
2025-05-24 17:11:31,733 [INFO] Movimiento hacia adelante
2025-05-24 17:11:32,475 [INFO] Lectura BMP390
2025-05-24 17:11:32,662 [INFO] Lectura LTR390
2025-05-24 17:11:33,590 [INFO] Lectura desde ESP32-S3 por serial
2025-05-24 17:11:33,598 [WARNING] GPS sin señal
2025-05-24 17:11:33,601 [INFO] Datos JSON preparados para envío
2025-05-24 17:11:34,661 [INFO] Lectura BMP390
2025-05-24 17:11:34,847 [INFO] Lectura LTR390
2025-05-24 17:11:34,983 [INFO] Movimiento hacia adelante
2025-05-24 17:11:35,766 [INFO] Lectura desde ESP32-S3 por serial
2025-05-24 17:11:35,769 [WARNING] GPS sin señal
2025-05-24 17:11:35,772 [INFO] Datos JSON preparados para envío
2025-05-24 17:11:36,843 [INFO] Lectura BMP390
2025-05-24 17:11:37,037 [INFO] Lectura LTR390
2025-05-24 17:11:37,949 [INFO] Lectura desde ESP32-S3 por serial
2025-05-24 17:11:37,963 [WARNING] GPS sin señal
2025-05-24 17:11:37,966 [INFO] Datos JSON preparados para envío
2025-05-24 17:11:38,783 [INFO] Movimiento hacia adelante
2025-05-24 17:11:39,035 [INFO] Lectura BMP390
2025-05-24 17:11:39,231 [INFO] Lectura LTR390
2025-05-24 17:11:40,128 [INFO] Lectura desde ESP32-S3 por serial
2025-05-24 17:11:40,132 [WARNING] GPS sin señal
2025-05-24 17:11:40,135 [INFO] Datos JSON preparados para envío
2025-05-24 17:11:41,195 [INFO] Lectura BMP390
2025-05-24 17:11:41,392 [INFO] Lectura LTR390
2025-05-24 17:11:42,307 [INFO] Lectura desde ESP32-S3 por serial
2025-05-24 17:11:42,315 [WARNING] GPS sin señal
2025-05-24 17:11:42,319 [INFO] Datos JSON preparados para envío
2025-05-24 17:11:43,377 [INFO] Lectura BMP390
2025-05-24 17:11:43,568 [INFO] Lectura LTR390
2025-05-24 17:11:44,489 [INFO] Lectura desde ESP32-S3 por serial
2025-05-24 17:11:44,496 [WARNING] GPS sin señal
2025-05-24 17:11:44,500 [INFO] Datos JSON preparados para envío
2025-05-24 17:11:45,077 [INFO] 192.168.95.214 - - [24/May/2025 17:11:45] "POST /mover HTTP/1.1" 200 -
2025-05-24 17:11:45,078 [INFO] Movimiento hacia atrás
2025-05-24 17:11:45,560 [INFO] Lectura BMP390
2025-05-24 17:11:45,750 [INFO] Lectura LTR390
2025-05-24 17:11:46,671 [INFO] Lectura desde ESP32-S3 por serial
2025-05-24 17:11:46,680 [WARNING] GPS sin señal
2025-05-24 17:11:46,683 [INFO] Datos JSON preparados para envío
2025-05-24 17:11:47,745 [INFO] Lectura BMP390
2025-05-24 17:11:47,941 [INFO] Lectura LTR390
2025-05-24 17:11:48,337 [INFO] Movimiento hacia atrás
2025-05-24 17:11:48,845 [INFO] Lectura desde ESP32-S3 por serial
2025-05-24 17:11:48,851 [WARNING] GPS sin señal
2025-05-24 17:11:48,854 [INFO] Datos JSON preparados para envío
2025-05-24 17:11:49,913 [INFO] Lectura BMP390
2025-05-24 17:11:50,103 [INFO] Lectura LTR390
2025-05-24 17:11:51,029 [INFO] Lectura desde ESP32-S3 por serial
2025-05-24 17:11:51,034 [WARNING] GPS sin señal
2025-05-24 17:11:51,036 [INFO] Datos JSON preparados para envío
2025-05-24 17:11:52,101 [INFO] Lectura BMP390
2025-05-24 17:11:52,295 [INFO] Lectura LTR390
2025-05-24 17:11:53,208 [INFO] Lectura desde ESP32-S3 por serial
2025-05-24 17:11:53,214 [WARNING] GPS sin señal
2025-05-24 17:11:53,215 [INFO] Datos JSON preparados para envío
2025-05-24 17:11:53,888 [INFO] 192.168.95.214 - - [24/May/2025 17:11:53] "POST /mover HTTP/1.1" 200 -
2025-05-24 17:11:53,889 [INFO] Movimiento a la derecha
2025-05-24 17:11:54,274 [INFO] Lectura BMP390
2025-05-24 17:11:54,471 [INFO] Lectura LTR390
2025-05-24 17:11:55,380 [INFO] Lectura desde ESP32-S3 por serial
2025-05-24 17:11:55,390 [WARNING] GPS sin señal
2025-05-24 17:11:55,394 [INFO] Datos JSON preparados para envío
2025-05-24 17:11:56,448 [INFO] Lectura BMP390
2025-05-24 17:11:56,637 [INFO] Lectura LTR390
2025-05-24 17:11:57,104 [INFO] Movimiento a la derecha
2025-05-24 17:11:57,560 [INFO] Lectura desde ESP32-S3 por serial
2025-05-24 17:11:57,567 [WARNING] GPS sin señal
2025-05-24 17:11:57,571 [INFO] Datos JSON preparados para envío
2025-05-24 17:11:58,633 [INFO] Lectura BMP390
2025-05-24 17:11:58,831 [INFO] Lectura LTR390
2025-05-24 17:11:59,737 [INFO] Lectura desde ESP32-S3 por serial
2025-05-24 17:11:59,743 [WARNING] GPS sin señal
2025-05-24 17:11:59,745 [INFO] Datos JSON preparados para envío
2025-05-24 17:12:00,308 [INFO] Movimiento a la derecha
2025-05-24 17:12:00,801 [INFO] Lectura BMP390
2025-05-24 17:12:00,993 [INFO] Lectura LTR390
2025-05-24 17:12:01,922 [INFO] Lectura desde ESP32-S3 por serial
2025-05-24 17:12:01,929 [WARNING] GPS sin señal
2025-05-24 17:12:01,931 [INFO] Datos JSON preparados para envío
2025-05-24 17:12:02,987 [INFO] Lectura BMP390
2025-05-24 17:12:03,179 [INFO] Lectura LTR390
2025-05-24 17:12:04,096 [INFO] Lectura desde ESP32-S3 por serial
2025-05-24 17:12:04,103 [WARNING] GPS sin señal
2025-05-24 17:12:04,105 [INFO] Datos JSON preparados para envío
2025-05-24 17:12:05,166 [INFO] Lectura BMP390
2025-05-24 17:12:05,353 [INFO] Lectura LTR390
2025-05-24 17:12:06,275 [INFO] Lectura desde ESP32-S3 por serial
2025-05-24 17:12:06,281 [WARNING] GPS sin señal
2025-05-24 17:12:06,286 [INFO] Datos JSON preparados para envío
2025-05-24 17:12:06,292 [INFO] 192.168.95.214 - - [24/May/2025 17:12:06] "POST /mover HTTP/1.1" 200 -
2025-05-24 17:12:06,293 [INFO] Movimiento a la izquierda
2025-05-24 17:12:07,349 [INFO] Lectura BMP390
2025-05-24 17:12:07,538 [INFO] Lectura LTR390
2025-05-24 17:12:08,457 [INFO] Lectura desde ESP32-S3 por serial
2025-05-24 17:12:08,466 [WARNING] GPS sin señal
2025-05-24 17:12:08,469 [INFO] Datos JSON preparados para envío
2025-05-24 17:12:09,498 [INFO] Movimiento a la izquierda
2025-05-24 17:12:09,525 [INFO] Lectura BMP390
2025-05-24 17:12:09,719 [INFO] Lectura LTR390
2025-05-24 17:12:10,631 [INFO] Lectura desde ESP32-S3 por serial
2025-05-24 17:12:10,635 [WARNING] GPS sin señal
2025-05-24 17:12:10,637 [INFO] Datos JSON preparados para envío
2025-05-24 17:12:10,971 [INFO] 192.168.95.214 - - [24/May/2025 17:12:10] "POST /mover HTTP/1.1" 200 -
2025-05-24 17:12:11,692 [INFO] Lectura BMP390
2025-05-24 17:12:11,882 [INFO] Lectura LTR390
2025-05-24 17:12:12,813 [INFO] Lectura desde ESP32-S3 por serial
2025-05-24 17:12:12,820 [WARNING] GPS sin señal
2025-05-24 17:12:12,824 [INFO] Datos JSON preparados para envío
2025-05-24 17:12:13,878 [INFO] Lectura BMP390
2025-05-24 17:12:14,063 [INFO] Lectura LTR390
2025-05-24 17:12:14,996 [INFO] Lectura desde ESP32-S3 por serial
2025-05-24 17:12:15,002 [WARNING] GPS sin señal
2025-05-24 17:12:15,005 [INFO] Datos JSON preparados para envío
2025-05-24 17:12:16,057 [INFO] Lectura BMP390
2025-05-24 17:12:16,238 [INFO] Lectura LTR390
2025-05-24 17:12:17,171 [INFO] Lectura desde ESP32-S3 por serial
2025-05-24 17:12:17,174 [WARNING] GPS sin señal
2025-05-24 17:12:17,176 [INFO] Datos JSON preparados para envío
2025-05-24 17:12:18,229 [INFO] Lectura BMP390
2025-05-24 17:12:18,415 [INFO] Lectura LTR390
2025-05-24 17:12:19,353 [INFO] Lectura desde ESP32-S3 por serial
2025-05-24 17:12:19,360 [WARNING] GPS sin señal
2025-05-24 17:12:19,364 [INFO] Datos JSON preparados para envío
2025-05-24 17:12:20,426 [INFO] Lectura BMP390
2025-05-24 17:12:20,608 [INFO] Lectura LTR390
2025-05-24 17:12:21,529 [INFO] Lectura desde ESP32-S3 por serial
2025-05-24 17:12:21,536 [WARNING] GPS sin señal
2025-05-24 17:12:21,538 [INFO] Datos JSON preparados para envío
2025-05-24 17:12:22,591 [INFO] Lectura BMP390
2025-05-24 17:12:22,772 [INFO] Lectura LTR390
2025-05-24 17:12:23,712 [INFO] Lectura desde ESP32-S3 por serial
2025-05-24 17:12:23,718 [WARNING] GPS sin señal
2025-05-24 17:12:23,721 [INFO] Datos JSON preparados para envío
2025-05-24 17:12:24,774 [INFO] Lectura BMP390
2025-05-24 17:12:24,954 [INFO] Lectura LTR390
2025-05-24 17:12:25,887 [INFO] Lectura desde ESP32-S3 por serial
2025-05-24 17:12:25,891 [WARNING] GPS sin señal
2025-05-24 17:12:25,892 [INFO] Datos JSON preparados para envío
2025-05-24 17:12:26,945 [INFO] Lectura BMP390
2025-05-24 17:12:27,126 [INFO] Lectura LTR390
2025-05-24 17:12:28,071 [INFO] Lectura desde ESP32-S3 por serial
2025-05-24 17:12:28,076 [WARNING] GPS sin señal
2025-05-24 17:12:28,079 [INFO] Datos JSON preparados para envío
2025-05-24 17:12:29,133 [INFO] Lectura BMP390
2025-05-24 17:12:29,310 [INFO] Lectura LTR390
2025-05-24 17:12:30,248 [INFO] Lectura desde ESP32-S3 por serial
2025-05-24 17:12:30,254 [WARNING] GPS sin señal
2025-05-24 17:12:30,256 [INFO] Datos JSON preparados para envío
2025-05-24 17:12:31,310 [INFO] Lectura BMP390
2025-05-24 17:12:31,494 [INFO] Lectura LTR390
2025-05-24 17:12:32,427 [INFO] Lectura desde ESP32-S3 por serial
2025-05-24 17:12:32,434 [WARNING] GPS sin señal
2025-05-24 17:12:32,437 [INFO] Datos JSON preparados para envío
2025-05-24 17:12:33,491 [INFO] Lectura BMP390
2025-05-24 17:12:33,674 [INFO] Lectura LTR390
2025-05-24 17:12:34,605 [INFO] Lectura desde ESP32-S3 por serial
2025-05-24 17:12:34,612 [WARNING] GPS sin señal
2025-05-24 17:12:34,616 [INFO] Datos JSON preparados para envío
2025-05-24 17:13:56,988 [INFO] Inicio del sistema
2025-05-24 17:13:58,133 [INFO] Lectura BMP390
2025-05-24 17:13:58,192 [INFO] [31m[1mWARNING: This is a development server. Do not use it in a production deployment. Use a production WSGI server instead.[0m
 * Running on all addresses (0.0.0.0)
 * Running on http://127.0.0.1:5000
 * Running on http://192.168.95.239:5000
2025-05-24 17:13:58,193 [INFO] [33mPress CTRL+C to quit[0m
2025-05-24 17:13:58,350 [INFO] Lectura LTR390
2025-05-24 17:13:58,356 [WARNING] Lectura serial fallida o formato incorrecto
2025-05-24 17:13:58,359 [WARNING] GPS sin señal
2025-05-24 17:13:58,361 [INFO] Datos JSON preparados para envío
2025-05-24 17:13:59,415 [INFO] Lectura BMP390
2025-05-24 17:13:59,596 [INFO] Lectura LTR390
2025-05-24 17:13:59,602 [INFO] Lectura desde ESP32-S3 por serial
2025-05-24 17:13:59,606 [WARNING] GPS sin señal
2025-05-24 17:13:59,610 [INFO] Datos JSON preparados para envío
2025-05-24 17:14:00,661 [INFO] Lectura BMP390
2025-05-24 17:14:00,841 [INFO] Lectura LTR390
2025-05-24 17:14:01,774 [INFO] Lectura desde ESP32-S3 por serial
2025-05-24 17:14:01,780 [WARNING] GPS sin señal
2025-05-24 17:14:01,784 [INFO] Datos JSON preparados para envío
2025-05-24 17:14:02,838 [INFO] Lectura BMP390
2025-05-24 17:14:03,019 [INFO] Lectura LTR390
2025-05-24 17:14:03,798 [INFO] 127.0.0.1 - - [24/May/2025 17:14:03] "GET /?id=8a16bb4b-c372-4263-b627-216c25175ca0&vscodeBrowserReqId=1748103242800 HTTP/1.1" 200 -
2025-05-24 17:14:03,952 [INFO] Lectura desde ESP32-S3 por serial
2025-05-24 17:14:03,955 [WARNING] GPS sin señal
2025-05-24 17:14:03,958 [INFO] Datos JSON preparados para envío
2025-05-24 17:14:05,012 [INFO] Lectura BMP390
2025-05-24 17:14:05,195 [INFO] Lectura LTR390
2025-05-24 17:14:06,129 [INFO] Lectura desde ESP32-S3 por serial
2025-05-24 17:14:06,135 [WARNING] GPS sin señal
2025-05-24 17:14:06,139 [INFO] Datos JSON preparados para envío
2025-05-24 17:14:07,200 [INFO] Lectura BMP390
2025-05-24 17:14:07,379 [INFO] Lectura LTR390
2025-05-24 17:14:08,316 [INFO] Lectura desde ESP32-S3 por serial
2025-05-24 17:14:08,323 [WARNING] GPS sin señal
2025-05-24 17:14:08,326 [INFO] Datos JSON preparados para envío
2025-05-24 17:14:09,382 [INFO] Lectura BMP390
2025-05-24 17:14:09,565 [INFO] Lectura LTR390
2025-05-24 17:14:10,497 [INFO] Lectura desde ESP32-S3 por serial
2025-05-24 17:14:10,503 [WARNING] GPS sin señal
2025-05-24 17:14:10,505 [INFO] Datos JSON preparados para envío
2025-05-24 17:14:11,558 [INFO] Lectura BMP390
2025-05-24 17:14:11,746 [INFO] Lectura LTR390
2025-05-24 17:14:12,676 [INFO] Lectura desde ESP32-S3 por serial
2025-05-24 17:14:12,683 [WARNING] GPS sin señal
2025-05-24 17:14:12,689 [INFO] Datos JSON preparados para envío
2025-05-24 17:14:13,741 [INFO] Lectura BMP390
2025-05-24 17:14:13,926 [INFO] Lectura LTR390
2025-05-24 17:14:14,857 [INFO] Lectura desde ESP32-S3 por serial
2025-05-24 17:14:14,861 [WARNING] GPS sin señal
2025-05-24 17:14:14,864 [INFO] Datos JSON preparados para envío
2025-05-24 17:14:15,922 [INFO] Lectura BMP390
2025-05-24 17:14:16,111 [INFO] Lectura LTR390
2025-05-24 17:14:17,035 [INFO] Lectura desde ESP32-S3 por serial
2025-05-24 17:14:17,046 [WARNING] GPS sin señal
2025-05-24 17:14:17,048 [INFO] Datos JSON preparados para envío
2025-05-24 17:14:18,098 [INFO] Lectura BMP390
2025-05-24 17:14:18,282 [INFO] Lectura LTR390
2025-05-24 17:14:19,209 [INFO] Lectura desde ESP32-S3 por serial
2025-05-24 17:14:19,212 [WARNING] GPS sin señal
2025-05-24 17:14:19,214 [INFO] Datos JSON preparados para envío
2025-05-24 17:14:20,265 [INFO] Lectura BMP390
2025-05-24 17:14:20,442 [INFO] Lectura LTR390
2025-05-24 17:14:21,397 [INFO] Lectura desde ESP32-S3 por serial
2025-05-24 17:14:21,407 [WARNING] GPS sin señal
2025-05-24 17:14:21,410 [INFO] Datos JSON preparados para envío
2025-05-24 17:14:22,467 [INFO] Lectura BMP390
2025-05-24 17:14:22,649 [INFO] Lectura LTR390
2025-05-24 17:14:23,574 [INFO] Lectura desde ESP32-S3 por serial
2025-05-24 17:14:23,580 [WARNING] GPS sin señal
2025-05-24 17:14:23,583 [INFO] Datos JSON preparados para envío
2025-05-24 17:14:24,636 [INFO] Lectura BMP390
2025-05-24 17:14:24,821 [INFO] Lectura LTR390
2025-05-24 17:14:25,749 [INFO] Lectura desde ESP32-S3 por serial
2025-05-24 17:14:25,756 [WARNING] GPS sin señal
2025-05-24 17:14:25,760 [INFO] Datos JSON preparados para envío
2025-05-24 17:14:26,817 [INFO] Lectura BMP390
2025-05-24 17:14:26,999 [INFO] Lectura LTR390
2025-05-24 17:14:27,926 [INFO] Lectura desde ESP32-S3 por serial
2025-05-24 17:14:27,931 [WARNING] GPS sin señal
2025-05-24 17:14:27,935 [INFO] Datos JSON preparados para envío
2025-05-24 17:14:28,989 [INFO] Lectura BMP390
2025-05-24 17:14:29,170 [INFO] Lectura LTR390
2025-05-24 17:14:30,106 [INFO] Lectura desde ESP32-S3 por serial
2025-05-24 17:14:30,110 [WARNING] GPS sin señal
2025-05-24 17:14:30,113 [INFO] Datos JSON preparados para envío
2025-05-24 17:14:31,163 [INFO] Lectura BMP390
2025-05-24 17:14:31,350 [INFO] Lectura LTR390
2025-05-24 17:14:32,286 [INFO] Lectura desde ESP32-S3 por serial
2025-05-24 17:14:32,288 [WARNING] GPS sin señal
2025-05-24 17:14:32,290 [INFO] Datos JSON preparados para envío
2025-05-24 17:14:33,342 [INFO] Lectura BMP390
2025-05-24 17:14:33,523 [INFO] Lectura LTR390
2025-05-24 17:14:34,470 [INFO] Lectura desde ESP32-S3 por serial
2025-05-24 17:14:34,475 [WARNING] GPS sin señal
2025-05-24 17:14:34,477 [INFO] Datos JSON preparados para envío
2025-05-24 17:14:35,531 [INFO] Lectura BMP390
2025-05-24 17:14:35,711 [INFO] Lectura LTR390
2025-05-24 17:14:36,649 [INFO] Lectura desde ESP32-S3 por serial
2025-05-24 17:14:36,654 [WARNING] GPS sin señal
2025-05-24 17:14:36,657 [INFO] Datos JSON preparados para envío
2025-05-24 17:14:37,710 [INFO] Lectura BMP390
2025-05-24 17:14:37,894 [INFO] Lectura LTR390
2025-05-24 17:14:38,827 [INFO] Lectura desde ESP32-S3 por serial
2025-05-24 17:14:38,833 [WARNING] GPS sin señal
2025-05-24 17:14:38,836 [INFO] Datos JSON preparados para envío
2025-05-24 17:14:39,889 [INFO] Lectura BMP390
2025-05-24 17:14:40,078 [INFO] Lectura LTR390
2025-05-24 17:14:41,012 [INFO] Lectura desde ESP32-S3 por serial
2025-05-24 17:14:41,018 [WARNING] GPS sin señal
2025-05-24 17:14:41,024 [INFO] Datos JSON preparados para envío
2025-05-24 17:14:42,077 [INFO] Lectura BMP390
2025-05-24 17:14:42,259 [INFO] Lectura LTR390
2025-05-24 17:14:43,188 [INFO] Lectura desde ESP32-S3 por serial
2025-05-24 17:14:43,192 [WARNING] GPS sin señal
2025-05-24 17:14:43,195 [INFO] Datos JSON preparados para envío
2025-05-24 17:14:44,248 [INFO] Lectura BMP390
2025-05-24 17:14:44,430 [INFO] Lectura LTR390
2025-05-24 17:14:45,369 [INFO] Lectura desde ESP32-S3 por serial
2025-05-24 17:14:45,372 [WARNING] GPS sin señal
2025-05-24 17:14:45,374 [INFO] Datos JSON preparados para envío
2025-05-24 17:14:46,428 [INFO] Lectura BMP390
2025-05-24 17:14:46,609 [INFO] Lectura LTR390
2025-05-24 17:14:47,547 [INFO] Lectura desde ESP32-S3 por serial
2025-05-24 17:14:47,554 [WARNING] GPS sin señal
2025-05-24 17:14:47,556 [INFO] Datos JSON preparados para envío
2025-05-24 17:14:48,611 [INFO] Lectura BMP390
2025-05-24 17:14:48,795 [INFO] Lectura LTR390
2025-05-24 17:14:49,725 [INFO] Lectura desde ESP32-S3 por serial
2025-05-24 17:14:49,730 [WARNING] GPS sin señal
2025-05-24 17:14:49,733 [INFO] Datos JSON preparados para envío
2025-05-24 17:14:50,787 [INFO] Lectura BMP390
2025-05-24 17:14:50,971 [INFO] Lectura LTR390
2025-05-24 17:14:51,904 [INFO] Lectura desde ESP32-S3 por serial
2025-05-24 17:14:51,911 [WARNING] GPS sin señal
2025-05-24 17:14:51,914 [INFO] Datos JSON preparados para envío
2025-05-24 17:14:52,967 [INFO] Lectura BMP390
2025-05-24 17:14:53,154 [INFO] Lectura LTR390
2025-05-24 17:14:54,083 [INFO] Lectura desde ESP32-S3 por serial
2025-05-24 17:14:54,088 [WARNING] GPS sin señal
2025-05-24 17:14:54,091 [INFO] Datos JSON preparados para envío
2025-05-24 17:14:54,764 [INFO] 192.168.95.213 - - [24/May/2025 17:14:54] "GET / HTTP/1.1" 200 -
2025-05-24 17:14:54,916 [INFO] 192.168.95.213 - - [24/May/2025 17:14:54] "[33mGET /favicon.ico HTTP/1.1[0m" 404 -
2025-05-24 17:14:55,144 [INFO] Lectura BMP390
2025-05-24 17:14:55,323 [INFO] Lectura LTR390
2025-05-24 17:14:56,269 [INFO] Lectura desde ESP32-S3 por serial
2025-05-24 17:14:56,274 [WARNING] GPS sin señal
2025-05-24 17:14:56,276 [INFO] Datos JSON preparados para envío
2025-05-24 17:14:57,330 [INFO] Lectura BMP390
2025-05-24 17:14:57,511 [INFO] Lectura LTR390
2025-05-24 17:14:58,444 [INFO] Lectura desde ESP32-S3 por serial
2025-05-24 17:14:58,451 [WARNING] GPS sin señal
2025-05-24 17:14:58,454 [INFO] Datos JSON preparados para envío
2025-05-24 17:14:59,507 [INFO] Lectura BMP390
2025-05-24 17:14:59,688 [INFO] Lectura LTR390
2025-05-24 17:15:00,623 [INFO] Lectura desde ESP32-S3 por serial
2025-05-24 17:15:00,627 [WARNING] GPS sin señal
2025-05-24 17:15:00,629 [INFO] Datos JSON preparados para envío
2025-05-24 17:15:01,684 [INFO] Lectura BMP390
2025-05-24 17:15:01,865 [INFO] Lectura LTR390
2025-05-24 17:15:02,801 [INFO] Lectura desde ESP32-S3 por serial
2025-05-24 17:15:02,808 [WARNING] GPS sin señal
2025-05-24 17:15:02,810 [INFO] Datos JSON preparados para envío
2025-05-24 17:15:03,868 [INFO] Lectura BMP390
2025-05-24 17:15:04,050 [INFO] Lectura LTR390
2025-05-24 17:15:04,981 [INFO] Lectura desde ESP32-S3 por serial
2025-05-24 17:15:04,986 [WARNING] GPS sin señal
2025-05-24 17:15:04,989 [INFO] Datos JSON preparados para envío
2025-05-24 17:15:06,043 [INFO] Lectura BMP390
2025-05-24 17:15:06,224 [INFO] Lectura LTR390
2025-05-24 17:15:07,160 [INFO] Lectura desde ESP32-S3 por serial
2025-05-24 17:15:07,164 [WARNING] GPS sin señal
2025-05-24 17:15:07,168 [INFO] Datos JSON preparados para envío
2025-05-24 17:15:08,042 [INFO] 192.168.95.217 - - [24/May/2025 17:15:08] "GET / HTTP/1.1" 200 -
2025-05-24 17:15:08,135 [INFO] 192.168.95.217 - - [24/May/2025 17:15:08] "[33mGET /favicon.ico HTTP/1.1[0m" 404 -
2025-05-24 17:15:08,219 [INFO] Lectura BMP390
2025-05-24 17:15:08,401 [INFO] Lectura LTR390
2025-05-24 17:15:09,343 [INFO] Lectura desde ESP32-S3 por serial
2025-05-24 17:15:09,351 [WARNING] GPS sin señal
2025-05-24 17:15:09,354 [INFO] Datos JSON preparados para envío
2025-05-24 17:15:10,406 [INFO] Lectura BMP390
2025-05-24 17:15:10,590 [INFO] Lectura LTR390
2025-05-24 17:15:11,520 [INFO] Lectura desde ESP32-S3 por serial
2025-05-24 17:15:11,527 [WARNING] GPS sin señal
2025-05-24 17:15:11,531 [INFO] Datos JSON preparados para envío
2025-05-24 17:15:12,587 [INFO] Lectura BMP390
2025-05-24 17:15:12,768 [INFO] Lectura LTR390
2025-05-24 17:15:13,702 [INFO] Lectura desde ESP32-S3 por serial
2025-05-24 17:15:13,711 [WARNING] GPS sin señal
2025-05-24 17:15:13,714 [INFO] Datos JSON preparados para envío
2025-05-24 17:15:14,772 [INFO] Lectura BMP390
2025-05-24 17:15:14,974 [INFO] Lectura LTR390
2025-05-24 17:15:15,882 [INFO] Lectura desde ESP32-S3 por serial
2025-05-24 17:15:15,889 [WARNING] GPS sin señal
2025-05-24 17:15:15,891 [INFO] Datos JSON preparados para envío
2025-05-24 17:15:16,463 [INFO] 192.168.95.217 - - [24/May/2025 17:15:16] "POST /mover HTTP/1.1" 200 -
2025-05-24 17:15:16,465 [INFO] Movimiento hacia adelante
2025-05-24 17:15:16,951 [INFO] Lectura BMP390
2025-05-24 17:15:17,138 [INFO] Lectura LTR390
2025-05-24 17:15:18,058 [INFO] Lectura desde ESP32-S3 por serial
2025-05-24 17:15:18,067 [WARNING] GPS sin señal
2025-05-24 17:15:18,071 [INFO] Datos JSON preparados para envío
2025-05-24 17:15:18,987 [INFO] 192.168.95.217 - - [24/May/2025 17:15:18] "POST /mover HTTP/1.1" 200 -
2025-05-24 17:15:19,127 [INFO] Lectura BMP390
2025-05-24 17:15:19,319 [INFO] Lectura LTR390
2025-05-24 17:15:20,235 [INFO] Lectura desde ESP32-S3 por serial
2025-05-24 17:15:20,243 [WARNING] GPS sin señal
2025-05-24 17:15:20,246 [INFO] Datos JSON preparados para envío
2025-05-24 17:15:21,296 [INFO] Lectura BMP390
2025-05-24 17:15:21,474 [INFO] Lectura LTR390
2025-05-24 17:15:22,412 [INFO] Lectura desde ESP32-S3 por serial
2025-05-24 17:15:22,416 [WARNING] GPS sin señal
2025-05-24 17:15:22,418 [INFO] Datos JSON preparados para envío
2025-05-24 17:15:23,471 [INFO] Lectura BMP390
2025-05-24 17:15:23,654 [INFO] Lectura LTR390
2025-05-24 17:15:24,602 [INFO] Lectura desde ESP32-S3 por serial
2025-05-24 17:15:24,609 [WARNING] GPS sin señal
2025-05-24 17:15:24,612 [INFO] Datos JSON preparados para envío
2025-05-24 17:15:25,661 [INFO] Lectura BMP390
2025-05-24 17:15:25,844 [INFO] Lectura LTR390
2025-05-24 17:15:26,780 [INFO] Lectura desde ESP32-S3 por serial
2025-05-24 17:15:26,789 [WARNING] GPS sin señal
2025-05-24 17:15:26,791 [INFO] Datos JSON preparados para envío
2025-05-24 17:15:27,845 [INFO] Lectura BMP390
2025-05-24 17:15:28,026 [INFO] Lectura LTR390
2025-05-24 17:15:28,959 [INFO] Lectura desde ESP32-S3 por serial
2025-05-24 17:15:28,966 [WARNING] GPS sin señal
2025-05-24 17:15:28,970 [INFO] Datos JSON preparados para envío
2025-05-24 17:15:30,022 [INFO] Lectura BMP390
2025-05-24 17:15:30,202 [INFO] Lectura LTR390
2025-05-24 17:15:31,135 [INFO] Lectura desde ESP32-S3 por serial
2025-05-24 17:15:31,141 [WARNING] GPS sin señal
2025-05-24 17:15:31,144 [INFO] Datos JSON preparados para envío
2025-05-24 17:15:32,196 [INFO] Lectura BMP390
2025-05-24 17:15:32,375 [INFO] Lectura LTR390
2025-05-24 17:15:33,318 [INFO] Lectura desde ESP32-S3 por serial
2025-05-24 17:15:33,324 [WARNING] GPS sin señal
2025-05-24 17:15:33,326 [INFO] Datos JSON preparados para envío
2025-05-24 17:15:34,381 [INFO] Lectura BMP390
2025-05-24 17:15:34,563 [INFO] Lectura LTR390
2025-05-24 17:15:35,493 [INFO] Lectura desde ESP32-S3 por serial
2025-05-24 17:15:35,497 [WARNING] GPS sin señal
2025-05-24 17:15:35,498 [INFO] Datos JSON preparados para envío
2025-05-24 17:15:36,550 [INFO] Lectura BMP390
2025-05-24 17:15:36,731 [INFO] Lectura LTR390
2025-05-24 17:15:37,682 [INFO] Lectura desde ESP32-S3 por serial
2025-05-24 17:15:37,688 [WARNING] GPS sin señal
2025-05-24 17:15:37,690 [INFO] Datos JSON preparados para envío
2025-05-24 17:15:38,754 [INFO] Lectura BMP390
2025-05-24 17:15:38,946 [INFO] Lectura LTR390
2025-05-24 17:15:39,861 [INFO] Lectura desde ESP32-S3 por serial
2025-05-24 17:15:39,870 [WARNING] GPS sin señal
2025-05-24 17:15:39,873 [INFO] Datos JSON preparados para envío
2025-05-24 17:15:40,865 [INFO] 192.168.95.217 - - [24/May/2025 17:15:40] "POST /mover HTTP/1.1" 200 -
2025-05-24 17:15:40,866 [INFO] Movimiento a la derecha
2025-05-24 17:15:40,934 [INFO] Lectura BMP390
2025-05-24 17:15:41,125 [INFO] Lectura LTR390
2025-05-24 17:15:42,041 [INFO] Lectura desde ESP32-S3 por serial
2025-05-24 17:15:42,047 [WARNING] GPS sin señal
2025-05-24 17:15:42,051 [INFO] Datos JSON preparados para envío
2025-05-24 17:15:43,110 [INFO] Lectura BMP390
2025-05-24 17:15:43,306 [INFO] Lectura LTR390
2025-05-24 17:15:44,051 [INFO] Movimiento a la derecha
2025-05-24 17:15:44,222 [INFO] Lectura desde ESP32-S3 por serial
2025-05-24 17:15:44,227 [WARNING] GPS sin señal
2025-05-24 17:15:44,230 [INFO] Datos JSON preparados para envío
2025-05-24 17:15:45,290 [INFO] Lectura BMP390
2025-05-24 17:15:45,486 [INFO] Lectura LTR390
2025-05-24 17:15:45,881 [INFO] 192.168.95.217 - - [24/May/2025 17:15:45] "POST /mover HTTP/1.1" 200 -
2025-05-24 17:15:46,408 [INFO] Lectura desde ESP32-S3 por serial
2025-05-24 17:15:46,414 [WARNING] GPS sin señal
2025-05-24 17:15:46,417 [INFO] Datos JSON preparados para envío
2025-05-24 17:15:47,478 [INFO] Lectura BMP390
2025-05-24 17:15:47,659 [INFO] Lectura LTR390
2025-05-24 17:15:48,591 [INFO] Lectura desde ESP32-S3 por serial
2025-05-24 17:15:48,599 [WARNING] GPS sin señal
2025-05-24 17:15:48,604 [INFO] Datos JSON preparados para envío
2025-05-24 17:15:49,657 [INFO] Lectura BMP390
2025-05-24 17:15:49,841 [INFO] Lectura LTR390
2025-05-24 17:15:50,770 [INFO] Lectura desde ESP32-S3 por serial
2025-05-24 17:15:50,780 [WARNING] GPS sin señal
2025-05-24 17:15:50,783 [INFO] Datos JSON preparados para envío
2025-05-24 17:15:51,836 [INFO] Lectura BMP390
2025-05-24 17:15:52,019 [INFO] Lectura LTR390
2025-05-24 17:15:52,950 [INFO] Lectura desde ESP32-S3 por serial
2025-05-24 17:15:52,958 [WARNING] GPS sin señal
2025-05-24 17:15:52,961 [INFO] Datos JSON preparados para envío
2025-05-24 17:15:54,016 [INFO] Lectura BMP390
2025-05-24 17:15:54,214 [INFO] Lectura LTR390
2025-05-24 17:15:55,132 [INFO] Lectura desde ESP32-S3 por serial
2025-05-24 17:15:55,136 [WARNING] GPS sin señal
2025-05-24 17:15:55,138 [INFO] Datos JSON preparados para envío
2025-05-24 17:15:56,194 [INFO] Lectura BMP390
2025-05-24 17:15:56,386 [INFO] Lectura LTR390
2025-05-24 17:15:56,861 [INFO] 192.168.95.217 - - [24/May/2025 17:15:56] "POST /mover HTTP/1.1" 200 -
2025-05-24 17:15:56,862 [INFO] Movimiento a la izquierda
2025-05-24 17:15:57,310 [INFO] Lectura desde ESP32-S3 por serial
2025-05-24 17:15:57,315 [WARNING] GPS sin señal
2025-05-24 17:15:57,318 [INFO] Datos JSON preparados para envío
2025-05-24 17:15:58,377 [INFO] Lectura BMP390
2025-05-24 17:15:58,400 [INFO] 192.168.95.217 - - [24/May/2025 17:15:58] "POST /mover HTTP/1.1" 200 -
2025-05-24 17:15:58,575 [INFO] Lectura LTR390
2025-05-24 17:15:59,494 [INFO] Lectura desde ESP32-S3 por serial
2025-05-24 17:15:59,501 [WARNING] GPS sin señal
2025-05-24 17:15:59,504 [INFO] Datos JSON preparados para envío
2025-05-24 17:16:00,556 [INFO] Lectura BMP390
2025-05-24 17:16:00,738 [INFO] Lectura LTR390
2025-05-24 17:16:01,672 [INFO] Lectura desde ESP32-S3 por serial
2025-05-24 17:16:01,679 [WARNING] GPS sin señal
2025-05-24 17:16:01,683 [INFO] Datos JSON preparados para envío
2025-05-24 17:16:02,738 [INFO] Lectura BMP390
2025-05-24 17:16:02,919 [INFO] Lectura LTR390
2025-05-24 17:16:03,853 [INFO] Lectura desde ESP32-S3 por serial
2025-05-24 17:16:03,859 [WARNING] GPS sin señal
2025-05-24 17:16:03,863 [INFO] Datos JSON preparados para envío
2025-05-24 17:16:04,916 [INFO] Lectura BMP390
2025-05-24 17:16:05,104 [INFO] Lectura LTR390
2025-05-24 17:16:06,033 [INFO] Lectura desde ESP32-S3 por serial
2025-05-24 17:16:06,041 [WARNING] GPS sin señal
2025-05-24 17:16:06,043 [INFO] Datos JSON preparados para envío
2025-05-24 17:16:07,097 [INFO] Lectura BMP390
2025-05-24 17:16:07,281 [INFO] Lectura LTR390
2025-05-24 17:16:08,208 [INFO] Lectura desde ESP32-S3 por serial
2025-05-24 17:16:08,213 [WARNING] GPS sin señal
2025-05-24 17:16:08,215 [INFO] Datos JSON preparados para envío
2025-05-24 17:16:09,266 [INFO] Lectura BMP390
2025-05-24 17:16:09,445 [INFO] Lectura LTR390
2025-05-24 17:16:10,389 [INFO] Lectura desde ESP32-S3 por serial
2025-05-24 17:16:10,393 [WARNING] GPS sin señal
2025-05-24 17:16:10,396 [INFO] Datos JSON preparados para envío
2025-05-24 17:16:11,450 [INFO] Lectura BMP390
2025-05-24 17:16:11,634 [INFO] Lectura LTR390
2025-05-24 17:16:12,569 [INFO] Lectura desde ESP32-S3 por serial
2025-05-24 17:16:12,580 [WARNING] GPS sin señal
2025-05-24 17:16:12,582 [INFO] Datos JSON preparados para envío
2025-05-24 17:16:13,636 [INFO] Lectura BMP390
2025-05-24 17:16:13,817 [INFO] Lectura LTR390
2025-05-24 17:16:14,751 [INFO] Lectura desde ESP32-S3 por serial
2025-05-24 17:16:14,760 [WARNING] GPS sin señal
2025-05-24 17:16:14,762 [INFO] Datos JSON preparados para envío
2025-05-24 17:16:15,818 [INFO] Lectura BMP390
2025-05-24 17:16:15,998 [INFO] Lectura LTR390
2025-05-24 17:16:16,933 [INFO] Lectura desde ESP32-S3 por serial
2025-05-24 17:16:16,939 [WARNING] GPS sin señal
2025-05-24 17:16:16,944 [INFO] Datos JSON preparados para envío
2025-05-24 17:16:17,999 [INFO] Lectura BMP390
2025-05-24 17:16:18,183 [INFO] Lectura LTR390
2025-05-24 17:16:19,113 [INFO] Lectura desde ESP32-S3 por serial
2025-05-24 17:16:19,122 [WARNING] GPS sin señal
2025-05-24 17:16:19,125 [INFO] Datos JSON preparados para envío
2025-05-24 17:20:42,831 [INFO] Inicio del sistema
2025-05-24 17:20:43,992 [INFO] Lectura BMP390
2025-05-24 17:20:44,014 [INFO] [31m[1mWARNING: This is a development server. Do not use it in a production deployment. Use a production WSGI server instead.[0m
 * Running on all addresses (0.0.0.0)
 * Running on http://127.0.0.1:5000
 * Running on http://192.168.95.239:5000
2025-05-24 17:20:44,014 [INFO] [33mPress CTRL+C to quit[0m
2025-05-24 17:20:44,212 [INFO] Lectura LTR390
2025-05-24 17:20:45,031 [WARNING] Lectura serial fallida o formato incorrecto
2025-05-24 17:20:45,035 [WARNING] GPS sin señal
2025-05-24 17:20:45,038 [INFO] Datos JSON preparados para envío
2025-05-24 17:20:46,091 [INFO] Lectura BMP390
2025-05-24 17:20:46,277 [INFO] Lectura LTR390
2025-05-24 17:20:47,207 [INFO] Lectura desde ESP32-S3 por serial
2025-05-24 17:20:47,210 [WARNING] GPS sin señal
2025-05-24 17:20:47,212 [INFO] Datos JSON preparados para envío
2025-05-24 17:20:48,262 [INFO] Lectura BMP390
2025-05-24 17:20:48,440 [INFO] Lectura LTR390
2025-05-24 17:20:49,388 [INFO] Lectura desde ESP32-S3 por serial
2025-05-24 17:20:49,397 [WARNING] GPS sin señal
2025-05-24 17:20:49,402 [INFO] Datos JSON preparados para envío
2025-05-24 17:20:50,314 [INFO] 192.168.95.214 - - [24/May/2025 17:20:50] "GET /datos HTTP/1.1" 200 -
2025-05-24 17:20:50,456 [INFO] Lectura BMP390
2025-05-24 17:20:50,637 [INFO] Lectura LTR390
2025-05-24 17:20:51,562 [INFO] Lectura desde ESP32-S3 por serial
2025-05-24 17:20:51,567 [WARNING] GPS sin señal
2025-05-24 17:20:51,569 [INFO] Datos JSON preparados para envío
2025-05-24 17:20:52,624 [INFO] Lectura BMP390
2025-05-24 17:20:52,804 [INFO] Lectura LTR390
2025-05-24 17:20:53,737 [INFO] Lectura desde ESP32-S3 por serial
2025-05-24 17:20:53,741 [WARNING] GPS sin señal
2025-05-24 17:20:53,744 [INFO] Datos JSON preparados para envío
2025-05-24 17:20:54,800 [INFO] Lectura BMP390
2025-05-24 17:20:54,979 [INFO] Lectura LTR390
2025-05-24 17:20:55,918 [INFO] Lectura desde ESP32-S3 por serial
2025-05-24 17:20:55,921 [WARNING] GPS sin señal
2025-05-24 17:20:55,923 [INFO] Datos JSON preparados para envío
2025-05-24 17:20:56,979 [INFO] Lectura BMP390
2025-05-24 17:20:57,161 [INFO] Lectura LTR390
2025-05-24 17:20:58,095 [INFO] Lectura desde ESP32-S3 por serial
2025-05-24 17:20:58,101 [WARNING] GPS sin señal
2025-05-24 17:20:58,105 [INFO] Datos JSON preparados para envío
2025-05-24 17:20:59,173 [INFO] Lectura BMP390
2025-05-24 17:20:59,354 [INFO] Lectura LTR390
2025-05-24 17:21:00,283 [INFO] Lectura desde ESP32-S3 por serial
2025-05-24 17:21:00,288 [WARNING] GPS sin señal
2025-05-24 17:21:00,296 [INFO] Datos JSON preparados para envío
2025-05-24 17:21:01,351 [INFO] Lectura BMP390
2025-05-24 17:21:01,538 [INFO] Lectura LTR390
2025-05-24 17:21:02,452 [INFO] Lectura desde ESP32-S3 por serial
2025-05-24 17:21:02,457 [WARNING] GPS sin señal
2025-05-24 17:21:02,464 [INFO] Datos JSON preparados para envío
2025-05-24 17:21:03,522 [INFO] Lectura BMP390
2025-05-24 17:21:03,703 [INFO] Lectura LTR390
2025-05-24 17:21:04,628 [INFO] Lectura desde ESP32-S3 por serial
2025-05-24 17:21:04,637 [WARNING] GPS sin señal
2025-05-24 17:21:04,645 [INFO] Datos JSON preparados para envío
2025-05-24 17:21:05,702 [INFO] Lectura BMP390
2025-05-24 17:21:05,886 [INFO] Lectura LTR390
2025-05-24 17:21:06,809 [INFO] Lectura desde ESP32-S3 por serial
2025-05-24 17:21:06,815 [WARNING] GPS sin señal
2025-05-24 17:21:06,823 [INFO] Datos JSON preparados para envío
2025-05-24 17:21:07,880 [INFO] Lectura BMP390
2025-05-24 17:21:08,071 [INFO] Lectura LTR390
2025-05-24 17:21:08,987 [INFO] Lectura desde ESP32-S3 por serial
2025-05-24 17:21:08,990 [WARNING] GPS sin señal
2025-05-24 17:21:08,991 [INFO] Datos JSON preparados para envío
2025-05-24 17:21:10,087 [INFO] Lectura BMP390
2025-05-24 17:21:10,273 [INFO] Lectura LTR390
2025-05-24 17:21:11,170 [INFO] Lectura desde ESP32-S3 por serial
2025-05-24 17:21:11,181 [WARNING] GPS sin señal
2025-05-24 17:21:11,189 [INFO] Datos JSON preparados para envío
2025-05-24 17:21:12,254 [INFO] Lectura BMP390
2025-05-24 17:21:12,445 [INFO] Lectura LTR390
2025-05-24 17:21:13,345 [INFO] Lectura desde ESP32-S3 por serial
2025-05-24 17:21:13,349 [WARNING] GPS sin señal
2025-05-24 17:21:13,352 [INFO] Datos JSON preparados para envío
2025-05-24 17:21:14,409 [INFO] Lectura BMP390
2025-05-24 17:21:14,590 [INFO] Lectura LTR390
2025-05-24 17:21:15,523 [INFO] Lectura desde ESP32-S3 por serial
2025-05-24 17:21:15,527 [WARNING] GPS sin señal
2025-05-24 17:21:15,533 [INFO] Datos JSON preparados para envío
2025-05-24 17:21:16,593 [INFO] Lectura BMP390
2025-05-24 17:21:16,777 [INFO] Lectura LTR390
2025-05-24 17:21:17,702 [INFO] Lectura desde ESP32-S3 por serial
2025-05-24 17:21:17,711 [WARNING] GPS sin señal
2025-05-24 17:21:17,718 [INFO] Datos JSON preparados para envío
2025-05-24 17:21:18,774 [INFO] Lectura BMP390
2025-05-24 17:21:18,968 [INFO] Lectura LTR390
2025-05-24 17:21:19,898 [INFO] Lectura desde ESP32-S3 por serial
2025-05-24 17:21:19,900 [WARNING] GPS sin señal
2025-05-24 17:21:19,908 [INFO] Datos JSON preparados para envío
2025-05-24 17:21:20,963 [INFO] Lectura BMP390
2025-05-24 17:21:21,161 [INFO] Lectura LTR390
2025-05-24 17:21:22,053 [INFO] Lectura desde ESP32-S3 por serial
2025-05-24 17:21:22,069 [WARNING] GPS sin señal
2025-05-24 17:21:22,081 [INFO] Datos JSON preparados para envío
2025-05-24 17:21:23,139 [INFO] Lectura BMP390
2025-05-24 17:21:23,327 [INFO] Lectura LTR390
2025-05-24 17:21:24,229 [INFO] Lectura desde ESP32-S3 por serial
2025-05-24 17:21:24,233 [WARNING] GPS sin señal
2025-05-24 17:21:24,238 [INFO] Datos JSON preparados para envío
2025-05-24 17:21:25,289 [INFO] Lectura BMP390
2025-05-24 17:21:25,468 [INFO] Lectura LTR390
2025-05-24 17:21:26,408 [INFO] Lectura desde ESP32-S3 por serial
2025-05-24 17:21:26,412 [WARNING] GPS sin señal
2025-05-24 17:21:26,416 [INFO] Datos JSON preparados para envío
2025-05-24 17:21:27,467 [INFO] Lectura BMP390
2025-05-24 17:21:27,646 [INFO] Lectura LTR390
2025-05-24 17:21:28,584 [INFO] Lectura desde ESP32-S3 por serial
2025-05-24 17:21:28,587 [WARNING] GPS sin señal
2025-05-24 17:21:28,588 [INFO] Datos JSON preparados para envío
2025-05-24 17:21:29,644 [INFO] Lectura BMP390
2025-05-24 17:21:29,828 [INFO] Lectura LTR390
2025-05-24 17:21:30,763 [INFO] Lectura desde ESP32-S3 por serial
2025-05-24 17:21:30,769 [WARNING] GPS sin señal
2025-05-24 17:21:30,773 [INFO] Datos JSON preparados para envío
2025-05-24 17:21:31,829 [INFO] Lectura BMP390
2025-05-24 17:21:32,017 [INFO] Lectura LTR390
2025-05-24 17:21:32,936 [INFO] Lectura desde ESP32-S3 por serial
2025-05-24 17:21:32,941 [WARNING] GPS sin señal
2025-05-24 17:21:32,944 [INFO] Datos JSON preparados para envío
2025-05-24 17:21:33,998 [INFO] Lectura BMP390
2025-05-24 17:21:34,180 [INFO] Lectura LTR390
2025-05-24 17:21:35,116 [INFO] Lectura desde ESP32-S3 por serial
2025-05-24 17:21:35,126 [WARNING] GPS sin señal
2025-05-24 17:21:35,129 [INFO] Datos JSON preparados para envío
2025-05-24 17:21:36,180 [INFO] Lectura BMP390
2025-05-24 17:21:36,358 [INFO] Lectura LTR390
2025-05-24 17:21:37,289 [INFO] Lectura desde ESP32-S3 por serial
2025-05-24 17:21:37,293 [WARNING] GPS sin señal
2025-05-24 17:21:37,298 [INFO] Datos JSON preparados para envío
2025-05-24 17:21:38,352 [INFO] Lectura BMP390
2025-05-24 17:21:38,537 [INFO] Lectura LTR390
2025-05-24 17:21:39,460 [INFO] Lectura desde ESP32-S3 por serial
2025-05-24 17:21:39,464 [WARNING] GPS sin señal
2025-05-24 17:21:39,468 [INFO] Datos JSON preparados para envío
2025-05-24 17:21:40,522 [INFO] Lectura BMP390
2025-05-24 17:21:40,711 [INFO] Lectura LTR390
2025-05-24 17:21:41,645 [INFO] Lectura desde ESP32-S3 por serial
2025-05-24 17:21:41,647 [WARNING] GPS sin señal
2025-05-24 17:21:41,648 [INFO] Datos JSON preparados para envío
2025-05-24 17:21:42,711 [INFO] Lectura BMP390
2025-05-24 17:21:42,900 [INFO] Lectura LTR390
2025-05-24 17:21:43,817 [INFO] Lectura desde ESP32-S3 por serial
2025-05-24 17:21:43,822 [WARNING] GPS sin señal
2025-05-24 17:21:43,827 [INFO] Datos JSON preparados para envío
2025-05-24 17:21:44,882 [INFO] Lectura BMP390
2025-05-24 17:21:45,063 [INFO] Lectura LTR390
2025-05-24 17:21:45,993 [INFO] Lectura desde ESP32-S3 por serial
2025-05-24 17:21:45,997 [WARNING] GPS sin señal
2025-05-24 17:21:46,001 [INFO] Datos JSON preparados para envío
2025-05-24 17:21:47,057 [INFO] Lectura BMP390
2025-05-24 17:21:47,246 [INFO] Lectura LTR390
2025-05-24 17:21:48,173 [INFO] Lectura desde ESP32-S3 por serial
2025-05-24 17:21:48,178 [WARNING] GPS sin señal
2025-05-24 17:21:48,182 [INFO] Datos JSON preparados para envío
2025-05-24 17:21:49,253 [INFO] Lectura BMP390
2025-05-24 17:21:49,444 [INFO] Lectura LTR390
2025-05-24 17:21:50,349 [INFO] Lectura desde ESP32-S3 por serial
2025-05-24 17:21:50,354 [WARNING] GPS sin señal
2025-05-24 17:21:50,357 [INFO] Datos JSON preparados para envío
2025-05-24 17:21:51,407 [INFO] Lectura BMP390
2025-05-24 17:21:51,588 [INFO] Lectura LTR390
2025-05-24 17:21:52,527 [INFO] Lectura desde ESP32-S3 por serial
2025-05-24 17:21:52,532 [WARNING] GPS sin señal
2025-05-24 17:21:52,535 [INFO] Datos JSON preparados para envío
2025-05-24 17:21:53,591 [INFO] Lectura BMP390
2025-05-24 17:21:53,774 [INFO] Lectura LTR390
2025-05-24 17:21:54,699 [INFO] Lectura desde ESP32-S3 por serial
2025-05-24 17:21:54,703 [WARNING] GPS sin señal
2025-05-24 17:21:54,706 [INFO] Datos JSON preparados para envío
2025-05-24 17:21:55,762 [INFO] Lectura BMP390
2025-05-24 17:21:55,945 [INFO] Lectura LTR390
2025-05-24 17:21:56,883 [INFO] Lectura desde ESP32-S3 por serial
2025-05-24 17:21:56,889 [WARNING] GPS sin señal
2025-05-24 17:21:56,894 [INFO] Datos JSON preparados para envío
2025-05-24 17:21:57,952 [INFO] Lectura BMP390
2025-05-24 17:21:58,138 [INFO] Lectura LTR390
2025-05-24 17:21:58,248 [ERROR] 192.168.95.217 - - [24/May/2025 17:21:58] code 400, message Bad request version ('c·×')
2025-05-24 17:21:58,251 [INFO] 192.168.95.217 - - [24/May/2025 17:21:58] "[31m[1m\x16\x03\x01\x07\x00\x01\x00\x06ü\x03\x03\x94Ì3M}:\\°`à\x1c§d\x06Z\x95;x\x07¢xþ\x0b\x93úMñØyOgn ú\x1cc·×[0m" 400 -
2025-05-24 17:21:58,268 [ERROR] 192.168.95.217 - - [24/May/2025 17:21:58] code 400, message Bad request version ('\x9as\x11E|è5÷|')
2025-05-24 17:21:58,272 [INFO] 192.168.95.217 - - [24/May/2025 17:21:58] "[31m[1m\x16\x03\x01\x07\x00\x01\x00\x06ü\x03\x03\x82î¦¼qß\x97L|+¹{\x9eÕØZá0ìc±j>ÏüÝ\x96¯\x83ØÅÂ KI¸Ï\x1clê\x88¢F\\<\x8b^^ù\x1aº¾ö2\x079×QuÀ\x97\x1fðñ?\x00 úú\x13\x01\x13\x02\x13\x03À+À/À,À0Ì©Ì¨À\x13À\x14\x00\x9c\x00\x9d\x00/\x005\x01\x00\x06\x93ZZ\x00\x00\x00+\x00\x07\x06::\x03\x04\x03\x03\x00\x17\x00\x00\x003\x04ï\x04íêê\x00\x01\x00\x11ì\x04ÀÞñ1§ã\x19´\x83\x04(E]Á\\\x1by²Í\x96ä\x80rÚ.]ðÃg\x06,cçË\x98\x86@\x93H\x9d\x1eA¢á\x17uSÒf¨£\x1e\x9c\x8b sYÉ7¡R\x12æ\x1al\x01»,¢2Q\x87IP\x8aT}«\x8a\x87æ\x1aT5Ä\x0f\x9a\x11\x04l\x07áà-\x06\x14>[ÙIìÒ\x17Ô·zNPeILÅ\x01,\x089\x07B1ÑK\x1e&A\x0d¢QoÙ\x7fìC9#\x18DõÃaq@gò\x14\x89ÔUo\x93f¢\x8a;\x86±\x0c0V¸\x8eÙÖBæZ?C´£ÏõÄ\x8fìpñÖ\x03r\x85¡=D"þ\x12\x10Ç\x9a\x02\x92Æ\x9dxy·\x1b²"ÇñÇì\x0964Å\x9a©\x91¸ù\x02ÈlD\x0bHV\x01Ãâ\x05(ðpÊ&^ó\x89)-ÂÊ«vÂÀ%\x00R\x92b\x18g»Ûé%\x95ÖÆa\x14&2â^¾ª[§¹ËC[\x95¼lS\x1f\x0b\x1e\x9a¢³\\pÏ){\x9däÌ^?¶\x18\x8b¬¸0IEá{\x82\x9de\x02\x8aÚ\x17M\x98§\x06\x13!\x8a\x9a\x96rw\x8eFØÎ~xe**±>\x80Á_º\x99\x9e\x81/&ô\x91ÝgljÙS¤4\x9ackÉô\x93\x12zÐ°«õ\x98\x01¢d?p\x97al'ïå#âAÁ»0Nt\x1c®Ê{\x91é\x00AÏ[\x08]K1\x8d\x06»²\x09\x9as\x11E|è5÷|[0m" 400 -
2025-05-24 17:21:58,273 [ERROR] 192.168.95.217 - - [24/May/2025 17:21:58] code 400, message Bad request version ('kÄ\x84QÈª6ò\x16\x1an\x88\x1aUYÁÙº£ò\x90\x92')
2025-05-24 17:21:58,280 [INFO] 192.168.95.217 - - [24/May/2025 17:21:58] "[31m[1m\x16\x03\x01\x06 \x01\x00\x06\x9c\x03\x03È\x81\x7f"\x96\x94\x8aæÞ-\x08\\p\x8bÔ+þj³@\x90ÕÁÔÏ~\x1a?»%Û­ \x0eG\x19/\x09\x9c}¾¼²ì6£( ðU\x1e¹\x90êR\x1e%ã°7f q^À\x00 ZZ\x13\x01\x13\x02\x13\x03À+À/À,À0Ì©Ì¨À\x13À\x14\x00\x9c\x00\x9d\x00/\x005\x01\x00\x063::\x00\x00\x00\x12\x00\x00þ\x0d\x00º\x00\x00\x01\x00\x01*\x00 MëÔUÁ\x94=\x07Fl¤ºá\x84{Ü®:\x97Ý\x1aDÛ\x0fw\x06$\x87Ò\x19Ò4\x00\x90M\x9bÌK\x88rEQ\x0e\x05ØM\x85kÄ\x84QÈª6ò\x16\x1an\x88\x1aUYÁÙº£ò\x90\x92[0m" 400 -
2025-05-24 17:21:58,301 [ERROR] 192.168.95.217 - - [24/May/2025 17:21:58] code 400, message Bad request version (';¢o¯sþõç»\x00\x12\x00\x00\x00')
2025-05-24 17:21:58,305 [INFO] 192.168.95.217 - - [24/May/2025 17:21:58] "[31m[1m\x16\x03\x01\x07\x00\x01\x00\x06ü\x03\x03Cû\x89\x08I-ZÿÀUØ\x95lIWÊ©w1Ýã4æ;\x99¿Ö\x98 f\x8ej Ô\x01«m2\x95\x04\x7f¦ÔO/Ý)1ú¨&\x0bò¡.¤\x9eäh\x80Y\x98\x7fð\x8f\x00 êê\x13\x01\x13\x02\x13\x03À+À/À,À0Ì©Ì¨À\x13À\x14\x00\x9c\x00\x9d\x00/\x005\x01\x00\x06\x93ÚÚ\x00\x00\x00\x05\x00\x05\x01\x00\x00\x00\x00þ\x0d\x01\x1a\x00\x00\x01\x00\x01Ì\x00 \x89\x85\x00°ÃK\x99\x0c\x09\x9a$AØãJ\x90yê\x7fx×\x91kÜÛ\x09æ\x1cMzñ\x0e\x00ð÷q\x835Nç\x8eù~MÝcn3ác©-èJxY\x04\x91\x99\x97\x1eúm$»\x08åð\x85®ªydF¥\x93çiÅ}&Ú\x1b·GMz\x80Ç®¤éD\x9cV«%0å\x8a\x8dYÖ\x11-*\x17¥é$_0Ý=Á;óÙ^Z4\x89e\x92\x90¡b"HïÈr_\x1f\x8a\x99üI«¿v\x87\x99Cü\x890 \x0b\x90\x15ö\x05Ô\x92Ì-yï}ßPpE\\ØÔY\x1e\x95\x1d+âã\x06/ñ}VlÄaK:\x8e\x9d4\x94ùL>\x0dMäüeÈ\x03ý\x8c(JØË!Z-.·\x9bB®ôò2S7\x89\x1c¨EõèÌEñLóû0ËÑ\x176[[¨Äùw)ãV6²øO+¬\x0cz¹TPç\x11Ì£RkK\x94\x85Í\x09;¢o¯sþõç»\x00\x12\x00\x00\x00[0m" 400 -
2025-05-24 17:21:59,061 [INFO] Lectura desde ESP32-S3 por serial
2025-05-24 17:21:59,070 [WARNING] GPS sin señal
2025-05-24 17:21:59,076 [INFO] Datos JSON preparados para envío
2025-05-24 17:22:00,134 [INFO] Lectura BMP390
2025-05-24 17:22:00,327 [INFO] Lectura LTR390
2025-05-24 17:22:01,241 [INFO] Lectura desde ESP32-S3 por serial
2025-05-24 17:22:01,249 [WARNING] GPS sin señal
2025-05-24 17:22:01,255 [INFO] Datos JSON preparados para envío
2025-05-24 17:22:02,314 [INFO] Lectura BMP390
2025-05-24 17:22:02,493 [INFO] Lectura LTR390
2025-05-24 17:22:03,418 [INFO] Lectura desde ESP32-S3 por serial
2025-05-24 17:22:03,423 [WARNING] GPS sin señal
2025-05-24 17:22:03,429 [INFO] Datos JSON preparados para envío
2025-05-24 17:22:04,487 [INFO] Lectura BMP390
2025-05-24 17:22:04,669 [INFO] Lectura LTR390
2025-05-24 17:22:05,608 [INFO] Lectura desde ESP32-S3 por serial
2025-05-24 17:22:05,613 [WARNING] GPS sin señal
2025-05-24 17:22:05,615 [INFO] Datos JSON preparados para envío
2025-05-24 17:22:06,676 [INFO] Lectura BMP390
2025-05-24 17:22:06,874 [INFO] Lectura LTR390
2025-05-24 17:22:07,783 [INFO] Lectura desde ESP32-S3 por serial
2025-05-24 17:22:07,793 [WARNING] GPS sin señal
2025-05-24 17:22:07,795 [INFO] Datos JSON preparados para envío
2025-05-24 17:22:08,852 [INFO] Lectura BMP390
2025-05-24 17:22:09,037 [INFO] Lectura LTR390
2025-05-24 17:22:09,953 [INFO] Lectura desde ESP32-S3 por serial
2025-05-24 17:22:09,957 [WARNING] GPS sin señal
2025-05-24 17:22:09,959 [INFO] Datos JSON preparados para envío
2025-05-24 17:22:11,012 [INFO] Lectura BMP390
2025-05-24 17:22:11,196 [INFO] Lectura LTR390
2025-05-24 17:22:12,134 [INFO] Lectura desde ESP32-S3 por serial
2025-05-24 17:22:12,138 [WARNING] GPS sin señal
2025-05-24 17:22:12,141 [INFO] Datos JSON preparados para envío
2025-05-24 17:22:13,193 [INFO] Lectura BMP390
2025-05-24 17:22:13,376 [INFO] Lectura LTR390
2025-05-24 17:22:14,313 [INFO] Lectura desde ESP32-S3 por serial
2025-05-24 17:22:14,322 [WARNING] GPS sin señal
2025-05-24 17:22:14,325 [INFO] Datos JSON preparados para envío
2025-05-24 17:22:15,377 [INFO] Lectura BMP390
2025-05-24 17:22:15,563 [INFO] Lectura LTR390
2025-05-24 17:22:16,492 [INFO] Lectura desde ESP32-S3 por serial
2025-05-24 17:22:16,500 [WARNING] GPS sin señal
2025-05-24 17:22:16,503 [INFO] Datos JSON preparados para envío
2025-05-24 17:22:17,556 [INFO] Lectura BMP390
2025-05-24 17:22:17,736 [INFO] Lectura LTR390
2025-05-24 17:22:18,668 [INFO] Lectura desde ESP32-S3 por serial
2025-05-24 17:22:18,672 [WARNING] GPS sin señal
2025-05-24 17:22:18,673 [INFO] Datos JSON preparados para envío
2025-05-24 17:22:19,726 [INFO] Lectura BMP390
2025-05-24 17:22:19,911 [INFO] Lectura LTR390
2025-05-24 17:22:20,844 [INFO] Lectura desde ESP32-S3 por serial
2025-05-24 17:22:20,852 [WARNING] GPS sin señal
2025-05-24 17:22:20,856 [INFO] Datos JSON preparados para envío
2025-05-24 17:22:21,911 [INFO] Lectura BMP390
2025-05-24 17:22:22,093 [INFO] Lectura LTR390
2025-05-24 17:22:23,023 [INFO] Lectura desde ESP32-S3 por serial
2025-05-24 17:22:23,030 [WARNING] GPS sin señal
2025-05-24 17:22:23,032 [INFO] Datos JSON preparados para envío
2025-05-24 17:22:24,088 [INFO] Lectura BMP390
2025-05-24 17:22:24,270 [INFO] Lectura LTR390
2025-05-24 17:22:25,195 [INFO] Lectura desde ESP32-S3 por serial
2025-05-24 17:22:25,198 [WARNING] GPS sin señal
2025-05-24 17:22:25,200 [INFO] Datos JSON preparados para envío
2025-05-24 17:22:26,250 [INFO] Lectura BMP390
2025-05-24 17:22:26,433 [INFO] Lectura LTR390
2025-05-24 17:22:27,379 [INFO] Lectura desde ESP32-S3 por serial
2025-05-24 17:22:27,382 [WARNING] GPS sin señal
2025-05-24 17:22:27,384 [INFO] Datos JSON preparados para envío
2025-05-24 17:22:27,489 [ERROR] 192.168.95.217 - - [24/May/2025 17:22:27] code 400, message Bad request version ('\x00\x02\x01\x00\x00')
2025-05-24 17:22:27,490 [INFO] 192.168.95.217 - - [24/May/2025 17:22:27] "[31m[1m\x16\x03\x01\x07\x00\x01\x00\x06ü\x03\x03\x93+\x86n/¾¾v½\x8bæ\x8d\x94Âóu¡0ð:HÑ\x10§ë4Sl\x96´\x0fþ ï\x01bf}\x8d\x02¡\x8aã\x06\x83\x8d3Äáä\x1e4ªzG§H*±ü\x9dþO£ÿ\x00 úú\x13\x01\x13\x02\x13\x03À+À/À,À0Ì©Ì¨À\x13À\x14\x00\x9c\x00\x9d\x00/\x005\x01\x00\x06\x93jj\x00\x00\x00\x17\x00\x00\x00\x0b\x00\x02\x01\x00\x00[0m" 400 -
2025-05-24 17:22:27,508 [ERROR] 192.168.95.217 - - [24/May/2025 17:22:27] code 400, message Bad request version ('zz\x13\x01\x13\x02\x13\x03À+À/À,À0Ì©Ì¨À\x13À\x14\x00\x9c\x00\x9d\x00/\x005\x01\x00\x06S\x1a\x1a\x00\x00\x00+\x00\x07\x06JJ\x03\x04\x03\x03DÍ\x00\x05\x00\x03\x02h2\x00')
2025-05-24 17:22:27,509 [INFO] 192.168.95.217 - - [24/May/2025 17:22:27] "[31m[1m\x16\x03\x01\x06À\x01\x00\x06¼\x03\x03\x09~\x0e¡ë'\x1b:\x01V\x8b\x0dÆ\x8a{¼W´\x15Öq&Î$¸¸í\x04y\x1fï\x00 ­\x1c\x16«g\x87?Yy\x9b\x14mËUü[g\x80M\x90\x1d\x8c\x16¢\x13b\x13$\x9e{¹:\x00 zz\x13\x01\x13\x02\x13\x03À+À/À,À0Ì©Ì¨À\x13À\x14\x00\x9c\x00\x9d\x00/\x005\x01\x00\x06S\x1a\x1a\x00\x00\x00+\x00\x07\x06JJ\x03\x04\x03\x03DÍ\x00\x05\x00\x03\x02h2\x00[0m" 400 -
2025-05-24 17:22:27,511 [ERROR] 192.168.95.217 - - [24/May/2025 17:22:27] code 400, message Bad request version ('\x02h2\x08http/1.1DÍ\x00\x05\x00\x03\x02h2\x00\x1b\x00\x03\x02\x00\x02\x00')
2025-05-24 17:22:27,512 [INFO] 192.168.95.217 - - [24/May/2025 17:22:27] "[31m[1m\x16\x03\x01\x06À\x01\x00\x06¼\x03\x03ÇÃU,\x06ÛÛÝÅ/ÅÓqÇl¹´\x94¼\x8e¸`¾Ó>\x9d,×\x93ÊÊà \x83\x96.ºË\x89BMð\x0b<\x0d\x1e\x1aØ½Æ\x00_\x88dx\x81úÜ6GßÝõ\x0cø\x00 \x9a\x9a\x13\x01\x13\x02\x13\x03À+À/À,À0Ì©Ì¨À\x13À\x14\x00\x9c\x00\x9d\x00/\x005\x01\x00\x06SÚÚ\x00\x00\x00\x10\x00\x0e\x00\x0c\x02h2\x08http/1.1DÍ\x00\x05\x00\x03\x02h2\x00\x1b\x00\x03\x02\x00\x02\x00[0m" 400 -
2025-05-24 17:22:27,527 [ERROR] 192.168.95.217 - - [24/May/2025 17:22:27] code 400, message Bad request version (']S_\x99ût\x84ï_ã.ÒÊru.$ÎPâ%\x87\x00#\x00\x00\x00')
2025-05-24 17:22:27,528 [INFO] 192.168.95.217 - - [24/May/2025 17:22:27] "[31m[1m\x16\x03\x01\x07\x00\x01\x00\x06ü\x03\x03\x1ax\x14\x19ó+ú\x847\x1d=\x18Âe0.4\x9c#\x1aÊ¨\x12\x1fÒ\x02g\x10Å\x91\x1b$ >p»£|\x9c6FtCÔ¤Ök-10(¨¢\x01ò¸\x8bUî¡\x1dbzM®\x00 ªª\x13\x01\x13\x02\x13\x03À+À/À,À0Ì©Ì¨À\x13À\x14\x00\x9c\x00\x9d\x00/\x005\x01\x00\x06\x93\x9a\x9a\x00\x00DÍ\x00\x05\x00\x03\x02h2\x00\x10\x00\x0e\x00\x0c\x02h2\x08http/1.1\x00+\x00\x07\x06zz\x03\x04\x03\x03ÿ\x01\x00\x01\x00\x00\x12\x00\x00\x00\x05\x00\x05\x01\x00\x00\x00\x00\x00\x0d\x00\x12\x00\x10\x04\x03\x08\x04\x04\x01\x05\x03\x08\x05\x05\x01\x08\x06\x06\x01\x00-\x00\x02\x01\x01þ\x0d\x01\x1a\x00\x00\x01\x00\x01õ\x00 ÜmÆÉç\x02ç_ºx,¬0&:®5R0AÌ\x15\x03o\x9aXÇ\x04+4ÎY\x00ð²\x1d<\x9d³ìÅé\x10ãvË\x8d\x0etk<\x1a3ô§FE{ßqMëý\x8eéxr]\x8b\x0cõS[ðmDÒ<ú\x14\x96v+;ñ\x1cÄG\x9f\x81\x12·Z\x90<ÉáÁY¢ï\x9aI\x86-iÕ¾uï\x1aÂsXê¤\x93þv¨\x10êÄÃ\x9c\x95!ÚhUzP\x16!ñ»2á\x16\x8e\x1a:ÙU5ù\x15ÚÞU.Wðö\x99°µ90\x8füÖ!"4Ô,å´è%\x9aáA\x80Ù\x09\x11o¹OZO³\x94\x98+\x97O\x84*;\x13¡öìëVã¦\x85ÀþGC\x96²\x9f-í\x84Z\x00÷\x8cGÜ\x85 nIlÏ=.á\x1f×\x1e ÿ'iLÎ­ì´èE\x84\x92Z?\x1c\x9fñ²¢ÿX\x1c]S_\x99ût\x84ï_ã.ÒÊru.$ÎPâ%\x87\x00#\x00\x00\x00[0m" 400 -
2025-05-24 17:22:28,436 [INFO] Lectura BMP390
2025-05-24 17:22:28,621 [INFO] Lectura LTR390
2025-05-24 17:22:29,555 [INFO] Lectura desde ESP32-S3 por serial
2025-05-24 17:22:29,560 [WARNING] GPS sin señal
2025-05-24 17:22:29,563 [INFO] Datos JSON preparados para envío
2025-05-24 17:22:30,619 [INFO] Lectura BMP390
2025-05-24 17:22:30,800 [INFO] Lectura LTR390
2025-05-24 17:22:31,741 [INFO] Lectura desde ESP32-S3 por serial
2025-05-24 17:22:31,749 [WARNING] GPS sin señal
2025-05-24 17:22:31,754 [INFO] Datos JSON preparados para envío
2025-05-24 17:22:32,812 [INFO] Lectura BMP390
2025-05-24 17:22:32,996 [INFO] Lectura LTR390
2025-05-24 17:22:33,920 [INFO] Lectura desde ESP32-S3 por serial
2025-05-24 17:22:33,927 [WARNING] GPS sin señal
2025-05-24 17:22:33,930 [INFO] Datos JSON preparados para envío
2025-05-24 17:22:34,983 [INFO] Lectura BMP390
2025-05-24 17:22:35,164 [INFO] Lectura LTR390
2025-05-24 17:22:36,098 [INFO] Lectura desde ESP32-S3 por serial
2025-05-24 17:22:36,103 [WARNING] GPS sin señal
2025-05-24 17:22:36,105 [INFO] Datos JSON preparados para envío
2025-05-24 17:22:37,160 [INFO] Lectura BMP390
2025-05-24 17:22:37,258 [ERROR] 192.168.95.217 - - [24/May/2025 17:22:37] code 400, message Bad request version ('\x9a\x9a\x13\x01\x13\x02\x13\x03À+À/À,À0Ì©Ì¨À\x13À\x14\x00\x9c\x00\x9d\x00/\x005\x01\x00\x06\x93')
2025-05-24 17:22:37,259 [INFO] 192.168.95.217 - - [24/May/2025 17:22:37] "[31m[1m\x16\x03\x01\x07\x00\x01\x00\x06ü\x03\x03qñ\x87]ì ©¹\x1c&OXÑ\x95AñìÙÄ\x18\x18w³Qg:±ºÎ7Ph Ó\x9d!»\x95°:Ò¨ÛO\x81DÉ\x90z$PÙXÁ)\x9d®îÊ\x0b\x1cB?1V\x00 \x9a\x9a\x13\x01\x13\x02\x13\x03À+À/À,À0Ì©Ì¨À\x13À\x14\x00\x9c\x00\x9d\x00/\x005\x01\x00\x06\x93[0m" 400 -
2025-05-24 17:22:37,263 [ERROR] 192.168.95.217 - - [24/May/2025 17:22:37] code 400, message Bad request version ('ü\x13Ð@`u')
2025-05-24 17:22:37,266 [INFO] 192.168.95.217 - - [24/May/2025 17:22:37] "[31m[1m\x16\x03\x01\x06à\x01\x00\x06Ü\x03\x03\x8f¢aØK³ê9M\x8a\x04©'\x80êÖIVØ~Æ¯ñõO4ÇÅ|q\x8b\x1d J*«cA\x07\x14É\x81ª³\x03éæ\x05F\x8a\x9a³\x12® ±\x1b¾¬ï+(ÁÄ5\x00 ::\x13\x01\x13\x02\x13\x03À+À/À,À0Ì©Ì¨À\x13À\x14\x00\x9c\x00\x9d\x00/\x005\x01\x00\x06sºº\x00\x00\x00\x1b\x00\x03\x02\x00\x02ÿ\x01\x00\x01\x00þ\x0d\x00ú\x00\x00\x01\x00\x01þ\x00 \x8c\x1c»?ÒÝ\x85ï.óP8¨jËåMAÊÉøñßX[×U¯\x97\x97²b\x00Ðe(B~T-\x82D5\x88Wcÿ,æ&ä?à\x98+o¿õ·[\x89J[\x0dV¹°.³ÒÇ ûßq\x01ú\x99-\x07WÏ -5\x0e$ï¥+qâÊà/ï\x03ºýÔ\x1e2y®ÔCa;¬\x0bfDóH\x89og \x88¸,\x07å\x93ôa°]9«qêØ|ú"S]$Y\x17lt=\x0b\x8bÐÇTpc¬E@­qC\x93Îô¾äj9S\x91û:¿íÙì\x80t¸È²ãP4iîé\x825\x12¸5Éí¦Ñöj(s/0\x9a©µl\x9aø\x94¡}CLÓ\x00\x97ö\x85ú\x91ýøÆ\x1cÒ\x082ñ\x16¡üõ®öjÇ\x17@2\x0ed\x8a\x9c´\x99ýDÍ\x00\x05\x00\x03\x02h2\x00\x12\x00\x00\x003\x04ï\x04í::\x00\x01\x00\x11ì\x04À÷æ\x0dzwÏ%\x98=O\x85\x8a\x02§\x1e\x09ô\x80é\x0b\x84¨d§`\x95T*ÆE\x92è1ÕJ\x02Ê\x01ÀR*\x1c\x89\x09FN´{å+\x86\x95ÆC\x0cë\x17Þza+j@aE>ÂÔ8êË°®\x8a\x9e\x9ehsòÕÊZ¨²ÀÒB¨¥\x87\x16å\x1eP\x08V\x86uÏØ\x17&±«\x0b\x1fh;FE\x84Yt\x16g\x03¡®ÕE\x97ás¥¹@úõg\x98³\\î÷sj\x184ø\x153\x0b\x12¶\x96W\x15ët \x00æ\x0b\x1c\x08\x8b\x00ó­W\x88·å\x00]%¢¹b\x19"I&7ã±*iºÀ¢©\x89\x19«½\x03\x83\x9eQe\x15C{Ä\x02¼>ùù\x98)\x94\x0fÚÂ\x14á·eÞÉ\x01ÀÐ\x0dd\x86É£iR©j\x0b\x17\x9b="\x1b5p"K"ä§\x1eõ­µù¹ðPhb@bzi}ì@ õå\x17°©\x178,\x13\x80H\x9bÞ²n3È\x07æõy/gK¼8t¶\x9ciºiº\x0c\x16z·\x93t9ÌHK3`×t¤°\x01<\x0bzÇ¼\x8a¼R\x9a\x94ê\x09 2Uª\x8dÁ/\x84\x02\x86¬ôwys\x85Ñ\x05 |Ñ\x03½Ö©6óP,H\x96dq.C\x0c\x90Q\x83\x87\x07°¥[\x8bÊ&\x80\x1e×«ÈdÜPNÅ#î\x90lö\x1b\x8b\x84ç\x9cp°Ë\\i¹]F³¬x\x1d!É\x16©Ü±ÊJ§½Ì@¢°\x84ÙsÈ\x8bjIË¦2>¸¨Ë¼Î;¶|Þ#\x07ëQoÕ¸Z\x11ò9\x8eXl:¥A\x05| \x96\x04\x1c.¶\x7f ðd\x90¨EÖt#ò·7\x1fø«º\x01°\x86¶9âÇ¤Óç\x1eÅ0Vgb ?\\©\x9cJmxê\x12³º²\x9f\x1b\x09¯\x87½\x8f\x98S\x17À?X«\x1a\x14ã\x87ObÂw\x94\x11HV\x89ûv\x1f=ë\x9cE\x96a0\x91 ìF¨I\x98rIã±D\x88¤oEzc2y¤\x1a\x9cß\x02\x80ìø`·©0j\x8c@ÅPi£\x05\x08K\x94rÔ4\x7fyü\x84óÉÊÐÉ\x80\x8c9\x02\x89ú\x85ëç4C5\x9d0µL\x8a{md\x18\x07 D;=¶Kc$!Q¡¿ãº'óö½\x0f«Ã8\x93¾@B«5\x90\x81È¥\x95 ü\x13Ð@`u[0m" 400 -
2025-05-24 17:22:37,276 [ERROR] 192.168.95.217 - - [24/May/2025 17:22:37] code 400, message Bad request version ('-+')
2025-05-24 17:22:37,277 [INFO] 192.168.95.217 - - [24/May/2025 17:22:37] "[31m[1m\x16\x03\x01\x06à\x01\x00\x06Ü\x03\x03é\x07w\x8b]\x0c\x8a=\x08\x06\x08¦\x8eÄ\x19?ý9ÊaFØðEþù°0G¢\x80à |\x1a²ò\x1bMçÝ×ºx\x09\x015\x0cÿTGä2þÿ'Qª\x18t\x8b,ÖTV\x00 **\x13\x01\x13\x02\x13\x03À+À/À,À0Ì©Ì¨À\x13À\x14\x00\x9c\x00\x9d\x00/\x005\x01\x00\x06sZZ\x00\x00\x00\x1b\x00\x03\x02\x00\x02þ\x0d\x00ú\x00\x00\x01\x00\x01½\x00 ¦ð4'C¯ûø\x0d-+[0m" 400 -
2025-05-24 17:22:37,291 [ERROR] 192.168.95.217 - - [24/May/2025 17:22:37] code 400, message Bad request version ("y\x99ÀªHºcW¾'u\x11ÂU2\x1649%5TþÇ;ýÅn¶i\x06¯!x$%E3")
2025-05-24 17:22:37,293 [INFO] 192.168.95.217 - - [24/May/2025 17:22:37] "[31m[1m\x16\x03\x01\x06à\x01\x00\x06Ü\x03\x03_ÑåK^ô1\x88õpç¶·t7ü\x10¥\x7f?¾\x8cF\x08\x18£áþN¨Eé Ä°2;ãá8\x14Ó\x84êÿ/\x98Àîý¸N\x05ë"\x9eº\x1dË<^°Ã\x1bd\x00 úú\x13\x01\x13\x02\x13\x03À+À/À,À0Ì©Ì¨À\x13À\x14\x00\x9c\x00\x9d\x00/\x005\x01\x00\x06sÊÊ\x00\x00\x00-\x00\x02\x01\x01\x00\x1b\x00\x03\x02\x00\x02DÍ\x00\x05\x00\x03\x02h2\x00+\x00\x07\x06úú\x03\x04\x03\x03\x003\x04ï\x04í\x9a\x9a\x00\x01\x00\x11ì\x04ÀäÈwRiÇañ\x94þ\x9aw&B\x0d/z\x07Õäp§R\x14T\x15ª;+\x01\x09v\x09-Y\x06È÷ÂÞ{\x16MÌ\x93\x88\x1c§9ó9á\x96Î%\x83\x00¼Fyïr\x8e8\x912¥`¶SV\x92¨[(\x88\x09\x84åhxH<\x13ú\x86À!! F\x89UwA7\x0b\\\x02ì9:\x89\x12iWÕ\x89\x9d#\x06¢\x08\x0cÄ¡fóå9\x83Òy\x97Ò]×dSôà¬©v3!û"`ðÉ¶5\x95æë¯6T\x0e³P£ô9Åg\x14y\x95ª"R\x06e\x86VÂz\x01A\x87u,Z\x85}¢Å\x0bW\x99¸FE$ª\x08\x15\x8b\x08º\x96Ç¼Cê\x11ü\x87\x9a[&¿[\x14s ÷tÌ\x859íc¨\x91\x16G[¢µ¤ä\x05½k>\x1aû\x90´Ùh\x83ËbÈ\x92\x1e\x84p\x90\x1d\\\x8a2L\x7fÞ;1{ä³|\x92\x08×öI\x09µªgbfëåt1ù\x18ô¥\x87Cå WÊ$ÉAfÝg#]"\x00þ÷\x85c°ÃÃä-¥Éw\x96[\x92É@fSÉ©\x15Ú\x9aåã\x84I&9Æh\x1e\x83Ia~¤´;{?Ø§Á\x05±\x8bÎR\x10]\x12\x11\x92ç\x92i1wõ|­\x18ò\x86½I\x9aÇñBFGsnzn»é\x88ýäLç\x17\x1d»Ù)®Ü\x7fDC·rü'\x87ü\x7f\x8f\x95zÖ\x03(Eu(´*U\x94å\x8b\x02\x88³p\x8c\x1dj\x1as¨I\x8dgÒ-R\x06Yràv\x02¬\x05\\z\x9e\x0cÄj\x10Ù¡/tE\x81×¼t\x15yPVo~\x8c¥b¶»ÎÁ\x1a­\x90K6H\x1cy\x99ÀªHºcW¾'u\x11ÂU2\x1649%5TþÇ;ýÅn¶i\x06¯!x$%E3[0m" 400 -
2025-05-24 17:22:37,346 [INFO] Lectura LTR390
2025-05-24 17:22:38,273 [INFO] Lectura desde ESP32-S3 por serial
2025-05-24 17:22:38,278 [WARNING] GPS sin señal
2025-05-24 17:22:38,282 [INFO] Datos JSON preparados para envío
2025-05-24 17:22:39,335 [INFO] Lectura BMP390
2025-05-24 17:22:39,516 [INFO] Lectura LTR390
2025-05-24 17:22:40,451 [INFO] Lectura desde ESP32-S3 por serial
2025-05-24 17:22:40,460 [WARNING] GPS sin señal
2025-05-24 17:22:40,462 [INFO] Datos JSON preparados para envío
2025-05-24 17:22:41,516 [INFO] Lectura BMP390
2025-05-24 17:22:41,701 [INFO] Lectura LTR390
2025-05-24 17:22:42,623 [INFO] Lectura desde ESP32-S3 por serial
2025-05-24 17:22:42,626 [WARNING] GPS sin señal
2025-05-24 17:22:42,627 [INFO] Datos JSON preparados para envío
2025-05-24 17:22:43,413 [INFO] 192.168.95.217 - - [24/May/2025 17:22:43] "GET /datos HTTP/1.1" 200 -
2025-05-24 17:22:43,680 [INFO] Lectura BMP390
2025-05-24 17:22:43,862 [INFO] Lectura LTR390
2025-05-24 17:22:44,802 [INFO] Lectura desde ESP32-S3 por serial
2025-05-24 17:22:44,811 [WARNING] GPS sin señal
2025-05-24 17:22:44,816 [INFO] Datos JSON preparados para envío
2025-05-24 17:22:45,874 [INFO] Lectura BMP390
2025-05-24 17:22:46,057 [INFO] Lectura LTR390
2025-05-24 17:22:46,976 [INFO] Lectura desde ESP32-S3 por serial
2025-05-24 17:22:46,981 [WARNING] GPS sin señal
2025-05-24 17:22:46,983 [INFO] Datos JSON preparados para envío
2025-05-24 17:22:48,036 [INFO] Lectura BMP390
2025-05-24 17:22:48,218 [INFO] Lectura LTR390
2025-05-24 17:22:49,155 [INFO] Lectura desde ESP32-S3 por serial
2025-05-24 17:22:49,158 [WARNING] GPS sin señal
2025-05-24 17:22:49,161 [INFO] Datos JSON preparados para envío
2025-05-24 17:22:50,215 [INFO] Lectura BMP390
2025-05-24 17:22:50,394 [INFO] Lectura LTR390
2025-05-24 17:22:50,883 [INFO] 192.168.95.217 - - [24/May/2025 17:22:50] "GET /datos HTTP/1.1" 200 -
2025-05-24 17:22:51,337 [INFO] Lectura desde ESP32-S3 por serial
2025-05-24 17:22:51,343 [WARNING] GPS sin señal
2025-05-24 17:22:51,345 [INFO] Datos JSON preparados para envío
2025-05-24 17:22:52,330 [INFO] 192.168.95.217 - - [24/May/2025 17:22:52] "GET /datos HTTP/1.1" 200 -
2025-05-24 17:22:52,402 [INFO] Lectura BMP390
2025-05-24 17:22:52,580 [INFO] Lectura LTR390
2025-05-24 17:22:53,468 [INFO] 192.168.95.217 - - [24/May/2025 17:22:53] "GET /datos HTTP/1.1" 200 -
2025-05-24 17:22:53,514 [INFO] Lectura desde ESP32-S3 por serial
2025-05-24 17:22:53,523 [WARNING] GPS sin señal
2025-05-24 17:22:53,527 [INFO] Datos JSON preparados para envío
2025-05-24 17:22:54,580 [INFO] Lectura BMP390
2025-05-24 17:22:54,768 [INFO] Lectura LTR390
2025-05-24 17:22:55,249 [INFO] 192.168.95.217 - - [24/May/2025 17:22:55] "GET /datos HTTP/1.1" 200 -
2025-05-24 17:22:55,694 [INFO] Lectura desde ESP32-S3 por serial
2025-05-24 17:22:55,700 [WARNING] GPS sin señal
2025-05-24 17:22:55,704 [INFO] Datos JSON preparados para envío
2025-05-24 17:22:56,465 [INFO] 192.168.95.217 - - [24/May/2025 17:22:56] "GET /datos HTTP/1.1" 200 -
2025-05-24 17:22:56,760 [INFO] Lectura BMP390
2025-05-24 17:22:56,944 [INFO] Lectura LTR390
2025-05-24 17:22:57,499 [INFO] 192.168.95.217 - - [24/May/2025 17:22:57] "GET /datos HTTP/1.1" 200 -
2025-05-24 17:22:57,872 [INFO] Lectura desde ESP32-S3 por serial
2025-05-24 17:22:57,880 [WARNING] GPS sin señal
2025-05-24 17:22:57,885 [INFO] Datos JSON preparados para envío
2025-05-24 17:22:58,940 [INFO] Lectura BMP390
2025-05-24 17:22:58,975 [INFO] 192.168.95.217 - - [24/May/2025 17:22:58] "GET /datos HTTP/1.1" 200 -
2025-05-24 17:22:59,129 [INFO] Lectura LTR390
2025-05-24 17:23:00,048 [INFO] Lectura desde ESP32-S3 por serial
2025-05-24 17:23:00,056 [WARNING] GPS sin señal
2025-05-24 17:23:00,059 [INFO] Datos JSON preparados para envío
2025-05-24 17:23:00,302 [INFO] 192.168.95.217 - - [24/May/2025 17:23:00] "GET /datos HTTP/1.1" 200 -
2025-05-24 17:23:01,110 [INFO] Lectura BMP390
2025-05-24 17:23:01,287 [INFO] Lectura LTR390
2025-05-24 17:23:02,112 [INFO] 192.168.95.217 - - [24/May/2025 17:23:02] "GET /datos HTTP/1.1" 200 -
2025-05-24 17:23:02,223 [INFO] Lectura desde ESP32-S3 por serial
2025-05-24 17:23:02,227 [WARNING] GPS sin señal
2025-05-24 17:23:02,228 [INFO] Datos JSON preparados para envío
2025-05-24 17:23:03,285 [INFO] Lectura BMP390
2025-05-24 17:23:03,467 [INFO] Lectura LTR390
2025-05-24 17:23:04,226 [INFO] 192.168.95.217 - - [24/May/2025 17:23:04] "GET /datos HTTP/1.1" 200 -
2025-05-24 17:23:04,404 [INFO] Lectura desde ESP32-S3 por serial
2025-05-24 17:23:04,410 [WARNING] GPS sin señal
2025-05-24 17:23:04,412 [INFO] Datos JSON preparados para envío
2025-05-24 17:23:05,466 [INFO] Lectura BMP390
2025-05-24 17:23:05,652 [INFO] Lectura LTR390
2025-05-24 17:23:06,585 [INFO] Lectura desde ESP32-S3 por serial
2025-05-24 17:23:06,595 [WARNING] GPS sin señal
2025-05-24 17:23:06,597 [INFO] Datos JSON preparados para envío
2025-05-24 17:23:07,650 [INFO] Lectura BMP390
2025-05-24 17:23:07,836 [INFO] Lectura LTR390
2025-05-24 17:23:08,766 [INFO] Lectura desde ESP32-S3 por serial
2025-05-24 17:23:08,772 [WARNING] GPS sin señal
2025-05-24 17:23:08,776 [INFO] Datos JSON preparados para envío
2025-05-24 17:23:09,830 [INFO] Lectura BMP390
2025-05-24 17:23:10,011 [INFO] Lectura LTR390
2025-05-24 17:23:10,946 [INFO] Lectura desde ESP32-S3 por serial
2025-05-24 17:23:10,954 [WARNING] GPS sin señal
2025-05-24 17:23:10,956 [INFO] Datos JSON preparados para envío
2025-05-24 17:23:12,008 [INFO] Lectura BMP390
2025-05-24 17:23:12,193 [INFO] Lectura LTR390
2025-05-24 17:23:12,392 [INFO] 192.168.95.217 - - [24/May/2025 17:23:12] "GET /datos HTTP/1.1" 200 -
2025-05-24 17:23:13,116 [INFO] Lectura desde ESP32-S3 por serial
2025-05-24 17:23:13,119 [WARNING] GPS sin señal
2025-05-24 17:23:13,121 [INFO] Datos JSON preparados para envío
2025-05-24 17:23:14,171 [INFO] Lectura BMP390
2025-05-24 17:23:14,348 [INFO] Lectura LTR390
2025-05-24 17:23:15,298 [INFO] Lectura desde ESP32-S3 por serial
2025-05-24 17:23:15,306 [WARNING] GPS sin señal
2025-05-24 17:23:15,308 [INFO] Datos JSON preparados para envío
2025-05-24 17:23:16,362 [INFO] Lectura BMP390
2025-05-24 17:23:16,548 [INFO] Lectura LTR390
2025-05-24 17:23:17,471 [INFO] Lectura desde ESP32-S3 por serial
2025-05-24 17:23:17,474 [WARNING] GPS sin señal
2025-05-24 17:23:17,476 [INFO] Datos JSON preparados para envío
2025-05-24 17:23:18,270 [INFO] 192.168.95.217 - - [24/May/2025 17:23:18] "GET /datos HTTP/1.1" 200 -
2025-05-24 17:23:18,529 [INFO] Lectura BMP390
2025-05-24 17:23:18,715 [INFO] Lectura LTR390
2025-05-24 17:23:19,657 [INFO] Lectura desde ESP32-S3 por serial
2025-05-24 17:23:19,668 [WARNING] GPS sin señal
2025-05-24 17:23:19,671 [INFO] Datos JSON preparados para envío
2025-05-24 17:23:20,724 [INFO] Lectura BMP390
2025-05-24 17:23:20,910 [INFO] Lectura LTR390
2025-05-24 17:23:21,064 [INFO] 192.168.95.217 - - [24/May/2025 17:23:21] "GET /datos HTTP/1.1" 200 -
2025-05-24 17:23:21,832 [INFO] Lectura desde ESP32-S3 por serial
2025-05-24 17:23:21,839 [WARNING] GPS sin señal
2025-05-24 17:23:21,843 [INFO] Datos JSON preparados para envío
2025-05-24 17:23:22,540 [INFO] 192.168.95.217 - - [24/May/2025 17:23:22] "GET /datos HTTP/1.1" 200 -
2025-05-24 17:23:22,895 [INFO] Lectura BMP390
2025-05-24 17:23:23,080 [INFO] Lectura LTR390
2025-05-24 17:23:24,011 [INFO] Lectura desde ESP32-S3 por serial
2025-05-24 17:23:24,019 [WARNING] GPS sin señal
2025-05-24 17:23:24,026 [INFO] Datos JSON preparados para envío
2025-05-24 17:23:25,084 [INFO] Lectura BMP390
2025-05-24 17:23:25,267 [INFO] Lectura LTR390
2025-05-24 17:23:26,188 [INFO] Lectura desde ESP32-S3 por serial
2025-05-24 17:23:26,193 [WARNING] GPS sin señal
2025-05-24 17:23:26,201 [INFO] Datos JSON preparados para envío
2025-05-24 17:23:26,587 [INFO] 192.168.95.213 - - [24/May/2025 17:23:26] "GET /datos HTTP/1.1" 200 -
2025-05-24 17:23:27,254 [INFO] Lectura BMP390
2025-05-24 17:23:27,434 [INFO] Lectura LTR390
2025-05-24 17:23:28,366 [INFO] Lectura desde ESP32-S3 por serial
2025-05-24 17:23:28,372 [WARNING] GPS sin señal
2025-05-24 17:23:28,376 [INFO] Datos JSON preparados para envío
2025-05-24 17:23:29,429 [INFO] Lectura BMP390
2025-05-24 17:23:29,610 [INFO] Lectura LTR390
2025-05-24 17:23:30,544 [INFO] Lectura desde ESP32-S3 por serial
2025-05-24 17:23:30,553 [WARNING] GPS sin señal
2025-05-24 17:23:30,556 [INFO] Datos JSON preparados para envío
2025-05-24 17:23:31,616 [INFO] Lectura BMP390
2025-05-24 17:23:31,797 [INFO] Lectura LTR390
2025-05-24 17:23:32,729 [INFO] Lectura desde ESP32-S3 por serial
2025-05-24 17:23:32,737 [WARNING] GPS sin señal
2025-05-24 17:23:32,740 [INFO] Datos JSON preparados para envío
2025-05-24 17:23:33,572 [INFO] 192.168.95.213 - - [24/May/2025 17:23:33] "GET /datos HTTP/1.1" 200 -
2025-05-24 17:23:33,793 [INFO] Lectura BMP390
2025-05-24 17:23:33,975 [INFO] Lectura LTR390
2025-05-24 17:23:34,900 [INFO] Lectura desde ESP32-S3 por serial
2025-05-24 17:23:34,908 [WARNING] GPS sin señal
2025-05-24 17:23:34,911 [INFO] Datos JSON preparados para envío
2025-05-24 17:23:35,099 [INFO] 192.168.95.213 - - [24/May/2025 17:23:35] "GET /datos HTTP/1.1" 200 -
2025-05-24 17:23:35,964 [INFO] Lectura BMP390
2025-05-24 17:23:36,131 [INFO] 192.168.95.213 - - [24/May/2025 17:23:36] "GET /datos HTTP/1.1" 200 -
2025-05-24 17:23:36,145 [INFO] Lectura LTR390
2025-05-24 17:23:37,081 [INFO] Lectura desde ESP32-S3 por serial
2025-05-24 17:23:37,085 [WARNING] GPS sin señal
2025-05-24 17:23:37,086 [INFO] Datos JSON preparados para envío
2025-05-24 17:23:37,505 [INFO] 192.168.95.213 - - [24/May/2025 17:23:37] "GET /datos HTTP/1.1" 200 -
2025-05-24 17:23:38,136 [INFO] Lectura BMP390
2025-05-24 17:23:38,313 [INFO] Lectura LTR390
2025-05-24 17:23:38,535 [INFO] 192.168.95.213 - - [24/May/2025 17:23:38] "GET /datos HTTP/1.1" 200 -
2025-05-24 17:23:39,259 [INFO] Lectura desde ESP32-S3 por serial
2025-05-24 17:23:39,267 [WARNING] GPS sin señal
2025-05-24 17:23:39,269 [INFO] Datos JSON preparados para envío
2025-05-24 17:23:39,512 [INFO] 192.168.95.213 - - [24/May/2025 17:23:39] "GET /datos HTTP/1.1" 200 -
2025-05-24 17:23:40,323 [INFO] Lectura BMP390
2025-05-24 17:23:40,511 [INFO] Lectura LTR390
2025-05-24 17:23:41,441 [INFO] Lectura desde ESP32-S3 por serial
2025-05-24 17:23:41,451 [WARNING] GPS sin señal
2025-05-24 17:23:41,454 [INFO] Datos JSON preparados para envío
2025-05-24 17:23:42,504 [INFO] Lectura BMP390
2025-05-24 17:23:42,687 [INFO] Lectura LTR390
2025-05-24 17:23:43,619 [INFO] Lectura desde ESP32-S3 por serial
2025-05-24 17:23:43,625 [WARNING] GPS sin señal
2025-05-24 17:23:43,629 [INFO] Datos JSON preparados para envío
2025-05-24 17:23:44,684 [INFO] Lectura BMP390
2025-05-24 17:23:44,864 [INFO] Lectura LTR390
2025-05-24 17:23:45,791 [INFO] Lectura desde ESP32-S3 por serial
2025-05-24 17:23:45,800 [WARNING] GPS sin señal
2025-05-24 17:23:45,802 [INFO] Datos JSON preparados para envío
2025-05-24 17:23:46,856 [INFO] Lectura BMP390
2025-05-24 17:23:47,041 [INFO] Lectura LTR390
2025-05-24 17:23:47,973 [INFO] Lectura desde ESP32-S3 por serial
2025-05-24 17:23:47,984 [WARNING] GPS sin señal
2025-05-24 17:23:47,988 [INFO] Datos JSON preparados para envío
2025-05-24 17:23:49,042 [INFO] Lectura BMP390
2025-05-24 17:23:49,228 [INFO] Lectura LTR390
2025-05-24 17:23:50,147 [INFO] Lectura desde ESP32-S3 por serial
2025-05-24 17:23:50,151 [WARNING] GPS sin señal
2025-05-24 17:23:50,154 [INFO] Datos JSON preparados para envío
2025-05-24 17:23:51,205 [INFO] Lectura BMP390
2025-05-24 17:23:51,383 [INFO] Lectura LTR390
2025-05-24 17:23:52,326 [INFO] Lectura desde ESP32-S3 por serial
2025-05-24 17:23:52,329 [WARNING] GPS sin señal
2025-05-24 17:23:52,331 [INFO] Datos JSON preparados para envío
2025-05-24 17:23:53,386 [INFO] Lectura BMP390
2025-05-24 17:23:53,568 [INFO] Lectura LTR390
2025-05-24 17:23:53,598 [INFO] 192.168.95.217 - - [24/May/2025 17:23:53] "GET /datos HTTP/1.1" 200 -
2025-05-24 17:23:54,511 [INFO] Lectura desde ESP32-S3 por serial
2025-05-24 17:23:54,519 [WARNING] GPS sin señal
2025-05-24 17:23:54,521 [INFO] Datos JSON preparados para envío
2025-05-24 17:23:54,788 [INFO] 192.168.95.217 - - [24/May/2025 17:23:54] "GET /datos HTTP/1.1" 200 -
2025-05-24 17:23:55,574 [INFO] Lectura BMP390
2025-05-24 17:23:55,756 [INFO] Lectura LTR390
2025-05-24 17:23:55,893 [INFO] 192.168.95.217 - - [24/May/2025 17:23:55] "GET /datos HTTP/1.1" 200 -
2025-05-24 17:23:56,684 [INFO] Lectura desde ESP32-S3 por serial
2025-05-24 17:23:56,691 [WARNING] GPS sin señal
2025-05-24 17:23:56,694 [INFO] Datos JSON preparados para envío
2025-05-24 17:23:57,671 [INFO] 192.168.95.217 - - [24/May/2025 17:23:57] "GET /datos HTTP/1.1" 200 -
2025-05-24 17:23:57,747 [INFO] Lectura BMP390
2025-05-24 17:23:57,931 [INFO] Lectura LTR390
2025-05-24 17:23:58,861 [INFO] Lectura desde ESP32-S3 por serial
2025-05-24 17:23:58,870 [WARNING] GPS sin señal
2025-05-24 17:23:58,873 [INFO] Datos JSON preparados para envío
2025-05-24 17:23:59,199 [INFO] 192.168.95.217 - - [24/May/2025 17:23:59] "GET /datos HTTP/1.1" 200 -
2025-05-24 17:23:59,929 [INFO] Lectura BMP390
2025-05-24 17:24:00,110 [INFO] Lectura LTR390
2025-05-24 17:24:01,039 [INFO] Lectura desde ESP32-S3 por serial
2025-05-24 17:24:01,045 [WARNING] GPS sin señal
2025-05-24 17:24:01,049 [INFO] Datos JSON preparados para envío
2025-05-24 17:24:02,099 [INFO] Lectura BMP390
2025-05-24 17:24:02,276 [INFO] Lectura LTR390
2025-05-24 17:24:02,537 [INFO] 192.168.95.217 - - [24/May/2025 17:24:02] "GET /datos HTTP/1.1" 200 -
2025-05-24 17:24:03,214 [INFO] Lectura desde ESP32-S3 por serial
2025-05-24 17:24:03,218 [WARNING] GPS sin señal
2025-05-24 17:24:03,221 [INFO] Datos JSON preparados para envío
2025-05-24 17:24:04,275 [INFO] Lectura BMP390
2025-05-24 17:24:04,456 [INFO] Lectura LTR390
2025-05-24 17:24:05,034 [INFO] 192.168.95.217 - - [24/May/2025 17:24:05] "GET /datos HTTP/1.1" 200 -
2025-05-24 17:24:05,400 [INFO] Lectura desde ESP32-S3 por serial
2025-05-24 17:24:05,407 [WARNING] GPS sin señal
2025-05-24 17:24:05,411 [INFO] Datos JSON preparados para envío
2025-05-24 17:24:06,102 [INFO] 192.168.95.217 - - [24/May/2025 17:24:06] "GET /datos HTTP/1.1" 200 -
2025-05-24 17:24:06,469 [INFO] Lectura BMP390
2025-05-24 17:24:06,649 [INFO] Lectura LTR390
2025-05-24 17:24:07,585 [INFO] Lectura desde ESP32-S3 por serial
2025-05-24 17:24:07,591 [WARNING] GPS sin señal
2025-05-24 17:24:07,596 [INFO] Datos JSON preparados para envío
2025-05-24 17:24:08,654 [INFO] Lectura BMP390
2025-05-24 17:24:08,840 [INFO] Lectura LTR390
2025-05-24 17:24:09,756 [INFO] Lectura desde ESP32-S3 por serial
2025-05-24 17:24:09,764 [WARNING] GPS sin señal
2025-05-24 17:24:09,769 [INFO] Datos JSON preparados para envío
2025-05-24 17:24:10,824 [INFO] Lectura BMP390
2025-05-24 17:24:11,008 [INFO] Lectura LTR390
2025-05-24 17:24:11,933 [INFO] Lectura desde ESP32-S3 por serial
2025-05-24 17:24:11,946 [WARNING] GPS sin señal
2025-05-24 17:24:11,949 [INFO] Datos JSON preparados para envío
2025-05-24 17:24:13,001 [INFO] Lectura BMP390
2025-05-24 17:24:13,185 [INFO] Lectura LTR390
2025-05-24 17:24:14,111 [INFO] Lectura desde ESP32-S3 por serial
2025-05-24 17:24:14,120 [WARNING] GPS sin señal
2025-05-24 17:24:14,123 [INFO] Datos JSON preparados para envío
2025-05-24 17:24:15,179 [INFO] Lectura BMP390
2025-05-24 17:24:15,358 [INFO] Lectura LTR390
2025-05-24 17:24:16,291 [INFO] Lectura desde ESP32-S3 por serial
2025-05-24 17:24:16,298 [WARNING] GPS sin señal
2025-05-24 17:24:16,301 [INFO] Datos JSON preparados para envío
2025-05-24 17:24:16,894 [INFO] 192.168.95.217 - - [24/May/2025 17:24:16] "GET /datos HTTP/1.1" 200 -
2025-05-24 17:24:17,352 [INFO] Lectura BMP390
2025-05-24 17:24:17,533 [INFO] Lectura LTR390
2025-05-24 17:24:18,476 [INFO] Lectura desde ESP32-S3 por serial
2025-05-24 17:24:18,484 [WARNING] GPS sin señal
2025-05-24 17:24:18,489 [INFO] Datos JSON preparados para envío
2025-05-24 17:24:19,543 [INFO] Lectura BMP390
2025-05-24 17:24:19,725 [INFO] Lectura LTR390
2025-05-24 17:24:19,869 [INFO] 192.168.95.217 - - [24/May/2025 17:24:19] "GET /datos HTTP/1.1" 200 -
2025-05-24 17:24:20,655 [INFO] Lectura desde ESP32-S3 por serial
2025-05-24 17:24:20,663 [WARNING] GPS sin señal
2025-05-24 17:24:20,667 [INFO] Datos JSON preparados para envío
2025-05-24 17:24:21,721 [INFO] Lectura BMP390
2025-05-24 17:24:21,904 [INFO] Lectura LTR390
2025-05-24 17:24:22,832 [INFO] Lectura desde ESP32-S3 por serial
2025-05-24 17:24:22,840 [WARNING] GPS sin señal
2025-05-24 17:24:22,844 [INFO] Datos JSON preparados para envío
2025-05-24 17:24:23,898 [INFO] Lectura BMP390
2025-05-24 17:24:24,078 [INFO] Lectura LTR390
2025-05-24 17:24:25,013 [INFO] Lectura desde ESP32-S3 por serial
2025-05-24 17:24:25,026 [WARNING] GPS sin señal
2025-05-24 17:24:25,029 [INFO] Datos JSON preparados para envío
2025-05-24 17:24:26,084 [INFO] Lectura BMP390
2025-05-24 17:24:26,279 [INFO] Lectura LTR390
2025-05-24 17:24:27,187 [INFO] Lectura desde ESP32-S3 por serial
2025-05-24 17:24:27,190 [WARNING] GPS sin señal
2025-05-24 17:24:27,192 [INFO] Datos JSON preparados para envío
2025-05-24 17:24:27,927 [INFO] 192.168.95.213 - - [24/May/2025 17:24:27] "POST /mover HTTP/1.1" 200 -
2025-05-24 17:24:27,930 [INFO] Movimiento hacia adelante
2025-05-24 17:24:28,034 [INFO] 192.168.95.217 - - [24/May/2025 17:24:28] "GET / HTTP/1.1" 200 -
2025-05-24 17:24:28,247 [INFO] Lectura BMP390
2025-05-24 17:24:28,436 [INFO] Lectura LTR390
2025-05-24 17:24:29,361 [INFO] Lectura desde ESP32-S3 por serial
2025-05-24 17:24:29,368 [WARNING] GPS sin señal
2025-05-24 17:24:29,370 [INFO] Datos JSON preparados para envío
2025-05-24 17:24:30,427 [INFO] Lectura BMP390
2025-05-24 17:24:30,618 [INFO] Lectura LTR390
2025-05-24 17:24:31,543 [INFO] Lectura desde ESP32-S3 por serial
2025-05-24 17:24:31,550 [WARNING] GPS sin señal
2025-05-24 17:24:31,553 [INFO] Datos JSON preparados para envío
2025-05-24 17:24:32,613 [INFO] Lectura BMP390
2025-05-24 17:24:32,812 [INFO] Lectura LTR390
2025-05-24 17:24:33,125 [INFO] 192.168.95.213 - - [24/May/2025 17:24:33] "POST /mover HTTP/1.1" 200 -
2025-05-24 17:24:33,144 [INFO] 192.168.95.217 - - [24/May/2025 17:24:33] "POST /mover HTTP/1.1" 200 -
2025-05-24 17:24:33,719 [INFO] Lectura desde ESP32-S3 por serial
2025-05-24 17:24:33,724 [WARNING] GPS sin señal
2025-05-24 17:24:33,727 [INFO] Datos JSON preparados para envío
2025-05-24 17:24:34,785 [INFO] Lectura BMP390
2025-05-24 17:24:34,970 [INFO] Lectura LTR390
2025-05-24 17:24:35,901 [INFO] Lectura desde ESP32-S3 por serial
2025-05-24 17:24:35,908 [WARNING] GPS sin señal
2025-05-24 17:24:35,911 [INFO] Datos JSON preparados para envío
2025-05-24 17:24:36,223 [INFO] 192.168.95.213 - - [24/May/2025 17:24:36] "POST /mover HTTP/1.1" 200 -
2025-05-24 17:24:36,224 [INFO] Movimiento hacia adelante
2025-05-24 17:24:36,975 [INFO] Lectura BMP390
2025-05-24 17:24:37,173 [INFO] Lectura LTR390
2025-05-24 17:24:38,077 [INFO] Lectura desde ESP32-S3 por serial
2025-05-24 17:24:38,086 [WARNING] GPS sin señal
2025-05-24 17:24:38,088 [INFO] Datos JSON preparados para envío
2025-05-24 17:24:39,145 [INFO] Lectura BMP390
2025-05-24 17:24:39,345 [INFO] Lectura LTR390
2025-05-24 17:24:40,258 [INFO] Lectura desde ESP32-S3 por serial
2025-05-24 17:24:40,263 [WARNING] GPS sin señal
2025-05-24 17:24:40,265 [INFO] Datos JSON preparados para envío
2025-05-24 17:24:41,320 [INFO] 192.168.95.213 - - [24/May/2025 17:24:41] "POST /mover HTTP/1.1" 200 -
2025-05-24 17:24:41,324 [INFO] Lectura BMP390
2025-05-24 17:24:41,511 [INFO] Lectura LTR390
2025-05-24 17:24:42,430 [INFO] Lectura desde ESP32-S3 por serial
2025-05-24 17:24:42,439 [WARNING] GPS sin señal
2025-05-24 17:24:42,443 [INFO] Datos JSON preparados para envío
2025-05-24 17:24:43,500 [INFO] Lectura BMP390
2025-05-24 17:24:43,699 [INFO] Lectura LTR390
2025-05-24 17:24:44,431 [INFO] 192.168.95.213 - - [24/May/2025 17:24:44] "POST /mover HTTP/1.1" 200 -
2025-05-24 17:24:44,609 [INFO] Lectura desde ESP32-S3 por serial
2025-05-24 17:24:44,618 [WARNING] GPS sin señal
2025-05-24 17:24:44,620 [INFO] Datos JSON preparados para envío
2025-05-24 17:24:45,683 [INFO] Lectura BMP390
2025-05-24 17:24:45,872 [INFO] Lectura LTR390
2025-05-24 17:24:46,780 [INFO] Lectura desde ESP32-S3 por serial
2025-05-24 17:24:46,788 [WARNING] GPS sin señal
2025-05-24 17:24:46,791 [INFO] Datos JSON preparados para envío
2025-05-24 17:24:47,551 [INFO] 192.168.95.213 - - [24/May/2025 17:24:47] "POST /mover HTTP/1.1" 200 -
2025-05-24 17:24:47,564 [INFO] 192.168.95.213 - - [24/May/2025 17:24:47] "POST /mover HTTP/1.1" 200 -
2025-05-24 17:24:47,851 [INFO] Lectura BMP390
2025-05-24 17:24:48,041 [INFO] Lectura LTR390
2025-05-24 17:24:48,961 [INFO] Lectura desde ESP32-S3 por serial
2025-05-24 17:24:48,970 [WARNING] GPS sin señal
2025-05-24 17:24:48,973 [INFO] Datos JSON preparados para envío
2025-05-24 17:24:50,031 [INFO] Lectura BMP390
2025-05-24 17:24:50,223 [INFO] Lectura LTR390
2025-05-24 17:24:50,669 [INFO] 192.168.95.213 - - [24/May/2025 17:24:50] "POST /mover HTTP/1.1" 200 -
2025-05-24 17:24:50,670 [INFO] Movimiento a la derecha
2025-05-24 17:24:51,136 [INFO] Lectura desde ESP32-S3 por serial
2025-05-24 17:24:51,139 [WARNING] GPS sin señal
2025-05-24 17:24:51,141 [INFO] Datos JSON preparados para envío
2025-05-24 17:24:52,201 [INFO] Lectura BMP390
2025-05-24 17:24:52,395 [INFO] Lectura LTR390
2025-05-24 17:24:53,316 [INFO] Lectura desde ESP32-S3 por serial
2025-05-24 17:24:53,321 [WARNING] GPS sin señal
2025-05-24 17:24:53,323 [INFO] Datos JSON preparados para envío
2025-05-24 17:24:53,817 [INFO] Movimiento a la derecha
2025-05-24 17:24:54,379 [INFO] Lectura BMP390
2025-05-24 17:24:54,577 [INFO] Lectura LTR390
2025-05-24 17:24:55,494 [INFO] Lectura desde ESP32-S3 por serial
2025-05-24 17:24:55,501 [WARNING] GPS sin señal
2025-05-24 17:24:55,503 [INFO] Datos JSON preparados para envío
2025-05-24 17:24:56,562 [INFO] Lectura BMP390
2025-05-24 17:24:56,762 [INFO] Lectura LTR390
2025-05-24 17:24:57,670 [INFO] Lectura desde ESP32-S3 por serial
2025-05-24 17:24:57,677 [WARNING] GPS sin señal
2025-05-24 17:24:57,680 [INFO] Datos JSON preparados para envío
2025-05-24 17:24:58,742 [INFO] Lectura BMP390
2025-05-24 17:24:58,938 [INFO] Lectura LTR390
2025-05-24 17:24:59,634 [INFO] 192.168.95.213 - - [24/May/2025 17:24:59] "POST /mover HTTP/1.1" 200 -
2025-05-24 17:24:59,635 [INFO] Movimiento a la derecha
2025-05-24 17:24:59,849 [INFO] Lectura desde ESP32-S3 por serial
2025-05-24 17:24:59,857 [WARNING] GPS sin señal
2025-05-24 17:24:59,860 [INFO] Datos JSON preparados para envío
2025-05-24 17:25:00,917 [INFO] Lectura BMP390
2025-05-24 17:25:01,107 [INFO] Lectura LTR390
2025-05-24 17:25:02,019 [INFO] Lectura desde ESP32-S3 por serial
2025-05-24 17:25:02,027 [WARNING] GPS sin señal
2025-05-24 17:25:02,030 [INFO] Datos JSON preparados para envío
2025-05-24 17:25:03,088 [INFO] Lectura BMP390
2025-05-24 17:25:03,275 [INFO] Lectura LTR390
2025-05-24 17:25:04,198 [INFO] Lectura desde ESP32-S3 por serial
2025-05-24 17:25:04,202 [WARNING] GPS sin señal
2025-05-24 17:25:04,204 [INFO] Datos JSON preparados para envío
2025-05-24 17:25:05,265 [INFO] Lectura BMP390
2025-05-24 17:25:05,394 [INFO] 192.168.95.213 - - [24/May/2025 17:25:05] "POST /mover HTTP/1.1" 200 -
2025-05-24 17:25:05,395 [INFO] Movimiento a la derecha
2025-05-24 17:25:05,453 [INFO] Lectura LTR390
2025-05-24 17:25:06,382 [INFO] Lectura desde ESP32-S3 por serial
2025-05-24 17:25:06,390 [WARNING] GPS sin señal
2025-05-24 17:25:06,392 [INFO] Datos JSON preparados para envío
2025-05-24 17:25:07,452 [INFO] Lectura BMP390
2025-05-24 17:25:07,645 [INFO] Lectura LTR390
2025-05-24 17:25:08,555 [INFO] Lectura desde ESP32-S3 por serial
2025-05-24 17:25:08,564 [WARNING] GPS sin señal
2025-05-24 17:25:08,567 [INFO] Datos JSON preparados para envío
2025-05-24 17:25:08,584 [INFO] Movimiento a la derecha
2025-05-24 17:25:09,625 [INFO] Lectura BMP390
2025-05-24 17:25:09,816 [INFO] Lectura LTR390
2025-05-24 17:25:10,738 [INFO] Lectura desde ESP32-S3 por serial
2025-05-24 17:25:10,746 [WARNING] GPS sin señal
2025-05-24 17:25:10,748 [INFO] Datos JSON preparados para envío
2025-05-24 17:25:11,783 [INFO] Movimiento a la derecha
2025-05-24 17:25:11,800 [INFO] Lectura BMP390
2025-05-24 17:25:11,989 [INFO] Lectura LTR390
2025-05-24 17:25:12,914 [INFO] Lectura desde ESP32-S3 por serial
2025-05-24 17:25:12,923 [WARNING] GPS sin señal
2025-05-24 17:25:12,926 [INFO] Datos JSON preparados para envío
2025-05-24 17:25:13,986 [INFO] Lectura BMP390
2025-05-24 17:25:14,187 [INFO] Lectura LTR390
2025-05-24 17:25:14,980 [INFO] Movimiento a la derecha
2025-05-24 17:25:15,085 [INFO] Lectura desde ESP32-S3 por serial
2025-05-24 17:25:15,089 [WARNING] GPS sin señal
2025-05-24 17:25:15,091 [INFO] Datos JSON preparados para envío
2025-05-24 17:25:16,148 [INFO] Lectura BMP390
2025-05-24 17:25:16,341 [INFO] Lectura LTR390
2025-05-24 17:25:16,426 [INFO] 192.168.95.217 - - [24/May/2025 17:25:16] "POST /mover HTTP/1.1" 200 -
2025-05-24 17:25:17,268 [INFO] Lectura desde ESP32-S3 por serial
2025-05-24 17:25:17,277 [WARNING] GPS sin señal
2025-05-24 17:25:17,280 [INFO] Datos JSON preparados para envío
2025-05-24 17:25:18,333 [INFO] Lectura BMP390
2025-05-24 17:25:18,514 [INFO] Lectura LTR390
2025-05-24 17:25:19,445 [INFO] Lectura desde ESP32-S3 por serial
2025-05-24 17:25:19,452 [WARNING] GPS sin señal
2025-05-24 17:25:19,455 [INFO] Datos JSON preparados para envío
2025-05-24 17:25:20,511 [INFO] Lectura BMP390
2025-05-24 17:25:20,691 [INFO] Lectura LTR390
2025-05-24 17:25:21,624 [INFO] Lectura desde ESP32-S3 por serial
2025-05-24 17:25:21,632 [WARNING] GPS sin señal
2025-05-24 17:25:21,635 [INFO] Datos JSON preparados para envío
2025-05-24 17:25:22,688 [INFO] Lectura BMP390
2025-05-24 17:25:22,868 [INFO] Lectura LTR390
2025-05-24 17:25:23,797 [INFO] Lectura desde ESP32-S3 por serial
2025-05-24 17:25:23,803 [WARNING] GPS sin señal
2025-05-24 17:25:23,808 [INFO] Datos JSON preparados para envío
2025-05-24 17:25:24,861 [INFO] Lectura BMP390
2025-05-24 17:25:25,043 [INFO] Lectura LTR390
2025-05-24 17:25:25,971 [INFO] Lectura desde ESP32-S3 por serial
2025-05-24 17:25:25,975 [WARNING] GPS sin señal
2025-05-24 17:25:25,976 [INFO] Datos JSON preparados para envío
2025-05-24 17:25:27,035 [INFO] Lectura BMP390
2025-05-24 17:25:27,215 [INFO] Lectura LTR390
2025-05-24 17:25:28,147 [INFO] Lectura desde ESP32-S3 por serial
2025-05-24 17:25:28,153 [WARNING] GPS sin señal
2025-05-24 17:25:28,154 [INFO] Datos JSON preparados para envío
2025-05-24 17:25:29,205 [INFO] Lectura BMP390
2025-05-24 17:25:29,385 [INFO] Lectura LTR390
2025-05-24 17:25:30,329 [INFO] Lectura desde ESP32-S3 por serial
2025-05-24 17:25:30,334 [WARNING] GPS sin señal
2025-05-24 17:25:30,338 [INFO] Datos JSON preparados para envío
2025-05-24 17:25:31,392 [INFO] Lectura BMP390
2025-05-24 17:25:31,578 [INFO] Lectura LTR390
2025-05-24 17:25:32,504 [INFO] Lectura desde ESP32-S3 por serial
2025-05-24 17:25:32,507 [WARNING] GPS sin señal
2025-05-24 17:25:32,511 [INFO] Datos JSON preparados para envío
2025-05-24 17:25:33,564 [INFO] Lectura BMP390
2025-05-24 17:25:33,747 [INFO] Lectura LTR390
2025-05-24 17:25:34,679 [INFO] Lectura desde ESP32-S3 por serial
2025-05-24 17:25:34,689 [WARNING] GPS sin señal
2025-05-24 17:25:34,692 [INFO] Datos JSON preparados para envío
2025-05-24 17:25:35,745 [INFO] Lectura BMP390
2025-05-24 17:25:35,929 [INFO] Lectura LTR390
2025-05-24 17:25:36,863 [INFO] Lectura desde ESP32-S3 por serial
2025-05-24 17:25:36,873 [WARNING] GPS sin señal
2025-05-24 17:25:36,880 [INFO] Datos JSON preparados para envío
2025-05-24 17:25:37,934 [INFO] Lectura BMP390
2025-05-24 17:25:38,119 [INFO] Lectura LTR390
2025-05-24 17:25:39,033 [INFO] Lectura desde ESP32-S3 por serial
2025-05-24 17:25:39,036 [WARNING] GPS sin señal
2025-05-24 17:25:39,038 [INFO] Datos JSON preparados para envío
2025-05-24 17:25:40,088 [INFO] Lectura BMP390
2025-05-24 17:25:40,266 [INFO] Lectura LTR390
2025-05-24 17:25:41,215 [INFO] Lectura desde ESP32-S3 por serial
2025-05-24 17:25:41,222 [WARNING] GPS sin señal
2025-05-24 17:25:41,226 [INFO] Datos JSON preparados para envío
2025-05-24 17:25:42,280 [INFO] Lectura BMP390
2025-05-24 17:25:42,461 [INFO] Lectura LTR390
2025-05-24 17:25:43,388 [INFO] Lectura desde ESP32-S3 por serial
2025-05-24 17:25:43,396 [WARNING] GPS sin señal
2025-05-24 17:25:43,399 [INFO] Datos JSON preparados para envío
2025-05-24 17:25:44,452 [INFO] Lectura BMP390
2025-05-24 17:25:44,634 [INFO] Lectura LTR390
2025-05-24 17:25:45,566 [INFO] Lectura desde ESP32-S3 por serial
2025-05-24 17:25:45,570 [WARNING] GPS sin señal
2025-05-24 17:25:45,572 [INFO] Datos JSON preparados para envío
2025-05-24 17:25:46,624 [INFO] Lectura BMP390
2025-05-24 17:25:46,808 [INFO] Lectura LTR390
2025-05-24 17:25:47,745 [INFO] Lectura desde ESP32-S3 por serial
2025-05-24 17:25:47,753 [WARNING] GPS sin señal
2025-05-24 17:25:47,756 [INFO] Datos JSON preparados para envío
2025-05-24 17:25:48,810 [INFO] Lectura BMP390
2025-05-24 17:25:48,990 [INFO] Lectura LTR390
2025-05-24 17:25:49,927 [INFO] Lectura desde ESP32-S3 por serial
2025-05-24 17:25:49,934 [WARNING] GPS sin señal
2025-05-24 17:25:49,936 [INFO] Datos JSON preparados para envío
2025-05-24 17:25:50,989 [INFO] Lectura BMP390
2025-05-24 17:25:51,167 [INFO] Lectura LTR390
2025-05-24 17:25:52,103 [INFO] Lectura desde ESP32-S3 por serial
2025-05-24 17:25:52,108 [WARNING] GPS sin señal
2025-05-24 17:25:52,110 [INFO] Datos JSON preparados para envío
2025-05-24 17:25:53,164 [INFO] Lectura BMP390
2025-05-24 17:25:53,345 [INFO] Lectura LTR390
2025-05-24 17:25:54,285 [INFO] Lectura desde ESP32-S3 por serial
2025-05-24 17:25:54,292 [WARNING] GPS sin señal
2025-05-24 17:25:54,295 [INFO] Datos JSON preparados para envío
2025-05-24 17:25:55,347 [INFO] Lectura BMP390
2025-05-24 17:25:55,528 [INFO] Lectura LTR390
2025-05-24 17:25:56,457 [INFO] Lectura desde ESP32-S3 por serial
2025-05-24 17:25:56,465 [WARNING] GPS sin señal
2025-05-24 17:25:56,467 [INFO] Datos JSON preparados para envío
2025-05-24 17:25:57,517 [INFO] Lectura BMP390
2025-05-24 17:25:57,701 [INFO] Lectura LTR390
2025-05-24 17:25:58,642 [INFO] Lectura desde ESP32-S3 por serial
2025-05-24 17:25:58,649 [WARNING] GPS sin señal
2025-05-24 17:25:58,653 [INFO] Datos JSON preparados para envío
2025-05-24 17:25:59,707 [INFO] Lectura BMP390
2025-05-24 17:25:59,891 [INFO] Lectura LTR390
2025-05-24 17:26:00,815 [INFO] Lectura desde ESP32-S3 por serial
2025-05-24 17:26:00,820 [WARNING] GPS sin señal
2025-05-24 17:26:00,822 [INFO] Datos JSON preparados para envío
2025-05-24 17:26:01,879 [INFO] Lectura BMP390
2025-05-24 17:26:02,061 [INFO] Lectura LTR390
2025-05-24 17:26:02,997 [INFO] Lectura desde ESP32-S3 por serial
2025-05-24 17:26:03,009 [WARNING] GPS sin señal
2025-05-24 17:26:03,012 [INFO] Datos JSON preparados para envío
2025-05-24 17:26:04,066 [INFO] Lectura BMP390
2025-05-24 17:26:04,244 [INFO] Lectura LTR390
2025-05-24 17:26:05,169 [INFO] Lectura desde ESP32-S3 por serial
2025-05-24 17:26:05,173 [WARNING] GPS sin señal
2025-05-24 17:26:05,175 [INFO] Datos JSON preparados para envío
2025-05-24 17:26:06,229 [INFO] Lectura BMP390
2025-05-24 17:26:06,410 [INFO] Lectura LTR390
2025-05-24 17:26:07,350 [INFO] Lectura desde ESP32-S3 por serial
2025-05-24 17:26:07,357 [WARNING] GPS sin señal
2025-05-24 17:26:07,360 [INFO] Datos JSON preparados para envío
2025-05-24 17:26:08,414 [INFO] Lectura BMP390
2025-05-24 17:26:08,595 [INFO] Lectura LTR390
2025-05-24 17:26:09,532 [INFO] Lectura desde ESP32-S3 por serial
2025-05-24 17:26:09,540 [WARNING] GPS sin señal
2025-05-24 17:26:09,542 [INFO] Datos JSON preparados para envío
2025-05-24 17:26:10,599 [INFO] Lectura BMP390
2025-05-24 17:26:10,779 [INFO] Lectura LTR390
2025-05-24 17:26:11,708 [INFO] Lectura desde ESP32-S3 por serial
2025-05-24 17:26:11,715 [WARNING] GPS sin señal
2025-05-24 17:26:11,718 [INFO] Datos JSON preparados para envío
2025-05-24 17:26:12,771 [INFO] Lectura BMP390
2025-05-24 17:26:12,952 [INFO] Lectura LTR390
2025-05-24 17:26:13,881 [INFO] Lectura desde ESP32-S3 por serial
2025-05-24 17:26:13,887 [WARNING] GPS sin señal
2025-05-24 17:26:13,891 [INFO] Datos JSON preparados para envío
2025-05-24 17:26:14,947 [INFO] Lectura BMP390
2025-05-24 17:26:15,129 [INFO] Lectura LTR390
2025-05-24 17:26:16,062 [INFO] Lectura desde ESP32-S3 por serial
2025-05-24 17:26:16,066 [WARNING] GPS sin señal
2025-05-24 17:26:16,069 [INFO] Datos JSON preparados para envío
2025-05-24 17:26:17,121 [INFO] Lectura BMP390
2025-05-24 17:26:17,298 [INFO] Lectura LTR390
2025-05-24 17:26:18,236 [INFO] Lectura desde ESP32-S3 por serial
2025-05-24 17:26:18,244 [WARNING] GPS sin señal
2025-05-24 17:26:18,246 [INFO] Datos JSON preparados para envío
2025-05-24 17:26:19,304 [INFO] Lectura BMP390
2025-05-24 17:26:19,487 [INFO] Lectura LTR390
2025-05-24 17:26:20,420 [INFO] Lectura desde ESP32-S3 por serial
2025-05-24 17:26:20,427 [WARNING] GPS sin señal
2025-05-24 17:26:20,430 [INFO] Datos JSON preparados para envío
2025-05-24 17:26:21,483 [INFO] Lectura BMP390
2025-05-24 17:26:21,667 [INFO] Lectura LTR390
2025-05-24 17:26:22,597 [INFO] Lectura desde ESP32-S3 por serial
2025-05-24 17:26:22,604 [WARNING] GPS sin señal
2025-05-24 17:26:22,607 [INFO] Datos JSON preparados para envío
2025-05-24 17:26:23,659 [INFO] Lectura BMP390
2025-05-24 17:26:23,843 [INFO] Lectura LTR390
2025-05-24 17:26:24,774 [INFO] Lectura desde ESP32-S3 por serial
2025-05-24 17:26:24,781 [WARNING] GPS sin señal
2025-05-24 17:26:24,784 [INFO] Datos JSON preparados para envío
2025-05-24 17:26:25,839 [INFO] Lectura BMP390
2025-05-24 17:26:26,025 [INFO] Lectura LTR390
2025-05-24 17:26:26,951 [INFO] Lectura desde ESP32-S3 por serial
2025-05-24 17:26:26,958 [WARNING] GPS sin señal
2025-05-24 17:26:26,960 [INFO] Datos JSON preparados para envío
2025-05-24 17:26:28,012 [INFO] Lectura BMP390
2025-05-24 17:26:28,194 [INFO] Lectura LTR390
2025-05-24 17:26:29,123 [INFO] Lectura desde ESP32-S3 por serial
2025-05-24 17:26:29,127 [WARNING] GPS sin señal
2025-05-24 17:26:29,128 [INFO] Datos JSON preparados para envío
2025-05-24 17:26:30,182 [INFO] Lectura BMP390
2025-05-24 17:26:30,363 [INFO] Lectura LTR390
2025-05-24 17:26:31,303 [INFO] Lectura desde ESP32-S3 por serial
2025-05-24 17:26:31,312 [WARNING] GPS sin señal
2025-05-24 17:26:31,315 [INFO] Datos JSON preparados para envío
2025-05-24 17:26:32,367 [INFO] Lectura BMP390
2025-05-24 17:26:32,545 [INFO] Lectura LTR390
2025-05-24 17:26:33,484 [INFO] Lectura desde ESP32-S3 por serial
2025-05-24 17:26:33,494 [WARNING] GPS sin señal
2025-05-24 17:26:33,496 [INFO] Datos JSON preparados para envío
2025-05-24 17:26:34,550 [INFO] Lectura BMP390
2025-05-24 17:26:34,730 [INFO] Lectura LTR390
2025-05-24 17:26:35,656 [INFO] Lectura desde ESP32-S3 por serial
2025-05-24 17:26:35,664 [WARNING] GPS sin señal
2025-05-24 17:26:35,666 [INFO] Datos JSON preparados para envío
2025-05-24 17:26:36,720 [INFO] Lectura BMP390
2025-05-24 17:26:36,904 [INFO] Lectura LTR390
2025-05-24 17:26:37,835 [INFO] Lectura desde ESP32-S3 por serial
2025-05-24 17:26:37,842 [WARNING] GPS sin señal
2025-05-24 17:26:37,846 [INFO] Datos JSON preparados para envío
2025-05-24 17:26:38,899 [INFO] Lectura BMP390
2025-05-24 17:26:39,082 [INFO] Lectura LTR390
2025-05-24 17:26:40,009 [INFO] Lectura desde ESP32-S3 por serial
2025-05-24 17:26:40,013 [WARNING] GPS sin señal
2025-05-24 17:26:40,015 [INFO] Datos JSON preparados para envío
2025-05-24 17:26:41,065 [INFO] Lectura BMP390
2025-05-24 17:26:41,242 [INFO] Lectura LTR390
2025-05-24 17:26:42,187 [INFO] Lectura desde ESP32-S3 por serial
2025-05-24 17:26:42,191 [WARNING] GPS sin señal
2025-05-24 17:26:42,192 [INFO] Datos JSON preparados para envío
2025-05-24 17:26:43,245 [INFO] Lectura BMP390
2025-05-24 17:26:43,428 [INFO] Lectura LTR390
2025-05-24 17:26:44,360 [INFO] Lectura desde ESP32-S3 por serial
2025-05-24 17:26:44,368 [WARNING] GPS sin señal
2025-05-24 17:26:44,373 [INFO] Datos JSON preparados para envío
2025-05-24 17:26:45,426 [INFO] Lectura BMP390
2025-05-24 17:26:45,606 [INFO] Lectura LTR390
2025-05-24 17:26:46,539 [INFO] Lectura desde ESP32-S3 por serial
2025-05-24 17:26:46,545 [WARNING] GPS sin señal
2025-05-24 17:26:46,550 [INFO] Datos JSON preparados para envío
2025-05-24 17:26:47,605 [INFO] Lectura BMP390
2025-05-24 17:26:47,789 [INFO] Lectura LTR390
2025-05-24 17:26:48,716 [INFO] Lectura desde ESP32-S3 por serial
2025-05-24 17:26:48,726 [WARNING] GPS sin señal
2025-05-24 17:26:48,730 [INFO] Datos JSON preparados para envío
2025-05-24 17:26:49,784 [INFO] Lectura BMP390
2025-05-24 17:26:49,970 [INFO] Lectura LTR390
2025-05-24 17:26:50,895 [INFO] Lectura desde ESP32-S3 por serial
2025-05-24 17:26:50,903 [WARNING] GPS sin señal
2025-05-24 17:26:50,906 [INFO] Datos JSON preparados para envío
2025-05-24 17:26:51,961 [INFO] Lectura BMP390
2025-05-24 17:26:52,142 [INFO] Lectura LTR390
2025-05-24 17:26:53,068 [INFO] Lectura desde ESP32-S3 por serial
2025-05-24 17:26:53,074 [WARNING] GPS sin señal
2025-05-24 17:26:53,075 [INFO] Datos JSON preparados para envío
2025-05-24 17:26:54,124 [INFO] Lectura BMP390
2025-05-24 17:26:54,307 [INFO] Lectura LTR390
2025-05-24 17:26:55,247 [INFO] Lectura desde ESP32-S3 por serial
2025-05-24 17:26:55,254 [WARNING] GPS sin señal
2025-05-24 17:26:55,257 [INFO] Datos JSON preparados para envío
2025-05-24 17:26:56,310 [INFO] Lectura BMP390
2025-05-24 17:26:56,495 [INFO] Lectura LTR390
2025-05-24 17:26:57,426 [INFO] Lectura desde ESP32-S3 por serial
2025-05-24 17:26:57,434 [WARNING] GPS sin señal
2025-05-24 17:26:57,436 [INFO] Datos JSON preparados para envío
2025-05-24 17:26:58,490 [INFO] Lectura BMP390
2025-05-24 17:26:58,675 [INFO] Lectura LTR390
2025-05-24 17:26:59,604 [INFO] Lectura desde ESP32-S3 por serial
2025-05-24 17:26:59,611 [WARNING] GPS sin señal
2025-05-24 17:26:59,614 [INFO] Datos JSON preparados para envío
2025-05-24 17:27:00,669 [INFO] Lectura BMP390
2025-05-24 17:27:00,850 [INFO] Lectura LTR390
2025-05-24 17:27:01,786 [INFO] Lectura desde ESP32-S3 por serial
2025-05-24 17:27:01,794 [WARNING] GPS sin señal
2025-05-24 17:27:01,796 [INFO] Datos JSON preparados para envío
2025-05-24 17:27:02,849 [INFO] Lectura BMP390
2025-05-24 17:27:03,034 [INFO] Lectura LTR390
2025-05-24 17:27:03,965 [INFO] Lectura desde ESP32-S3 por serial
2025-05-24 17:27:03,971 [WARNING] GPS sin señal
2025-05-24 17:27:03,974 [INFO] Datos JSON preparados para envío
2025-05-24 17:27:05,024 [INFO] Lectura BMP390
2025-05-24 17:27:05,201 [INFO] Lectura LTR390
2025-05-24 17:27:06,139 [INFO] Lectura desde ESP32-S3 por serial
2025-05-24 17:27:06,144 [WARNING] GPS sin señal
2025-05-24 17:27:06,148 [INFO] Datos JSON preparados para envío
2025-05-24 17:27:07,199 [INFO] Lectura BMP390
2025-05-24 17:27:07,379 [INFO] Lectura LTR390
2025-05-24 17:27:08,316 [INFO] Lectura desde ESP32-S3 por serial
2025-05-24 17:27:08,322 [WARNING] GPS sin señal
2025-05-24 17:27:08,324 [INFO] Datos JSON preparados para envío
2025-05-24 17:27:09,377 [INFO] Lectura BMP390
2025-05-24 17:27:09,558 [INFO] Lectura LTR390
2025-05-24 17:29:54,767 [INFO] Inicio del sistema
2025-05-24 17:29:55,994 [INFO] Lectura BMP390
2025-05-24 17:29:56,024 [INFO] [31m[1mWARNING: This is a development server. Do not use it in a production deployment. Use a production WSGI server instead.[0m
 * Running on all addresses (0.0.0.0)
 * Running on http://127.0.0.1:5000
 * Running on http://192.168.95.239:5000
2025-05-24 17:29:56,031 [INFO] [33mPress CTRL+C to quit[0m
2025-05-24 17:29:56,230 [INFO] Lectura LTR390
2025-05-24 17:29:56,270 [WARNING] Lectura serial fallida o formato incorrecto
2025-05-24 17:29:56,272 [WARNING] GPS sin señal
2025-05-24 17:29:56,275 [INFO] Datos JSON preparados para envío
2025-05-24 17:29:57,334 [INFO] Lectura BMP390
2025-05-24 17:29:57,530 [INFO] Lectura LTR390
2025-05-24 17:29:58,178 [INFO] Lectura desde ESP32-S3 por serial
2025-05-24 17:29:58,180 [WARNING] GPS sin señal
2025-05-24 17:29:58,182 [INFO] Datos JSON preparados para envío
2025-05-24 17:29:58,400 [INFO] 192.168.95.214 - - [24/May/2025 17:29:58] "GET / HTTP/1.1" 200 -
2025-05-24 17:29:59,236 [INFO] Lectura BMP390
2025-05-24 17:29:59,432 [INFO] Lectura LTR390
2025-05-24 17:30:00,348 [INFO] Lectura desde ESP32-S3 por serial
2025-05-24 17:30:00,358 [WARNING] GPS sin señal
2025-05-24 17:30:00,363 [INFO] Datos JSON preparados para envío
2025-05-24 17:30:01,415 [INFO] Lectura BMP390
2025-05-24 17:30:01,597 [INFO] Lectura LTR390
2025-05-24 17:30:02,529 [INFO] Lectura desde ESP32-S3 por serial
2025-05-24 17:30:02,531 [WARNING] GPS sin señal
2025-05-24 17:30:02,533 [INFO] Datos JSON preparados para envío
2025-05-24 17:30:03,593 [INFO] Lectura BMP390
2025-05-24 17:30:03,780 [INFO] Lectura LTR390
2025-05-24 17:30:04,707 [INFO] Lectura desde ESP32-S3 por serial
2025-05-24 17:30:04,712 [WARNING] GPS sin señal
2025-05-24 17:30:04,716 [INFO] Datos JSON preparados para envío
2025-05-24 17:30:05,175 [INFO] 192.168.95.214 - - [24/May/2025 17:30:05] "POST /mover HTTP/1.1" 200 -
2025-05-24 17:30:05,176 [INFO] Movimiento hacia adelante
2025-05-24 17:30:05,775 [INFO] Lectura BMP390
2025-05-24 17:30:05,970 [INFO] Lectura LTR390
2025-05-24 17:30:06,881 [INFO] Lectura desde ESP32-S3 por serial
2025-05-24 17:30:06,884 [WARNING] GPS sin señal
2025-05-24 17:30:06,886 [INFO] Datos JSON preparados para envío
2025-05-24 17:30:07,947 [INFO] Lectura BMP390
2025-05-24 17:30:08,141 [INFO] Lectura LTR390
2025-05-24 17:30:08,347 [INFO] Movimiento hacia adelante
2025-05-24 17:30:08,623 [INFO] 192.168.95.214 - - [24/May/2025 17:30:08] "POST /mover HTTP/1.1" 200 -
2025-05-24 17:30:09,063 [INFO] Lectura desde ESP32-S3 por serial
2025-05-24 17:30:09,070 [WARNING] GPS sin señal
2025-05-24 17:30:09,076 [INFO] Datos JSON preparados para envío
2025-05-24 17:30:10,133 [INFO] Lectura BMP390
2025-05-24 17:30:10,331 [INFO] Lectura LTR390
2025-05-24 17:30:11,245 [INFO] Lectura desde ESP32-S3 por serial
2025-05-24 17:30:11,252 [WARNING] GPS sin señal
2025-05-24 17:30:11,257 [INFO] Datos JSON preparados para envío
2025-05-24 17:30:12,308 [INFO] Lectura BMP390
2025-05-24 17:30:12,486 [INFO] Lectura LTR390
2025-05-24 17:30:13,418 [INFO] Lectura desde ESP32-S3 por serial
2025-05-24 17:30:13,426 [WARNING] GPS sin señal
2025-05-24 17:30:13,433 [INFO] Datos JSON preparados para envío
2025-05-24 17:30:32,899 [INFO] Inicio del sistema
2025-05-24 17:30:34,057 [INFO] Lectura BMP390
2025-05-24 17:30:34,061 [INFO] [31m[1mWARNING: This is a development server. Do not use it in a production deployment. Use a production WSGI server instead.[0m
 * Running on all addresses (0.0.0.0)
 * Running on http://127.0.0.1:5000
 * Running on http://192.168.95.239:5000
2025-05-24 17:30:34,062 [INFO] [33mPress CTRL+C to quit[0m
2025-05-24 17:30:34,284 [INFO] Lectura LTR390
2025-05-24 17:30:34,291 [WARNING] Lectura serial fallida o formato incorrecto
2025-05-24 17:30:34,294 [WARNING] GPS sin señal
2025-05-24 17:30:34,297 [INFO] Datos JSON preparados para envío
2025-05-24 17:30:35,352 [INFO] Lectura BMP390
2025-05-24 17:30:35,545 [INFO] Lectura LTR390
2025-05-24 17:30:35,550 [INFO] Lectura desde ESP32-S3 por serial
2025-05-24 17:30:35,558 [WARNING] GPS sin señal
2025-05-24 17:30:35,566 [INFO] Datos JSON preparados para envío
2025-05-24 17:30:36,620 [INFO] Lectura BMP390
2025-05-24 17:30:36,804 [INFO] Lectura LTR390
2025-05-24 17:30:37,339 [INFO] 192.168.95.214 - - [24/May/2025 17:30:37] "GET / HTTP/1.1" 200 -
2025-05-24 17:30:37,381 [INFO] Lectura desde ESP32-S3 por serial
2025-05-24 17:30:37,384 [WARNING] GPS sin señal
2025-05-24 17:30:37,386 [INFO] Datos JSON preparados para envío
2025-05-24 17:30:38,443 [INFO] Lectura BMP390
2025-05-24 17:30:38,637 [INFO] Lectura LTR390
2025-05-24 17:30:39,560 [INFO] Lectura desde ESP32-S3 por serial
2025-05-24 17:30:39,563 [WARNING] GPS sin señal
2025-05-24 17:30:39,565 [INFO] Datos JSON preparados para envío
2025-05-24 17:30:40,622 [INFO] Lectura BMP390
2025-05-24 17:30:40,815 [INFO] Lectura LTR390
2025-05-24 17:30:41,758 [INFO] Lectura desde ESP32-S3 por serial
2025-05-24 17:30:41,763 [WARNING] GPS sin señal
2025-05-24 17:30:41,767 [INFO] Datos JSON preparados para envío
2025-05-24 17:30:41,835 [INFO] Movimiento hacia adelante
2025-05-24 17:30:41,889 [INFO] 192.168.95.214 - - [24/May/2025 17:30:41] "[35m[1mPOST /mover HTTP/1.1[0m" 500 -
2025-05-24 17:30:42,040 [INFO] 192.168.95.214 - - [24/May/2025 17:30:42] "GET /mover?__debugger__=yes&cmd=resource&f=style.css HTTP/1.1" 200 -
2025-05-24 17:30:42,069 [INFO] 192.168.95.214 - - [24/May/2025 17:30:42] "GET /mover?__debugger__=yes&cmd=resource&f=debugger.js HTTP/1.1" 200 -
2025-05-24 17:30:42,321 [INFO] 192.168.95.214 - - [24/May/2025 17:30:42] "GET /mover?__debugger__=yes&cmd=resource&f=console.png HTTP/1.1" 200 -
2025-05-24 17:30:42,827 [INFO] Lectura BMP390
2025-05-24 17:30:43,020 [INFO] Lectura LTR390
2025-05-24 17:30:43,923 [INFO] Lectura desde ESP32-S3 por serial
2025-05-24 17:30:43,928 [WARNING] GPS sin señal
2025-05-24 17:30:43,932 [INFO] Datos JSON preparados para envío
2025-05-24 17:30:44,991 [INFO] Lectura BMP390
2025-05-24 17:30:45,189 [INFO] Lectura LTR390
2025-05-24 17:30:45,520 [INFO] Movimiento hacia adelante
2025-05-24 17:30:46,102 [INFO] Lectura desde ESP32-S3 por serial
2025-05-24 17:30:46,105 [WARNING] GPS sin señal
2025-05-24 17:30:46,109 [INFO] Datos JSON preparados para envío
2025-05-24 17:30:47,168 [INFO] Lectura BMP390
2025-05-24 17:30:47,366 [INFO] Lectura LTR390
2025-05-24 17:30:48,281 [INFO] Lectura desde ESP32-S3 por serial
2025-05-24 17:30:48,287 [WARNING] GPS sin señal
2025-05-24 17:30:48,289 [INFO] Datos JSON preparados para envío
2025-05-24 17:31:44,691 [INFO] Inicio del sistema
2025-05-24 17:31:45,839 [INFO] Lectura BMP390
2025-05-24 17:31:46,059 [INFO] Lectura LTR390
2025-05-24 17:31:46,064 [WARNING] Lectura serial fallida o formato incorrecto
2025-05-24 17:31:46,066 [WARNING] GPS sin señal
2025-05-24 17:31:46,068 [INFO] Datos JSON preparados para envío
2025-05-24 17:31:47,120 [INFO] Lectura BMP390
2025-05-24 17:31:47,302 [INFO] Lectura LTR390
2025-05-24 17:31:47,308 [INFO] Lectura desde ESP32-S3 por serial
2025-05-24 17:31:47,312 [WARNING] GPS sin señal
2025-05-24 17:31:47,318 [INFO] Datos JSON preparados para envío
2025-05-24 17:31:48,371 [INFO] Lectura BMP390
2025-05-24 17:31:48,553 [INFO] Lectura LTR390
2025-05-24 17:31:49,295 [INFO] Lectura desde ESP32-S3 por serial
2025-05-24 17:31:49,298 [WARNING] GPS sin señal
2025-05-24 17:31:49,299 [INFO] Datos JSON preparados para envío
2025-05-24 17:31:50,352 [INFO] Lectura BMP390
2025-05-24 17:31:50,536 [INFO] Lectura LTR390
2025-05-24 17:31:51,476 [INFO] Lectura desde ESP32-S3 por serial
2025-05-24 17:31:51,480 [WARNING] GPS sin señal
2025-05-24 17:31:51,483 [INFO] Datos JSON preparados para envío
2025-05-24 17:31:52,539 [INFO] Lectura BMP390
2025-05-24 17:31:52,723 [INFO] Lectura LTR390
2025-05-24 17:31:53,655 [INFO] Lectura desde ESP32-S3 por serial
2025-05-24 17:31:53,661 [WARNING] GPS sin señal
2025-05-24 17:31:53,665 [INFO] Datos JSON preparados para envío
2025-05-24 17:31:54,719 [INFO] Lectura BMP390
2025-05-24 17:31:54,901 [INFO] Lectura LTR390
2025-05-24 17:31:55,825 [INFO] Lectura desde ESP32-S3 por serial
2025-05-24 17:31:55,829 [WARNING] GPS sin señal
2025-05-24 17:31:55,830 [INFO] Datos JSON preparados para envío
2025-05-24 17:31:56,881 [INFO] Lectura BMP390
2025-05-24 17:31:57,062 [INFO] Lectura LTR390
2025-05-24 17:31:58,003 [INFO] Lectura desde ESP32-S3 por serial
2025-05-24 17:31:58,007 [WARNING] GPS sin señal
2025-05-24 17:31:58,009 [INFO] Datos JSON preparados para envío
2025-05-24 17:31:59,062 [INFO] Lectura BMP390
2025-05-24 17:31:59,239 [INFO] Lectura LTR390
2025-05-24 17:32:00,182 [INFO] Lectura desde ESP32-S3 por serial
2025-05-24 17:32:00,188 [WARNING] GPS sin señal
2025-05-24 17:32:00,191 [INFO] Datos JSON preparados para envío
2025-05-24 17:32:01,246 [INFO] Lectura BMP390
2025-05-24 17:32:01,427 [INFO] Lectura LTR390
2025-05-24 17:32:02,360 [INFO] Lectura desde ESP32-S3 por serial
2025-05-24 17:32:02,364 [WARNING] GPS sin señal
2025-05-24 17:32:02,368 [INFO] Datos JSON preparados para envío
2025-05-24 17:32:03,421 [INFO] Lectura BMP390
2025-05-24 17:32:03,604 [INFO] Lectura LTR390
2025-05-24 17:32:04,542 [INFO] Lectura desde ESP32-S3 por serial
2025-05-24 17:32:04,549 [WARNING] GPS sin señal
2025-05-24 17:32:04,554 [INFO] Datos JSON preparados para envío
2025-05-24 17:32:05,607 [INFO] Lectura BMP390
2025-05-24 17:32:05,795 [INFO] Lectura LTR390
2025-05-24 17:32:06,718 [INFO] Lectura desde ESP32-S3 por serial
2025-05-24 17:32:06,723 [WARNING] GPS sin señal
2025-05-24 17:32:06,724 [INFO] Datos JSON preparados para envío
2025-05-24 17:32:07,782 [INFO] Lectura BMP390
2025-05-24 17:32:07,962 [INFO] Lectura LTR390
2025-05-24 17:32:08,892 [INFO] Lectura desde ESP32-S3 por serial
2025-05-24 17:32:08,896 [WARNING] GPS sin señal
2025-05-24 17:32:08,897 [INFO] Datos JSON preparados para envío
2025-05-24 17:32:09,948 [INFO] Lectura BMP390
2025-05-24 17:32:10,130 [INFO] Lectura LTR390
2025-05-24 17:32:11,077 [INFO] Lectura desde ESP32-S3 por serial
2025-05-24 17:32:11,083 [WARNING] GPS sin señal
2025-05-24 17:32:11,089 [INFO] Datos JSON preparados para envío
2025-05-24 17:32:12,143 [INFO] Lectura BMP390
2025-05-24 17:32:12,332 [INFO] Lectura LTR390
2025-05-24 17:32:13,261 [INFO] Lectura desde ESP32-S3 por serial
2025-05-24 17:32:13,267 [WARNING] GPS sin señal
2025-05-24 17:32:13,270 [INFO] Datos JSON preparados para envío
2025-05-24 17:32:14,322 [INFO] Lectura BMP390
2025-05-24 17:32:14,499 [INFO] Lectura LTR390
2025-05-24 17:32:15,440 [INFO] Lectura desde ESP32-S3 por serial
2025-05-24 17:32:15,445 [WARNING] GPS sin señal
2025-05-24 17:32:15,448 [INFO] Datos JSON preparados para envío
2025-05-24 17:32:16,505 [INFO] Lectura BMP390
2025-05-24 17:32:16,687 [INFO] Lectura LTR390
2025-05-24 17:32:17,612 [INFO] Lectura desde ESP32-S3 por serial
2025-05-24 17:32:17,618 [WARNING] GPS sin señal
2025-05-24 17:32:17,622 [INFO] Datos JSON preparados para envío
2025-05-24 17:32:18,676 [INFO] Lectura BMP390
2025-05-24 17:32:18,860 [INFO] Lectura LTR390
2025-05-24 17:32:19,792 [INFO] Lectura desde ESP32-S3 por serial
2025-05-24 17:32:19,797 [WARNING] GPS sin señal
2025-05-24 17:32:19,800 [INFO] Datos JSON preparados para envío
2025-05-24 17:32:20,849 [INFO] Lectura BMP390
2025-05-24 17:32:21,030 [INFO] Lectura LTR390
2025-05-24 17:32:21,969 [INFO] Lectura desde ESP32-S3 por serial
2025-05-24 17:32:21,973 [WARNING] GPS sin señal
2025-05-24 17:32:21,974 [INFO] Datos JSON preparados para envío
2025-05-24 17:32:23,027 [INFO] Lectura BMP390
2025-05-24 17:32:23,208 [INFO] Lectura LTR390
2025-05-24 17:32:24,148 [INFO] Lectura desde ESP32-S3 por serial
2025-05-24 17:32:24,150 [WARNING] GPS sin señal
2025-05-24 17:32:24,152 [INFO] Datos JSON preparados para envío
2025-05-24 17:32:25,204 [INFO] Lectura BMP390
2025-05-24 17:32:25,386 [INFO] Lectura LTR390
2025-05-24 17:32:26,331 [INFO] Lectura desde ESP32-S3 por serial
2025-05-24 17:32:26,338 [WARNING] GPS sin señal
2025-05-24 17:32:26,342 [INFO] Datos JSON preparados para envío
2025-05-24 17:32:27,395 [INFO] Lectura BMP390
2025-05-24 17:32:27,581 [INFO] Lectura LTR390
2025-05-24 17:32:32,628 [INFO] Inicio del sistema
2025-05-24 17:32:33,781 [INFO] Lectura BMP390
2025-05-24 17:32:33,993 [INFO] Lectura LTR390
2025-05-24 17:32:33,998 [WARNING] Lectura serial fallida o formato incorrecto
2025-05-24 17:32:34,000 [WARNING] GPS sin señal
2025-05-24 17:32:34,002 [INFO] Datos JSON preparados para envío
2025-05-24 17:32:35,055 [INFO] Lectura BMP390
2025-05-24 17:32:35,239 [INFO] Lectura LTR390
2025-05-24 17:32:35,245 [INFO] Lectura desde ESP32-S3 por serial
2025-05-24 17:32:35,250 [WARNING] GPS sin señal
2025-05-24 17:32:35,252 [INFO] Datos JSON preparados para envío
2025-05-24 17:32:36,306 [INFO] Lectura BMP390
2025-05-24 17:32:36,486 [INFO] Lectura LTR390
2025-05-24 17:32:37,226 [INFO] Lectura desde ESP32-S3 por serial
2025-05-24 17:32:37,232 [WARNING] GPS sin señal
2025-05-24 17:32:37,236 [INFO] Datos JSON preparados para envío
2025-05-24 17:32:38,289 [INFO] Lectura BMP390
2025-05-24 17:32:38,474 [INFO] Lectura LTR390
2025-05-24 17:32:39,403 [INFO] Lectura desde ESP32-S3 por serial
2025-05-24 17:32:39,405 [WARNING] GPS sin señal
2025-05-24 17:32:39,406 [INFO] Datos JSON preparados para envío
2025-05-24 17:32:40,458 [INFO] Lectura BMP390
2025-05-24 17:32:40,639 [INFO] Lectura LTR390
2025-05-24 17:32:41,588 [INFO] Lectura desde ESP32-S3 por serial
2025-05-24 17:32:41,594 [WARNING] GPS sin señal
2025-05-24 17:32:41,596 [INFO] Datos JSON preparados para envío
2025-05-24 17:32:42,648 [INFO] Lectura BMP390
2025-05-24 17:32:42,829 [INFO] Lectura LTR390
2025-05-24 17:32:43,767 [INFO] Lectura desde ESP32-S3 por serial
2025-05-24 17:32:43,773 [WARNING] GPS sin señal
2025-05-24 17:32:43,777 [INFO] Datos JSON preparados para envío
2025-05-24 17:32:44,833 [INFO] Lectura BMP390
2025-05-24 17:32:45,015 [INFO] Lectura LTR390
2025-05-24 17:32:45,937 [INFO] Lectura desde ESP32-S3 por serial
2025-05-24 17:32:45,940 [WARNING] GPS sin señal
2025-05-24 17:32:45,942 [INFO] Datos JSON preparados para envío
2025-05-24 17:32:46,996 [INFO] Lectura BMP390
2025-05-24 17:32:47,179 [INFO] Lectura LTR390
2025-05-24 17:32:48,119 [INFO] Lectura desde ESP32-S3 por serial
2025-05-24 17:32:48,127 [WARNING] GPS sin señal
2025-05-24 17:32:48,131 [INFO] Datos JSON preparados para envío
2025-05-24 17:32:49,185 [INFO] Lectura BMP390
2025-05-24 17:32:49,363 [INFO] Lectura LTR390
2025-05-24 17:32:50,297 [INFO] Lectura desde ESP32-S3 por serial
2025-05-24 17:32:50,302 [WARNING] GPS sin señal
2025-05-24 17:32:50,304 [INFO] Datos JSON preparados para envío
2025-05-24 17:32:51,358 [INFO] Lectura BMP390
2025-05-24 17:32:51,540 [INFO] Lectura LTR390
2025-05-24 17:32:52,479 [INFO] Lectura desde ESP32-S3 por serial
2025-05-24 17:32:52,485 [WARNING] GPS sin señal
2025-05-24 17:32:52,488 [INFO] Datos JSON preparados para envío
2025-05-24 17:32:53,542 [INFO] Lectura BMP390
2025-05-24 17:32:53,731 [INFO] Lectura LTR390
2025-05-24 17:32:54,660 [INFO] Lectura desde ESP32-S3 por serial
2025-05-24 17:32:54,665 [WARNING] GPS sin señal
2025-05-24 17:32:54,667 [INFO] Datos JSON preparados para envío
2025-05-24 17:32:55,721 [INFO] Lectura BMP390
2025-05-24 17:33:07,301 [INFO] Inicio del sistema
2025-05-24 17:33:08,459 [INFO] Lectura BMP390
2025-05-24 17:33:08,680 [INFO] Lectura LTR390
2025-05-24 17:33:08,685 [WARNING] Lectura serial fallida o formato incorrecto
2025-05-24 17:33:08,687 [WARNING] GPS sin señal
2025-05-24 17:33:08,690 [INFO] Datos JSON preparados para envío
2025-05-24 17:33:09,740 [INFO] Lectura BMP390
2025-05-24 17:33:09,917 [INFO] Lectura LTR390
2025-05-24 17:33:09,921 [INFO] Lectura desde ESP32-S3 por serial
2025-05-24 17:33:09,923 [WARNING] GPS sin señal
2025-05-24 17:33:09,926 [INFO] Datos JSON preparados para envío
2025-05-24 17:33:10,977 [INFO] Lectura BMP390
2025-05-24 17:33:11,160 [INFO] Lectura LTR390
2025-05-24 17:33:12,097 [INFO] Lectura desde ESP32-S3 por serial
2025-05-24 17:33:12,104 [WARNING] GPS sin señal
2025-05-24 17:33:12,110 [INFO] Datos JSON preparados para envío
2025-05-24 17:33:13,162 [INFO] Lectura BMP390
2025-05-24 17:33:13,347 [INFO] Lectura LTR390
2025-05-24 17:33:14,281 [INFO] Lectura desde ESP32-S3 por serial
2025-05-24 17:33:14,284 [WARNING] GPS sin señal
2025-05-24 17:33:14,288 [INFO] Datos JSON preparados para envío
2025-05-24 17:33:15,343 [INFO] Lectura BMP390
2025-05-24 17:33:15,524 [INFO] Lectura LTR390
2025-05-24 17:33:16,455 [INFO] Lectura desde ESP32-S3 por serial
2025-05-24 17:33:16,458 [WARNING] GPS sin señal
2025-05-24 17:33:16,460 [INFO] Datos JSON preparados para envío
2025-05-24 17:33:17,513 [INFO] Lectura BMP390
2025-05-24 17:33:17,698 [INFO] Lectura LTR390
2025-05-24 17:33:18,636 [INFO] Lectura desde ESP32-S3 por serial
2025-05-24 17:33:18,641 [WARNING] GPS sin señal
2025-05-24 17:33:18,645 [INFO] Datos JSON preparados para envío
2025-05-24 17:33:19,698 [INFO] Lectura BMP390
2025-05-24 17:33:19,884 [INFO] Lectura LTR390
2025-05-24 17:33:20,818 [INFO] Lectura desde ESP32-S3 por serial
2025-05-24 17:33:20,823 [WARNING] GPS sin señal
2025-05-24 17:33:20,826 [INFO] Datos JSON preparados para envío
2025-05-24 17:33:21,879 [INFO] Lectura BMP390
2025-05-24 17:33:22,062 [INFO] Lectura LTR390
2025-05-24 17:33:22,997 [INFO] Lectura desde ESP32-S3 por serial
2025-05-24 17:33:23,004 [WARNING] GPS sin señal
2025-05-24 17:33:23,007 [INFO] Datos JSON preparados para envío
2025-05-24 17:33:24,063 [INFO] Lectura BMP390
2025-05-24 17:33:24,244 [INFO] Lectura LTR390
2025-05-24 17:33:25,176 [INFO] Lectura desde ESP32-S3 por serial
2025-05-24 17:33:25,181 [WARNING] GPS sin señal
2025-05-24 17:33:25,183 [INFO] Datos JSON preparados para envío
2025-05-24 17:33:26,233 [INFO] Lectura BMP390
2025-05-24 17:33:26,418 [INFO] Lectura LTR390
2025-05-24 17:33:27,354 [INFO] Lectura desde ESP32-S3 por serial
2025-05-24 17:33:27,359 [WARNING] GPS sin señal
2025-05-24 17:33:27,361 [INFO] Datos JSON preparados para envío
2025-05-24 17:33:28,415 [INFO] Lectura BMP390
2025-05-24 17:33:28,600 [INFO] Lectura LTR390
2025-05-24 17:33:29,534 [INFO] Lectura desde ESP32-S3 por serial
2025-05-24 17:33:29,538 [WARNING] GPS sin señal
2025-05-24 17:33:29,542 [INFO] Datos JSON preparados para envío
2025-05-24 17:33:30,596 [INFO] Lectura BMP390
2025-05-24 17:33:30,776 [INFO] Lectura LTR390
2025-05-24 17:33:31,714 [INFO] Lectura desde ESP32-S3 por serial
2025-05-24 17:33:31,717 [WARNING] GPS sin señal
2025-05-24 17:33:31,719 [INFO] Datos JSON preparados para envío
2025-05-24 17:33:32,771 [INFO] Lectura BMP390
2025-05-24 17:33:32,951 [INFO] Lectura LTR390
2025-05-24 17:33:33,889 [INFO] Lectura desde ESP32-S3 por serial
2025-05-24 17:33:33,892 [WARNING] GPS sin señal
2025-05-24 17:33:33,895 [INFO] Datos JSON preparados para envío
2025-05-24 17:33:34,948 [INFO] Lectura BMP390
2025-05-24 17:33:35,126 [INFO] Lectura LTR390
2025-05-24 17:33:36,073 [INFO] Lectura desde ESP32-S3 por serial
2025-05-24 17:33:36,080 [WARNING] GPS sin señal
2025-05-24 17:33:36,083 [INFO] Datos JSON preparados para envío
2025-05-24 17:33:37,137 [INFO] Lectura BMP390
2025-05-24 17:33:37,321 [INFO] Lectura LTR390
2025-05-24 17:33:38,250 [INFO] Lectura desde ESP32-S3 por serial
2025-05-24 17:33:38,254 [WARNING] GPS sin señal
2025-05-24 17:33:38,258 [INFO] Datos JSON preparados para envío
2025-05-24 17:33:39,311 [INFO] Lectura BMP390
2025-05-24 17:33:39,491 [INFO] Lectura LTR390
2025-05-24 17:33:40,428 [INFO] Lectura desde ESP32-S3 por serial
2025-05-24 17:33:40,431 [WARNING] GPS sin señal
2025-05-24 17:33:40,433 [INFO] Datos JSON preparados para envío
2025-05-24 17:33:41,482 [INFO] Lectura BMP390
2025-05-24 17:33:41,660 [INFO] Lectura LTR390
2025-05-24 17:33:42,610 [INFO] Lectura desde ESP32-S3 por serial
2025-05-24 17:33:42,615 [WARNING] GPS sin señal
2025-05-24 17:33:42,617 [INFO] Datos JSON preparados para envío
2025-05-24 17:33:43,671 [INFO] Lectura BMP390
2025-05-24 17:33:43,852 [INFO] Lectura LTR390
2025-05-24 17:33:44,791 [INFO] Lectura desde ESP32-S3 por serial
2025-05-24 17:33:44,797 [WARNING] GPS sin señal
2025-05-24 17:33:44,803 [INFO] Datos JSON preparados para envío
2025-05-24 17:33:45,855 [INFO] Lectura BMP390
2025-05-24 17:33:46,035 [INFO] Lectura LTR390
2025-05-24 17:33:46,966 [INFO] Lectura desde ESP32-S3 por serial
2025-05-24 17:33:46,970 [WARNING] GPS sin señal
2025-05-24 17:33:46,971 [INFO] Datos JSON preparados para envío
2025-05-24 17:33:48,024 [INFO] Lectura BMP390
2025-05-24 17:33:48,211 [INFO] Lectura LTR390
2025-05-24 17:33:49,150 [INFO] Lectura desde ESP32-S3 por serial
2025-05-24 17:33:49,156 [WARNING] GPS sin señal
2025-05-24 17:33:49,159 [INFO] Datos JSON preparados para envío
2025-05-24 17:33:50,210 [INFO] Lectura BMP390
2025-05-24 17:33:50,397 [INFO] Lectura LTR390
2025-05-24 17:33:51,330 [INFO] Lectura desde ESP32-S3 por serial
2025-05-24 17:33:51,333 [WARNING] GPS sin señal
2025-05-24 17:33:51,336 [INFO] Datos JSON preparados para envío
2025-05-24 17:33:52,390 [INFO] Lectura BMP390
2025-05-24 17:33:55,656 [INFO] Inicio del sistema
2025-05-24 17:33:56,813 [INFO] Lectura BMP390
2025-05-24 17:33:57,030 [INFO] Lectura LTR390
2025-05-24 17:33:57,864 [WARNING] Lectura serial fallida o formato incorrecto
2025-05-24 17:33:57,867 [WARNING] GPS sin señal
2025-05-24 17:33:57,874 [INFO] Datos JSON preparados para envío
2025-05-24 17:33:58,925 [INFO] Lectura BMP390
2025-05-24 17:33:59,105 [INFO] Lectura LTR390
2025-05-24 17:34:20,214 [INFO] Inicio del sistema
2025-05-24 17:34:21,378 [INFO] Lectura BMP390
2025-05-24 17:34:21,394 [INFO] [31m[1mWARNING: This is a development server. Do not use it in a production deployment. Use a production WSGI server instead.[0m
 * Running on all addresses (0.0.0.0)
 * Running on http://127.0.0.1:8080
 * Running on http://192.168.95.239:8080
2025-05-24 17:34:21,395 [INFO] [33mPress CTRL+C to quit[0m
2025-05-24 17:34:21,595 [INFO] Lectura LTR390
2025-05-24 17:34:21,843 [WARNING] Lectura serial fallida o formato incorrecto
2025-05-24 17:34:21,845 [WARNING] GPS sin señal
2025-05-24 17:34:21,847 [INFO] Datos JSON preparados para envío
2025-05-24 17:34:22,897 [INFO] Lectura BMP390
2025-05-24 17:34:23,075 [INFO] Lectura LTR390
2025-05-24 17:34:24,023 [INFO] Lectura desde ESP32-S3 por serial
2025-05-24 17:34:24,026 [WARNING] GPS sin señal
2025-05-24 17:34:24,030 [INFO] Datos JSON preparados para envío
2025-05-24 17:34:25,083 [INFO] Lectura BMP390
2025-05-24 17:34:25,263 [INFO] Lectura LTR390
2025-05-24 17:34:26,205 [INFO] Lectura desde ESP32-S3 por serial
2025-05-24 17:34:26,210 [WARNING] GPS sin señal
2025-05-24 17:34:26,215 [INFO] Datos JSON preparados para envío
2025-05-24 17:34:27,270 [INFO] Lectura BMP390
2025-05-24 17:34:27,455 [INFO] Lectura LTR390
2025-05-24 17:34:28,383 [INFO] Lectura desde ESP32-S3 por serial
2025-05-24 17:34:28,388 [WARNING] GPS sin señal
2025-05-24 17:34:28,393 [INFO] Datos JSON preparados para envío
2025-05-24 17:34:29,443 [INFO] Lectura BMP390
2025-05-24 17:34:29,621 [INFO] Lectura LTR390
2025-05-24 17:34:30,568 [INFO] Lectura desde ESP32-S3 por serial
2025-05-24 17:34:30,574 [WARNING] GPS sin señal
2025-05-24 17:34:30,577 [INFO] Datos JSON preparados para envío
2025-05-24 17:34:31,630 [INFO] Lectura BMP390
2025-05-24 17:34:31,816 [INFO] Lectura LTR390
2025-05-24 17:34:32,697 [INFO] 192.168.95.214 - - [24/May/2025 17:34:32] "GET / HTTP/1.1" 200 -
2025-05-24 17:34:32,747 [INFO] Lectura desde ESP32-S3 por serial
2025-05-24 17:34:32,752 [WARNING] GPS sin señal
2025-05-24 17:34:32,756 [INFO] Datos JSON preparados para envío
2025-05-24 17:34:32,857 [INFO] 192.168.95.214 - - [24/May/2025 17:34:32] "[33mGET /favicon.ico HTTP/1.1[0m" 404 -
2025-05-24 17:34:33,813 [INFO] Lectura BMP390
2025-05-24 17:34:34,002 [INFO] Lectura LTR390
2025-05-24 17:34:34,925 [INFO] Lectura desde ESP32-S3 por serial
2025-05-24 17:34:34,929 [WARNING] GPS sin señal
2025-05-24 17:34:34,930 [INFO] Datos JSON preparados para envío
2025-05-24 17:34:35,989 [INFO] Lectura BMP390
2025-05-24 17:34:36,187 [INFO] Lectura LTR390
2025-05-24 17:34:37,105 [INFO] Lectura desde ESP32-S3 por serial
2025-05-24 17:34:37,111 [WARNING] GPS sin señal
2025-05-24 17:34:37,114 [INFO] Datos JSON preparados para envío
2025-05-24 17:34:38,176 [INFO] Lectura BMP390
2025-05-24 17:34:38,374 [INFO] Lectura LTR390
2025-05-24 17:34:38,424 [INFO] Movimiento hacia adelante
2025-05-24 17:34:38,437 [INFO] 192.168.95.214 - - [24/May/2025 17:34:38] "POST /mover HTTP/1.1" 200 -
2025-05-24 17:34:39,285 [INFO] Lectura desde ESP32-S3 por serial
2025-05-24 17:34:39,288 [WARNING] GPS sin señal
2025-05-24 17:34:39,290 [INFO] Datos JSON preparados para envío
2025-05-24 17:34:40,348 [INFO] Lectura BMP390
2025-05-24 17:34:40,548 [INFO] Lectura LTR390
2025-05-24 17:34:41,461 [INFO] Lectura desde ESP32-S3 por serial
2025-05-24 17:34:41,468 [WARNING] GPS sin señal
2025-05-24 17:34:41,472 [INFO] Datos JSON preparados para envío
2025-05-24 17:34:41,639 [INFO] Movimiento hacia adelante
2025-05-24 17:34:42,533 [INFO] Lectura BMP390
2025-05-24 17:34:42,723 [INFO] Lectura LTR390
2025-05-24 17:34:43,329 [INFO] 192.168.95.214 - - [24/May/2025 17:34:43] "GET / HTTP/1.1" 200 -
2025-05-24 17:34:43,642 [INFO] Lectura desde ESP32-S3 por serial
2025-05-24 17:34:43,645 [WARNING] GPS sin señal
2025-05-24 17:34:43,648 [INFO] Datos JSON preparados para envío
2025-05-24 17:34:44,705 [INFO] Lectura BMP390
2025-05-24 17:34:44,897 [INFO] Lectura LTR390
2025-05-24 17:34:45,820 [INFO] Lectura desde ESP32-S3 por serial
2025-05-24 17:34:45,826 [WARNING] GPS sin señal
2025-05-24 17:34:45,829 [INFO] Datos JSON preparados para envío
2025-05-24 17:34:46,882 [INFO] Lectura BMP390
2025-05-24 17:34:47,079 [INFO] Lectura LTR390
2025-05-24 17:34:47,698 [INFO] 192.168.95.214 - - [24/May/2025 17:34:47] "POST /mover HTTP/1.1" 200 -
2025-05-24 17:34:47,699 [INFO] Movimiento a la izquierda
2025-05-24 17:34:48,002 [INFO] Lectura desde ESP32-S3 por serial
2025-05-24 17:34:48,007 [WARNING] GPS sin señal
2025-05-24 17:34:48,012 [INFO] Datos JSON preparados para envío
2025-05-24 17:34:49,071 [INFO] Lectura BMP390
2025-05-24 17:34:49,259 [INFO] Lectura LTR390
2025-05-24 17:34:50,186 [INFO] Lectura desde ESP32-S3 por serial
2025-05-24 17:34:50,193 [WARNING] GPS sin señal
2025-05-24 17:34:50,199 [INFO] Datos JSON preparados para envío
2025-05-24 17:34:50,875 [INFO] Movimiento a la izquierda
2025-05-24 17:34:51,260 [INFO] Lectura BMP390
2025-05-24 17:34:51,452 [INFO] Lectura LTR390
2025-05-24 17:34:52,174 [INFO] 192.168.95.214 - - [24/May/2025 17:34:52] "GET / HTTP/1.1" 200 -
2025-05-24 17:34:52,362 [INFO] Lectura desde ESP32-S3 por serial
2025-05-24 17:34:52,367 [WARNING] GPS sin señal
2025-05-24 17:34:52,370 [INFO] Datos JSON preparados para envío
2025-05-24 17:34:53,430 [INFO] Lectura BMP390
2025-05-24 17:34:53,628 [INFO] Lectura LTR390
2025-05-24 17:34:53,799 [INFO] 192.168.95.214 - - [24/May/2025 17:34:53] "POST /mover HTTP/1.1" 200 -
2025-05-24 17:34:54,543 [INFO] Lectura desde ESP32-S3 por serial
2025-05-24 17:34:54,546 [WARNING] GPS sin señal
2025-05-24 17:34:54,548 [INFO] Datos JSON preparados para envío
2025-05-24 17:34:55,051 [INFO] 192.168.95.214 - - [24/May/2025 17:34:55] "GET / HTTP/1.1" 200 -
2025-05-24 17:34:55,601 [INFO] Lectura BMP390
2025-05-24 17:34:55,782 [INFO] Lectura LTR390
2025-05-24 17:34:56,730 [INFO] Lectura desde ESP32-S3 por serial
2025-05-24 17:34:56,734 [WARNING] GPS sin señal
2025-05-24 17:34:56,737 [INFO] Datos JSON preparados para envío
2025-05-24 17:34:57,799 [INFO] Lectura BMP390
2025-05-24 17:34:57,994 [INFO] Lectura LTR390
2025-05-24 17:34:58,906 [INFO] Lectura desde ESP32-S3 por serial
2025-05-24 17:34:58,909 [WARNING] GPS sin señal
2025-05-24 17:34:58,911 [INFO] Datos JSON preparados para envío
2025-05-24 17:34:59,689 [INFO] 192.168.95.214 - - [24/May/2025 17:34:59] "POST /mover HTTP/1.1" 200 -
2025-05-24 17:34:59,690 [INFO] Movimiento hacia atrás
2025-05-24 17:34:59,971 [INFO] Lectura BMP390
2025-05-24 17:35:00,165 [INFO] Lectura LTR390
2025-05-24 17:35:00,663 [INFO] 192.168.95.214 - - [24/May/2025 17:35:00] "GET / HTTP/1.1" 200 -
2025-05-24 17:35:01,088 [INFO] Lectura desde ESP32-S3 por serial
2025-05-24 17:35:01,093 [WARNING] GPS sin señal
2025-05-24 17:35:01,096 [INFO] Datos JSON preparados para envío
2025-05-24 17:35:02,159 [INFO] Lectura BMP390
2025-05-24 17:35:02,358 [INFO] Lectura LTR390
2025-05-24 17:35:02,909 [INFO] Movimiento hacia atrás
2025-05-24 17:35:03,268 [INFO] Lectura desde ESP32-S3 por serial
2025-05-24 17:35:03,273 [WARNING] GPS sin señal
2025-05-24 17:35:03,277 [INFO] Datos JSON preparados para envío
2025-05-24 17:35:04,333 [INFO] Lectura BMP390
2025-05-24 17:35:04,531 [INFO] Lectura LTR390
2025-05-24 17:35:05,447 [INFO] Lectura desde ESP32-S3 por serial
2025-05-24 17:35:05,452 [WARNING] GPS sin señal
2025-05-24 17:35:05,454 [INFO] Datos JSON preparados para envío
2025-05-24 17:35:06,136 [INFO] Movimiento hacia atrás
2025-05-24 17:35:06,513 [INFO] Lectura BMP390
2025-05-24 17:35:06,712 [INFO] Lectura LTR390
2025-05-24 17:35:07,627 [INFO] Lectura desde ESP32-S3 por serial
2025-05-24 17:35:07,633 [WARNING] GPS sin señal
2025-05-24 17:35:07,638 [INFO] Datos JSON preparados para envío
2025-05-24 17:35:08,703 [INFO] Lectura BMP390
2025-05-24 17:35:08,892 [INFO] Lectura LTR390
2025-05-24 17:35:09,352 [INFO] Movimiento hacia atrás
2025-05-24 17:35:09,808 [INFO] Lectura desde ESP32-S3 por serial
2025-05-24 17:35:09,815 [WARNING] GPS sin señal
2025-05-24 17:35:09,821 [INFO] Datos JSON preparados para envío
2025-05-24 17:35:10,880 [INFO] Lectura BMP390
2025-05-24 17:35:11,079 [INFO] Lectura LTR390
2025-05-24 17:35:11,981 [INFO] Lectura desde ESP32-S3 por serial
2025-05-24 17:35:11,985 [WARNING] GPS sin señal
2025-05-24 17:35:11,988 [INFO] Datos JSON preparados para envío
2025-05-24 17:35:12,509 [INFO] Movimiento hacia atrás
2025-05-24 17:35:12,950 [INFO] 192.168.95.214 - - [24/May/2025 17:35:12] "GET / HTTP/1.1" 200 -
2025-05-24 17:35:13,044 [INFO] Lectura BMP390
2025-05-24 17:35:13,243 [INFO] Lectura LTR390
2025-05-24 17:35:14,160 [INFO] Lectura desde ESP32-S3 por serial
2025-05-24 17:35:14,163 [WARNING] GPS sin señal
2025-05-24 17:35:14,165 [INFO] Datos JSON preparados para envío
2025-05-24 17:35:14,691 [INFO] 192.168.95.217 - - [24/May/2025 17:35:14] "GET / HTTP/1.1" 200 -
2025-05-24 17:35:14,951 [INFO] 192.168.95.217 - - [24/May/2025 17:35:14] "[33mGET /favicon.ico HTTP/1.1[0m" 404 -
2025-05-24 17:35:15,223 [INFO] Lectura BMP390
2025-05-24 17:35:15,407 [INFO] Lectura LTR390
2025-05-24 17:35:15,739 [INFO] Movimiento hacia atrás
2025-05-24 17:35:16,341 [INFO] Lectura desde ESP32-S3 por serial
2025-05-24 17:35:16,348 [WARNING] GPS sin señal
2025-05-24 17:35:16,351 [INFO] Datos JSON preparados para envío
2025-05-24 17:35:17,412 [INFO] Lectura BMP390
2025-05-24 17:35:17,611 [INFO] Lectura LTR390
2025-05-24 17:35:18,521 [INFO] Lectura desde ESP32-S3 por serial
2025-05-24 17:35:18,526 [WARNING] GPS sin señal
2025-05-24 17:35:18,529 [INFO] Datos JSON preparados para envío
2025-05-24 17:35:18,941 [INFO] Movimiento hacia atrás
2025-05-24 17:35:19,085 [INFO] 192.168.95.217 - - [24/May/2025 17:35:19] "GET / HTTP/1.1" 200 -
2025-05-24 17:35:19,589 [INFO] Lectura BMP390
2025-05-24 17:35:19,617 [INFO] 192.168.95.214 - - [24/May/2025 17:35:19] "POST /mover HTTP/1.1" 200 -
2025-05-24 17:35:19,784 [INFO] Lectura LTR390
2025-05-24 17:35:20,649 [INFO] 192.168.95.214 - - [24/May/2025 17:35:20] "GET / HTTP/1.1" 200 -
2025-05-24 17:35:20,702 [INFO] Lectura desde ESP32-S3 por serial
2025-05-24 17:35:20,710 [WARNING] GPS sin señal
2025-05-24 17:35:20,713 [INFO] Datos JSON preparados para envío
2025-05-24 17:35:21,772 [INFO] Lectura BMP390
2025-05-24 17:35:21,959 [INFO] Lectura LTR390
2025-05-24 17:35:22,880 [INFO] Lectura desde ESP32-S3 por serial
2025-05-24 17:35:22,884 [WARNING] GPS sin señal
2025-05-24 17:35:22,886 [INFO] Datos JSON preparados para envío
2025-05-24 17:35:23,937 [INFO] Lectura BMP390
2025-05-24 17:35:24,118 [INFO] Lectura LTR390
2025-05-24 17:35:25,060 [INFO] Lectura desde ESP32-S3 por serial
2025-05-24 17:35:25,068 [WARNING] GPS sin señal
2025-05-24 17:35:25,072 [INFO] Datos JSON preparados para envío
2025-05-24 17:35:26,125 [INFO] Lectura BMP390
2025-05-24 17:35:26,312 [INFO] Lectura LTR390
2025-05-24 17:35:27,234 [INFO] Lectura desde ESP32-S3 por serial
2025-05-24 17:35:27,240 [WARNING] GPS sin señal
2025-05-24 17:35:27,246 [INFO] Datos JSON preparados para envío
2025-05-24 17:35:28,302 [INFO] Lectura BMP390
2025-05-24 17:35:28,484 [INFO] Lectura LTR390
2025-05-24 17:35:29,407 [INFO] Lectura desde ESP32-S3 por serial
2025-05-24 17:35:29,410 [WARNING] GPS sin señal
2025-05-24 17:35:29,412 [INFO] Datos JSON preparados para envío
2025-05-24 17:35:30,465 [INFO] Lectura BMP390
2025-05-24 17:35:30,646 [INFO] Lectura LTR390
2025-05-24 17:35:31,591 [INFO] Lectura desde ESP32-S3 por serial
2025-05-24 17:35:31,599 [WARNING] GPS sin señal
2025-05-24 17:35:31,602 [INFO] Datos JSON preparados para envío
2025-05-24 17:35:32,655 [INFO] Lectura BMP390
2025-05-24 17:35:32,846 [INFO] Lectura LTR390
2025-05-24 17:35:33,763 [INFO] Lectura desde ESP32-S3 por serial
2025-05-24 17:35:33,767 [WARNING] GPS sin señal
2025-05-24 17:35:33,770 [INFO] Datos JSON preparados para envío
2025-05-24 17:35:34,824 [INFO] Lectura BMP390
2025-05-24 17:35:35,005 [INFO] Lectura LTR390
2025-05-24 17:35:35,942 [INFO] Lectura desde ESP32-S3 por serial
2025-05-24 17:35:35,947 [WARNING] GPS sin señal
2025-05-24 17:35:35,951 [INFO] Datos JSON preparados para envío
2025-05-24 17:35:37,004 [INFO] Lectura BMP390
2025-05-24 17:35:37,195 [INFO] Lectura LTR390
2025-05-24 17:35:38,127 [INFO] Lectura desde ESP32-S3 por serial
2025-05-24 17:35:38,136 [WARNING] GPS sin señal
2025-05-24 17:35:38,139 [INFO] Datos JSON preparados para envío
2025-05-24 17:35:39,192 [INFO] Lectura BMP390
2025-05-24 17:35:39,374 [INFO] Lectura LTR390
2025-05-24 17:35:40,305 [INFO] Lectura desde ESP32-S3 por serial
2025-05-24 17:35:40,311 [WARNING] GPS sin señal
2025-05-24 17:35:40,313 [INFO] Datos JSON preparados para envío
2025-05-24 17:35:41,366 [INFO] Lectura BMP390
2025-05-24 17:35:41,547 [INFO] Lectura LTR390
2025-05-24 17:35:42,484 [INFO] Lectura desde ESP32-S3 por serial
2025-05-24 17:35:42,492 [WARNING] GPS sin señal
2025-05-24 17:35:42,496 [INFO] Datos JSON preparados para envío
2025-05-24 17:35:43,552 [INFO] Lectura BMP390
2025-05-24 17:35:43,733 [INFO] Lectura LTR390
2025-05-24 17:35:43,959 [INFO] 192.168.95.217 - - [24/May/2025 17:35:43] "GET / HTTP/1.1" 200 -
2025-05-24 17:37:03,806 [INFO] Inicio del sistema
2025-05-24 17:37:04,957 [INFO] Lectura BMP390
2025-05-24 17:37:04,973 [INFO] [31m[1mWARNING: This is a development server. Do not use it in a production deployment. Use a production WSGI server instead.[0m
 * Running on all addresses (0.0.0.0)
 * Running on http://127.0.0.1:8080
 * Running on http://192.168.95.239:8080
2025-05-24 17:37:04,975 [INFO] [33mPress CTRL+C to quit[0m
2025-05-24 17:37:05,176 [INFO] Lectura LTR390
2025-05-24 17:37:05,267 [WARNING] Lectura serial fallida o formato incorrecto
2025-05-24 17:37:05,270 [WARNING] GPS sin señal
2025-05-24 17:37:05,272 [INFO] Datos JSON preparados para envío
2025-05-24 17:37:06,329 [INFO] Lectura BMP390
2025-05-24 17:37:06,517 [INFO] Lectura LTR390
2025-05-24 17:37:07,449 [INFO] Lectura desde ESP32-S3 por serial
2025-05-24 17:37:07,451 [WARNING] GPS sin señal
2025-05-24 17:37:07,453 [INFO] Datos JSON preparados para envío
2025-05-24 17:37:08,518 [INFO] Lectura BMP390
2025-05-24 17:37:08,703 [INFO] Lectura LTR390
2025-05-24 17:37:09,369 [INFO] 192.168.95.214 - - [24/May/2025 17:37:09] "GET / HTTP/1.1" 200 -
2025-05-24 17:37:09,629 [INFO] Lectura desde ESP32-S3 por serial
2025-05-24 17:37:09,635 [WARNING] GPS sin señal
2025-05-24 17:37:09,641 [INFO] Datos JSON preparados para envío
2025-05-24 17:37:10,694 [INFO] Lectura BMP390
2025-05-24 17:37:10,878 [INFO] Lectura LTR390
2025-05-24 17:37:11,807 [INFO] Lectura desde ESP32-S3 por serial
2025-05-24 17:37:11,810 [WARNING] GPS sin señal
2025-05-24 17:37:11,813 [INFO] Datos JSON preparados para envío
2025-05-24 17:37:12,382 [INFO] 192.168.95.217 - - [24/May/2025 17:37:12] "GET / HTTP/1.1" 200 -
2025-05-24 17:37:12,893 [INFO] Lectura BMP390
2025-05-24 17:37:13,078 [INFO] Lectura LTR390
2025-05-24 17:37:13,991 [INFO] Lectura desde ESP32-S3 por serial
2025-05-24 17:37:13,994 [WARNING] GPS sin señal
2025-05-24 17:37:13,997 [INFO] Datos JSON preparados para envío
2025-05-24 17:37:15,048 [INFO] Lectura BMP390
2025-05-24 17:37:15,232 [INFO] Lectura LTR390
2025-05-24 17:37:16,168 [INFO] Lectura desde ESP32-S3 por serial
2025-05-24 17:37:16,179 [WARNING] GPS sin señal
2025-05-24 17:37:16,185 [INFO] Datos JSON preparados para envío
2025-05-24 17:37:17,242 [INFO] Lectura BMP390
2025-05-24 17:37:17,428 [INFO] Lectura LTR390
2025-05-24 17:37:18,355 [INFO] Lectura desde ESP32-S3 por serial
2025-05-24 17:37:18,364 [WARNING] GPS sin señal
2025-05-24 17:37:18,370 [INFO] Datos JSON preparados para envío
2025-05-24 17:37:19,430 [INFO] Lectura BMP390
2025-05-24 17:37:19,620 [INFO] Lectura LTR390
2025-05-24 17:37:20,523 [INFO] Lectura desde ESP32-S3 por serial
2025-05-24 17:37:20,534 [WARNING] GPS sin señal
2025-05-24 17:37:20,541 [INFO] Datos JSON preparados para envío
2025-05-24 17:37:21,609 [INFO] Lectura BMP390
2025-05-24 17:37:21,798 [INFO] Lectura LTR390
2025-05-24 17:37:21,948 [INFO] 192.168.95.217 - - [24/May/2025 17:37:21] "GET / HTTP/1.1" 200 -
2025-05-24 17:37:22,701 [INFO] Lectura desde ESP32-S3 por serial
2025-05-24 17:37:22,709 [WARNING] GPS sin señal
2025-05-24 17:37:22,716 [INFO] Datos JSON preparados para envío
2025-05-24 17:37:23,769 [INFO] Lectura BMP390
2025-05-24 17:37:23,955 [INFO] Lectura LTR390
2025-05-24 17:37:24,875 [INFO] Lectura desde ESP32-S3 por serial
2025-05-24 17:37:24,902 [WARNING] GPS sin señal
2025-05-24 17:37:24,906 [INFO] Datos JSON preparados para envío
2025-05-24 17:37:25,976 [INFO] Lectura BMP390
2025-05-24 17:37:26,168 [INFO] Lectura LTR390
2025-05-24 17:37:27,048 [INFO] Lectura desde ESP32-S3 por serial
2025-05-24 17:37:27,054 [WARNING] GPS sin señal
2025-05-24 17:37:27,056 [INFO] Datos JSON preparados para envío
2025-05-24 17:37:28,110 [INFO] Lectura BMP390
2025-05-24 17:37:28,291 [INFO] Lectura LTR390
2025-05-24 17:37:29,231 [INFO] Lectura desde ESP32-S3 por serial
2025-05-24 17:37:29,239 [WARNING] GPS sin señal
2025-05-24 17:37:29,243 [INFO] Datos JSON preparados para envío
2025-05-24 17:37:30,295 [INFO] Lectura BMP390
2025-05-24 17:37:30,473 [INFO] Lectura LTR390
2025-05-24 17:37:31,410 [INFO] Lectura desde ESP32-S3 por serial
2025-05-24 17:37:31,417 [WARNING] GPS sin señal
2025-05-24 17:37:31,422 [INFO] Datos JSON preparados para envío
2025-05-24 17:37:32,475 [INFO] Lectura BMP390
2025-05-24 17:37:32,659 [INFO] Lectura LTR390
2025-05-24 17:37:33,585 [INFO] Lectura desde ESP32-S3 por serial
2025-05-24 17:37:33,595 [WARNING] GPS sin señal
2025-05-24 17:37:33,600 [INFO] Datos JSON preparados para envío
2025-05-24 17:37:34,661 [INFO] Lectura BMP390
2025-05-24 17:37:34,851 [INFO] Lectura LTR390
2025-05-24 17:37:35,762 [INFO] Lectura desde ESP32-S3 por serial
2025-05-24 17:37:35,766 [WARNING] GPS sin señal
2025-05-24 17:37:35,771 [INFO] Datos JSON preparados para envío
2025-05-24 17:37:36,842 [INFO] Lectura BMP390
2025-05-24 17:37:36,937 [INFO] Movimiento hacia adelante
2025-05-24 17:37:36,946 [INFO] 192.168.95.217 - - [24/May/2025 17:37:36] "POST /mover HTTP/1.1" 200 -
2025-05-24 17:37:37,037 [INFO] Lectura LTR390
2025-05-24 17:37:37,936 [INFO] Lectura desde ESP32-S3 por serial
2025-05-24 17:37:37,939 [WARNING] GPS sin señal
2025-05-24 17:37:37,942 [INFO] Datos JSON preparados para envío
2025-05-24 17:37:39,012 [INFO] Lectura BMP390
2025-05-24 17:37:39,035 [INFO] 192.168.95.217 - - [24/May/2025 17:37:39] "GET / HTTP/1.1" 200 -
2025-05-24 17:37:39,206 [INFO] Lectura LTR390
2025-05-24 17:37:40,116 [INFO] Lectura desde ESP32-S3 por serial
2025-05-24 17:37:40,119 [WARNING] GPS sin señal
2025-05-24 17:37:40,121 [INFO] Datos JSON preparados para envío
2025-05-24 17:37:41,178 [INFO] Lectura BMP390
2025-05-24 17:37:41,373 [INFO] Lectura LTR390
2025-05-24 17:37:42,293 [INFO] Lectura desde ESP32-S3 por serial
2025-05-24 17:37:42,299 [WARNING] GPS sin señal
2025-05-24 17:37:42,303 [INFO] Datos JSON preparados para envío
2025-05-24 17:37:43,371 [INFO] Lectura BMP390
2025-05-24 17:37:43,572 [INFO] Lectura LTR390
2025-05-24 17:37:43,756 [INFO] Movimiento hacia atrás
2025-05-24 17:37:43,767 [INFO] 192.168.95.217 - - [24/May/2025 17:37:43] "POST /mover HTTP/1.1" 200 -
2025-05-24 17:37:44,471 [INFO] Lectura desde ESP32-S3 por serial
2025-05-24 17:37:44,477 [WARNING] GPS sin señal
2025-05-24 17:37:44,483 [INFO] Datos JSON preparados para envío
2025-05-24 17:37:45,542 [INFO] Lectura BMP390
2025-05-24 17:37:45,735 [INFO] Lectura LTR390
2025-05-24 17:37:46,656 [INFO] Lectura desde ESP32-S3 por serial
2025-05-24 17:37:46,663 [WARNING] GPS sin señal
2025-05-24 17:37:46,670 [INFO] Datos JSON preparados para envío
2025-05-24 17:37:47,376 [INFO] Movimiento hacia atrás
2025-05-24 17:37:47,730 [INFO] Lectura BMP390
2025-05-24 17:37:47,921 [INFO] Lectura LTR390
2025-05-24 17:37:48,835 [INFO] Lectura desde ESP32-S3 por serial
2025-05-24 17:37:48,838 [WARNING] GPS sin señal
2025-05-24 17:37:48,840 [INFO] Datos JSON preparados para envío
2025-05-24 17:37:49,418 [INFO] 192.168.95.217 - - [24/May/2025 17:37:49] "GET / HTTP/1.1" 200 -
2025-05-24 17:37:49,898 [INFO] Lectura BMP390
2025-05-24 17:37:50,089 [INFO] Lectura LTR390
2025-05-24 17:37:51,019 [INFO] Lectura desde ESP32-S3 por serial
2025-05-24 17:37:51,029 [WARNING] GPS sin señal
2025-05-24 17:37:51,040 [INFO] Datos JSON preparados para envío
2025-05-24 17:37:51,054 [INFO] 192.168.95.214 - - [24/May/2025 17:37:51] "GET / HTTP/1.1" 200 -
2025-05-24 17:37:52,113 [INFO] Lectura BMP390
2025-05-24 17:37:52,312 [INFO] Lectura LTR390
2025-05-24 17:37:53,193 [INFO] Lectura desde ESP32-S3 por serial
2025-05-24 17:37:53,203 [WARNING] GPS sin señal
2025-05-24 17:37:53,210 [INFO] Datos JSON preparados para envío
2025-05-24 17:37:54,121 [INFO] 192.168.95.217 - - [24/May/2025 17:37:54] "POST /mover HTTP/1.1" 200 -
2025-05-24 17:37:54,122 [INFO] Movimiento a la derecha
2025-05-24 17:37:54,271 [INFO] Lectura BMP390
2025-05-24 17:37:54,471 [INFO] Lectura LTR390
2025-05-24 17:37:55,376 [INFO] Lectura desde ESP32-S3 por serial
2025-05-24 17:37:55,380 [WARNING] GPS sin señal
2025-05-24 17:37:55,383 [INFO] Datos JSON preparados para envío
2025-05-24 17:37:55,584 [INFO] 192.168.95.217 - - [24/May/2025 17:37:55] "GET / HTTP/1.1" 200 -
2025-05-24 17:37:56,442 [INFO] Lectura BMP390
2025-05-24 17:37:56,644 [INFO] Lectura LTR390
2025-05-24 17:37:57,551 [INFO] Lectura desde ESP32-S3 por serial
2025-05-24 17:37:57,555 [WARNING] GPS sin señal
2025-05-24 17:37:57,558 [INFO] Datos JSON preparados para envío
2025-05-24 17:37:58,616 [INFO] Lectura BMP390
2025-05-24 17:37:58,812 [INFO] Lectura LTR390
2025-05-24 17:37:59,756 [INFO] Lectura desde ESP32-S3 por serial
2025-05-24 17:37:59,760 [WARNING] GPS sin señal
2025-05-24 17:37:59,761 [INFO] Datos JSON preparados para envío
2025-05-24 17:38:00,739 [INFO] 192.168.95.217 - - [24/May/2025 17:38:00] "POST /mover HTTP/1.1" 200 -
2025-05-24 17:38:00,740 [INFO] Movimiento a la izquierda
2025-05-24 17:38:00,823 [INFO] Lectura BMP390
2025-05-24 17:38:01,027 [INFO] Lectura LTR390
2025-05-24 17:38:01,927 [INFO] Lectura desde ESP32-S3 por serial
2025-05-24 17:38:01,932 [WARNING] GPS sin señal
2025-05-24 17:38:01,951 [INFO] Datos JSON preparados para envío
2025-05-24 17:38:03,011 [INFO] Lectura BMP390
2025-05-24 17:38:03,207 [INFO] Lectura LTR390
2025-05-24 17:38:04,117 [INFO] Lectura desde ESP32-S3 por serial
2025-05-24 17:38:04,122 [WARNING] GPS sin señal
2025-05-24 17:38:04,124 [INFO] Datos JSON preparados para envío
2025-05-24 17:38:04,575 [INFO] Movimiento a la izquierda
2025-05-24 17:38:05,094 [INFO] 192.168.95.217 - - [24/May/2025 17:38:05] "GET / HTTP/1.1" 200 -
2025-05-24 17:38:05,183 [INFO] Lectura BMP390
2025-05-24 17:38:05,369 [INFO] Lectura LTR390
2025-05-24 17:38:05,824 [INFO] 192.168.95.217 - - [24/May/2025 17:38:05] "POST /mover HTTP/1.1" 200 -
2025-05-24 17:38:06,277 [INFO] Lectura desde ESP32-S3 por serial
2025-05-24 17:38:06,280 [WARNING] GPS sin señal
2025-05-24 17:38:06,282 [INFO] Datos JSON preparados para envío
2025-05-24 17:38:07,341 [INFO] Lectura BMP390
2025-05-24 17:38:07,537 [INFO] Lectura LTR390
2025-05-24 17:38:08,451 [INFO] Lectura desde ESP32-S3 por serial
2025-05-24 17:38:08,455 [WARNING] GPS sin señal
2025-05-24 17:38:08,457 [INFO] Datos JSON preparados para envío
2025-05-24 17:38:09,510 [INFO] Lectura BMP390
2025-05-24 17:38:09,689 [INFO] Lectura LTR390
2025-05-24 17:38:10,450 [INFO] 192.168.95.217 - - [24/May/2025 17:38:10] "GET / HTTP/1.1" 200 -
2025-05-24 17:38:10,637 [INFO] Lectura desde ESP32-S3 por serial
2025-05-24 17:38:10,641 [WARNING] GPS sin señal
2025-05-24 17:38:10,643 [INFO] Datos JSON preparados para envío
2025-05-24 17:38:11,698 [INFO] Lectura BMP390
2025-05-24 17:38:11,881 [INFO] Lectura LTR390
2025-05-24 17:38:12,812 [INFO] Lectura desde ESP32-S3 por serial
2025-05-24 17:38:12,821 [WARNING] GPS sin señal
2025-05-24 17:38:12,827 [INFO] Datos JSON preparados para envío
2025-05-24 17:38:13,884 [INFO] Lectura BMP390
2025-05-24 17:38:14,080 [INFO] Lectura LTR390
2025-05-24 17:38:14,992 [INFO] Lectura desde ESP32-S3 por serial
2025-05-24 17:38:14,998 [WARNING] GPS sin señal
2025-05-24 17:38:15,007 [INFO] Datos JSON preparados para envío
2025-05-24 17:38:16,069 [INFO] Lectura BMP390
2025-05-24 17:38:16,255 [INFO] Lectura LTR390
2025-05-24 17:38:17,175 [INFO] Lectura desde ESP32-S3 por serial
2025-05-24 17:38:17,191 [WARNING] GPS sin señal
2025-05-24 17:38:17,202 [INFO] Datos JSON preparados para envío
2025-05-24 17:38:18,271 [INFO] Lectura BMP390
2025-05-24 17:38:18,459 [INFO] Lectura LTR390
2025-05-24 17:38:19,366 [INFO] Lectura desde ESP32-S3 por serial
2025-05-24 17:38:19,370 [WARNING] GPS sin señal
2025-05-24 17:38:19,372 [INFO] Datos JSON preparados para envío
2025-05-24 17:38:20,427 [INFO] Lectura BMP390
2025-05-24 17:38:20,611 [INFO] Lectura LTR390
2025-05-24 17:38:21,534 [INFO] Lectura desde ESP32-S3 por serial
2025-05-24 17:38:21,544 [WARNING] GPS sin señal
2025-05-24 17:38:21,547 [INFO] Datos JSON preparados para envío
2025-05-24 17:38:22,602 [INFO] Lectura BMP390
2025-05-24 17:38:22,799 [INFO] Lectura LTR390
2025-05-24 17:38:23,714 [INFO] Lectura desde ESP32-S3 por serial
2025-05-24 17:38:23,721 [WARNING] GPS sin señal
2025-05-24 17:38:23,725 [INFO] Datos JSON preparados para envío
2025-05-24 17:38:23,894 [INFO] 192.168.95.217 - - [24/May/2025 17:38:23] "POST /mover HTTP/1.1" 200 -
2025-05-24 17:38:23,895 [INFO] Movimiento hacia adelante
2025-05-24 17:38:24,786 [INFO] Lectura BMP390
2025-05-24 17:38:24,976 [INFO] Lectura LTR390
2025-05-24 17:38:25,884 [INFO] Lectura desde ESP32-S3 por serial
2025-05-24 17:38:25,891 [WARNING] GPS sin señal
2025-05-24 17:38:25,895 [INFO] Datos JSON preparados para envío
2025-05-24 17:38:26,682 [INFO] 192.168.95.217 - - [24/May/2025 17:38:26] "GET / HTTP/1.1" 200 -
2025-05-24 17:38:26,952 [INFO] Lectura BMP390
2025-05-24 17:38:27,039 [INFO] Movimiento hacia adelante
2025-05-24 17:38:27,138 [INFO] Lectura LTR390
2025-05-24 17:38:28,064 [INFO] Lectura desde ESP32-S3 por serial
2025-05-24 17:38:28,071 [WARNING] GPS sin señal
2025-05-24 17:38:28,074 [INFO] Datos JSON preparados para envío
2025-05-24 17:38:29,130 [INFO] Lectura BMP390
2025-05-24 17:38:29,331 [INFO] Lectura LTR390
2025-05-24 17:38:30,243 [INFO] Lectura desde ESP32-S3 por serial
2025-05-24 17:38:30,250 [WARNING] GPS sin señal
2025-05-24 17:38:30,252 [INFO] Datos JSON preparados para envío
2025-05-24 17:38:31,308 [INFO] Lectura BMP390
2025-05-24 17:38:31,497 [INFO] Lectura LTR390
2025-05-24 17:38:32,417 [INFO] Lectura desde ESP32-S3 por serial
2025-05-24 17:38:32,422 [WARNING] GPS sin señal
2025-05-24 17:38:32,424 [INFO] Datos JSON preparados para envío
2025-05-24 17:38:32,554 [INFO] 192.168.95.217 - - [24/May/2025 17:38:32] "POST /mover HTTP/1.1" 200 -
2025-05-24 17:38:32,554 [INFO] Movimiento a la izquierda
2025-05-24 17:38:33,485 [INFO] Lectura BMP390
2025-05-24 17:38:33,684 [INFO] Lectura LTR390
2025-05-24 17:38:33,819 [INFO] 192.168.95.217 - - [24/May/2025 17:38:33] "GET / HTTP/1.1" 200 -
2025-05-24 17:38:34,522 [INFO] 192.168.95.217 - - [24/May/2025 17:38:34] "POST /mover HTTP/1.1" 200 -
2025-05-24 17:38:34,607 [INFO] Lectura desde ESP32-S3 por serial
2025-05-24 17:38:34,612 [WARNING] GPS sin señal
2025-05-24 17:38:34,616 [INFO] Datos JSON preparados para envío
2025-05-24 17:38:35,677 [INFO] Lectura BMP390
2025-05-24 17:38:35,868 [INFO] Lectura LTR390
2025-05-24 17:38:36,452 [INFO] 192.168.95.214 - - [24/May/2025 17:38:36] "GET / HTTP/1.1" 200 -
2025-05-24 17:38:36,776 [INFO] Lectura desde ESP32-S3 por serial
2025-05-24 17:38:36,780 [WARNING] GPS sin señal
2025-05-24 17:38:36,784 [INFO] Datos JSON preparados para envío
2025-05-24 17:38:36,833 [INFO] 192.168.95.217 - - [24/May/2025 17:38:36] "GET / HTTP/1.1" 200 -
2025-05-24 17:38:37,872 [INFO] Lectura BMP390
2025-05-24 17:38:38,061 [INFO] Lectura LTR390
2025-05-24 17:38:38,971 [INFO] Lectura desde ESP32-S3 por serial
2025-05-24 17:38:38,976 [WARNING] GPS sin señal
2025-05-24 17:38:38,979 [INFO] Datos JSON preparados para envío
2025-05-24 17:38:40,037 [INFO] Lectura BMP390
2025-05-24 17:38:40,230 [INFO] Lectura LTR390
2025-05-24 17:38:41,135 [INFO] Lectura desde ESP32-S3 por serial
2025-05-24 17:38:41,143 [WARNING] GPS sin señal
2025-05-24 17:38:41,149 [INFO] Datos JSON preparados para envío
2025-05-24 17:38:41,727 [INFO] 192.168.95.217 - - [24/May/2025 17:38:41] "POST /mover HTTP/1.1" 200 -
2025-05-24 17:38:41,727 [INFO] Movimiento hacia atrás
2025-05-24 17:38:41,741 [INFO] 192.168.95.217 - - [24/May/2025 17:38:41] "POST /mover HTTP/1.1" 200 -
2025-05-24 17:38:42,216 [INFO] Lectura BMP390
2025-05-24 17:38:42,411 [INFO] Lectura LTR390
2025-05-24 17:38:42,860 [INFO] 192.168.95.217 - - [24/May/2025 17:38:42] "GET / HTTP/1.1" 200 -
2025-05-24 17:38:43,314 [INFO] Lectura desde ESP32-S3 por serial
2025-05-24 17:38:43,321 [WARNING] GPS sin señal
2025-05-24 17:38:43,326 [INFO] Datos JSON preparados para envío
2025-05-24 17:38:43,460 [INFO] 192.168.95.217 - - [24/May/2025 17:38:43] "POST /mover HTTP/1.1" 200 -
2025-05-24 17:38:44,386 [INFO] Lectura BMP390
2025-05-24 17:38:44,581 [INFO] Lectura LTR390
2025-05-24 17:38:45,196 [INFO] 192.168.95.217 - - [24/May/2025 17:38:45] "GET / HTTP/1.1" 200 -
2025-05-24 17:38:45,491 [INFO] Lectura desde ESP32-S3 por serial
2025-05-24 17:38:45,494 [WARNING] GPS sin señal
2025-05-24 17:38:45,495 [INFO] Datos JSON preparados para envío
2025-05-24 17:38:46,551 [INFO] Lectura BMP390
2025-05-24 17:38:46,741 [INFO] Lectura LTR390
2025-05-24 17:38:47,673 [INFO] Lectura desde ESP32-S3 por serial
2025-05-24 17:38:47,680 [WARNING] GPS sin señal
2025-05-24 17:38:47,685 [INFO] Datos JSON preparados para envío
2025-05-24 17:38:48,749 [INFO] Lectura BMP390
2025-05-24 17:38:48,937 [INFO] Lectura LTR390
2025-05-24 17:38:49,851 [INFO] Lectura desde ESP32-S3 por serial
2025-05-24 17:38:49,870 [WARNING] GPS sin señal
2025-05-24 17:38:49,872 [INFO] Datos JSON preparados para envío
2025-05-24 17:38:50,935 [INFO] Lectura BMP390
2025-05-24 17:38:51,118 [INFO] Lectura LTR390
2025-05-24 17:38:52,029 [INFO] Lectura desde ESP32-S3 por serial
2025-05-24 17:38:52,034 [WARNING] GPS sin señal
2025-05-24 17:38:52,038 [INFO] Datos JSON preparados para envío
2025-05-24 17:38:53,096 [INFO] Lectura BMP390
2025-05-24 17:38:53,299 [INFO] Lectura LTR390
2025-05-24 17:38:54,207 [INFO] Lectura desde ESP32-S3 por serial
2025-05-24 17:38:54,216 [WARNING] GPS sin señal
2025-05-24 17:38:54,220 [INFO] Datos JSON preparados para envío
2025-05-24 17:38:54,574 [INFO] 192.168.95.217 - - [24/May/2025 17:38:54] "POST /mover HTTP/1.1" 200 -
2025-05-24 17:38:54,574 [INFO] Movimiento hacia adelante
2025-05-24 17:38:55,282 [INFO] Lectura BMP390
2025-05-24 17:38:55,479 [INFO] Lectura LTR390
2025-05-24 17:38:56,382 [INFO] Lectura desde ESP32-S3 por serial
2025-05-24 17:38:56,388 [WARNING] GPS sin señal
2025-05-24 17:38:56,393 [INFO] Datos JSON preparados para envío
2025-05-24 17:38:57,028 [INFO] 192.168.95.217 - - [24/May/2025 17:38:57] "GET / HTTP/1.1" 200 -
2025-05-24 17:38:57,462 [INFO] Lectura BMP390
2025-05-24 17:38:57,659 [INFO] Lectura LTR390
2025-05-24 17:38:57,780 [INFO] 192.168.95.217 - - [24/May/2025 17:38:57] "POST /mover HTTP/1.1" 200 -
2025-05-24 17:38:58,562 [INFO] Lectura desde ESP32-S3 por serial
2025-05-24 17:38:58,565 [WARNING] GPS sin señal
2025-05-24 17:38:58,567 [INFO] Datos JSON preparados para envío
2025-05-24 17:38:59,622 [INFO] Lectura BMP390
2025-05-24 17:38:59,812 [INFO] Lectura LTR390
2025-05-24 17:39:00,311 [INFO] 192.168.95.217 - - [24/May/2025 17:39:00] "GET / HTTP/1.1" 200 -
2025-05-24 17:39:00,740 [INFO] Lectura desde ESP32-S3 por serial
2025-05-24 17:39:00,750 [WARNING] GPS sin señal
2025-05-24 17:39:00,755 [INFO] Datos JSON preparados para envío
2025-05-24 17:39:01,818 [INFO] Lectura BMP390
2025-05-24 17:39:01,997 [INFO] Lectura LTR390
2025-05-24 17:39:02,923 [INFO] Lectura desde ESP32-S3 por serial
2025-05-24 17:39:02,938 [WARNING] GPS sin señal
2025-05-24 17:39:02,939 [INFO] Datos JSON preparados para envío
2025-05-24 17:39:03,996 [INFO] Lectura BMP390
2025-05-24 17:39:04,176 [INFO] Lectura LTR390
2025-05-24 17:39:05,093 [INFO] Lectura desde ESP32-S3 por serial
2025-05-24 17:39:05,102 [WARNING] GPS sin señal
2025-05-24 17:39:05,105 [INFO] Datos JSON preparados para envío
2025-05-24 17:39:06,158 [INFO] Lectura BMP390
2025-05-24 17:39:06,340 [INFO] Lectura LTR390
2025-05-24 17:39:07,276 [INFO] Lectura desde ESP32-S3 por serial
2025-05-24 17:39:07,282 [WARNING] GPS sin señal
2025-05-24 17:39:07,284 [INFO] Datos JSON preparados para envío
2025-05-24 17:39:08,341 [INFO] Lectura BMP390
2025-05-24 17:39:08,524 [INFO] Lectura LTR390
2025-05-24 17:39:09,449 [INFO] Lectura desde ESP32-S3 por serial
2025-05-24 17:39:09,458 [WARNING] GPS sin señal
2025-05-24 17:39:09,461 [INFO] Datos JSON preparados para envío
2025-05-24 17:39:10,511 [INFO] Lectura BMP390
2025-05-24 17:39:10,691 [INFO] Lectura LTR390
2025-05-24 17:39:11,622 [INFO] Lectura desde ESP32-S3 por serial
2025-05-24 17:39:11,631 [WARNING] GPS sin señal
2025-05-24 17:39:11,634 [INFO] Datos JSON preparados para envío
2025-05-24 17:39:12,688 [INFO] Lectura BMP390
2025-05-24 17:39:12,870 [INFO] Lectura LTR390
2025-05-24 17:39:13,801 [INFO] Lectura desde ESP32-S3 por serial
2025-05-24 17:39:13,810 [WARNING] GPS sin señal
2025-05-24 17:39:13,812 [INFO] Datos JSON preparados para envío
2025-05-24 17:39:14,868 [INFO] Lectura BMP390
2025-05-24 17:39:15,058 [INFO] Lectura LTR390
2025-05-24 17:39:15,974 [INFO] Lectura desde ESP32-S3 por serial
2025-05-24 17:39:15,977 [WARNING] GPS sin señal
2025-05-24 17:39:15,979 [INFO] Datos JSON preparados para envío
2025-05-24 17:39:17,032 [INFO] Lectura BMP390
2025-05-24 17:39:17,214 [INFO] Lectura LTR390
2025-05-24 17:39:18,156 [INFO] Lectura desde ESP32-S3 por serial
2025-05-24 17:39:18,164 [WARNING] GPS sin señal
2025-05-24 17:39:18,168 [INFO] Datos JSON preparados para envío
2025-05-24 17:39:19,222 [INFO] Lectura BMP390
2025-05-24 17:39:19,404 [INFO] Lectura LTR390
2025-05-24 17:39:20,330 [INFO] Lectura desde ESP32-S3 por serial
2025-05-24 17:39:20,333 [WARNING] GPS sin señal
2025-05-24 17:39:20,334 [INFO] Datos JSON preparados para envío
2025-05-24 17:39:21,388 [INFO] Lectura BMP390
2025-05-24 17:39:21,568 [INFO] Lectura LTR390
2025-05-24 17:39:22,506 [INFO] Lectura desde ESP32-S3 por serial
2025-05-24 17:39:22,514 [WARNING] GPS sin señal
2025-05-24 17:39:22,517 [INFO] Datos JSON preparados para envío
2025-05-24 17:39:23,570 [INFO] Lectura BMP390
2025-05-24 17:39:23,752 [INFO] Lectura LTR390
2025-05-24 17:39:24,693 [INFO] Lectura desde ESP32-S3 por serial
2025-05-24 17:39:24,700 [WARNING] GPS sin señal
2025-05-24 17:39:24,703 [INFO] Datos JSON preparados para envío
2025-05-24 17:39:25,756 [INFO] Lectura BMP390
2025-05-24 17:39:25,943 [INFO] Lectura LTR390
2025-05-24 17:39:26,866 [INFO] Lectura desde ESP32-S3 por serial
2025-05-24 17:39:26,868 [WARNING] GPS sin señal
2025-05-24 17:39:26,869 [INFO] Datos JSON preparados para envío
2025-05-24 17:39:27,921 [INFO] Lectura BMP390
2025-05-24 17:39:28,101 [INFO] Lectura LTR390
2025-05-24 17:39:29,048 [INFO] Lectura desde ESP32-S3 por serial
2025-05-24 17:39:29,055 [WARNING] GPS sin señal
2025-05-24 17:39:29,058 [INFO] Datos JSON preparados para envío
2025-05-24 17:39:30,114 [INFO] Lectura BMP390
2025-05-24 17:39:30,291 [INFO] Lectura LTR390
2025-05-24 17:39:31,225 [INFO] Lectura desde ESP32-S3 por serial
2025-05-24 17:39:31,233 [WARNING] GPS sin señal
2025-05-24 17:39:31,235 [INFO] Datos JSON preparados para envío
2025-05-24 17:39:32,289 [INFO] Lectura BMP390
2025-05-24 17:39:32,471 [INFO] Lectura LTR390
2025-05-24 17:39:33,403 [INFO] Lectura desde ESP32-S3 por serial
2025-05-24 17:39:33,411 [WARNING] GPS sin señal
2025-05-24 17:39:33,414 [INFO] Datos JSON preparados para envío
2025-05-24 17:39:34,469 [INFO] Lectura BMP390
2025-05-24 17:39:34,650 [INFO] Lectura LTR390
2025-05-24 17:39:35,580 [INFO] Lectura desde ESP32-S3 por serial
2025-05-24 17:39:35,588 [WARNING] GPS sin señal
2025-05-24 17:39:35,592 [INFO] Datos JSON preparados para envío
2025-05-24 17:39:36,645 [INFO] Lectura BMP390
2025-05-24 17:39:36,824 [INFO] Lectura LTR390
2025-05-24 17:39:37,756 [INFO] Lectura desde ESP32-S3 por serial
2025-05-24 17:39:37,758 [WARNING] GPS sin señal
2025-05-24 17:39:37,758 [INFO] Datos JSON preparados para envío
2025-05-24 17:39:38,808 [INFO] Lectura BMP390
2025-05-24 17:39:38,989 [INFO] Lectura LTR390
2025-05-24 17:39:39,935 [INFO] Lectura desde ESP32-S3 por serial
2025-05-24 17:39:39,938 [WARNING] GPS sin señal
2025-05-24 17:39:39,940 [INFO] Datos JSON preparados para envío
2025-05-24 17:39:40,245 [INFO] 192.168.95.214 - - [24/May/2025 17:39:40] "GET / HTTP/1.1" 200 -
2025-05-24 17:39:40,991 [INFO] Lectura BMP390
2025-05-24 17:39:41,168 [INFO] Lectura LTR390
2025-05-24 17:39:42,115 [INFO] Lectura desde ESP32-S3 por serial
2025-05-24 17:39:42,122 [WARNING] GPS sin señal
2025-05-24 17:39:42,124 [INFO] Datos JSON preparados para envío
2025-05-24 17:39:43,178 [INFO] Lectura BMP390
2025-05-24 17:39:43,361 [INFO] Lectura LTR390
2025-05-24 17:39:44,291 [INFO] Lectura desde ESP32-S3 por serial
2025-05-24 17:39:44,299 [WARNING] GPS sin señal
2025-05-24 17:39:44,304 [INFO] Datos JSON preparados para envío
2025-05-24 17:39:45,356 [INFO] Lectura BMP390
2025-05-24 17:39:45,537 [INFO] Lectura LTR390
2025-05-24 17:39:46,467 [INFO] Lectura desde ESP32-S3 por serial
2025-05-24 17:39:46,474 [WARNING] GPS sin señal
2025-05-24 17:39:46,477 [INFO] Datos JSON preparados para envío
2025-05-24 17:39:47,530 [INFO] Lectura BMP390
2025-05-24 17:39:47,712 [INFO] Lectura LTR390
2025-05-24 17:39:48,646 [INFO] Lectura desde ESP32-S3 por serial
2025-05-24 17:39:48,654 [WARNING] GPS sin señal
2025-05-24 17:39:48,656 [INFO] Datos JSON preparados para envío
2025-05-24 17:39:49,712 [INFO] Lectura BMP390
2025-05-24 17:39:49,895 [INFO] Lectura LTR390
2025-05-24 17:39:50,823 [INFO] Lectura desde ESP32-S3 por serial
2025-05-24 17:39:50,828 [WARNING] GPS sin señal
2025-05-24 17:39:50,831 [INFO] Datos JSON preparados para envío
2025-05-24 17:39:51,886 [INFO] Lectura BMP390
2025-05-24 17:39:52,069 [INFO] Lectura LTR390
2025-05-24 17:39:53,000 [INFO] Lectura desde ESP32-S3 por serial
2025-05-24 17:39:53,005 [WARNING] GPS sin señal
2025-05-24 17:39:53,008 [INFO] Datos JSON preparados para envío
2025-05-24 17:39:54,062 [INFO] Lectura BMP390
2025-05-24 17:39:54,251 [INFO] Lectura LTR390
2025-05-24 17:39:55,173 [INFO] Lectura desde ESP32-S3 por serial
2025-05-24 17:39:55,176 [WARNING] GPS sin señal
2025-05-24 17:39:55,178 [INFO] Datos JSON preparados para envío
2025-05-24 17:39:55,457 [INFO] 192.168.95.214 - - [24/May/2025 17:39:55] "GET /datos HTTP/1.1" 200 -
2025-05-24 17:39:56,234 [INFO] Lectura BMP390
2025-05-24 17:39:56,414 [INFO] Lectura LTR390
2025-05-24 17:39:57,357 [INFO] Lectura desde ESP32-S3 por serial
2025-05-24 17:39:57,366 [WARNING] GPS sin señal
2025-05-24 17:39:57,369 [INFO] Datos JSON preparados para envío
2025-05-24 17:39:58,424 [INFO] Lectura BMP390
2025-05-24 17:39:58,610 [INFO] Lectura LTR390
2025-05-24 17:39:59,536 [INFO] Lectura desde ESP32-S3 por serial
2025-05-24 17:39:59,548 [WARNING] GPS sin señal
2025-05-24 17:39:59,550 [INFO] Datos JSON preparados para envío
2025-05-24 17:40:00,603 [INFO] Lectura BMP390
2025-05-24 17:40:00,790 [INFO] Lectura LTR390
2025-05-24 17:40:01,715 [INFO] Lectura desde ESP32-S3 por serial
2025-05-24 17:40:01,723 [WARNING] GPS sin señal
2025-05-24 17:40:01,725 [INFO] Datos JSON preparados para envío
2025-05-24 17:40:02,779 [INFO] Lectura BMP390
2025-05-24 17:40:02,959 [INFO] Lectura LTR390
2025-05-24 17:40:03,895 [INFO] Lectura desde ESP32-S3 por serial
2025-05-24 17:40:03,900 [WARNING] GPS sin señal
2025-05-24 17:40:03,902 [INFO] Datos JSON preparados para envío
2025-05-24 17:40:04,955 [INFO] Lectura BMP390
2025-05-24 17:40:05,137 [INFO] Lectura LTR390
2025-05-24 17:40:06,071 [INFO] Lectura desde ESP32-S3 por serial
2025-05-24 17:40:06,078 [WARNING] GPS sin señal
2025-05-24 17:40:06,080 [INFO] Datos JSON preparados para envío
2025-05-24 17:40:07,133 [INFO] Lectura BMP390
2025-05-24 17:40:07,320 [INFO] Lectura LTR390
2025-05-24 17:40:08,250 [INFO] Lectura desde ESP32-S3 por serial
2025-05-24 17:40:08,257 [WARNING] GPS sin señal
2025-05-24 17:40:08,259 [INFO] Datos JSON preparados para envío
2025-05-24 17:40:09,313 [INFO] Lectura BMP390
2025-05-24 17:40:09,498 [INFO] Lectura LTR390
2025-05-24 17:40:10,431 [INFO] Lectura desde ESP32-S3 por serial
2025-05-24 17:40:10,435 [WARNING] GPS sin señal
2025-05-24 17:40:10,437 [INFO] Datos JSON preparados para envío
2025-05-24 17:40:11,492 [INFO] Lectura BMP390
2025-05-24 17:40:11,673 [INFO] Lectura LTR390
2025-05-24 17:40:12,611 [INFO] Lectura desde ESP32-S3 por serial
2025-05-24 17:40:12,619 [WARNING] GPS sin señal
2025-05-24 17:40:12,624 [INFO] Datos JSON preparados para envío
2025-05-24 17:40:13,678 [INFO] Lectura BMP390
2025-05-24 17:40:13,858 [INFO] Lectura LTR390
2025-05-24 17:40:14,796 [INFO] Lectura desde ESP32-S3 por serial
2025-05-24 17:40:14,809 [WARNING] GPS sin señal
2025-05-24 17:40:14,812 [INFO] Datos JSON preparados para envío
2025-05-24 17:40:15,862 [INFO] Lectura BMP390
2025-05-24 17:40:16,043 [INFO] Lectura LTR390
2025-05-24 17:40:16,969 [INFO] Lectura desde ESP32-S3 por serial
2025-05-24 17:40:16,972 [WARNING] GPS sin señal
2025-05-24 17:40:16,973 [INFO] Datos JSON preparados para envío
2025-05-24 17:40:18,031 [INFO] Lectura BMP390
2025-05-24 17:40:18,213 [INFO] Lectura LTR390
2025-05-24 17:40:19,148 [INFO] Lectura desde ESP32-S3 por serial
2025-05-24 17:40:19,157 [WARNING] GPS sin señal
2025-05-24 17:40:19,161 [INFO] Datos JSON preparados para envío
2025-05-24 17:40:20,212 [INFO] Lectura BMP390
2025-05-24 17:40:20,390 [INFO] Lectura LTR390
2025-05-24 17:40:21,331 [INFO] Lectura desde ESP32-S3 por serial
2025-05-24 17:40:21,337 [WARNING] GPS sin señal
2025-05-24 17:40:21,340 [INFO] Datos JSON preparados para envío
2025-05-24 17:40:22,393 [INFO] Lectura BMP390
2025-05-24 17:40:22,581 [INFO] Lectura LTR390
2025-05-24 17:40:23,513 [INFO] Lectura desde ESP32-S3 por serial
2025-05-24 17:40:23,520 [WARNING] GPS sin señal
2025-05-24 17:40:23,522 [INFO] Datos JSON preparados para envío
2025-05-24 17:40:24,576 [INFO] Lectura BMP390
2025-05-24 17:40:24,759 [INFO] Lectura LTR390
2025-05-24 17:40:25,690 [INFO] Lectura desde ESP32-S3 por serial
2025-05-24 17:40:25,697 [WARNING] GPS sin señal
2025-05-24 17:40:25,700 [INFO] Datos JSON preparados para envío
2025-05-24 17:40:26,757 [INFO] Lectura BMP390
2025-05-24 17:40:26,945 [INFO] Lectura LTR390
2025-05-24 17:40:27,869 [INFO] Lectura desde ESP32-S3 por serial
2025-05-24 17:40:27,874 [WARNING] GPS sin señal
2025-05-24 17:40:27,877 [INFO] Datos JSON preparados para envío
2025-05-24 17:40:28,928 [INFO] Lectura BMP390
2025-05-24 17:40:29,106 [INFO] Lectura LTR390
2025-05-24 17:40:30,041 [INFO] Lectura desde ESP32-S3 por serial
2025-05-24 17:40:30,045 [WARNING] GPS sin señal
2025-05-24 17:40:30,046 [INFO] Datos JSON preparados para envío
2025-05-24 17:40:31,102 [INFO] Lectura BMP390
2025-05-24 17:40:31,283 [INFO] Lectura LTR390
2025-05-24 17:40:32,228 [INFO] Lectura desde ESP32-S3 por serial
2025-05-24 17:40:32,237 [WARNING] GPS sin señal
2025-05-24 17:40:32,241 [INFO] Datos JSON preparados para envío
2025-05-24 17:40:33,295 [INFO] Lectura BMP390
2025-05-24 17:40:33,477 [INFO] Lectura LTR390
2025-05-24 17:40:34,407 [INFO] Lectura desde ESP32-S3 por serial
2025-05-24 17:40:34,415 [WARNING] GPS sin señal
2025-05-24 17:40:34,417 [INFO] Datos JSON preparados para envío
2025-05-24 17:40:35,467 [INFO] Lectura BMP390
2025-05-24 17:40:35,651 [INFO] Lectura LTR390
2025-05-24 17:40:36,585 [INFO] Lectura desde ESP32-S3 por serial
2025-05-24 17:40:36,593 [WARNING] GPS sin señal
2025-05-24 17:40:36,596 [INFO] Datos JSON preparados para envío
2025-05-24 17:40:37,649 [INFO] Lectura BMP390
2025-05-24 17:40:37,833 [INFO] Lectura LTR390
2025-05-24 17:40:38,768 [INFO] Lectura desde ESP32-S3 por serial
2025-05-24 17:40:38,775 [WARNING] GPS sin señal
2025-05-24 17:40:38,779 [INFO] Datos JSON preparados para envío
2025-05-24 17:40:39,837 [INFO] Lectura BMP390
2025-05-24 17:40:40,018 [INFO] Lectura LTR390
2025-05-24 17:40:40,944 [INFO] Lectura desde ESP32-S3 por serial
2025-05-24 17:40:40,948 [WARNING] GPS sin señal
2025-05-24 17:40:40,949 [INFO] Datos JSON preparados para envío
2025-05-24 17:40:42,002 [INFO] Lectura BMP390
2025-05-24 17:40:42,184 [INFO] Lectura LTR390
2025-05-24 17:40:43,127 [INFO] Lectura desde ESP32-S3 por serial
2025-05-24 17:40:43,134 [WARNING] GPS sin señal
2025-05-24 17:40:43,137 [INFO] Datos JSON preparados para envío
2025-05-24 17:40:44,191 [INFO] Lectura BMP390
2025-05-24 17:40:44,372 [INFO] Lectura LTR390
2025-05-24 17:40:45,308 [INFO] Lectura desde ESP32-S3 por serial
2025-05-24 17:40:45,312 [WARNING] GPS sin señal
2025-05-24 17:40:45,314 [INFO] Datos JSON preparados para envío
2025-05-24 17:40:46,366 [INFO] Lectura BMP390
2025-05-24 17:40:46,547 [INFO] Lectura LTR390
2025-05-24 17:40:47,484 [INFO] Lectura desde ESP32-S3 por serial
2025-05-24 17:40:47,491 [WARNING] GPS sin señal
2025-05-24 17:40:47,494 [INFO] Datos JSON preparados para envío
2025-05-24 17:40:48,548 [INFO] Lectura BMP390
2025-05-24 17:40:48,737 [INFO] Lectura LTR390
2025-05-24 17:40:49,666 [INFO] Lectura desde ESP32-S3 por serial
2025-05-24 17:40:49,674 [WARNING] GPS sin señal
2025-05-24 17:40:49,677 [INFO] Datos JSON preparados para envío
2025-05-24 17:40:50,733 [INFO] Lectura BMP390
2025-05-24 17:40:50,934 [INFO] Lectura LTR390
2025-05-24 17:40:51,740 [INFO] 192.168.95.217 - - [24/May/2025 17:40:51] "POST /mover HTTP/1.1" 200 -
2025-05-24 17:40:51,741 [INFO] Movimiento hacia adelante
2025-05-24 17:40:51,846 [INFO] Lectura desde ESP32-S3 por serial
2025-05-24 17:40:51,850 [WARNING] GPS sin señal
2025-05-24 17:40:51,852 [INFO] Datos JSON preparados para envío
2025-05-24 17:40:52,911 [INFO] Lectura BMP390
2025-05-24 17:40:53,106 [INFO] Lectura LTR390
2025-05-24 17:40:54,027 [INFO] Lectura desde ESP32-S3 por serial
2025-05-24 17:40:54,037 [WARNING] GPS sin señal
2025-05-24 17:40:54,041 [INFO] Datos JSON preparados para envío
2025-05-24 17:40:54,765 [INFO] 192.168.95.217 - - [24/May/2025 17:40:54] "GET / HTTP/1.1" 200 -
2025-05-24 17:40:54,861 [INFO] Movimiento hacia adelante
2025-05-24 17:40:55,100 [INFO] Lectura BMP390
2025-05-24 17:40:55,294 [INFO] Lectura LTR390
2025-05-24 17:40:55,504 [INFO] 192.168.95.217 - - [24/May/2025 17:40:55] "POST /mover HTTP/1.1" 200 -
2025-05-24 17:40:56,209 [INFO] Lectura desde ESP32-S3 por serial
2025-05-24 17:40:56,217 [WARNING] GPS sin señal
2025-05-24 17:40:56,220 [INFO] Datos JSON preparados para envío
2025-05-24 17:40:57,282 [INFO] Lectura BMP390
2025-05-24 17:40:57,323 [INFO] 192.168.95.217 - - [24/May/2025 17:40:57] "GET / HTTP/1.1" 200 -
2025-05-24 17:40:57,476 [INFO] Lectura LTR390
2025-05-24 17:40:58,390 [INFO] Lectura desde ESP32-S3 por serial
2025-05-24 17:40:58,396 [WARNING] GPS sin señal
2025-05-24 17:40:58,397 [INFO] Datos JSON preparados para envío
2025-05-24 17:40:59,453 [INFO] Lectura BMP390
2025-05-24 17:40:59,631 [INFO] Lectura LTR390
2025-05-24 17:50:26,968 [INFO] Inicio del sistema
2025-05-24 17:50:28,120 [INFO] Lectura BMP390
2025-05-24 17:50:28,142 [INFO] [31m[1mWARNING: This is a development server. Do not use it in a production deployment. Use a production WSGI server instead.[0m
 * Running on all addresses (0.0.0.0)
 * Running on http://127.0.0.1:8080
 * Running on http://192.168.95.239:8080
2025-05-24 17:50:28,143 [INFO] [33mPress CTRL+C to quit[0m
2025-05-24 17:50:28,332 [INFO] Lectura LTR390
2025-05-24 17:50:28,333 [WARNING] Lectura serial fallida o formato incorrecto
2025-05-24 17:50:28,335 [WARNING] GPS sin señal
2025-05-24 17:50:28,336 [INFO] Datos JSON preparados para envío
2025-05-24 17:50:29,388 [INFO] Lectura BMP390
2025-05-24 17:50:29,576 [INFO] Lectura LTR390
2025-05-24 17:50:29,579 [INFO] Lectura desde ESP32-S3 por serial
2025-05-24 17:50:29,581 [WARNING] GPS sin señal
2025-05-24 17:50:29,583 [INFO] Datos JSON preparados para envío
2025-05-24 17:50:30,633 [INFO] Lectura BMP390
2025-05-24 17:50:30,810 [INFO] Lectura LTR390
2025-05-24 17:50:30,813 [INFO] Lectura desde ESP32-S3 por serial
2025-05-24 17:50:30,816 [WARNING] GPS sin señal
2025-05-24 17:50:30,817 [INFO] Datos JSON preparados para envío
2025-05-24 17:50:31,871 [INFO] Lectura BMP390
2025-05-24 17:50:32,059 [INFO] Lectura LTR390
2025-05-24 17:50:32,069 [INFO] Lectura desde ESP32-S3 por serial
2025-05-24 17:50:32,072 [WARNING] GPS sin señal
2025-05-24 17:50:32,074 [INFO] Datos JSON preparados para envío
2025-05-24 17:50:33,129 [INFO] Lectura BMP390
2025-05-24 17:50:33,310 [INFO] Lectura LTR390
2025-05-24 17:50:33,317 [INFO] Lectura desde ESP32-S3 por serial
2025-05-24 17:50:33,323 [WARNING] GPS sin señal
2025-05-24 17:50:33,331 [INFO] Datos JSON preparados para envío
2025-05-24 17:50:34,384 [INFO] Lectura BMP390
2025-05-24 17:50:34,567 [INFO] Lectura LTR390
2025-05-24 17:50:34,573 [INFO] Lectura desde ESP32-S3 por serial
2025-05-24 17:50:34,578 [WARNING] GPS sin señal
2025-05-24 17:50:34,579 [INFO] Datos JSON preparados para envío
2025-05-24 17:50:35,629 [INFO] Lectura BMP390
2025-05-24 17:50:35,807 [INFO] Lectura LTR390
2025-05-24 17:50:35,810 [INFO] Lectura desde ESP32-S3 por serial
2025-05-24 17:50:35,812 [WARNING] GPS sin señal
2025-05-24 17:50:35,813 [INFO] Datos JSON preparados para envío
2025-05-24 17:50:36,863 [INFO] Lectura BMP390
2025-05-24 17:50:37,040 [INFO] Lectura LTR390
2025-05-24 17:50:37,043 [INFO] Lectura desde ESP32-S3 por serial
2025-05-24 17:50:37,045 [WARNING] GPS sin señal
2025-05-24 17:50:37,046 [INFO] Datos JSON preparados para envío
2025-05-24 17:50:38,102 [INFO] Lectura BMP390
2025-05-24 17:50:38,283 [INFO] Lectura LTR390
2025-05-24 17:50:38,289 [INFO] Lectura desde ESP32-S3 por serial
2025-05-24 17:50:38,294 [WARNING] GPS sin señal
2025-05-24 17:50:38,296 [INFO] Datos JSON preparados para envío
2025-05-24 17:50:39,348 [INFO] Lectura BMP390
2025-05-24 17:50:39,529 [INFO] Lectura LTR390
2025-05-24 17:50:39,539 [INFO] Lectura desde ESP32-S3 por serial
2025-05-24 17:50:39,545 [WARNING] GPS sin señal
2025-05-24 17:50:39,546 [INFO] Datos JSON preparados para envío
2025-05-24 17:50:40,599 [INFO] Lectura BMP390
2025-05-24 17:50:40,780 [INFO] Lectura LTR390
2025-05-24 17:50:40,786 [INFO] Lectura desde ESP32-S3 por serial
2025-05-24 17:50:40,790 [WARNING] GPS sin señal
2025-05-24 17:50:40,792 [INFO] Datos JSON preparados para envío
2025-05-24 17:50:41,845 [INFO] Lectura BMP390
2025-05-24 17:50:42,026 [INFO] Lectura LTR390
2025-05-24 17:50:42,031 [INFO] Lectura desde ESP32-S3 por serial
2025-05-24 17:50:42,035 [WARNING] GPS sin señal
2025-05-24 17:50:42,036 [INFO] Datos JSON preparados para envío
2025-05-24 17:50:43,090 [INFO] Lectura BMP390
2025-05-24 17:50:43,269 [INFO] Lectura LTR390
2025-05-24 17:50:43,277 [INFO] Lectura desde ESP32-S3 por serial
2025-05-24 17:50:43,281 [WARNING] GPS sin señal
2025-05-24 17:50:43,283 [INFO] Datos JSON preparados para envío
2025-05-24 17:50:43,998 [INFO] 192.168.95.213 - - [24/May/2025 17:50:43] "GET / HTTP/1.1" 200 -
2025-05-24 17:50:44,304 [INFO] 192.168.95.213 - - [24/May/2025 17:50:44] "[33mGET /favicon.ico HTTP/1.1[0m" 404 -
2025-05-24 17:50:44,334 [INFO] Lectura BMP390
2025-05-24 17:50:44,516 [INFO] Lectura LTR390
2025-05-24 17:50:44,521 [INFO] Lectura desde ESP32-S3 por serial
2025-05-24 17:50:44,526 [WARNING] GPS sin señal
2025-05-24 17:50:44,528 [INFO] Datos JSON preparados para envío
2025-05-24 17:50:45,580 [INFO] Lectura BMP390
2025-05-24 17:50:45,762 [INFO] Lectura LTR390
2025-05-24 17:50:45,769 [INFO] Lectura desde ESP32-S3 por serial
2025-05-24 17:50:45,774 [WARNING] GPS sin señal
2025-05-24 17:50:45,776 [INFO] Datos JSON preparados para envío
2025-05-24 17:50:46,835 [INFO] Lectura BMP390
2025-05-24 17:50:47,030 [INFO] Lectura LTR390
2025-05-24 17:50:47,036 [INFO] Lectura desde ESP32-S3 por serial
2025-05-24 17:50:47,042 [WARNING] GPS sin señal
2025-05-24 17:50:47,044 [INFO] Datos JSON preparados para envío
2025-05-24 17:50:48,100 [INFO] Lectura BMP390
2025-05-24 17:50:48,301 [INFO] Lectura LTR390
2025-05-24 17:50:48,304 [INFO] Lectura desde ESP32-S3 por serial
2025-05-24 17:50:48,306 [WARNING] GPS sin señal
2025-05-24 17:50:48,307 [INFO] Datos JSON preparados para envío
2025-05-24 17:50:49,373 [INFO] Lectura BMP390
2025-05-24 17:50:49,564 [INFO] Lectura LTR390
2025-05-24 17:50:49,568 [INFO] Lectura desde ESP32-S3 por serial
2025-05-24 17:50:49,572 [WARNING] GPS sin señal
2025-05-24 17:50:49,573 [INFO] Datos JSON preparados para envío
2025-05-24 17:50:49,759 [INFO] Movimiento hacia adelante
2025-05-24 17:50:49,771 [INFO] 192.168.95.213 - - [24/May/2025 17:50:49] "POST /mover HTTP/1.1" 200 -
2025-05-24 17:50:50,632 [INFO] Lectura BMP390
2025-05-24 17:50:50,816 [INFO] Lectura LTR390
2025-05-24 17:50:50,826 [WARNING] Lectura serial fallida o formato incorrecto
2025-05-24 17:50:50,830 [WARNING] GPS sin señal
2025-05-24 17:50:50,832 [INFO] Datos JSON preparados para envío
2025-05-24 17:50:51,362 [INFO] 192.168.95.213 - - [24/May/2025 17:50:51] "GET / HTTP/1.1" 200 -
2025-05-24 17:50:51,890 [INFO] Lectura BMP390
2025-05-24 17:50:52,089 [INFO] Lectura LTR390
2025-05-24 17:50:52,097 [INFO] Lectura desde ESP32-S3 por serial
2025-05-24 17:50:52,103 [WARNING] GPS sin señal
2025-05-24 17:50:52,104 [INFO] Datos JSON preparados para envío
2025-05-24 17:50:52,113 [INFO] 192.168.95.213 - - [24/May/2025 17:50:52] "POST /mover HTTP/1.1" 200 -
2025-05-24 17:50:53,159 [INFO] Lectura BMP390
2025-05-24 17:50:53,342 [INFO] Lectura LTR390
2025-05-24 17:50:53,349 [INFO] Lectura desde ESP32-S3 por serial
2025-05-24 17:50:53,353 [WARNING] GPS sin señal
2025-05-24 17:50:53,355 [INFO] Datos JSON preparados para envío
2025-05-24 17:50:53,437 [INFO] 192.168.95.213 - - [24/May/2025 17:50:53] "GET / HTTP/1.1" 200 -
2025-05-24 17:50:54,408 [INFO] Lectura BMP390
2025-05-24 17:50:54,593 [INFO] Lectura LTR390
2025-05-24 17:50:54,600 [INFO] Lectura desde ESP32-S3 por serial
2025-05-24 17:50:54,605 [WARNING] GPS sin señal
2025-05-24 17:50:54,607 [INFO] Datos JSON preparados para envío
2025-05-24 17:50:55,663 [INFO] Lectura BMP390
2025-05-24 17:50:55,848 [INFO] Lectura LTR390
2025-05-24 17:50:55,853 [INFO] Lectura desde ESP32-S3 por serial
2025-05-24 17:50:55,857 [WARNING] GPS sin señal
2025-05-24 17:50:55,859 [INFO] Datos JSON preparados para envío
2025-05-24 17:50:56,913 [INFO] Lectura BMP390
2025-05-24 17:50:57,095 [INFO] Lectura LTR390
2025-05-24 17:50:57,101 [INFO] Lectura desde ESP32-S3 por serial
2025-05-24 17:50:57,107 [WARNING] GPS sin señal
2025-05-24 17:50:57,109 [INFO] Datos JSON preparados para envío
2025-05-24 17:50:58,161 [INFO] Lectura BMP390
2025-05-24 17:50:58,343 [INFO] Lectura LTR2025-05-24 17:51:10,323 [INFO] Inicio del sistema
2025-05-24 17:51:11,455 [INFO] Lectura BMP390
2025-05-24 17:51:11,492 [INFO] [31m[1mWARNING: This is a development server. Do not use it in a production deployment. Use a production WSGI server instead.[0m
 * Running on all addresses (0.0.0.0)
 * Running on http://127.0.0.1:8080
 * Running on http://127.0.0.1:8080
2025-05-24 17:51:11,493 [INFO] [33mPress CTRL+C to quit[0m
2025-05-24 17:51:11,665 [INFO] Lectura LTR390
2025-05-24 17:51:11,917 [WARNING] Lectura serial fallida o formato incorrecto
2025-05-24 17:51:11,918 [WARNING] GPS sin señal
2025-05-24 17:51:11,919 [INFO] Datos JSON preparados para envío
2025-05-24 17:51:12,969 [INFO] Lectura BMP390
2025-05-24 17:51:13,149 [INFO] Lectura LTR390
2025-05-24 17:51:14,099 [INFO] Lectura desde ESP32-S3 por serial
2025-05-24 17:51:14,101 [WARNING] GPS sin señal
2025-05-24 17:51:14,102 [INFO] Datos JSON preparados para envío
2025-05-24 17:51:14,940 [INFO] 192.168.95.218 - - [24/May/2025 17:51:14] "GET / HTTP/1.1" 200 -
2025-05-24 17:51:15,156 [INFO] Lectura BMP390
2025-05-24 17:51:15,333 [INFO] Lectura LTR390
2025-05-24 17:51:16,279 [INFO] Lectura desde ESP32-S3 por serial
2025-05-24 17:51:16,281 [WARNING] GPS sin señal
2025-05-24 17:51:16,282 [INFO] Datos JSON preparados para envío
2025-05-24 17:51:17,332 [INFO] Lectura BMP390
2025-05-24 17:51:17,512 [INFO] Lectura LTR390
2025-05-24 17:51:17,816 [INFO] 192.168.95.218 - - [24/May/2025 17:51:17] "GET / HTTP/1.1" 200 -
2025-05-24 17:51:18,453 [INFO] Lectura desde ESP32-S3 por serial
2025-05-24 17:51:18,454 [WARNING] GPS sin señal
2025-05-24 17:51:18,455 [INFO] Datos JSON preparados para envío
2025-05-24 17:51:19,507 [INFO] Lectura BMP390
2025-05-24 17:51:19,685 [INFO] Lectura LTR390
2025-05-24 17:51:19,932 [INFO] 192.168.95.218 - - [24/May/2025 17:51:19] "GET / HTTP/1.1" 200 -
2025-05-24 17:51:20,633 [INFO] Lectura desde ESP32-S3 por serial
2025-05-24 17:51:20,635 [WARNING] GPS sin señal
2025-05-24 17:51:20,636 [INFO] Datos JSON preparados para envío
2025-05-24 17:51:21,379 [INFO] 192.168.95.213 - - [24/May/2025 17:51:21] "GET / HTTP/1.1" 200 -
2025-05-24 17:51:21,687 [INFO] Lectura BMP390
2025-05-24 17:51:21,864 [INFO] Lectura LTR390
2025-05-24 17:51:22,815 [INFO] Lectura desde ESP32-S3 por serial
2025-05-24 17:51:22,818 [WARNING] GPS sin señal
2025-05-24 17:51:22,820 [INFO] Datos JSON preparados para envío
2025-05-24 17:51:23,874 [INFO] Lectura BMP390
2025-05-24 17:51:24,065 [INFO] Lectura LTR390
2025-05-24 17:51:24,993 [INFO] Lectura desde ESP32-S3 por serial
2025-05-24 17:51:24,997 [WARNING] GPS sin señal
2025-05-24 17:51:24,998 [INFO] Datos JSON preparados para envío
2025-05-24 17:51:26,053 [INFO] Lectura BMP390
2025-05-24 17:51:26,218 [INFO] Movimiento hacia adelante
2025-05-24 17:51:26,228 [INFO] 192.168.95.213 - - [24/May/2025 17:51:26] "POST /mover HTTP/1.1" 200 -
2025-05-24 17:51:26,246 [INFO] Lectura LTR390
2025-05-24 17:51:27,174 [INFO] Lectura desde ESP32-S3 por serial
2025-05-24 17:51:27,176 [WARNING] GPS sin señal
2025-05-24 17:51:27,177 [INFO] Datos JSON preparados para envío
2025-05-24 17:51:27,651 [INFO] 192.168.95.213 - - [24/May/2025 17:51:27] "GET / HTTP/1.1" 200 -
2025-05-24 17:51:28,236 [INFO] Lectura BMP390
2025-05-24 17:51:28,385 [INFO] 192.168.95.213 - - [24/May/2025 17:51:28] "POST /mover HTTP/1.1" 200 -
2025-05-24 17:51:28,430 [INFO] Lectura LTR390
2025-05-24 17:51:29,357 [INFO] Lectura desde ESP32-S3 por serial
2025-05-24 17:51:29,360 [WARNING] GPS sin señal
2025-05-24 17:51:29,361 [INFO] Datos JSON preparados para envío
2025-05-24 17:51:30,044 [INFO] 192.168.95.213 - - [24/May/2025 17:51:30] "GET / HTTP/1.1" 200 -
2025-05-24 17:51:30,415 [INFO] Lectura BMP390
2025-05-24 17:51:30,591 [INFO] Lectura LTR390
2025-05-24 17:51:31,536 [INFO] Lectura desde ESP32-S3 por serial
2025-05-24 17:51:31,539 [WARNING] GPS sin señal
2025-05-24 17:51:31,540 [INFO] Datos JSON preparados para envío
2025-05-24 17:51:32,595 [INFO] Lectura BMP390
2025-05-24 17:51:32,787 [INFO] Lectura LTR390
2025-05-24 17:51:33,713 [INFO] Lectura desde ESP32-S3 por serial
2025-05-24 17:51:33,716 [WARNING] GPS sin señal
2025-05-24 17:51:33,717 [INFO] Datos JSON preparados para envío
2025-05-24 17:51:34,770 [INFO] Lectura BMP390
2025-05-24 17:51:34,961 [INFO] Lectura LTR390
2025-05-24 17:51:35,043 [INFO] Movimiento hacia adelante
2025-05-24 17:51:35,045 [INFO] 192.168.95.213 - - [24/May/2025 17:51:35] "POST /mover HTTP/1.1" 200 -
2025-05-24 17:51:35,056 [INFO] 192.168.95.218 - - [24/May/2025 17:51:35] "POST /mover HTTP/1.1" 200 -
2025-05-24 17:51:35,890 [INFO] Lectura desde ESP32-S3 por serial
2025-05-24 17:51:35,893 [WARNING] GPS sin señal
2025-05-24 17:51:35,893 [INFO] Datos JSON preparados para envío
2025-05-24 18:06:21,051 [INFO] 192.168.95.213 - - [24/May/2025 18:06:21] "GET / HTTP/1.1" 200 -
2025-05-24 18:06:21,691 [INFO] Lectura BMP390
2025-05-24 18:06:21,885 [INFO] Lectura LTR390
2025-05-24 18:06:22,803 [INFO] Lectura desde ESP32-S3 por serial
2025-05-24 18:06:22,805 [WARNING] GPS sin señal
2025-05-24 18:06:22,806 [INFO] Datos JSON preparados para envío
2025-05-24 18:06:23,636 [INFO] 192.168.95.218 - - [24/May/2025 18:06:23] "GET / HTTP/1.1" 200 -
2025-05-24 18:06:23,855 [INFO] Lectura BMP390
2025-05-24 18:06:24,035 [INFO] Lectura LTR390
2025-05-24 18:06:24,985 [INFO] Lectura desde ESP32-S3 por serial
2025-05-24 18:06:24,989 [WARNING] GPS sin señal
2025-05-24 18:06:24,990 [INFO] Datos JSON preparados para envío
2025-05-24 18:06:26,039 [INFO] Lectura BMP390
2025-05-24 18:06:26,215 [INFO] Lectura LTR390
2025-05-24 18:06:27,166 [INFO] Lectura desde ESP32-S3 por serial
2025-05-24 18:06:27,168 [WARNING] GPS sin señal
2025-05-24 18:06:27,168 [INFO] Datos JSON preparados para envío
2025-05-24 18:06:28,228 [INFO] Lectura BMP390
2025-05-24 18:06:28,418 [INFO] Lectura LTR390
2025-05-24 18:06:29,347 [INFO] Lectura desde ESP32-S3 por serial
2025-05-24 18:06:29,350 [WARNING] GPS sin señal
2025-05-24 18:06:29,351 [INFO] Datos JSON preparados para envío
2025-05-24 18:06:30,409 [INFO] Lectura BMP390
2025-05-24 18:06:30,602 [INFO] Lectura LTR390
2025-05-24 18:06:30,648 [INFO] 192.168.95.213 - - [24/May/2025 18:06:30] "POST /mover HTTP/1.1" 200 -
2025-05-24 18:06:30,648 [INFO] Movimiento hacia adelante
2025-05-24 18:06:30,659 [INFO] 192.168.95.218 - - [24/May/2025 18:06:30] "POST /mover HTTP/1.1" 200 -
2025-05-24 18:06:31,526 [INFO] Lectura desde ESP32-S3 por serial
2025-05-24 18:06:31,529 [WARNING] GPS sin señal
2025-05-24 18:06:31,530 [INFO] Datos JSON preparados para envío
2025-05-24 18:06:32,324 [INFO] 192.168.95.213 - - [24/May/2025 18:06:32] "GET / HTTP/1.1" 200 -
2025-05-24 18:06:32,586 [INFO] Lectura BMP390
2025-05-24 18:06:32,776 [INFO] Lectura LTR390
2025-05-24 18:06:33,707 [INFO] Lectura desde ESP32-S3 por serial
2025-05-24 18:06:33,711 [WARNING] GPS sin señal
2025-05-24 18:06:33,712 [INFO] Datos JSON preparados para envío
2025-05-24 18:06:33,894 [INFO] 192.168.95.218 - - [24/May/2025 18:06:33] "GET / HTTP/1.1" 200 -
2025-05-24 18:06:34,763 [INFO] Lectura BMP390
2025-05-24 18:06:34,939 [INFO] Lectura LTR390
2025-05-24 18:06:35,889 [INFO] Lectura desde ESP32-S3 por serial
2025-05-24 18:06:35,892 [WARNING] GPS sin señal
2025-05-24 18:06:35,892 [INFO] Datos JSON preparados para envío
2025-05-24 18:06:36,942 [INFO] Lectura BMP390
2025-05-24 18:06:37,122 [INFO] Lectura LTR390
2025-05-24 18:06:38,062 [INFO] Lectura desde ESP32-S3 por serial
2025-05-24 18:06:38,064 [WARNING] GPS sin señal
2025-05-24 18:06:38,065 [INFO] Datos JSON preparados para envío
2025-05-24 18:06:39,115 [INFO] Lectura BMP390
2025-05-24 18:06:39,292 [INFO] Lectura LTR390
2025-05-24 18:06:40,246 [INFO] Lectura desde ESP32-S3 por serial
2025-05-24 18:06:40,248 [WARNING] GPS sin señal
2025-05-24 18:06:40,250 [INFO] Datos JSON preparados para envío
2025-05-24 18:06:41,303 [INFO] Lectura BMP390
2025-05-24 18:06:41,484 [INFO] Lectura LTR390
2025-05-24 18:06:42,429 [INFO] Lectura desde ESP32-S3 por serial
2025-05-24 18:06:42,435 [WARNING] GPS sin señal
2025-05-24 18:06:42,437 [INFO] Datos JSON preparados para envío
2025-05-24 18:06:43,489 [INFO] Lectura BMP390
2025-05-24 18:06:43,668 [INFO] Lectura LTR390
2025-05-24 18:06:44,605 [INFO] Lectura desde ESP32-S3 por serial
2025-05-24 18:06:44,611 [WARNING] GPS sin señal
2025-05-24 18:06:44,613 [INFO] Datos JSON preparados para envío
                                                                                                                                                                                                                                                                                                                                                                                                                                                                                                                                                                                                                                                                                                                                                                                                                                                                                                                                                                                                                                                                                                                                                                                                                                                                                                                                                                                                                                                                                                                                                                                                                                                                                                                                                                                                                                                                                                                                                                                                                                                                                                                                                                                                                                                                                                                                                                                                                                                                                                                                                                                                                                                                                                                                                                                                                                                                                                                  2025-05-24 18:06:59,292 [INFO] Inicio del sistema
2025-05-24 18:07:00,425 [INFO] Lectura BMP390
2025-05-24 18:07:00,463 [INFO] [31m[1mWARNING: This is a development server. Do not use it in a production deployment. Use a production WSGI server instead.[0m
 * Running on all addresses (0.0.0.0)
 * Running on http://127.0.0.1:8080
 * Running on http://127.0.0.1:8080
2025-05-24 18:07:00,464 [INFO] [33mPress CTRL+C to quit[0m
2025-05-24 18:07:00,637 [INFO] Lectura LTR390
2025-05-24 18:07:00,718 [WARNING] Lectura serial fallida o formato incorrecto
2025-05-24 18:07:00,720 [WARNING] GPS sin señal
2025-05-24 18:07:00,721 [INFO] Datos JSON preparados para envío
2025-05-24 18:07:01,772 [INFO] Lectura BMP390
2025-05-24 18:07:01,954 [INFO] Lectura LTR390
2025-05-24 18:07:02,896 [INFO] Lectura desde ESP32-S3 por serial
2025-05-24 18:07:02,898 [WARNING] GPS sin señal
2025-05-24 18:07:02,899 [INFO] Datos JSON preparados para envío
2025-05-24 18:07:03,954 [INFO] Lectura BMP390
2025-05-24 18:07:04,131 [INFO] Lectura LTR390
2025-05-24 18:07:05,079 [INFO] Lectura desde ESP32-S3 por serial
2025-05-24 18:07:05,081 [WARNING] GPS sin señal
2025-05-24 18:07:05,082 [INFO] Datos JSON preparados para envío
2025-05-24 18:07:06,132 [INFO] Lectura BMP390
2025-05-24 18:07:06,309 [INFO] Lectura LTR390
2025-05-24 18:07:07,258 [INFO] Lectura desde ESP32-S3 por serial
2025-05-24 18:07:07,260 [WARNING] GPS sin señal
2025-05-24 18:07:07,260 [INFO] Datos JSON preparados para envío
2025-05-24 18:07:08,310 [INFO] Lectura BMP390
2025-05-24 18:07:08,491 [INFO] Lectura LTR390
2025-05-24 18:07:09,433 [INFO] Lectura desde ESP32-S3 por serial
2025-05-24 18:07:09,435 [WARNING] GPS sin señal
2025-05-24 18:07:09,436 [INFO] Datos JSON preparados para envío
2025-05-24 18:07:10,486 [INFO] Lectura BMP390
2025-05-24 18:07:10,662 [INFO] Lectura LTR390
2025-05-24 18:07:11,612 [INFO] Lectura desde ESP32-S3 por serial
2025-05-24 18:07:11,615 [WARNING] GPS sin señal
2025-05-24 18:07:11,616 [INFO] Datos JSON preparados para envío
2025-05-24 18:07:12,665 [INFO] Lectura BMP390
2025-05-24 18:07:12,841 [INFO] Lectura LTR390
2025-05-24 18:07:13,790 [INFO] Lectura desde ESP32-S3 por serial
2025-05-24 18:07:13,792 [WARNING] GPS sin señal
2025-05-24 18:07:13,793 [INFO] Datos JSON preparados para envío
2025-05-24 18:07:14,844 [INFO] Lectura BMP390
2025-05-24 18:07:15,021 [INFO] Lectura LTR390
2025-05-24 18:07:15,969 [INFO] Lectura desde ESP32-S3 por serial
2025-05-24 18:07:15,972 [WARNING] GPS sin señal
2025-05-24 18:07:15,973 [INFO] Datos JSON preparados para envío
2025-05-24 18:07:17,026 [INFO] Lectura BMP390
2025-05-24 18:07:17,207 [INFO] Lectura LTR390
2025-05-24 18:07:18,145 [INFO] Lectura desde ESP32-S3 por serial
2025-05-24 18:07:18,148 [WARNING] GPS sin señal
2025-05-24 18:07:18,149 [INFO] Datos JSON preparados para envío
2025-05-24 18:07:19,232 [INFO] Lectura BMP390
2025-05-24 18:07:19,241 [INFO] 192.168.95.213 - - [24/May/2025 18:07:19] "GET / HTTP/1.1" 200 -
2025-05-24 18:07:19,436 [INFO] Lectura LTR390
2025-05-24 18:07:20,329 [INFO] Lectura desde ESP32-S3 por serial
2025-05-24 18:07:20,334 [WARNING] GPS sin señal
2025-05-24 18:07:20,336 [INFO] Datos JSON preparados para envío
2025-05-24 18:07:21,389 [INFO] Lectura BMP390
2025-05-24 18:07:21,565 [INFO] Lectura LTR390
2025-05-24 18:07:21,944 [INFO] 192.168.95.213 - - [24/May/2025 18:07:21] "GET / HTTP/1.1" 200 -
2025-05-24 18:07:22,501 [INFO] Lectura desde ESP32-S3 por serial
2025-05-24 18:07:22,503 [WARNING] GPS sin señal
2025-05-24 18:07:22,504 [INFO] Datos JSON preparados para envío
2025-05-24 18:07:23,562 [INFO] Lectura BMP390
2025-05-24 18:07:23,751 [INFO] Lectura LTR390
2025-05-24 18:07:24,682 [INFO] Lectura desde ESP32-S3 por serial
2025-05-24 18:07:24,691 [WARNING] GPS sin señal
2025-05-24 18:07:24,694 [INFO] Datos JSON preparados para envío
2025-05-24 18:07:25,745 [INFO] Lectura BMP390
2025-05-24 18:07:25,925 [INFO] Lectura LTR390
2025-05-24 18:07:26,256 [INFO] 192.168.95.213 - - [24/May/2025 18:07:26] "GET /datos HTTP/1.1" 200 -
2025-05-24 18:07:26,864 [INFO] Lectura desde ESP32-S3 por serial
2025-05-24 18:07:26,869 [WARNING] GPS sin señal
2025-05-24 18:07:26,870 [INFO] Datos JSON preparados para envío
2025-05-24 18:07:27,926 [INFO] Lectura BMP390
2025-05-24 18:07:28,113 [INFO] Lectura LTR390
2025-05-24 18:07:29,039 [INFO] Lectura desde ESP32-S3 por serial
2025-05-24 18:07:29,042 [WARNING] GPS sin señal
2025-05-24 18:07:29,042 [INFO] Datos JSON preparados para envío
2025-05-24 18:07:30,098 [INFO] Lectura BMP390
2025-05-24 18:07:30,295 [INFO] Lectura LTR390
2025-05-24 18:07:31,215 [INFO] Lectura desde ESP32-S3 por serial
2025-05-24 18:07:31,220 [WARNING] GPS sin señal
2025-05-24 18:07:31,222 [INFO] Datos JSON preparados para envío
2025-05-24 18:07:32,271 [INFO] Lectura BMP390
2025-05-24 18:07:32,450 [INFO] Lectura LTR390
2025-05-24 18:08:07,836 [INFO] Lectura desde ESP32-S3 por serial
2025-05-24 18:08:07,841 [WARNING] GPS sin señal
2025-05-24 18:08:07,843 [INFO] Datos JSON preparados para envío
2025-05-24 18:08:07,921 [INFO] 192.168.95.213 - - [24/May/2025 18:08:07] "GET /datos HTTP/1.1" 200 -
2025-05-24 18:08:08,899 [INFO] Lectura BMP390
2025-05-24 18:08:09,091 [INFO] Lectura LTR390
2025-05-24 18:08:09,651 [INFO] 192.168.95.213 - - [24/May/2025 18:08:09] "GET /datos HTTP/1.1" 200 -
2025-05-24 18:08:10,017 [INFO] Lectura desde ESP32-S3 por serial
2025-05-24 18:08:10,022 [WARNING] GPS sin señal
2025-05-24 18:08:10,023 [INFO] Datos JSON preparados para envío
2025-05-24 18:08:10,828 [INFO] 192.168.95.213 - - [24/May/2025 18:08:10] "GET /datos HTTP/1.1" 200 -
2025-05-24 18:08:11,073 [INFO] Lectura BMP390
2025-05-24 18:08:11,251 [INFO] Lectura LTR390
2025-05-24 18:08:12,192 [INFO] Lectura desde ESP32-S3 por serial
2025-05-24 18:08:12,194 [WARNING] GPS sin señal
2025-05-24 18:08:12,195 [INFO] Datos JSON preparados para envío
2025-05-24 18:08:13,245 [INFO] Lectura BMP390
2025-05-24 18:08:13,427 [INFO] Lectura LTR390
2025-05-24 18:08:14,371 [INFO] Lectura desde ESP32-S3 por serial
2025-05-24 18:08:14,373 [WARNING] GPS sin señal
2025-05-24 18:08:14,374 [INFO] Datos JSON preparados para envío
2025-05-24 18:08:15,424 [INFO] Lectura BMP390
2025-05-24 18:08:15,600 [INFO] Lectura LTR390
2025-05-24 18:08:16,551 [INFO] Lectura desde ESP32-S3 por serial
2025-05-24 18:08:16,554 [WARNING] GPS sin señal
2025-05-24 18:08:16,554 [INFO] Datos JSON preparados para envío
2025-05-24 18:08:17,605 [INFO] Lectura BMP390
2025-05-24 18:08:17,782 [INFO] Lectura LTR390
2025-05-24 18:08:18,733 [INFO] Lectura desde ESP32-S3 por serial
2025-05-24 18:08:18,738 [WARNING] GPS sin señal
2025-05-24 18:08:18,739 [INFO] Datos JSON preparados para envío
2025-05-24 18:08:19,792 [INFO] Lectura BMP390
2025-05-24 18:08:19,972 [INFO] Lectura LTR390
2025-05-24 18:08:20,911 [INFO] Lectura desde ESP32-S3 por serial
2025-05-24 18:08:20,916 [WARNING] GPS sin señal
2025-05-24 18:08:20,918 [INFO] Datos JSON preparados para envío
2025-05-24 18:08:21,971 [INFO] Lectura BMP390
2025-05-24 18:08:22,150 [INFO] Lectura LTR390
2025-05-24 18:08:23,087 [INFO] Lectura desde ESP32-S3 por serial
2025-05-24 18:08:23,092 [WARNING] GPS sin señal
2025-05-24 18:08:23,094 [INFO] Datos JSON preparados para envío
2025-05-24 18:08:24,047 [INFO] 192.168.95.213 - - [24/May/2025 18:08:24] "GET /datos HTTP/1.1" 200 -
2025-05-24 18:08:24,146 [INFO] Lectura BMP390
2025-05-24 18:08:24,326 [INFO] Lectura LTR390
2025-05-24 18:08:25,265 [INFO] Lectura desde ESP32-S3 por serial
2025-05-24 18:08:25,271 [WARNING] GPS sin señal
2025-05-24 18:08:25,272 [INFO] Datos JSON preparados para envío
2025-05-24 18:08:25,718 [INFO] 192.168.95.213 - - [24/May/2025 18:08:25] "GET /datos HTTP/1.1" 200 -
2025-05-24 18:08:26,324 [INFO] Lectura BMP390
2025-05-24 18:08:26,500 [INFO] Lectura LTR390
2025-05-24 18:08:27,441 [INFO] Lectura desde ESP32-S3 por serial
2025-05-24 18:08:27,443 [WARNING] GPS sin señal
2025-05-24 18:08:27,444 [INFO] Datos JSON preparados para envío
2025-05-24 18:08:28,499 [INFO] Lectura BMP390
2025-05-24 18:08:28,679 [INFO] Lectura LTR390
2025-05-24 18:08:29,241 [INFO] 192.168.95.213 - - [24/May/2025 18:08:29] "GET /datos HTTP/1.1" 200 -
2025-05-24 18:08:29,626 [INFO] Lectura desde ESP32-S3 por serial
2025-05-24 18:08:29,631 [WARNING] GPS sin señal
2025-05-24 18:08:29,633 [INFO] Datos JSON preparados para envío
2025-05-24 18:08:30,215 [INFO] 192.168.95.213 - - [24/May/2025 18:08:30] "GET /datos HTTP/1.1" 200 -
2025-05-24 18:08:30,685 [INFO] Lectura BMP390
2025-05-24 18:08:30,865 [INFO] Lectura LTR390
2025-05-24 18:08:31,806 [INFO] Lectura desde ESP32-S3 por serial
2025-05-24 18:08:31,810 [WARNING] GPS sin señal
2025-05-24 18:08:31,812 [INFO] Datos JSON preparados para envío
2025-05-24 18:08:32,364 [INFO] 192.168.95.213 - - [24/May/2025 18:08:32] "GET /datos HTTP/1.1" 200 -
2025-05-24 18:08:32,867 [INFO] Lectura BMP390
2025-05-24 18:08:33,047 [INFO] Lectura LTR390
2025-05-24 18:08:33,978 [INFO] Lectura desde ESP32-S3 por serial
2025-05-24 18:08:33,984 [WARNING] GPS sin señal
2025-05-24 18:08:33,986 [INFO] Datos JSON preparados para envío
2025-05-24 18:08:34,301 [INFO] 192.168.95.213 - - [24/May/2025 18:08:34] "GET /datos HTTP/1.1" 200 -
2025-05-24 18:08:35,037 [INFO] Lectura BMP390
2025-05-24 18:08:35,217 [INFO] Lectura LTR390
2025-05-24 18:08:35,623 [INFO] 192.168.95.213 - - [24/May/2025 18:08:35] "GET /datos HTTP/1.1" 200 -
2025-05-24 18:08:36,156 [INFO] Lectura desde ESP32-S3 por serial
2025-05-24 18:08:36,161 [WARNING] GPS sin señal
2025-05-24 18:08:36,162 [INFO] Datos JSON preparados para envío
2025-05-24 18:08:37,214 [INFO] Lectura BMP390
2025-05-24 18:08:37,394 [INFO] Lectura LTR390
2025-05-24 18:08:37,634 [INFO] 192.168.95.213 - - [24/May/2025 18:08:37] "GET /datos HTTP/1.1" 200 -
2025-05-24 18:08:38,337 [INFO] Lectura desde ESP32-S3 por serial
2025-05-24 18:08:38,341 [WARNING] GPS sin señal
2025-05-24 18:08:38,342 [INFO] Datos JSON preparados para envío
2025-05-24 18:08:39,396 [INFO] Lectura BMP390
2025-05-24 18:08:39,576 [INFO] Lectura LTR390
2025-05-24 18:08:40,522 [INFO] Lectura desde ESP32-S3 por serial
2025-05-24 18:08:40,528 [WARNING] GPS sin señal
2025-05-24 18:08:40,530 [INFO] Datos JSON preparados para envío
2025-05-24 18:08:41,581 [INFO] Lectura BMP390
2025-05-24 18:08:41,761 [INFO] Lectura LTR390
2025-05-24 18:08:42,700 [INFO] Lectura desde ESP32-S3 por serial
2025-05-24 18:08:42,707 [WARNING] GPS sin señal
2025-05-24 18:08:42,710 [INFO] Datos JSON preparados para envío
2025-05-24 18:08:43,761 [INFO] Lectura BMP390
2025-05-24 18:08:43,944 [INFO] Lectura LTR390
2025-05-24 18:08:44,878 [INFO] Lectura desde ESP32-S3 por serial
2025-05-24 18:08:44,884 [WARNING] GPS sin señal
2025-05-24 18:08:44,886 [INFO] Datos JSON preparados para envío
2025-05-24 18:08:45,939 [INFO] Lectura BMP390
2025-05-24 18:08:46,118 [INFO] Lectura LTR390
2025-05-24 18:08:47,058 [INFO] Lectura desde ESP32-S3 por serial
2025-05-24 18:08:47,067 [WARNING] GPS sin señal
2025-05-24 18:08:47,069 [INFO] Datos JSON preparados para envío
2025-05-24 18:08:48,122 [INFO] Lectura BMP390
2025-05-24 18:08:48,303 [INFO] Lectura LTR390
2025-05-24 18:08:49,241 [INFO] Lectura desde ESP32-S3 por serial
2025-05-24 18:08:49,247 [WARNING] GPS sin señal
2025-05-24 18:08:49,249 [INFO] Datos JSON preparados para envío
2025-05-24 18:08:50,302 [INFO] Lectura BMP390
2025-05-24 18:08:50,478 [INFO] Lectura LTR390
2025-05-24 18:08:51,416 [INFO] Lectura desde ESP32-S3 por serial
2025-05-24 18:08:51,423 [WARNING] GPS sin señal
2025-05-24 18:08:51,425 [INFO] Datos JSON preparados para envío
2025-05-24 18:08:52,482 [INFO] Lectura BMP390
2025-05-24 18:08:52,664 [INFO] Lectura LTR390
2025-05-24 18:08:53,600 [INFO] Lectura desde ESP32-S3 por serial
2025-05-24 18:08:53,607 [WARNING] GPS sin señal
2025-05-24 18:08:53,608 [INFO] Datos JSON preparados para envío
2025-05-24 18:08:54,661 [INFO] Lectura BMP390
2025-05-24 18:08:54,844 [INFO] Lectura LTR390
2025-05-24 18:08:55,780 [INFO] Lectura desde ESP32-S3 por serial
2025-05-24 18:08:55,787 [WARNING] GPS sin señal
2025-05-24 18:08:55,789 [INFO] Datos JSON preparados para envío
2025-05-24 18:08:55,877 [INFO] 192.168.95.213 - - [24/May/2025 18:08:55] "GET /datos HTTP/1.1" 200 -
2025-05-24 18:08:56,842 [INFO] Lectura BMP390
2025-05-24 18:08:57,021 [INFO] Lectura LTR390
2025-05-24 18:08:57,156 [INFO] 192.168.95.213 - - [24/May/2025 18:08:57] "GET /datos HTTP/1.1" 200 -
2025-05-24 18:08:57,958 [INFO] Lectura desde ESP32-S3 por serial
2025-05-24 18:08:57,964 [WARNING] GPS sin señal
2025-05-24 18:08:57,965 [INFO] Datos JSON preparados para envío
2025-05-24 18:08:58,279 [INFO] 192.168.95.213 - - [24/May/2025 18:08:58] "GET /datos HTTP/1.1" 200 -
2025-05-24 18:08:59,019 [INFO] Lectura BMP390
2025-05-24 18:08:59,198 [INFO] Lectura LTR390
2025-05-24 18:08:59,447 [INFO] 192.168.95.213 - - [24/May/2025 18:08:59] "GET /datos HTTP/1.1" 200 -
2025-05-24 18:09:00,136 [INFO] Lectura desde ESP32-S3 por serial
2025-05-24 18:09:00,144 [WARNING] GPS sin señal
2025-05-24 18:09:00,146 [INFO] Datos JSON preparados para envío
2025-05-24 18:09:00,350 [INFO] 192.168.95.213 - - [24/May/2025 18:09:00] "GET /datos HTTP/1.1" 200 -
2025-05-24 18:09:01,196 [INFO] Lectura BMP390
2025-05-24 18:09:01,372 [INFO] Lectura LTR390
2025-05-24 18:09:01,819 [INFO] 192.168.95.213 - - [24/May/2025 18:09:01] "GET /datos HTTP/1.1" 200 -
2025-05-24 18:09:02,311 [INFO] Lectura desde ESP32-S3 por serial
2025-05-24 18:09:02,340 [WARNING] GPS sin señal
2025-05-24 18:09:02,341 [INFO] Datos JSON preparados para envío
2025-05-24 18:09:03,393 [INFO] Lectura BMP390
2025-05-24 18:09:03,574 [INFO] Lectura LTR390
2025-05-24 18:09:04,491 [INFO] Lectura desde ESP32-S3 por serial
2025-05-24 18:09:04,504 [WARNING] GPS sin señal
2025-05-24 18:09:04,506 [INFO] Datos JSON preparados para envío
2025-05-24 18:09:05,557 [INFO] Lectura BMP390
2025-05-24 18:09:05,741 [INFO] Lectura LTR390
2025-05-24 18:09:06,671 [INFO] Lectura desde ESP32-S3 por serial
2025-05-24 18:09:06,677 [WARNING] GPS sin señal
2025-05-24 18:09:06,679 [INFO] Datos JSON preparados para envío
2025-05-24 18:09:07,735 [INFO] Lectura BMP390
2025-05-24 18:09:07,915 [INFO] Lectura LTR390
2025-05-24 18:09:07,987 [INFO] 192.168.95.218 - - [24/May/2025 18:09:07] "GET / HTTP/1.1" 200 -
2025-05-24 18:09:08,850 [INFO] Lectura desde ESP32-S3 por serial
2025-05-24 18:09:08,858 [WARNING] GPS sin señal
2025-05-24 18:09:08,860 [INFO] Datos JSON preparados para envío
2025-05-24 18:09:09,912 [INFO] Lectura BMP390
2025-05-24 18:09:10,093 [INFO] Lectura LTR390
2025-05-24 18:09:11,025 [INFO] Lectura desde ESP32-S3 por serial
2025-05-24 18:09:11,028 [WARNING] GPS sin señal
2025-05-24 18:09:11,029 [INFO] Datos JSON preparados para envío
2025-05-24 18:09:12,080 [INFO] Lectura BMP390
2025-05-24 18:09:12,262 [INFO] Lectura LTR390
2025-05-24 18:09:13,199 [INFO] Lectura desde ESP32-S3 por serial
2025-05-24 18:09:13,201 [WARNING] GPS sin señal
2025-05-24 18:09:13,202 [INFO] Datos JSON preparados para envío
2025-05-24 18:09:14,253 [INFO] Lectura BMP390
2025-05-24 18:09:14,431 [INFO] Lectura LTR390
2025-05-24 18:09:15,384 [INFO] Lectura desde ESP32-S3 por serial
2025-05-24 18:09:15,412 [WARNING] GPS sin señal
2025-05-24 18:09:15,413 [INFO] Datos JSON preparados para envío
2025-05-24 18:09:15,902 [INFO] 192.168.95.213 - - [24/May/2025 18:09:15] "GET /datos HTTP/1.1" 200 -
2025-05-24 18:09:16,467 [INFO] Lectura BMP390
2025-05-24 18:09:16,646 [INFO] Lectura LTR390
2025-05-24 18:09:17,488 [INFO] 192.168.95.213 - - [24/May/2025 18:09:17] "GET /datos HTTP/1.1" 200 -
2025-05-24 18:09:17,563 [INFO] Lectura desde ESP32-S3 por serial
2025-05-24 18:09:17,566 [WARNING] GPS sin señal
2025-05-24 18:09:17,567 [INFO] Datos JSON preparados para envío
2025-05-24 18:09:18,625 [INFO] Lectura BMP390
2025-05-24 18:09:18,809 [INFO] Lectura LTR390
2025-05-24 18:09:19,746 [INFO] Lectura desde ESP32-S3 por serial
2025-05-24 18:09:19,752 [WARNING] GPS sin señal
2025-05-24 18:09:19,755 [INFO] Datos JSON preparados para envío
2025-05-24 18:09:20,813 [INFO] Lectura BMP390
2025-05-24 18:09:20,997 [INFO] Lectura LTR390
2025-05-24 18:09:21,178 [INFO] Movimiento hacia adelante
2025-05-24 18:09:21,193 [INFO] 192.168.95.218 - - [24/May/2025 18:09:21] "POST /mover HTTP/1.1" 200 -
2025-05-24 18:09:21,275 [INFO] 192.168.95.218 - - [24/May/2025 18:09:21] "POST /mover HTTP/1.1" 200 -
2025-05-24 18:09:21,923 [INFO] Lectura desde ESP32-S3 por serial
2025-05-24 18:09:21,933 [WARNING] GPS sin señal
2025-05-24 18:09:21,934 [INFO] Datos JSON preparados para envío
2025-05-24 18:09:22,993 [INFO] Lectura BMP390
2025-05-24 18:09:23,179 [INFO] Lectura LTR390
2025-05-24 18:09:24,108 [INFO] Lectura desde ESP32-S3 por serial
2025-05-24 18:09:24,131 [WARNING] GPS sin señal
2025-05-24 18:09:24,133 [INFO] Datos JSON preparados para envío
2025-05-24 18:09:25,184 [INFO] Lectura BMP390
2025-05-24 18:09:25,366 [INFO] Lectura LTR390
2025-05-24 18:09:26,289 [INFO] Lectura desde ESP32-S3 por serial
2025-05-24 18:09:26,295 [WARNING] GPS sin señal
2025-05-24 18:09:26,297 [INFO] Datos JSON preparados para envío
2025-05-24 18:09:27,348 [INFO] Lectura BMP390
2025-05-24 18:09:27,532 [INFO] Lectura LTR390
2025-05-24 18:09:28,467 [INFO] Lectura desde ESP32-S3 por serial
2025-05-24 18:09:28,473 [WARNING] GPS sin señal
2025-05-24 18:09:28,475 [INFO] Datos JSON preparados para envío
2025-05-24 18:09:29,529 [INFO] Lectura BMP390
2025-05-24 18:09:29,711 [INFO] Lectura LTR390
2025-05-24 18:09:30,653 [INFO] Lectura desde ESP32-S3 por serial
2025-05-24 18:09:30,660 [WARNING] GPS sin señal
2025-05-24 18:09:30,662 [INFO] Datos JSON preparados para envío
2025-05-24 18:09:31,719 [INFO] Lectura BMP390
2025-05-24 18:09:31,726 [INFO] 192.168.95.213 - - [24/May/2025 18:09:31] "GET /datos HTTP/1.1" 200 -
2025-05-24 18:09:31,905 [INFO] Lectura LTR390
2025-05-24 18:09:32,832 [INFO] Lectura desde ESP32-S3 por serial
2025-05-24 18:09:32,838 [WARNING] GPS sin señal
2025-05-24 18:09:32,840 [INFO] Datos JSON preparados para envío
2025-05-24 18:09:33,255 [INFO] 192.168.95.213 - - [24/May/2025 18:09:33] "GET /datos HTTP/1.1" 200 -
2025-05-24 18:09:33,889 [INFO] Lectura BMP390
2025-05-24 18:09:34,066 [INFO] Lectura LTR390
2025-05-24 18:09:35,011 [INFO] Lectura desde ESP32-S3 por serial
2025-05-24 18:09:35,019 [WARNING] GPS sin señal
2025-05-24 18:09:35,021 [INFO] Datos JSON preparados para envío
2025-05-24 18:09:36,073 [INFO] Lectura BMP390
2025-05-24 18:09:36,253 [INFO] Lectura LTR390
2025-05-24 18:09:37,192 [INFO] Lectura desde ESP32-S3 por serial
2025-05-24 18:09:37,198 [WARNING] GPS sin señal
2025-05-24 18:09:37,201 [INFO] Datos JSON preparados para envío
2025-05-24 18:09:38,255 [INFO] Lectura BMP390
2025-05-24 18:09:38,435 [INFO] Lectura LTR390
2025-05-24 18:09:39,372 [INFO] Lectura desde ESP32-S3 por serial
2025-05-24 18:09:39,380 [WARNING] GPS sin señal
2025-05-24 18:09:39,381 [INFO] Datos JSON preparados para envío
2025-05-24 18:09:40,339 [INFO] 192.168.95.218 - - [24/May/2025 18:09:40] "GET /datos HTTP/1.1" 200 -
2025-05-24 18:09:40,435 [INFO] Lectura BMP390
2025-05-24 18:09:40,615 [INFO] Lectura LTR390
2025-05-24 18:09:41,549 [INFO] Lectura desde ESP32-S3 por serial
2025-05-24 18:09:41,555 [WARNING] GPS sin señal
2025-05-24 18:09:41,557 [INFO] Datos JSON preparados para envío
2025-05-24 18:09:42,610 [INFO] Lectura BMP390
2025-05-24 18:09:42,790 [INFO] Lectura LTR390
2025-05-24 18:09:43,724 [INFO] Lectura desde ESP32-S3 por serial
2025-05-24 18:09:43,729 [WARNING] GPS sin señal
2025-05-24 18:09:43,731 [INFO] Datos JSON preparados para envío
2025-05-24 18:09:44,784 [INFO] Lectura BMP390
2025-05-24 18:09:44,964 [INFO] Lectura LTR390
2025-05-24 18:09:45,909 [INFO] Lectura desde ESP32-S3 por serial
2025-05-24 18:09:45,915 [WARNING] GPS sin señal
2025-05-24 18:09:45,917 [INFO] Datos JSON preparados para envío
2025-05-24 18:09:46,971 [INFO] Lectura BMP390
2025-05-24 18:09:47,151 [INFO] Lectura LTR390
2025-05-24 18:09:48,083 [INFO] Lectura desde ESP32-S3 por serial
2025-05-24 18:09:48,089 [WARNING] GPS sin señal
2025-05-24 18:09:48,091 [INFO] Datos JSON preparados para envío
2025-05-24 18:09:49,147 [INFO] Lectura BMP390
2025-05-24 18:09:49,330 [INFO] Lectura LTR390
2025-05-24 18:09:50,173 [INFO] 192.168.95.218 - - [24/May/2025 18:09:50] "GET /datos HTTP/1.1" 200 -
2025-05-24 18:09:50,268 [INFO] Lectura desde ESP32-S3 por serial
2025-05-24 18:09:50,274 [WARNING] GPS sin señal
2025-05-24 18:09:50,276 [INFO] Datos JSON preparados para envío
2025-05-24 18:09:51,339 [INFO] Lectura BMP390
2025-05-24 18:09:51,536 [INFO] Lectura LTR390
2025-05-24 18:09:52,445 [INFO] Lectura desde ESP32-S3 por serial
2025-05-24 18:09:52,453 [WARNING] GPS sin señal
2025-05-24 18:09:52,455 [INFO] Datos JSON preparados para envío
2025-05-24 18:09:53,518 [INFO] Lectura BMP390
2025-05-24 18:09:53,715 [INFO] Lectura LTR390
2025-05-24 18:09:53,755 [INFO] 192.168.95.218 - - [24/May/2025 18:09:53] "GET /datos HTTP/1.1" 200 -
2025-05-24 18:09:54,622 [INFO] Lectura desde ESP32-S3 por serial
2025-05-24 18:09:54,628 [WARNING] GPS sin señal
2025-05-24 18:09:54,630 [INFO] Datos JSON preparados para envío
2025-05-24 18:09:55,686 [INFO] Lectura BMP390
2025-05-24 18:09:55,872 [INFO] Lectura LTR390
2025-05-24 18:09:56,800 [INFO] Lectura desde ESP32-S3 por serial
2025-05-24 18:09:56,808 [WARNING] GPS sin señal
2025-05-24 18:09:56,810 [INFO] Datos JSON preparados para envío
2025-05-24 18:09:57,865 [INFO] Lectura BMP390
2025-05-24 18:09:58,054 [INFO] Lectura LTR390
2025-05-24 18:09:58,974 [INFO] Lectura desde ESP32-S3 por serial
2025-05-24 18:09:58,981 [WARNING] GPS sin señal
2025-05-24 18:09:58,982 [INFO] Datos JSON preparados para envío
2025-05-24 18:10:00,035 [INFO] Lectura BMP390
2025-05-24 18:10:00,215 [INFO] Lectura LTR390
2025-05-24 18:10:01,155 [INFO] Lectura desde ESP32-S3 por serial
2025-05-24 18:10:01,162 [WARNING] GPS sin señal
2025-05-24 18:10:01,164 [INFO] Datos JSON preparados para envío
2025-05-24 18:10:02,217 [INFO] Lectura BMP390
2025-05-24 18:10:02,397 [INFO] Lectura LTR390
2025-05-24 18:10:03,329 [INFO] Lectura desde ESP32-S3 por serial
2025-05-24 18:10:03,335 [WARNING] GPS sin señal
2025-05-24 18:10:03,337 [INFO] Datos JSON preparados para envío
2025-05-24 18:10:04,393 [INFO] Lectura BMP390
2025-05-24 18:10:04,573 [INFO] Lectura LTR390
2025-05-24 18:10:05,503 [INFO] Lectura desde ESP32-S3 por serial
2025-05-24 18:10:05,507 [WARNING] GPS sin señal
2025-05-24 18:10:05,508 [INFO] Datos JSON preparados para envío
2025-05-24 18:10:06,560 [INFO] Lectura BMP390
2025-05-24 18:10:06,740 [INFO] Lectura LTR390
2025-05-24 18:10:07,680 [INFO] Lectura desde ESP32-S3 por serial
2025-05-24 18:10:07,685 [WARNING] GPS sin señal
2025-05-24 18:10:07,687 [INFO] Datos JSON preparados para envío
2025-05-24 18:10:08,740 [INFO] Lectura BMP390
2025-05-24 18:10:08,925 [INFO] Lectura LTR390
2025-05-24 18:10:09,860 [INFO] Lectura desde ESP32-S3 por serial
2025-05-24 18:10:09,868 [WARNING] GPS sin señal
2025-05-24 18:10:09,869 [INFO] Datos JSON preparados para envío
2025-05-24 18:10:10,923 [INFO] Lectura BMP390
2025-05-24 18:10:11,106 [INFO] Lectura LTR390
2025-05-24 18:10:12,037 [INFO] Lectura desde ESP32-S3 por serial
2025-05-24 18:10:12,043 [WARNING] GPS sin señal
2025-05-24 18:10:12,045 [INFO] Datos JSON preparados para envío
2025-05-24 18:10:13,100 [INFO] Lectura BMP390
2025-05-24 18:10:13,280 [INFO] Lectura LTR390
2025-05-24 18:10:14,213 [INFO] Lectura desde ESP32-S3 por serial
2025-05-24 18:10:14,221 [WARNING] GPS sin señal
2025-05-24 18:10:14,223 [INFO] Datos JSON preparados para envío
2025-05-24 18:10:15,275 [INFO] Lectura BMP390
2025-05-24 18:10:15,456 [INFO] Lectura LTR390
2025-05-24 18:10:16,390 [INFO] Lectura desde ESP32-S3 por serial
2025-05-24 18:10:16,396 [WARNING] GPS sin señal
2025-05-24 18:10:16,398 [INFO] Datos JSON preparados para envío
2025-05-24 18:10:17,450 [INFO] Lectura BMP390
2025-05-24 18:10:17,630 [INFO] Lectura LTR390
2025-05-24 18:10:18,564 [INFO] Lectura desde ESP32-S3 por serial
2025-05-24 18:10:18,571 [WARNING] GPS sin señal
2025-05-24 18:10:18,573 [INFO] Datos JSON preparados para envío
2025-05-24 18:10:19,628 [INFO] Lectura BMP390
2025-05-24 18:10:19,808 [INFO] Lectura LTR390
2025-05-24 18:10:20,740 [INFO] Lectura desde ESP32-S3 por serial
2025-05-24 18:10:20,747 [WARNING] GPS sin señal
2025-05-24 18:10:20,748 [INFO] Datos JSON preparados para envío
2025-05-24 18:10:21,801 [INFO] Lectura BMP390
2025-05-24 18:10:21,981 [INFO] Lectura LTR390
2025-05-24 18:10:22,920 [INFO] Lectura desde ESP32-S3 por serial
2025-05-24 18:10:22,927 [WARNING] GPS sin señal
2025-05-24 18:10:22,928 [INFO] Datos JSON preparados para envío
2025-05-24 18:10:23,981 [INFO] Lectura BMP390
2025-05-24 18:10:24,164 [INFO] Lectura LTR390
2025-05-24 18:10:25,097 [INFO] Lectura desde ESP32-S3 por serial
2025-05-24 18:10:25,103 [WARNING] GPS sin señal
2025-05-24 18:10:25,105 [INFO] Datos JSON preparados para envío
2025-05-24 18:10:26,158 [INFO] Lectura BMP390
2025-05-24 18:10:26,337 [INFO] Lectura LTR390
2025-05-24 18:10:27,273 [INFO] Lectura desde ESP32-S3 por serial
2025-05-24 18:10:27,278 [WARNING] GPS sin señal
2025-05-24 18:10:27,279 [INFO] Datos JSON preparados para envío
2025-05-24 18:10:28,334 [INFO] Lectura BMP390
2025-05-24 18:10:28,514 [INFO] Lectura LTR390
2025-05-24 18:10:29,450 [INFO] Lectura desde ESP32-S3 por serial
2025-05-24 18:10:29,456 [WARNING] GPS sin señal
2025-05-24 18:10:29,459 [INFO] Datos JSON preparados para envío
2025-05-24 18:10:30,512 [INFO] Lectura BMP390
2025-05-24 18:10:30,692 [INFO] Lectura LTR390
2025-05-24 18:10:31,627 [INFO] Lectura desde ESP32-S3 por serial
2025-05-24 18:10:31,634 [WARNING] GPS sin señal
2025-05-24 18:10:31,636 [INFO] Datos JSON preparados para envío
2025-05-24 18:10:32,692 [INFO] Lectura BMP390
2025-05-24 18:10:32,886 [INFO] Lectura LTR390
2025-05-24 18:10:33,485 [INFO] 192.168.95.218 - - [24/May/2025 18:10:33] "GET /datos HTTP/1.1" 200 -
2025-05-24 18:10:33,798 [INFO] Lectura desde ESP32-S3 por serial
2025-05-24 18:10:33,804 [WARNING] GPS sin señal
2025-05-24 18:10:33,806 [INFO] Datos JSON preparados para envío
2025-05-24 18:10:34,862 [INFO] Lectura BMP390
2025-05-24 18:10:35,050 [INFO] Lectura LTR390
2025-05-24 18:10:35,976 [INFO] 192.168.95.218 - - [24/May/2025 18:10:35] "GET /datos HTTP/1.1" 200 -
2025-05-24 18:10:35,983 [INFO] Lectura desde ESP32-S3 por serial
2025-05-24 18:10:35,990 [WARNING] GPS sin señal
2025-05-24 18:10:35,992 [INFO] Datos JSON preparados para envío
2025-05-24 18:10:37,048 [INFO] Lectura BMP390
2025-05-24 18:10:37,239 [INFO] Lectura LTR390
2025-05-24 18:10:38,150 [INFO] Lectura desde ESP32-S3 por serial
2025-05-24 18:10:38,156 [WARNING] GPS sin señal
2025-05-24 18:10:38,158 [INFO] Datos JSON preparados para envío
2025-05-24 18:10:39,219 [INFO] Lectura BMP390
2025-05-24 18:10:39,398 [INFO] Lectura LTR390
2025-05-24 18:10:40,331 [INFO] Lectura desde ESP32-S3 por serial
2025-05-24 18:10:40,338 [WARNING] GPS sin señal
2025-05-24 18:10:40,340 [INFO] Datos JSON preparados para envío
2025-05-24 18:10:41,396 [INFO] Lectura BMP390
2025-05-24 18:10:41,408 [INFO] 192.168.95.213 - - [24/May/2025 18:10:41] "GET /datos HTTP/1.1" 200 -
2025-05-24 18:10:41,584 [INFO] Lectura LTR390
2025-05-24 18:10:41,960 [INFO] 192.168.95.218 - - [24/May/2025 18:10:41] "GET /datos HTTP/1.1" 200 -
2025-05-24 18:10:42,506 [INFO] Lectura desde ESP32-S3 por serial
2025-05-24 18:10:42,512 [WARNING] GPS sin señal
2025-05-24 18:10:42,514 [INFO] Datos JSON preparados para envío
2025-05-24 18:10:43,159 [INFO] 192.168.95.213 - - [24/May/2025 18:10:43] "GET /datos HTTP/1.1" 200 -
2025-05-24 18:10:43,385 [INFO] 192.168.95.218 - - [24/May/2025 18:10:43] "GET /datos HTTP/1.1" 200 -
2025-05-24 18:10:43,568 [INFO] Lectura BMP390
2025-05-24 18:10:43,748 [INFO] Lectura LTR390
2025-05-24 18:10:44,260 [INFO] 192.168.95.213 - - [24/May/2025 18:10:44] "GET /datos HTTP/1.1" 200 -
2025-05-24 18:10:44,303 [INFO] 192.168.95.218 - - [24/May/2025 18:10:44] "GET /datos HTTP/1.1" 200 -
2025-05-24 18:10:44,687 [INFO] Lectura desde ESP32-S3 por serial
2025-05-24 18:10:44,694 [WARNING] GPS sin señal
2025-05-24 18:10:44,696 [INFO] Datos JSON preparados para envío
2025-05-24 18:10:45,750 [INFO] Lectura BMP390
2025-05-24 18:10:45,929 [INFO] Lectura LTR390
2025-05-24 18:10:46,267 [INFO] 192.168.95.213 - - [24/May/2025 18:10:46] "GET /datos HTTP/1.1" 200 -
2025-05-24 18:10:46,866 [INFO] Lectura desde ESP32-S3 por serial
2025-05-24 18:10:46,872 [WARNING] GPS sin señal
2025-05-24 18:10:46,873 [INFO] Datos JSON preparados para envío
2025-05-24 18:10:47,926 [INFO] Lectura BMP390
2025-05-24 18:10:48,110 [INFO] Lectura LTR390
2025-05-24 18:10:49,043 [INFO] Lectura desde ESP32-S3 por serial
2025-05-24 18:10:49,050 [WARNING] GPS sin señal
2025-05-24 18:10:49,051 [INFO] Datos JSON preparados para envío
2025-05-24 18:10:50,104 [INFO] Lectura BMP390
2025-05-24 18:10:50,285 [INFO] Lectura LTR390
2025-05-24 18:10:51,220 [INFO] Lectura desde ESP32-S3 por serial
2025-05-24 18:10:51,226 [WARNING] GPS sin señal
2025-05-24 18:10:51,228 [INFO] Datos JSON preparados para envío
2025-05-24 18:10:52,283 [INFO] Lectura BMP390
2025-05-24 18:10:52,468 [INFO] Lectura LTR390
2025-05-24 18:10:53,398 [INFO] Lectura desde ESP32-S3 por serial
2025-05-24 18:10:53,406 [WARNING] GPS sin señal
2025-05-24 18:10:53,407 [INFO] Datos JSON preparados para envío
2025-05-24 18:10:54,457 [INFO] Lectura BMP390
2025-05-24 18:10:54,634 [INFO] Lectura LTR390
2025-05-24 18:10:55,579 [INFO] Lectura desde ESP32-S3 por serial
2025-05-24 18:10:55,586 [WARNING] GPS sin señal
2025-05-24 18:10:55,588 [INFO] Datos JSON preparados para envío
2025-05-24 18:10:56,641 [INFO] Lectura BMP390
2025-05-24 18:10:56,821 [INFO] Lectura LTR390
2025-05-24 18:10:57,758 [INFO] Lectura desde ESP32-S3 por serial
2025-05-24 18:10:57,766 [WARNING] GPS sin señal
2025-05-24 18:10:57,768 [INFO] Datos JSON preparados para envío
2025-05-24 18:10:58,821 [INFO] Lectura BMP390
2025-05-24 18:10:59,004 [INFO] Lectura LTR390
2025-05-24 18:10:59,936 [INFO] Lectura desde ESP32-S3 por serial
2025-05-24 18:11:04,373 [INFO] Lectura datos climáticos NASA
2025-05-24 18:11:04,376 [INFO] Datos JSON preparados para envío
2025-05-24 18:11:05,431 [INFO] Lectura BMP390
2025-05-24 18:11:05,613 [INFO] Lectura LTR390
2025-05-24 18:11:05,614 [WARNING] Lectura serial fallida o formato incorrecto
2025-05-24 18:11:09,690 [INFO] Lectura datos climáticos NASA
2025-05-24 18:11:09,691 [INFO] Datos JSON preparados para envío
2025-05-24 18:11:10,747 [INFO] Lectura BMP390
2025-05-24 18:11:10,944 [INFO] Lectura LTR390
2025-05-24 18:11:10,945 [WARNING] Lectura serial fallida o formato incorrecto
                                                                                                                                                                                                                                                                                                                                                                                                                                                                                                                                                                                                                                                                                                                                                 2025-05-24 18:10:51,104 [INFO] Inicio del sistema
2025-05-24 18:10:52,239 [INFO] Lectura BMP390
2025-05-24 18:10:52,283 [INFO] [31m[1mWARNING: This is a development server. Do not use it in a production deployment. Use a production WSGI server instead.[0m
 * Running on all addresses (0.0.0.0)
 * Running on http://127.0.0.1:8080
 * Running on http://127.0.0.1:8080
2025-05-24 18:10:52,283 [INFO] [33mPress CTRL+C to quit[0m
2025-05-24 18:10:52,456 [INFO] Lectura LTR390
2025-05-24 18:10:52,473 [WARNING] Lectura serial fallida o formato incorrecto
2025-05-24 18:10:52,475 [WARNING] GPS sin señal
2025-05-24 18:10:52,476 [INFO] Datos JSON preparados para envío
2025-05-24 18:10:53,526 [INFO] Lectura BMP390
2025-05-24 18:10:53,702 [INFO] Lectura LTR390
2025-05-24 18:10:54,649 [INFO] Lectura desde ESP32-S3 por serial
2025-05-24 18:10:54,651 [WARNING] GPS sin señal
2025-05-24 18:10:54,652 [INFO] Datos JSON preparados para envío
2025-05-24 18:10:55,702 [INFO] Lectura BMP390
2025-05-24 18:10:55,878 [INFO] Lectura LTR390
2025-05-24 18:10:56,831 [INFO] Lectura desde ESP32-S3 por serial
2025-05-24 18:10:56,834 [WARNING] GPS sin señal
2025-05-24 18:10:56,835 [INFO] Datos JSON preparados para envío
2025-05-24 18:10:57,885 [INFO] Lectura BMP390
2025-05-24 18:10:58,064 [INFO] Lectura LTR390
2025-05-24 18:10:59,012 [INFO] Lectura desde ESP32-S3 por serial
2025-05-24 18:10:59,013 [WARNING] GPS sin señal
2025-05-24 18:10:59,015 [INFO] Datos JSON preparados para envío
2025-05-24 18:11:00,067 [INFO] Lectura BMP390
2025-05-24 18:11:00,244 [INFO] Lectura LTR390
2025-05-24 18:11:01,186 [INFO] Lectura desde ESP32-S3 por serial
2025-05-24 18:11:01,188 [WARNING] GPS sin señal
2025-05-24 18:11:01,189 [INFO] Datos JSON preparados para envío
2025-05-24 18:11:02,241 [INFO] Lectura BMP390
2025-05-24 18:11:02,417 [INFO] Lectura LTR390
2025-05-24 18:11:03,366 [INFO] Lectura desde ESP32-S3 por serial
2025-05-24 18:11:03,368 [WARNING] GPS sin señal
2025-05-24 18:11:03,369 [INFO] Datos JSON preparados para envío
2025-05-24 18:11:04,419 [INFO] Lectura BMP390
2025-05-24 18:11:04,595 [INFO] Lectura LTR390
2025-05-24 18:11:05,544 [INFO] Lectura desde ESP32-S3 por serial
2025-05-24 18:11:05,547 [WARNING] GPS sin señal
2025-05-24 18:11:05,548 [INFO] Datos JSON preparados para envío
2025-05-24 18:11:06,598 [INFO] Lectura BMP390
2025-05-24 18:11:06,778 [INFO] Lectura LTR390
2025-05-24 18:11:07,721 [INFO] Lectura desde ESP32-S3 por serial
2025-05-24 18:11:07,723 [WARNING] GPS sin señal
2025-05-24 18:11:07,725 [INFO] Datos JSON preparados para envío
2025-05-24 18:11:08,665 [INFO] 192.168.95.213 - - [24/May/2025 18:11:08] "GET /datos HTTP/1.1" 200 -
2025-05-24 18:11:08,776 [INFO] Lectura BMP390
2025-05-24 18:11:08,958 [INFO] 192.168.95.218 - - [24/May/2025 18:11:08] "GET /datos HTTP/1.1" 200 -
2025-05-24 18:11:08,959 [INFO] Lectura LTR390
2025-05-24 18:11:09,902 [INFO] Lectura desde ESP32-S3 por serial
2025-05-24 18:11:09,904 [WARNING] GPS sin señal
2025-05-24 18:11:09,905 [INFO] Datos JSON preparados para envío
2025-05-24 18:11:10,071 [INFO] 192.168.95.218 - - [24/May/2025 18:11:10] "GET /datos HTTP/1.1" 200 -
2025-05-24 18:11:10,936 [INFO] 192.168.95.218 - - [24/May/2025 18:11:10] "GET /datos HTTP/1.1" 200 -
2025-05-24 18:11:10,956 [INFO] Lectura BMP390
2025-05-24 18:11:11,133 [INFO] Lectura LTR390
2025-05-24 18:11:11,856 [INFO] 192.168.95.218 - - [24/May/2025 18:11:11] "GET /datos HTTP/1.1" 200 -
2025-05-24 18:11:12,077 [INFO] Lectura desde ESP32-S3 por serial
2025-05-24 18:11:12,080 [WARNING] GPS sin señal
2025-05-24 18:11:12,081 [INFO] Datos JSON preparados para envío
2025-05-24 18:11:13,130 [INFO] Lectura BMP390
2025-05-24 18:11:13,310 [INFO] Lectura LTR390
2025-05-24 18:11:14,253 [INFO] Lectura desde ESP32-S3 por serial
2025-05-24 18:11:14,255 [WARNING] GPS sin señal
2025-05-24 18:11:14,259 [INFO] Datos JSON preparados para envío
2025-05-24 18:11:15,314 [INFO] Lectura BMP390
2025-05-24 18:11:15,502 [INFO] Lectura LTR390
2025-05-24 18:11:16,432 [INFO] Lectura desde ESP32-S3 por serial
2025-05-24 18:11:16,434 [WARNING] GPS sin señal
2025-05-24 18:11:16,436 [INFO] Datos JSON preparados para envío
2025-05-24 18:12:36,829 [INFO] Lectura BMP390
2025-05-24 18:12:37,006 [INFO] Lectura LTR390
2025-05-24 18:12:37,953 [INFO] Lectura desde ESP32-S3 por serial
2025-05-24 18:12:37,955 [WARNING] GPS sin señal
2025-05-24 18:12:37,956 [INFO] Datos JSON preparados para envío
2025-05-24 18:12:39,005 [INFO] Lectura BMP390
2025-05-24 18:12:39,182 [INFO] Lectura LTR390
2025-05-24 18:12:40,130 [INFO] Lectura desde ESP32-S3 por serial
2025-05-24 18:12:40,133 [WARNING] GPS sin señal
2025-05-24 18:12:40,134 [INFO] Datos JSON preparados para envío
2025-05-24 18:12:41,184 [INFO] Lectura BMP390
2025-05-24 18:12:41,363 [INFO] Lectura LTR390
2025-05-24 18:12:42,309 [INFO] Lectura desde ESP32-S3 por serial
2025-05-24 18:12:42,312 [WARNING] GPS sin señal
2025-05-24 18:12:42,313 [INFO] Datos JSON preparados para envío
2025-05-24 18:12:43,362 [INFO] Lectura BMP390
2025-05-24 18:12:43,540 [INFO] Lectura LTR390
2025-05-24 18:12:44,491 [INFO] Lectura desde ESP32-S3 por serial
2025-05-24 18:12:44,494 [WARNING] GPS sin señal
2025-05-24 18:12:44,496 [INFO] Datos JSON preparados para envío
2025-05-24 18:12:45,546 [INFO] Lectura BMP390
2025-05-24 18:12:45,726 [INFO] Lectura LTR390
2025-05-24 18:12:46,674 [INFO] Lectura desde ESP32-S3 por serial
2025-05-24 18:12:46,677 [WARNING] GPS sin señal
2025-05-24 18:12:46,678 [INFO] Datos JSON preparados para envío
2025-05-24 18:12:47,729 [INFO] Lectura BMP390
2025-05-24 18:12:47,910 [INFO] Lectura LTR390
2025-05-24 18:12:48,846 [INFO] Lectura desde ESP32-S3 por serial
2025-05-24 18:12:48,849 [WARNING] GPS sin señal
2025-05-24 18:12:48,850 [INFO] Datos JSON preparados para envío
2025-05-24 18:12:49,904 [INFO] Lectura BMP390
2025-05-24 18:12:50,085 [INFO] Lectura LTR390
2025-05-24 18:12:51,027 [INFO] Lectura desde ESP32-S3 por serial
2025-05-24 18:12:51,030 [WARNING] GPS sin señal
2025-05-24 18:12:51,031 [INFO] Datos JSON preparados para envío
2025-05-24 18:12:52,082 [INFO] Lectura BMP390
2025-05-24 18:12:52,266 [INFO] Lectura LTR390
2025-05-24 18:12:53,209 [INFO] Lectura desde ESP32-S3 por serial
2025-05-24 18:12:53,213 [WARNING] GPS sin señal
2025-05-24 18:12:53,214 [INFO] Datos JSON preparados para envío
2025-05-24 18:12:54,270 [INFO] Lectura BMP390
2025-05-24 18:12:54,456 [INFO] Lectura LTR390
2025-05-24 18:12:55,379 [INFO] Lectura desde ESP32-S3 por serial
2025-05-24 18:12:55,382 [WARNING] GPS sin señal
2025-05-24 18:12:55,383 [INFO] Datos JSON preparados para envío
2025-05-24 18:12:56,436 [INFO] Lectura BMP390
2025-05-24 18:12:56,627 [INFO] Lectura LTR390
2025-05-24 18:12:57,556 [INFO] Lectura desde ESP32-S3 por serial
2025-05-24 18:12:57,558 [WARNING] GPS sin señal
2025-05-24 18:12:57,559 [INFO] Datos JSON preparados para envío
2025-05-24 18:12:58,609 [INFO] Lectura BMP390
2025-05-24 18:12:58,802 [INFO] Lectura LTR390
2025-05-24 18:12:59,734 [INFO] Lectura desde ESP32-S3 por serial
2025-05-24 18:12:59,736 [WARNING] GPS sin señal
2025-05-24 18:12:59,737 [INFO] Datos JSON preparados para envío
2025-05-24 18:13:00,789 [INFO] Lectura BMP390
2025-05-24 18:13:00,980 [INFO] Lectura LTR390
2025-05-24 18:13:01,922 [INFO] Lectura desde ESP32-S3 por serial
2025-05-24 18:13:01,925 [WARNING] GPS sin señal
2025-05-24 18:13:01,926 [INFO] Datos JSON preparados para envío
2025-05-24 18:13:02,980 [INFO] Lectura BMP390
2025-05-24 18:13:03,169 [INFO] Lectura LTR390
2025-05-24 18:13:04,095 [INFO] Lectura desde ESP32-S3 por serial
2025-05-24 18:13:04,103 [WARNING] GPS sin señal
2025-05-24 18:13:04,104 [INFO] Datos JSON preparados para envío
2025-05-24 18:13:05,160 [INFO] Lectura BMP390
2025-05-24 18:13:05,359 [INFO] Lectura LTR390
2025-05-24 18:13:06,269 [INFO] Lectura desde ESP32-S3 por serial
2025-05-24 18:13:06,272 [WARNING] GPS sin señal
2025-05-24 18:13:06,278 [INFO] Datos JSON preparados para envío
2025-05-24 18:13:07,334 [INFO] Lectura BMP390
2025-05-24 18:13:07,516 [INFO] Lectura LTR390
2025-05-24 18:13:08,456 [INFO] Lectura desde ESP32-S3 por serial
2025-05-24 18:13:08,463 [WARNING] GPS sin señal
2025-05-24 18:13:08,464 [INFO] Datos JSON preparados para envío
2025-05-24 18:13:09,517 [INFO] Lectura BMP390
2025-05-24 18:13:09,699 [INFO] Lectura LTR390
2025-05-24 18:13:10,631 [INFO] Lectura desde ESP32-S3 por serial
2025-05-24 18:13:10,636 [WARNING] GPS sin señal
2025-05-24 18:13:10,637 [INFO] Datos JSON preparados para envío
2025-05-24 18:13:11,691 [INFO] Lectura BMP390
2025-05-24 18:13:11,876 [INFO] Lectura LTR390
2025-05-24 18:13:12,811 [INFO] Lectura desde ESP32-S3 por serial
2025-05-24 18:13:12,820 [WARNING] GPS sin señal
2025-05-24 18:13:12,823 [INFO] Datos JSON preparados para envío
2025-05-24 18:13:13,875 [INFO] Lectura BMP390
2025-05-24 18:13:14,061 [INFO] Lectura LTR390
2025-05-24 18:13:14,990 [INFO] Lectura desde ESP32-S3 por serial
2025-05-24 18:13:15,003 [WARNING] GPS sin señal
2025-05-24 18:13:15,004 [INFO] Datos JSON preparados para envío
2025-05-24 18:13:16,075 [INFO] Lectura BMP390
2025-05-24 18:13:16,256 [INFO] Lectura LTR390
2025-05-24 18:13:17,169 [INFO] Lectura desde ESP32-S3 por serial
2025-05-24 18:13:17,174 [WARNING] GPS sin señal
2025-05-24 18:13:17,175 [INFO] Datos JSON preparados para envío
2025-05-24 18:13:18,229 [INFO] Lectura BMP390
2025-05-24 18:13:18,410 [INFO] Lectura LTR390
2025-05-24 18:13:19,343 [INFO] Lectura desde ESP32-S3 por serial
2025-05-24 18:13:19,349 [WARNING] GPS sin señal
2025-05-24 18:13:19,352 [INFO] Datos JSON preparados para envío
2025-05-24 18:13:20,406 [INFO] Lectura BMP390
2025-05-24 18:13:20,594 [INFO] Lectura LTR390
2025-05-24 18:13:21,525 [INFO] Lectura desde ESP32-S3 por serial
2025-05-24 18:13:21,527 [WARNING] GPS sin señal
2025-05-24 18:13:21,529 [INFO] Datos JSON preparados para envío
2025-05-24 18:13:22,584 [INFO] Lectura BMP390
2025-05-24 18:13:22,765 [INFO] Lectura LTR390
2025-05-24 18:13:23,697 [INFO] Lectura desde ESP32-S3 por serial
2025-05-24 18:13:23,701 [WARNING] GPS sin señal
2025-05-24 18:13:23,702 [INFO] Datos JSON preparados para envío
2025-05-24 18:13:24,753 [INFO] Lectura BMP390
2025-05-24 18:13:24,939 [INFO] Lectura LTR390
2025-05-24 18:13:25,881 [INFO] Lectura desde ESP32-S3 por serial
2025-05-24 18:13:25,883 [WARNING] GPS sin señal
2025-05-24 18:13:25,884 [INFO] Datos JSON preparados para envío
2025-05-24 18:13:26,939 [INFO] Lectura BMP390
2025-05-24 18:13:27,130 [INFO] Lectura LTR390
2025-05-24 18:13:28,067 [INFO] Lectura desde ESP32-S3 por serial
2025-05-24 18:13:28,069 [WARNING] GPS sin señal
2025-05-24 18:13:28,070 [INFO] Datos JSON preparados para envío
2025-05-24 18:13:29,151 [INFO] Lectura BMP390
2025-05-24 18:13:29,338 [INFO] Lectura LTR390
2025-05-24 18:13:30,232 [INFO] Lectura desde ESP32-S3 por serial
2025-05-24 18:13:30,237 [WARNING] GPS sin señal
2025-05-24 18:13:30,240 [INFO] Datos JSON preparados para envío
2025-05-24 18:13:31,290 [INFO] Lectura BMP390
2025-05-24 18:13:31,473 [INFO] Lectura LTR390
2025-05-24 18:13:32,409 [INFO] Lectura desde ESP32-S3 por serial
2025-05-24 18:13:32,417 [WARNING] GPS sin señal
2025-05-24 18:13:32,419 [INFO] Datos JSON preparados para envío
2025-05-24 18:13:33,473 [INFO] Lectura BMP390
2025-05-24 18:13:33,653 [INFO] Lectura LTR390
2025-05-24 18:13:34,588 [INFO] Lectura desde ESP32-S3 por serial
2025-05-24 18:13:34,595 [WARNING] GPS sin señal
2025-05-24 18:13:34,596 [INFO] Datos JSON preparados para envío
2025-05-24 18:13:35,651 [INFO] Lectura BMP390
2025-05-24 18:13:35,835 [INFO] Lectura LTR390
2025-05-24 18:13:36,770 [INFO] Lectura desde ESP32-S3 por serial
2025-05-24 18:13:36,778 [WARNING] GPS sin señal
2025-05-24 18:13:36,779 [INFO] Datos JSON preparados para envío
2025-05-24 18:13:37,832 [INFO] Lectura BMP390
2025-05-24 18:13:38,015 [INFO] Lectura LTR390
2025-05-24 18:13:38,945 [INFO] Lectura desde ESP32-S3 por serial
2025-05-24 18:13:38,949 [WARNING] GPS sin señal
2025-05-24 18:13:38,950 [INFO] Datos JSON preparados para envío
2025-05-24 18:13:40,002 [INFO] Lectura BMP390
2025-05-24 18:13:40,186 [INFO] Lectura LTR390
2025-05-24 18:13:41,130 [INFO] Lectura desde ESP32-S3 por serial
2025-05-24 18:13:41,132 [WARNING] GPS sin señal
2025-05-24 18:13:41,133 [INFO] Datos JSON preparados para envío
2025-05-24 18:13:42,186 [INFO] Lectura BMP390
2025-05-24 18:13:42,372 [INFO] Lectura LTR390
2025-05-24 18:13:43,311 [INFO] Lectura desde ESP32-S3 por serial
2025-05-24 18:13:43,315 [WARNING] GPS sin señal
2025-05-24 18:13:43,316 [INFO] Datos JSON preparados para envío
2025-05-24 18:13:44,368 [INFO] Lectura BMP390
2025-05-24 18:13:44,549 [INFO] Lectura LTR390
2025-05-24 18:13:45,491 [INFO] Lectura desde ESP32-S3 por serial
2025-05-24 18:13:45,496 [WARNING] GPS sin señal
2025-05-24 18:13:45,497 [INFO] Datos JSON preparados para envío
2025-05-24 18:13:46,549 [INFO] Lectura BMP390
2025-05-24 18:13:46,744 [INFO] Lectura LTR390
2025-05-24 18:13:47,668 [INFO] Lectura desde ESP32-S3 por serial
2025-05-24 18:13:47,673 [WARNING] GPS sin señal
2025-05-24 18:13:47,676 [INFO] Datos JSON preparados para envío
2025-05-24 18:13:48,732 [INFO] Lectura BMP390
2025-05-24 18:13:48,922 [INFO] Lectura LTR390
2025-05-24 18:13:49,849 [INFO] Lectura desde ESP32-S3 por serial
2025-05-24 18:13:49,856 [WARNING] GPS sin señal
2025-05-24 18:13:49,857 [INFO] Datos JSON preparados para envío
2025-05-24 18:13:50,908 [INFO] Lectura BMP390
2025-05-24 18:13:51,093 [INFO] Lectura LTR390
2025-05-24 18:13:52,030 [INFO] Lectura desde ESP32-S3 por serial
2025-05-24 18:13:52,034 [WARNING] GPS sin señal
2025-05-24 18:13:52,035 [INFO] Datos JSON preparados para envío
2025-05-24 18:13:53,109 [INFO] Lectura BMP390
2025-05-24 18:13:53,304 [INFO] Lectura LTR390
2025-05-24 18:13:54,220 [INFO] Lectura desde ESP32-S3 por serial
2025-05-24 18:13:54,225 [WARNING] GPS sin señal
2025-05-24 18:13:54,226 [INFO] Datos JSON preparados para envío
2025-05-24 18:13:55,278 [INFO] Lectura BMP390
2025-05-24 18:13:55,466 [INFO] Lectura LTR390
2025-05-24 18:13:56,389 [INFO] Lectura desde ESP32-S3 por serial
2025-05-24 18:13:56,394 [WARNING] GPS sin señal
2025-05-24 18:13:56,395 [INFO] Datos JSON preparados para envío
2025-05-24 18:13:57,448 [INFO] Lectura BMP390
2025-05-24 18:13:57,633 [INFO] Lectura LTR390
2025-05-24 18:13:58,569 [INFO] Lectura desde ESP32-S3 por serial
2025-05-24 18:13:58,575 [WARNING] GPS sin señal
2025-05-24 18:13:58,578 [INFO] Datos JSON preparados para envío
2025-05-24 18:13:59,632 [INFO] Lectura BMP390
2025-05-24 18:13:59,828 [INFO] Lectura LTR390
2025-05-24 18:14:00,745 [INFO] Lectura desde ESP32-S3 por serial
2025-05-24 18:14:00,751 [WARNING] GPS sin señal
2025-05-24 18:14:00,756 [INFO] Datos JSON preparados para envío
2025-05-24 18:14:01,806 [INFO] Lectura BMP390
2025-05-24 18:14:01,990 [INFO] Lectura LTR390
2025-05-24 18:14:02,927 [INFO] Lectura desde ESP32-S3 por serial
2025-05-24 18:14:02,933 [WARNING] GPS sin señal
2025-05-24 18:14:02,935 [INFO] Datos JSON preparados para envío
2025-05-24 18:14:03,986 [INFO] Lectura BMP390
2025-05-24 18:14:04,176 [INFO] Lectura LTR390
2025-05-24 18:14:05,100 [INFO] Lectura desde ESP32-S3 por serial
2025-05-24 18:14:05,115 [WARNING] GPS sin señal
2025-05-24 18:14:05,120 [INFO] Datos JSON preparados para envío
2025-05-24 18:14:06,172 [INFO] Lectura BMP390
2025-05-24 18:14:06,363 [INFO] Lectura LTR390
2025-05-24 18:14:07,282 [INFO] Lectura desde ESP32-S3 por serial
2025-05-24 18:14:07,287 [WARNING] GPS sin señal
2025-05-24 18:14:07,289 [INFO] Datos JSON preparados para envío
2025-05-24 18:14:08,340 [INFO] Lectura BMP390
2025-05-24 18:14:08,523 [INFO] Lectura LTR390
2025-05-24 18:14:09,455 [INFO] Lectura desde ESP32-S3 por serial
2025-05-24 18:14:09,459 [WARNING] GPS sin señal
2025-05-24 18:14:09,464 [INFO] Datos JSON preparados para envío
2025-05-24 18:14:10,514 [INFO] Lectura BMP390
2025-05-24 18:14:10,692 [INFO] Lectura LTR390
2025-05-24 18:14:11,634 [INFO] Lectura desde ESP32-S3 por serial
2025-05-24 18:14:11,638 [WARNING] GPS sin señal
2025-05-24 18:14:11,639 [INFO] Datos JSON preparados para envío
2025-05-24 18:14:12,692 [INFO] Lectura BMP390
2025-05-24 18:14:12,871 [INFO] Lectura LTR390
2025-05-24 18:14:13,814 [INFO] Lectura desde ESP32-S3 por serial
2025-05-24 18:14:13,817 [WARNING] GPS sin señal
2025-05-24 18:14:13,818 [INFO] Datos JSON preparados para envío
2025-05-24 18:14:14,870 [INFO] Lectura BMP390
2025-05-24 18:14:15,052 [INFO] Lectura LTR390
2025-05-24 18:14:15,995 [INFO] Lectura desde ESP32-S3 por serial
2025-05-24 18:14:15,998 [WARNING] GPS sin señal
2025-05-24 18:14:15,999 [INFO] Datos JSON preparados para envío
2025-05-24 18:14:17,049 [INFO] Lectura BMP390
2025-05-24 18:14:17,246 [INFO] Lectura LTR390
2025-05-24 18:14:18,173 [INFO] Lectura desde ESP32-S3 por serial
2025-05-24 18:14:18,184 [WARNING] GPS sin señal
2025-05-24 18:14:18,199 [INFO] Datos JSON preparados para envío
2025-05-24 18:14:19,254 [INFO] Lectura BMP390
2025-05-24 18:14:19,446 [INFO] Lectura LTR390
2025-05-24 18:14:20,352 [INFO] Lectura desde ESP32-S3 por serial
2025-05-24 18:14:20,365 [WARNING] GPS sin señal
2025-05-24 18:14:20,366 [INFO] Datos JSON preparados para envío
2025-05-24 18:14:21,420 [INFO] Lectura BMP390
2025-05-24 18:14:21,604 [INFO] Lectura LTR390
2025-05-24 18:14:22,537 [INFO] Lectura desde ESP32-S3 por serial
2025-05-24 18:14:22,545 [WARNING] GPS sin señal
2025-05-24 18:14:22,546 [INFO] Datos JSON preparados para envío
2025-05-24 18:14:23,595 [INFO] Lectura BMP390
2025-05-24 18:14:23,796 [INFO] Lectura LTR390
2025-05-24 18:14:24,720 [INFO] Lectura desde ESP32-S3 por serial
2025-05-24 18:14:24,728 [WARNING] GPS sin señal
2025-05-24 18:14:24,729 [INFO] Datos JSON preparados para envío
2025-05-24 18:14:25,785 [INFO] Lectura BMP390
2025-05-24 18:14:25,968 [INFO] Lectura LTR390
2025-05-24 18:14:26,899 [INFO] Lectura desde ESP32-S3 por serial
2025-05-24 18:14:26,905 [WARNING] GPS sin señal
2025-05-24 18:14:26,906 [INFO] Datos JSON preparados para envío
2025-05-24 18:14:27,959 [INFO] Lectura BMP390
2025-05-24 18:14:28,139 [INFO] Lectura LTR390
2025-05-24 18:14:29,076 [INFO] Lectura desde ESP32-S3 por serial
2025-05-24 18:14:29,081 [WARNING] GPS sin señal
2025-05-24 18:14:29,082 [INFO] Datos JSON preparados para envío
2025-05-24 18:14:30,132 [INFO] Lectura BMP390
2025-05-24 18:14:30,315 [INFO] Lectura LTR390
2025-05-24 18:14:31,260 [INFO] Lectura desde ESP32-S3 por serial
2025-05-24 18:14:31,264 [WARNING] GPS sin señal
2025-05-24 18:14:31,265 [INFO] Datos JSON preparados para envío
2025-05-24 18:14:32,319 [INFO] Lectura BMP390
2025-05-24 18:14:32,503 [INFO] Lectura LTR390
2025-05-24 18:14:33,440 [INFO] Lectura desde ESP32-S3 por serial
2025-05-24 18:14:33,447 [WARNING] GPS sin señal
2025-05-24 18:14:33,449 [INFO] Datos JSON preparados para envío
2025-05-24 18:14:34,500 [INFO] Lectura BMP390
2025-05-24 18:14:34,680 [INFO] Lectura LTR390
2025-05-24 18:14:35,620 [INFO] Lectura desde ESP32-S3 por serial
2025-05-24 18:14:35,626 [WARNING] GPS sin señal
2025-05-24 18:14:35,627 [INFO] Datos JSON preparados para envío
2025-05-24 18:14:36,680 [INFO] Lectura BMP390
2025-05-24 18:14:36,860 [INFO] Lectura LTR390
2025-05-24 18:14:37,808 [INFO] Lectura desde ESP32-S3 por serial
2025-05-24 18:14:37,816 [WARNING] GPS sin señal
2025-05-24 18:14:37,817 [INFO] Datos JSON preparados para envío
2025-05-24 18:14:38,869 [INFO] Lectura BMP390
2025-05-24 18:14:39,050 [INFO] Lectura LTR390
2025-05-24 18:14:39,984 [INFO] Lectura desde ESP32-S3 por serial
2025-05-24 18:14:39,987 [WARNING] GPS sin señal
2025-05-24 18:14:39,989 [INFO] Datos JSON preparados para envío
2025-05-24 18:14:41,041 [INFO] Lectura BMP390
2025-05-24 18:14:41,222 [INFO] Lectura LTR390
2025-05-24 18:14:42,169 [INFO] Lectura desde ESP32-S3 por serial
2025-05-24 18:14:42,174 [WARNING] GPS sin señal
2025-05-24 18:14:42,175 [INFO] Datos JSON preparados para envío
2025-05-24 18:14:43,242 [INFO] Lectura BMP390
2025-05-24 18:14:43,428 [INFO] Lectura LTR390
2025-05-24 18:14:44,343 [INFO] Lectura desde ESP32-S3 por serial
2025-05-24 18:14:44,348 [WARNING] GPS sin señal
2025-05-24 18:14:44,349 [INFO] Datos JSON preparados para envío
2025-05-24 18:14:45,404 [INFO] Lectura BMP390
2025-05-24 18:14:45,592 [INFO] Lectura LTR390
2025-05-24 18:14:46,520 [INFO] Lectura desde ESP32-S3 por serial
2025-05-24 18:14:46,527 [WARNING] GPS sin señal
2025-05-24 18:14:46,528 [INFO] Datos JSON preparados para envío
2025-05-24 18:14:47,586 [INFO] Lectura BMP390
2025-05-24 18:14:47,768 [INFO] Lectura LTR390
2025-05-24 18:14:48,701 [INFO] Lectura desde ESP32-S3 por serial
2025-05-24 18:14:48,705 [WARNING] GPS sin señal
2025-05-24 18:14:48,711 [INFO] Datos JSON preparados para envío
2025-05-24 18:14:49,764 [INFO] Lectura BMP390
2025-05-24 18:14:49,946 [INFO] Lectura LTR390
2025-05-24 18:14:50,876 [INFO] Lectura desde ESP32-S3 por serial
2025-05-24 18:14:50,882 [WARNING] GPS sin señal
2025-05-24 18:14:50,883 [INFO] Datos JSON preparados para envío
2025-05-24 18:14:51,935 [INFO] Lectura BMP390
2025-05-24 18:14:52,119 [INFO] Lectura LTR390
2025-05-24 18:14:53,056 [INFO] Lectura desde ESP32-S3 por serial
2025-05-24 18:14:53,062 [WARNING] GPS sin señal
2025-05-24 18:14:53,064 [INFO] Datos JSON preparados para envío
2025-05-24 18:14:54,120 [INFO] Lectura BMP390
2025-05-24 18:14:54,305 [INFO] Lectura LTR390
2025-05-24 18:14:55,258 [INFO] Lectura desde ESP32-S3 por serial
2025-05-24 18:14:55,264 [WARNING] GPS sin señal
2025-05-24 18:14:55,269 [INFO] Datos JSON preparados para envío
2025-05-24 18:14:56,323 [INFO] Lectura BMP390
2025-05-24 18:14:56,503 [INFO] Lectura LTR390
                                                                                                                                                                                                                                                                                                                                                                                                                                                                                                                                                                                                                                                                                                                                                                                                                                                                                                                                                                                                                                                                                                                                                                                                                                                                                                                                                                                                                                                                                                     2025-05-24 18:15:18,961 [INFO] Inicio del sistema
2025-05-24 18:15:20,090 [INFO] Lectura BMP390
2025-05-24 18:15:20,142 [INFO] [31m[1mWARNING: This is a development server. Do not use it in a production deployment. Use a production WSGI server instead.[0m
 * Running on all addresses (0.0.0.0)
 * Running on http://127.0.0.1:8080
 * Running on http://127.0.0.1:8080
2025-05-24 18:15:20,143 [INFO] [33mPress CTRL+C to quit[0m
2025-05-24 18:15:20,305 [INFO] Lectura LTR390
2025-05-24 18:15:20,310 [WARNING] Lectura serial fallida o formato incorrecto
2025-05-24 18:15:20,311 [WARNING] GPS sin señal
2025-05-24 18:15:20,312 [INFO] Datos JSON preparados para envío
2025-05-24 18:15:21,363 [INFO] Lectura BMP390
2025-05-24 18:15:21,545 [INFO] Lectura LTR390
2025-05-24 18:15:21,937 [INFO] 192.168.95.213 - - [24/May/2025 18:15:21] "GET /datos HTTP/1.1" 200 -
2025-05-24 18:15:22,323 [INFO] Lectura desde ESP32-S3 por serial
2025-05-24 18:15:22,325 [WARNING] GPS sin señal
2025-05-24 18:15:22,326 [INFO] Datos JSON preparados para envío
2025-05-24 18:15:23,376 [INFO] Lectura BMP390
2025-05-24 18:15:23,553 [INFO] Lectura LTR390
2025-05-24 18:15:24,502 [INFO] Lectura desde ESP32-S3 por serial
2025-05-24 18:15:24,504 [WARNING] GPS sin señal
2025-05-24 18:15:24,505 [INFO] Datos JSON preparados para envío
2025-05-24 18:15:25,555 [INFO] Lectura BMP390
2025-05-24 18:15:25,734 [INFO] Lectura LTR390
2025-05-24 18:15:26,680 [INFO] Lectura desde ESP32-S3 por serial
2025-05-24 18:15:26,682 [WARNING] GPS sin señal
2025-05-24 18:15:26,685 [INFO] Datos JSON preparados para envío
2025-05-24 18:15:27,735 [INFO] Lectura BMP390
2025-05-24 18:15:27,911 [INFO] Lectura LTR390
2025-05-24 18:15:28,861 [INFO] Lectura desde ESP32-S3 por serial
2025-05-24 18:15:28,863 [WARNING] GPS sin señal
2025-05-24 18:15:28,864 [INFO] Datos JSON preparados para envío
2025-05-24 18:15:29,914 [INFO] Lectura BMP390
2025-05-24 18:15:30,095 [INFO] Lectura LTR390
2025-05-24 18:15:31,040 [INFO] Lectura desde ESP32-S3 por serial
2025-05-24 18:15:31,043 [WARNING] GPS sin señal
2025-05-24 18:15:31,043 [INFO] Datos JSON preparados para envío
2025-05-24 18:15:32,097 [INFO] Lectura BMP390
2025-05-24 18:15:32,273 [INFO] Lectura LTR390
2025-05-24 18:15:33,224 [INFO] Lectura desde ESP32-S3 por serial
2025-05-24 18:15:33,226 [WARNING] GPS sin señal
2025-05-24 18:15:33,227 [INFO] Datos JSON preparados para envío
2025-05-24 18:15:34,279 [INFO] Lectura BMP390
2025-05-24 18:15:34,455 [INFO] Lectura LTR390
2025-05-24 18:15:35,399 [INFO] Lectura desde ESP32-S3 por serial
2025-05-24 18:15:35,402 [WARNING] GPS sin señal
2025-05-24 18:15:35,403 [INFO] Datos JSON preparados para envío
2025-05-24 18:15:36,452 [INFO] Lectura BMP390
2025-05-24 18:15:36,629 [INFO] Lectura LTR390
2025-05-24 18:15:37,580 [INFO] Lectura desde ESP32-S3 por serial
2025-05-24 18:15:37,583 [WARNING] GPS sin señal
2025-05-24 18:15:37,585 [INFO] Datos JSON preparados para envío
2025-05-24 18:15:38,639 [INFO] Lectura BMP390
2025-05-24 18:15:38,829 [INFO] Lectura LTR390
2025-05-24 18:15:39,759 [INFO] Lectura desde ESP32-S3 por serial
2025-05-24 18:15:39,762 [WARNING] GPS sin señal
2025-05-24 18:15:39,762 [INFO] Datos JSON preparados para envío
2025-05-24 18:15:40,814 [INFO] Lectura BMP390
2025-05-24 18:15:40,990 [INFO] Lectura LTR390
2025-05-24 18:15:41,936 [INFO] Lectura desde ESP32-S3 por serial
2025-05-24 18:15:41,938 [WARNING] GPS sin señal
2025-05-24 18:15:41,939 [INFO] Datos JSON preparados para envío
2025-05-24 18:15:42,989 [INFO] Lectura BMP390
2025-05-24 18:15:43,165 [INFO] Lectura LTR390
2025-05-24 18:15:44,115 [INFO] Lectura desde ESP32-S3 por serial
2025-05-24 18:15:44,118 [WARNING] GPS sin señal
2025-05-24 18:15:44,119 [INFO] Datos JSON preparados para envío
2025-05-24 18:16:12,294 [INFO] Lectura BMP390
2025-05-24 18:16:12,473 [INFO] Lectura LTR390
2025-05-24 18:16:13,418 [INFO] Lectura desde ESP32-S3 por serial
2025-05-24 18:16:13,420 [WARNING] GPS sin señal
2025-05-24 18:16:13,421 [INFO] Datos JSON preparados para envío
2025-05-24 18:16:14,471 [INFO] Lectura BMP390
2025-05-24 18:16:14,653 [INFO] Lectura LTR390
2025-05-24 18:16:15,597 [INFO] Lectura desde ESP32-S3 por serial
2025-05-24 18:16:15,599 [WARNING] GPS sin señal
2025-05-24 18:16:15,600 [INFO] Datos JSON preparados para envío
2025-05-24 18:16:16,652 [INFO] Lectura BMP390
2025-05-24 18:16:16,839 [INFO] Lectura LTR390
2025-05-24 18:16:17,772 [INFO] Lectura desde ESP32-S3 por serial
2025-05-24 18:16:17,775 [WARNING] GPS sin señal
2025-05-24 18:16:17,776 [INFO] Datos JSON preparados para envío
2025-05-24 18:16:18,828 [INFO] Lectura BMP390
2025-05-24 18:16:19,009 [INFO] Lectura LTR390
2025-05-24 18:16:19,954 [INFO] Lectura desde ESP32-S3 por serial
2025-05-24 18:16:19,957 [WARNING] GPS sin señal
2025-05-24 18:16:19,962 [INFO] Datos JSON preparados para envío
2025-05-24 18:16:21,014 [INFO] Lectura BMP390
2025-05-24 18:16:21,203 [INFO] Lectura LTR390
2025-05-24 18:16:22,138 [INFO] Lectura desde ESP32-S3 por serial
2025-05-24 18:16:22,141 [WARNING] GPS sin señal
2025-05-24 18:16:22,142 [INFO] Datos JSON preparados para envío
2025-05-24 18:16:23,193 [INFO] Lectura BMP390
2025-05-24 18:16:23,392 [INFO] Lectura LTR390
2025-05-24 18:16:24,320 [INFO] Lectura desde ESP32-S3 por serial
2025-05-24 18:16:24,323 [WARNING] GPS sin señal
2025-05-24 18:16:24,324 [INFO] Datos JSON preparados para envío
2025-05-24 18:16:25,379 [INFO] Lectura BMP390
2025-05-24 18:16:25,565 [INFO] Lectura LTR390
2025-05-24 18:16:26,491 [INFO] Lectura desde ESP32-S3 por serial
2025-05-24 18:16:26,494 [WARNING] GPS sin señal
2025-05-24 18:16:26,495 [INFO] Datos JSON preparados para envío
2025-05-24 18:16:27,548 [INFO] Lectura BMP390
2025-05-24 18:16:27,733 [INFO] Lectura LTR390
2025-05-24 18:16:28,678 [INFO] Lectura desde ESP32-S3 por serial
2025-05-24 18:16:28,680 [WARNING] GPS sin señal
2025-05-24 18:16:28,681 [INFO] Datos JSON preparados para envío
2025-05-24 18:16:29,736 [INFO] Lectura BMP390
2025-05-24 18:16:29,917 [INFO] Lectura LTR390
2025-05-24 18:16:30,856 [INFO] Lectura desde ESP32-S3 por serial
2025-05-24 18:16:30,862 [WARNING] GPS sin señal
2025-05-24 18:16:30,863 [INFO] Datos JSON preparados para envío
2025-05-24 18:16:31,913 [INFO] Lectura BMP390
2025-05-24 18:16:32,096 [INFO] Lectura LTR390
2025-05-24 18:16:33,051 [INFO] Lectura desde ESP32-S3 por serial
2025-05-24 18:16:33,054 [WARNING] GPS sin señal
2025-05-24 18:16:33,056 [INFO] Datos JSON preparados para envío
2025-05-24 18:16:34,111 [INFO] Lectura BMP390
2025-05-24 18:16:34,293 [INFO] Lectura LTR390
2025-05-24 18:16:35,210 [INFO] Lectura desde ESP32-S3 por serial
2025-05-24 18:16:35,212 [WARNING] GPS sin señal
2025-05-24 18:16:35,213 [INFO] Datos JSON preparados para envío
2025-05-24 18:16:36,270 [INFO] Lectura BMP390
2025-05-24 18:16:36,448 [INFO] Lectura LTR390
2025-05-24 18:16:37,390 [INFO] Lectura desde ESP32-S3 por serial
2025-05-24 18:16:37,393 [WARNING] GPS sin señal
2025-05-24 18:16:37,394 [INFO] Datos JSON preparados para envío
2025-05-24 18:16:38,447 [INFO] Lectura BMP390
2025-05-24 18:16:38,627 [INFO] Lectura LTR390
2025-05-24 18:16:39,577 [INFO] Lectura desde ESP32-S3 por serial
2025-05-24 18:16:39,588 [WARNING] GPS sin señal
2025-05-24 18:16:39,589 [INFO] Datos JSON preparados para envío
2025-05-24 18:16:40,667 [INFO] Lectura BMP390
2025-05-24 18:16:40,857 [INFO] Lectura LTR390
2025-05-24 18:16:41,753 [INFO] Lectura desde ESP32-S3 por serial
2025-05-24 18:16:41,756 [WARNING] GPS sin señal
2025-05-24 18:16:41,757 [INFO] Datos JSON preparados para envío
2025-05-24 18:16:42,809 [INFO] Lectura BMP390
2025-05-24 18:16:42,998 [INFO] Lectura LTR390
2025-05-24 18:16:43,933 [INFO] Lectura desde ESP32-S3 por serial
2025-05-24 18:16:43,935 [WARNING] GPS sin señal
2025-05-24 18:16:43,936 [INFO] Datos JSON preparados para envío
2025-05-24 18:16:44,991 [INFO] Lectura BMP390
2025-05-24 18:16:45,177 [INFO] Lectura LTR390
2025-05-24 18:16:46,114 [INFO] Lectura desde ESP32-S3 por serial
2025-05-24 18:16:46,123 [WARNING] GPS sin señal
2025-05-24 18:16:46,125 [INFO] Datos JSON preparados para envío
2025-05-24 18:16:47,181 [INFO] Lectura BMP390
2025-05-24 18:16:47,371 [INFO] Lectura LTR390
2025-05-24 18:16:48,300 [INFO] Lectura desde ESP32-S3 por serial
2025-05-24 18:16:48,309 [WARNING] GPS sin señal
2025-05-24 18:16:48,310 [INFO] Datos JSON preparados para envío
2025-05-24 18:16:49,362 [INFO] Lectura BMP390
2025-05-24 18:16:49,546 [INFO] Lectura LTR390
2025-05-24 18:16:50,476 [INFO] Lectura desde ESP32-S3 por serial
2025-05-24 18:16:50,482 [WARNING] GPS sin señal
2025-05-24 18:16:50,487 [INFO] Datos JSON preparados para envío
2025-05-24 18:16:51,545 [INFO] Lectura BMP390
2025-05-24 18:16:51,726 [INFO] Lectura LTR390
2025-05-24 18:16:52,657 [INFO] Lectura desde ESP32-S3 por serial
2025-05-24 18:16:52,659 [WARNING] GPS sin señal
2025-05-24 18:16:52,660 [INFO] Datos JSON preparados para envío
2025-05-24 18:16:53,716 [INFO] Lectura BMP390
2025-05-24 18:16:53,905 [INFO] Lectura LTR390
2025-05-24 18:16:54,835 [INFO] Lectura desde ESP32-S3 por serial
2025-05-24 18:16:54,837 [WARNING] GPS sin señal
2025-05-24 18:16:54,839 [INFO] Datos JSON preparados para envío
2025-05-24 18:16:55,890 [INFO] Lectura BMP390
2025-05-24 18:16:56,071 [INFO] Lectura LTR390
2025-05-24 18:16:57,013 [INFO] Lectura desde ESP32-S3 por serial
2025-05-24 18:16:57,018 [WARNING] GPS sin señal
2025-05-24 18:16:57,020 [INFO] Datos JSON preparados para envío
2025-05-24 18:16:58,073 [INFO] Lectura BMP390
2025-05-24 18:16:58,255 [INFO] Lectura LTR390
2025-05-24 18:16:59,194 [INFO] Lectura desde ESP32-S3 por serial
2025-05-24 18:16:59,200 [WARNING] GPS sin señal
2025-05-24 18:16:59,201 [INFO] Datos JSON preparados para envío
2025-05-24 18:17:00,254 [INFO] Lectura BMP390
2025-05-24 18:17:00,437 [INFO] Lectura LTR390
2025-05-24 18:17:01,371 [INFO] Lectura desde ESP32-S3 por serial
2025-05-24 18:17:01,375 [WARNING] GPS sin señal
2025-05-24 18:17:01,376 [INFO] Datos JSON preparados para envío
2025-05-24 18:17:02,427 [INFO] Lectura BMP390
2025-05-24 18:17:02,615 [INFO] Lectura LTR390
2025-05-24 18:17:03,552 [INFO] Lectura desde ESP32-S3 por serial
2025-05-24 18:17:03,557 [WARNING] GPS sin señal
2025-05-24 18:17:03,561 [INFO] Datos JSON preparados para envío
2025-05-24 18:17:04,619 [INFO] Lectura BMP390
2025-05-24 18:17:04,810 [INFO] Lectura LTR390
2025-05-24 18:17:05,734 [INFO] Lectura desde ESP32-S3 por serial
2025-05-24 18:17:05,737 [WARNING] GPS sin señal
2025-05-24 18:17:05,738 [INFO] Datos JSON preparados para envío
2025-05-24 18:17:06,793 [INFO] Lectura BMP390
2025-05-24 18:17:06,986 [INFO] Lectura LTR390
2025-05-24 18:17:07,912 [INFO] Lectura desde ESP32-S3 por serial
2025-05-24 18:17:07,916 [WARNING] GPS sin señal
2025-05-24 18:17:07,917 [INFO] Datos JSON preparados para envío
2025-05-24 18:17:08,969 [INFO] Lectura BMP390
2025-05-24 18:17:09,153 [INFO] Lectura LTR390
2025-05-24 18:17:10,094 [INFO] Lectura desde ESP32-S3 por serial
2025-05-24 18:17:10,100 [WARNING] GPS sin señal
2025-05-24 18:17:10,102 [INFO] Datos JSON preparados para envío
2025-05-24 18:17:11,155 [INFO] Lectura BMP390
2025-05-24 18:17:11,338 [INFO] Lectura LTR390
2025-05-24 18:17:12,278 [INFO] Lectura desde ESP32-S3 por serial
2025-05-24 18:17:12,285 [WARNING] GPS sin señal
2025-05-24 18:17:12,289 [INFO] Datos JSON preparados para envío
2025-05-24 18:17:13,341 [INFO] Lectura BMP390
2025-05-24 18:17:13,521 [INFO] Lectura LTR390
2025-05-24 18:17:14,459 [INFO] Lectura desde ESP32-S3 por serial
2025-05-24 18:17:14,466 [WARNING] GPS sin señal
2025-05-24 18:17:14,468 [INFO] Datos JSON preparados para envío
2025-05-24 18:17:15,519 [INFO] Lectura BMP390
2025-05-24 18:17:15,697 [INFO] Lectura LTR390
2025-05-24 18:17:16,628 [INFO] Lectura desde ESP32-S3 por serial
2025-05-24 18:17:16,632 [WARNING] GPS sin señal
2025-05-24 18:17:16,633 [INFO] Datos JSON preparados para envío
2025-05-24 18:17:17,684 [INFO] Lectura BMP390
2025-05-24 18:17:17,861 [INFO] Lectura LTR390
2025-05-24 18:17:18,811 [INFO] Lectura desde ESP32-S3 por serial
2025-05-24 18:17:18,816 [WARNING] GPS sin señal
2025-05-24 18:17:18,818 [INFO] Datos JSON preparados para envío
2025-05-24 18:17:19,871 [INFO] Lectura BMP390
2025-05-24 18:17:20,058 [INFO] Lectura LTR390
2025-05-24 18:17:20,993 [INFO] Lectura desde ESP32-S3 por serial
2025-05-24 18:17:20,999 [WARNING] GPS sin señal
2025-05-24 18:17:21,002 [INFO] Datos JSON preparados para envío
2025-05-24 18:17:22,056 [INFO] Lectura BMP390
2025-05-24 18:17:22,239 [INFO] Lectura LTR390
2025-05-24 18:17:23,172 [INFO] Lectura desde ESP32-S3 por serial
2025-05-24 18:17:23,180 [WARNING] GPS sin señal
2025-05-24 18:17:23,182 [INFO] Datos JSON preparados para envío
2025-05-24 18:17:24,235 [INFO] Lectura BMP390
2025-05-24 18:17:24,418 [INFO] Lectura LTR390
2025-05-24 18:17:25,353 [INFO] Lectura desde ESP32-S3 por serial
2025-05-24 18:17:25,356 [WARNING] GPS sin señal
2025-05-24 18:17:25,358 [INFO] Datos JSON preparados para envío
2025-05-24 18:17:26,410 [INFO] Lectura BMP390
2025-05-24 18:17:26,588 [INFO] Lectura LTR390
2025-05-24 18:17:27,531 [INFO] Lectura desde ESP32-S3 por serial
2025-05-24 18:17:27,535 [WARNING] GPS sin señal
2025-05-24 18:17:27,537 [INFO] Datos JSON preparados para envío
2025-05-24 18:17:28,615 [INFO] Lectura BMP390
2025-05-24 18:17:28,824 [INFO] Lectura LTR390
2025-05-24 18:17:29,725 [INFO] Lectura desde ESP32-S3 por serial
2025-05-24 18:17:29,727 [WARNING] GPS sin señal
2025-05-24 18:17:29,729 [INFO] Datos JSON preparados para envío
2025-05-24 18:17:30,783 [INFO] Lectura BMP390
2025-05-24 18:17:30,966 [INFO] Lectura LTR390
2025-05-24 18:17:31,893 [INFO] Lectura desde ESP32-S3 por serial
2025-05-24 18:17:31,896 [WARNING] GPS sin señal
2025-05-24 18:17:31,897 [INFO] Datos JSON preparados para envío
2025-05-24 18:17:32,951 [INFO] Lectura BMP390
2025-05-24 18:17:33,131 [INFO] Lectura LTR390
2025-05-24 18:17:34,072 [INFO] Lectura desde ESP32-S3 por serial
2025-05-24 18:17:34,076 [WARNING] GPS sin señal
2025-05-24 18:17:34,077 [INFO] Datos JSON preparados para envío
2025-05-24 18:17:35,133 [INFO] Lectura BMP390
2025-05-24 18:17:35,317 [INFO] Lectura LTR390
2025-05-24 18:17:36,250 [INFO] Lectura desde ESP32-S3 por serial
2025-05-24 18:17:36,254 [WARNING] GPS sin señal
2025-05-24 18:17:36,255 [INFO] Datos JSON preparados para envío
2025-05-24 18:17:37,308 [INFO] Lectura BMP390
2025-05-24 18:17:37,494 [INFO] Lectura LTR390
2025-05-24 18:17:38,430 [INFO] Lectura desde ESP32-S3 por serial
2025-05-24 18:17:38,434 [WARNING] GPS sin señal
2025-05-24 18:17:38,437 [INFO] Datos JSON preparados para envío
2025-05-24 18:17:39,492 [INFO] Lectura BMP390
2025-05-24 18:17:39,681 [INFO] Lectura LTR390
2025-05-24 18:17:40,611 [INFO] Lectura desde ESP32-S3 por serial
2025-05-24 18:17:40,614 [WARNING] GPS sin señal
2025-05-24 18:17:40,615 [INFO] Datos JSON preparados para envío
2025-05-24 18:17:41,668 [INFO] Lectura BMP390
2025-05-24 18:17:41,849 [INFO] Lectura LTR390
2025-05-24 18:17:42,792 [INFO] Lectura desde ESP32-S3 por serial
2025-05-24 18:17:42,799 [WARNING] GPS sin señal
2025-05-24 18:17:42,800 [INFO] Datos JSON preparados para envío
2025-05-24 18:17:43,855 [INFO] Lectura BMP390
2025-05-24 18:17:44,040 [INFO] Lectura LTR390
2025-05-24 18:17:44,975 [INFO] Lectura desde ESP32-S3 por serial
2025-05-24 18:17:44,988 [WARNING] GPS sin señal
2025-05-24 18:17:44,990 [INFO] Datos JSON preparados para envío
2025-05-24 18:17:46,044 [INFO] Lectura BMP390
2025-05-24 18:17:46,228 [INFO] Lectura LTR390
2025-05-24 18:17:47,157 [INFO] Lectura desde ESP32-S3 por serial
2025-05-24 18:17:47,161 [WARNING] GPS sin señal
2025-05-24 18:17:47,162 [INFO] Datos JSON preparados para envío
2025-05-24 18:17:48,212 [INFO] Lectura BMP390
2025-05-24 18:17:48,398 [INFO] Lectura LTR390
2025-05-24 18:17:49,334 [INFO] Lectura desde ESP32-S3 por serial
2025-05-24 18:17:49,341 [WARNING] GPS sin señal
2025-05-24 18:17:49,342 [INFO] Datos JSON preparados para envío
2025-05-24 18:17:50,394 [INFO] Lectura BMP390
2025-05-24 18:17:50,578 [INFO] Lectura LTR390
2025-05-24 18:17:51,514 [INFO] Lectura desde ESP32-S3 por serial
2025-05-24 18:17:51,517 [WARNING] GPS sin señal
2025-05-24 18:17:51,523 [INFO] Datos JSON preparados para envío
2025-05-24 18:17:52,575 [INFO] Lectura BMP390
2025-05-24 18:17:52,774 [INFO] Lectura LTR390
2025-05-24 18:17:53,705 [INFO] Lectura desde ESP32-S3 por serial
2025-05-24 18:17:53,710 [WARNING] GPS sin señal
2025-05-24 18:17:53,713 [INFO] Datos JSON preparados para envío
2025-05-24 18:17:54,768 [INFO] Lectura BMP390
2025-05-24 18:17:54,950 [INFO] Lectura LTR390
2025-05-24 18:17:55,872 [INFO] Lectura desde ESP32-S3 por serial
2025-05-24 18:17:55,878 [WARNING] GPS sin señal
2025-05-24 18:17:55,880 [INFO] Datos JSON preparados para envío
2025-05-24 18:17:56,934 [INFO] Lectura BMP390
2025-05-24 18:17:57,114 [INFO] Lectura LTR390
2025-05-24 18:17:58,053 [INFO] Lectura desde ESP32-S3 por serial
2025-05-24 18:17:58,057 [WARNING] GPS sin señal
2025-05-24 18:17:58,059 [INFO] Datos JSON preparados para envío
2025-05-24 18:17:59,113 [INFO] Lectura BMP390
2025-05-24 18:17:59,295 [INFO] Lectura LTR390
2025-05-24 18:18:00,239 [INFO] Lectura desde ESP32-S3 por serial
2025-05-24 18:18:00,244 [WARNING] GPS sin señal
2025-05-24 18:18:00,249 [INFO] Datos JSON preparados para envío
2025-05-24 18:18:01,314 [INFO] Lectura BMP390
2025-05-24 18:18:01,511 [INFO] Lectura LTR390
2025-05-24 18:18:02,419 [INFO] Lectura desde ESP32-S3 por serial
2025-05-24 18:18:02,423 [WARNING] GPS sin señal
2025-05-24 18:18:02,428 [INFO] Datos JSON preparados para envío
2025-05-24 18:18:03,477 [INFO] Lectura BMP390
2025-05-24 18:18:03,669 [INFO] Lectura LTR390
2025-05-24 18:18:04,595 [INFO] Lectura desde ESP32-S3 por serial
2025-05-24 18:18:04,598 [WARNING] GPS sin señal
2025-05-24 18:18:04,599 [INFO] Datos JSON preparados para envío
2025-05-24 18:18:05,651 [INFO] Lectura BMP390
2025-05-24 18:18:05,828 [INFO] Lectura LTR390
2025-05-24 18:18:06,771 [INFO] Lectura desde ESP32-S3 por serial
2025-05-24 18:18:06,774 [WARNING] GPS sin señal
2025-05-24 18:18:06,775 [INFO] Datos JSON preparados para envío
2025-05-24 18:18:07,827 [INFO] Lectura BMP390
2025-05-24 18:18:08,012 [INFO] Lectura LTR390
2025-05-24 18:18:08,951 [INFO] Lectura desde ESP32-S3 por serial
2025-05-24 18:18:08,954 [WARNING] GPS sin señal
2025-05-24 18:18:08,955 [INFO] Datos JSON preparados para envío
2025-05-24 18:18:10,005 [INFO] Lectura BMP390
2025-05-24 18:18:10,189 [INFO] Lectura LTR390
2025-05-24 18:18:11,132 [INFO] Lectura desde ESP32-S3 por serial
2025-05-24 18:18:11,138 [WARNING] GPS sin señal
2025-05-24 18:18:11,145 [INFO] Datos JSON preparados para envío
2025-05-24 18:18:12,198 [INFO] Lectura BMP390
2025-05-24 18:18:12,379 [INFO] Lectura LTR390
2025-05-24 18:18:13,310 [INFO] Lectura desde ESP32-S3 por serial
2025-05-24 18:18:13,315 [WARNING] GPS sin señal
2025-05-24 18:18:13,316 [INFO] Datos JSON preparados para envío
2025-05-24 18:18:14,368 [INFO] Lectura BMP390
2025-05-24 18:18:14,549 [INFO] Lectura LTR390
2025-05-24 18:18:15,491 [INFO] Lectura desde ESP32-S3 por serial
2025-05-24 18:18:15,497 [WARNING] GPS sin señal
2025-05-24 18:18:15,499 [INFO] Datos JSON preparados para envío
2025-05-24 18:18:16,552 [INFO] Lectura BMP390
2025-05-24 18:18:16,732 [INFO] Lectura LTR390
2025-05-24 18:18:17,666 [INFO] Lectura desde ESP32-S3 por serial
2025-05-24 18:18:17,670 [WARNING] GPS sin señal
2025-05-24 18:18:17,671 [INFO] Datos JSON preparados para envío
2025-05-24 18:18:18,720 [INFO] Lectura BMP390
2025-05-24 18:18:18,902 [INFO] Lectura LTR390
2025-05-24 18:18:19,843 [INFO] Lectura desde ESP32-S3 por serial
2025-05-24 18:18:19,848 [WARNING] GPS sin señal
2025-05-24 18:18:19,850 [INFO] Datos JSON preparados para envío
2025-05-24 18:18:20,901 [INFO] Lectura BMP390
2025-05-24 18:18:21,083 [INFO] Lectura LTR390
2025-05-24 18:18:22,023 [INFO] Lectura desde ESP32-S3 por serial
2025-05-24 18:18:22,026 [WARNING] GPS sin señal
2025-05-24 18:18:22,030 [INFO] Datos JSON preparados para envío
2025-05-24 18:18:23,080 [INFO] Lectura BMP390
2025-05-24 18:18:23,269 [INFO] Lectura LTR390
2025-05-24 18:18:24,200 [INFO] Lectura desde ESP32-S3 por serial
2025-05-24 18:18:24,204 [WARNING] GPS sin señal
2025-05-24 18:18:24,205 [INFO] Datos JSON preparados para envío
2025-05-24 18:18:25,259 [INFO] Lectura BMP390
2025-05-24 18:18:25,442 [INFO] Lectura LTR390
2025-05-24 18:18:26,377 [INFO] Lectura desde ESP32-S3 por serial
2025-05-24 18:18:26,383 [WARNING] GPS sin señal
2025-05-24 18:18:26,388 [INFO] Datos JSON preparados para envío
2025-05-24 18:18:27,439 [INFO] Lectura BMP390
2025-05-24 18:18:27,620 [INFO] Lectura LTR390
2025-05-24 18:18:28,556 [INFO] Lectura desde ESP32-S3 por serial
2025-05-24 18:18:28,561 [WARNING] GPS sin señal
2025-05-24 18:18:28,562 [INFO] Datos JSON preparados para envío
2025-05-24 18:18:29,617 [INFO] Lectura BMP390
2025-05-24 18:18:29,811 [INFO] Lectura LTR390
2025-05-24 18:18:30,729 [INFO] Lectura desde ESP32-S3 por serial
2025-05-24 18:18:30,746 [WARNING] GPS sin señal
2025-05-24 18:18:30,748 [INFO] Datos JSON preparados para envío
2025-05-24 18:18:31,800 [INFO] Lectura BMP390
2025-05-24 18:18:31,983 [INFO] Lectura LTR390
2025-05-24 18:18:32,909 [INFO] Lectura desde ESP32-S3 por serial
2025-05-24 18:18:32,913 [WARNING] GPS sin señal
2025-05-24 18:18:32,914 [INFO] Datos JSON preparados para envío
2025-05-24 18:18:33,965 [INFO] Lectura BMP390
2025-05-24 18:18:34,149 [INFO] Lectura LTR390
2025-05-24 18:18:35,090 [INFO] Lectura desde ESP32-S3 por serial
2025-05-24 18:18:35,094 [WARNING] GPS sin señal
2025-05-24 18:18:35,096 [INFO] Datos JSON preparados para envío
2025-05-24 18:18:36,153 [INFO] Lectura BMP390
2025-05-24 18:18:36,338 [INFO] Lectura LTR390
2025-05-24 18:18:37,265 [INFO] Lectura desde ESP32-S3 por serial
2025-05-24 18:18:37,268 [WARNING] GPS sin señal
2025-05-24 18:18:37,269 [INFO] Datos JSON preparados para envío
2025-05-24 18:18:38,324 [INFO] Lectura BMP390
2025-05-24 18:18:38,504 [INFO] Lectura LTR390
2025-05-24 18:18:39,440 [INFO] Lectura desde ESP32-S3 por serial
2025-05-24 18:18:39,445 [WARNING] GPS sin señal
2025-05-24 18:18:39,450 [INFO] Datos JSON preparados para envío
2025-05-24 18:18:40,502 [INFO] Lectura BMP390
2025-05-24 18:18:40,690 [INFO] Lectura LTR390
2025-05-24 18:18:41,619 [INFO] Lectura desde ESP32-S3 por serial
2025-05-24 18:18:41,623 [WARNING] GPS sin señal
2025-05-24 18:18:41,639 [INFO] Datos JSON preparados para envío
2025-05-24 18:18:42,699 [INFO] Lectura BMP390
2025-05-24 18:18:42,881 [INFO] Lectura LTR390
2025-05-24 18:18:43,798 [INFO] Lectura desde ESP32-S3 por serial
2025-05-24 18:18:43,803 [WARNING] GPS sin señal
2025-05-24 18:18:43,804 [INFO] Datos JSON preparados para envío
2025-05-24 18:18:44,857 [INFO] Lectura BMP390
2025-05-24 18:18:45,048 [INFO] Lectura LTR390
2025-05-24 18:18:45,975 [INFO] Lectura desde ESP32-S3 por serial
2025-05-24 18:18:45,980 [WARNING] GPS sin señal
2025-05-24 18:18:45,982 [INFO] Datos JSON preparados para envío
2025-05-24 18:18:47,049 [INFO] Lectura BMP390
2025-05-24 18:18:47,238 [INFO] Lectura LTR390
2025-05-24 18:18:48,154 [INFO] Lectura desde ESP32-S3 por serial
2025-05-24 18:18:48,168 [WARNING] GPS sin señal
2025-05-24 18:18:48,169 [INFO] Datos JSON preparados para envío
2025-05-24 18:18:49,220 [INFO] Lectura BMP390
2025-05-24 18:18:49,403 [INFO] Lectura LTR390
2025-05-24 18:18:50,330 [INFO] Lectura desde ESP32-S3 por serial
2025-05-24 18:18:50,333 [WARNING] GPS sin señal
2025-05-24 18:18:50,335 [INFO] Datos JSON preparados para envío
2025-05-24 18:18:51,387 [INFO] Lectura BMP390
2025-05-24 18:18:51,569 [INFO] Lectura LTR390
2025-05-24 18:18:52,515 [INFO] Lectura desde ESP32-S3 por serial
2025-05-24 18:18:52,519 [WARNING] GPS sin señal
2025-05-24 18:18:52,521 [INFO] Datos JSON preparados para envío
2025-05-24 18:18:53,570 [INFO] Lectura BMP390
2025-05-24 18:18:53,749 [INFO] Lectura LTR390
2025-05-24 18:18:54,694 [INFO] Lectura desde ESP32-S3 por serial
2025-05-24 18:18:54,698 [WARNING] GPS sin señal
2025-05-24 18:18:54,699 [INFO] Datos JSON preparados para envío
2025-05-24 18:18:55,749 [INFO] Lectura BMP390
2025-05-24 18:18:55,935 [INFO] Lectura LTR390
2025-05-24 18:18:56,880 [INFO] Lectura desde ESP32-S3 por serial
2025-05-24 18:18:56,883 [WARNING] GPS sin señal
2025-05-24 18:18:56,884 [INFO] Datos JSON preparados para envío
2025-05-24 18:18:57,939 [INFO] Lectura BMP390
2025-05-24 18:18:58,122 [INFO] Lectura LTR390
2025-05-24 18:18:59,060 [INFO] Lectura desde ESP32-S3 por serial
2025-05-24 18:18:59,063 [WARNING] GPS sin señal
2025-05-24 18:18:59,064 [INFO] Datos JSON preparados para envío
2025-05-24 18:19:00,119 [INFO] Lectura BMP390
2025-05-24 18:19:00,308 [INFO] Lectura LTR390
2025-05-24 18:19:01,232 [INFO] Lectura desde ESP32-S3 por serial
2025-05-24 18:19:01,235 [WARNING] GPS sin señal
2025-05-24 18:19:01,236 [INFO] Datos JSON preparados para envío
2025-05-24 18:19:02,289 [INFO] Lectura BMP390
2025-05-24 18:19:02,473 [INFO] Lectura LTR390
2025-05-24 18:19:03,407 [INFO] Lectura desde ESP32-S3 por serial
2025-05-24 18:19:03,410 [WARNING] GPS sin señal
2025-05-24 18:19:03,413 [INFO] Datos JSON preparados para envío
2025-05-24 18:19:04,463 [INFO] Lectura BMP390
2025-05-24 18:19:04,644 [INFO] Lectura LTR390
2025-05-24 18:19:05,587 [INFO] Lectura desde ESP32-S3 por serial
2025-05-24 18:19:05,593 [WARNING] GPS sin señal
2025-05-24 18:19:05,594 [INFO] Datos JSON preparados para envío
2025-05-24 18:19:06,644 [INFO] Lectura BMP390
2025-05-24 18:19:06,822 [INFO] Lectura LTR390
2025-05-24 18:19:07,769 [INFO] Lectura desde ESP32-S3 por serial
2025-05-24 18:19:07,772 [WARNING] GPS sin señal
2025-05-24 18:19:07,773 [INFO] Datos JSON preparados para envío
2025-05-24 18:19:08,825 [INFO] Lectura BMP390
2025-05-24 18:19:09,014 [INFO] Lectura LTR390
2025-05-24 18:19:09,949 [INFO] Lectura desde ESP32-S3 por serial
2025-05-24 18:19:09,956 [WARNING] GPS sin señal
2025-05-24 18:19:09,958 [INFO] Datos JSON preparados para envío
2025-05-24 18:19:11,011 [INFO] Lectura BMP390
2025-05-24 18:19:11,191 [INFO] Lectura LTR390
2025-05-24 18:19:12,125 [INFO] Lectura desde ESP32-S3 por serial
2025-05-24 18:19:12,130 [WARNING] GPS sin señal
2025-05-24 18:19:12,132 [INFO] Datos JSON preparados para envío
2025-05-24 18:19:13,188 [INFO] Lectura BMP390
2025-05-24 18:19:13,372 [INFO] Lectura LTR390
2025-05-24 18:19:14,306 [INFO] Lectura desde ESP32-S3 por serial
2025-05-24 18:19:14,314 [WARNING] GPS sin señal
2025-05-24 18:19:14,317 [INFO] Datos JSON preparados para envío
2025-05-24 18:19:15,370 [INFO] Lectura BMP390
2025-05-24 18:19:15,550 [INFO] Lectura LTR390
2025-05-24 18:19:16,484 [INFO] Lectura desde ESP32-S3 por serial
2025-05-24 18:19:16,489 [WARNING] GPS sin señal
2025-05-24 18:19:16,492 [INFO] Datos JSON preparados para envío
2025-05-24 18:19:17,545 [INFO] Lectura BMP390
2025-05-24 18:19:17,728 [INFO] Lectura LTR390
2025-05-24 18:19:18,655 [INFO] Lectura desde ESP32-S3 por serial
2025-05-24 18:19:18,658 [WARNING] GPS sin señal
2025-05-24 18:19:18,659 [INFO] Datos JSON preparados para envío
2025-05-24 18:19:19,713 [INFO] Lectura BMP390
2025-05-24 18:19:19,893 [INFO] Lectura LTR390
2025-05-24 18:19:20,833 [INFO] Lectura desde ESP32-S3 por serial
2025-05-24 18:19:20,836 [WARNING] GPS sin señal
2025-05-24 18:19:20,837 [INFO] Datos JSON preparados para envío
2025-05-24 18:19:21,887 [INFO] Lectura BMP390
2025-05-24 18:19:22,064 [INFO] Lectura LTR390
2025-05-24 18:19:23,017 [INFO] Lectura desde ESP32-S3 por serial
2025-05-24 18:19:23,025 [WARNING] GPS sin señal
2025-05-24 18:19:23,027 [INFO] Datos JSON preparados para envío
2025-05-24 18:19:24,079 [INFO] Lectura BMP390
2025-05-24 18:19:24,265 [INFO] Lectura LTR390
2025-05-24 18:19:25,194 [INFO] Lectura desde ESP32-S3 por serial
2025-05-24 18:19:25,201 [WARNING] GPS sin señal
2025-05-24 18:19:25,203 [INFO] Datos JSON preparados para envío
2025-05-24 18:19:26,255 [INFO] Lectura BMP390
2025-05-24 18:19:26,436 [INFO] Lectura LTR390
2025-05-24 18:19:27,378 [INFO] Lectura desde ESP32-S3 por serial
2025-05-24 18:19:27,384 [WARNING] GPS sin señal
2025-05-24 18:19:27,386 [INFO] Datos JSON preparados para envío
2025-05-24 18:19:28,441 [INFO] Lectura BMP390
2025-05-24 18:19:28,621 [INFO] Lectura LTR390
2025-05-24 18:19:29,554 [INFO] Lectura desde ESP32-S3 por serial
2025-05-24 18:19:29,561 [WARNING] GPS sin señal
2025-05-24 18:19:29,563 [INFO] Datos JSON preparados para envío
2025-05-24 18:19:30,614 [INFO] Lectura BMP390
2025-05-24 18:19:30,796 [INFO] Lectura LTR390
2025-05-24 18:19:31,730 [INFO] Lectura desde ESP32-S3 por serial
2025-05-24 18:19:31,735 [WARNING] GPS sin señal
2025-05-24 18:19:31,736 [INFO] Datos JSON preparados para envío
2025-05-24 18:19:32,788 [INFO] Lectura BMP390
2025-05-24 18:19:32,969 [INFO] Lectura LTR390
2025-05-24 18:19:33,908 [INFO] Lectura desde ESP32-S3 por serial
2025-05-24 18:19:33,911 [WARNING] GPS sin señal
2025-05-24 18:19:33,912 [INFO] Datos JSON preparados para envío
2025-05-24 18:19:34,966 [INFO] Lectura BMP390
2025-05-24 18:19:35,147 [INFO] Lectura LTR390
2025-05-24 18:19:36,083 [INFO] Lectura desde ESP32-S3 por serial
2025-05-24 18:19:36,096 [WARNING] GPS sin señal
2025-05-24 18:19:36,098 [INFO] Datos JSON preparados para envío
2025-05-24 18:19:37,151 [INFO] Lectura BMP390
2025-05-24 18:19:37,333 [INFO] Lectura LTR390
2025-05-24 18:19:38,264 [INFO] Lectura desde ESP32-S3 por serial
2025-05-24 18:19:38,270 [WARNING] GPS sin señal
2025-05-24 18:19:38,272 [INFO] Datos JSON preparados para envío
2025-05-24 18:19:39,325 [INFO] Lectura BMP390
2025-05-24 18:19:39,505 [INFO] Lectura LTR390
2025-05-24 18:19:40,442 [INFO] Lectura desde ESP32-S3 por serial
2025-05-24 18:19:40,451 [WARNING] GPS sin señal
2025-05-24 18:19:40,453 [INFO] Datos JSON preparados para envío
2025-05-24 18:19:41,509 [INFO] Lectura BMP390
2025-05-24 18:19:41,689 [INFO] Lectura LTR390
2025-05-24 18:19:42,618 [INFO] Lectura desde ESP32-S3 por serial
2025-05-24 18:19:42,623 [WARNING] GPS sin señal
2025-05-24 18:19:42,624 [INFO] Datos JSON preparados para envío
2025-05-24 18:19:43,673 [INFO] Lectura BMP390
2025-05-24 18:19:43,854 [INFO] Lectura LTR390
2025-05-24 18:19:44,799 [INFO] Lectura desde ESP32-S3 por serial
2025-05-24 18:19:44,806 [WARNING] GPS sin señal
2025-05-24 18:19:44,808 [INFO] Datos JSON preparados para envío
2025-05-24 18:19:45,861 [INFO] Lectura BMP390
2025-05-24 18:19:46,044 [INFO] Lectura LTR390
2025-05-24 18:19:46,971 [INFO] Lectura desde ESP32-S3 por serial
2025-05-24 18:19:46,978 [WARNING] GPS sin señal
2025-05-24 18:19:46,980 [INFO] Datos JSON preparados para envío
2025-05-24 18:19:48,031 [INFO] Lectura BMP390
2025-05-24 18:19:48,214 [INFO] Lectura LTR390
2025-05-24 18:19:49,148 [INFO] Lectura desde ESP32-S3 por serial
2025-05-24 18:19:49,156 [WARNING] GPS sin señal
2025-05-24 18:19:49,158 [INFO] Datos JSON preparados para envío
2025-05-24 18:19:50,215 [INFO] Lectura BMP390
2025-05-24 18:19:50,398 [INFO] Lectura LTR390
2025-05-24 18:19:51,334 [INFO] Lectura desde ESP32-S3 por serial
2025-05-24 18:19:51,341 [WARNING] GPS sin señal
2025-05-24 18:19:51,343 [INFO] Datos JSON preparados para envío
2025-05-24 18:19:52,396 [INFO] Lectura BMP390
2025-05-24 18:19:52,579 [INFO] Lectura LTR390
2025-05-24 18:19:53,506 [INFO] Lectura desde ESP32-S3 por serial
2025-05-24 18:19:53,509 [WARNING] GPS sin señal
2025-05-24 18:19:53,510 [INFO] Datos JSON preparados para envío
2025-05-24 18:19:54,564 [INFO] Lectura BMP390
2025-05-24 18:19:54,740 [INFO] Lectura LTR390
2025-05-24 18:19:55,683 [INFO] Lectura desde ESP32-S3 por serial
2025-05-24 18:19:55,686 [WARNING] GPS sin señal
2025-05-24 18:19:55,687 [INFO] Datos JSON preparados para envío
2025-05-24 18:19:56,745 [INFO] Lectura BMP390
2025-05-24 18:19:56,931 [INFO] Lectura LTR390
2025-05-24 18:19:57,862 [INFO] Lectura desde ESP32-S3 por serial
2025-05-24 18:19:57,870 [WARNING] GPS sin señal
2025-05-24 18:19:57,871 [INFO] Datos JSON preparados para envío
2025-05-24 18:19:58,921 [INFO] Lectura BMP390
2025-05-24 18:19:59,107 [INFO] Lectura LTR390
2025-05-24 18:20:00,035 [INFO] Lectura desde ESP32-S3 por serial
2025-05-24 18:20:00,038 [WARNING] GPS sin señal
2025-05-24 18:20:00,039 [INFO] Datos JSON preparados para envío
2025-05-24 18:20:01,096 [INFO] Lectura BMP390
2025-05-24 18:20:01,275 [INFO] Lectura LTR390
2025-05-24 18:20:02,222 [INFO] Lectura desde ESP32-S3 por serial
2025-05-24 18:20:02,230 [WARNING] GPS sin señal
2025-05-24 18:20:02,232 [INFO] Datos JSON preparados para envío
2025-05-24 18:20:03,290 [INFO] Lectura BMP390
2025-05-24 18:20:03,472 [INFO] Lectura LTR390
2025-05-24 18:20:04,394 [INFO] Lectura desde ESP32-S3 por serial
2025-05-24 18:20:04,400 [WARNING] GPS sin señal
2025-05-24 18:20:04,401 [INFO] Datos JSON preparados para envío
2025-05-24 18:20:05,451 [INFO] Lectura BMP390
2025-05-24 18:20:05,628 [INFO] Lectura LTR390
2025-05-24 18:20:06,572 [INFO] Lectura desde ESP32-S3 por serial
2025-05-24 18:20:06,576 [WARNING] GPS sin señal
2025-05-24 18:20:06,577 [INFO] Datos JSON preparados para envío
2025-05-24 18:20:07,629 [INFO] Lectura BMP390
2025-05-24 18:20:07,805 [INFO] Lectura LTR390
2025-05-24 18:20:08,752 [INFO] Lectura desde ESP32-S3 por serial
2025-05-24 18:20:08,758 [WARNING] GPS sin señal
2025-05-24 18:20:08,760 [INFO] Datos JSON preparados para envío
2025-05-24 18:20:09,814 [INFO] Lectura BMP390
2025-05-24 18:20:09,994 [INFO] Lectura LTR390
2025-05-24 18:20:10,929 [INFO] Lectura desde ESP32-S3 por serial
2025-05-24 18:20:10,937 [WARNING] GPS sin señal
2025-05-24 18:20:10,940 [INFO] Datos JSON preparados para envío
2025-05-24 18:20:11,993 [INFO] Lectura BMP390
2025-05-24 18:20:12,173 [INFO] Lectura LTR390
2025-05-24 18:20:13,110 [INFO] Lectura desde ESP32-S3 por serial
2025-05-24 18:20:13,117 [WARNING] GPS sin señal
2025-05-24 18:20:13,119 [INFO] Datos JSON preparados para envío
2025-05-24 18:20:14,172 [INFO] Lectura BMP390
2025-05-24 18:20:14,355 [INFO] Lectura LTR390
2025-05-24 18:20:15,286 [INFO] Lectura desde ESP32-S3 por serial
2025-05-24 18:20:15,294 [WARNING] GPS sin señal
2025-05-24 18:20:15,296 [INFO] Datos JSON preparados para envío
2025-05-24 18:20:16,351 [INFO] Lectura BMP390
2025-05-24 18:20:16,531 [INFO] Lectura LTR390
2025-05-24 18:20:17,465 [INFO] Lectura desde ESP32-S3 por serial
2025-05-24 18:20:17,471 [WARNING] GPS sin señal
2025-05-24 18:20:17,473 [INFO] Datos JSON preparados para envío
2025-05-24 18:20:18,523 [INFO] Lectura BMP390
2025-05-24 18:20:18,699 [INFO] Lectura LTR390
2025-05-24 18:20:19,640 [INFO] Lectura desde ESP32-S3 por serial
2025-05-24 18:20:19,644 [WARNING] GPS sin señal
2025-05-24 18:20:19,645 [INFO] Datos JSON preparados para envío
2025-05-24 18:20:20,695 [INFO] Lectura BMP390
2025-05-24 18:20:20,871 [INFO] Lectura LTR390
2025-05-24 18:20:21,818 [INFO] Lectura desde ESP32-S3 por serial
2025-05-24 18:20:21,821 [WARNING] GPS sin señal
2025-05-24 18:20:21,822 [INFO] Datos JSON preparados para envío
2025-05-24 18:20:22,873 [INFO] Lectura BMP390
2025-05-24 18:20:23,053 [INFO] Lectura LTR390
2025-05-24 18:20:23,995 [INFO] Lectura desde ESP32-S3 por serial
2025-05-24 18:20:24,003 [WARNING] GPS sin señal
2025-05-24 18:20:24,004 [INFO] Datos JSON preparados para envío
2025-05-24 18:20:25,059 [INFO] Lectura BMP390
2025-05-24 18:20:25,246 [INFO] Lectura LTR390
2025-05-24 18:20:26,178 [INFO] Lectura desde ESP32-S3 por serial
2025-05-24 18:20:26,185 [WARNING] GPS sin señal
2025-05-24 18:20:26,187 [INFO] Datos JSON preparados para envío
2025-05-24 18:20:27,240 [INFO] Lectura BMP390
2025-05-24 18:20:27,425 [INFO] Lectura LTR390
2025-05-24 18:20:28,350 [INFO] Lectura desde ESP32-S3 por serial
2025-05-24 18:20:28,355 [WARNING] GPS sin señal
2025-05-24 18:20:28,357 [INFO] Datos JSON preparados para envío
2025-05-24 18:20:29,413 [INFO] Lectura BMP390
2025-05-24 18:20:29,593 [INFO] Lectura LTR390
2025-05-24 18:20:30,529 [INFO] Lectura desde ESP32-S3 por serial
2025-05-24 18:20:30,534 [WARNING] GPS sin señal
2025-05-24 18:20:30,536 [INFO] Datos JSON preparados para envío
2025-05-24 18:20:31,588 [INFO] Lectura BMP390
2025-05-24 18:20:31,769 [INFO] Lectura LTR390
2025-05-24 18:20:32,705 [INFO] Lectura desde ESP32-S3 por serial
2025-05-24 18:20:32,710 [WARNING] GPS sin señal
2025-05-24 18:20:32,711 [INFO] Datos JSON preparados para envío
2025-05-24 18:20:33,764 [INFO] Lectura BMP390
2025-05-24 18:20:33,950 [INFO] Lectura LTR390
2025-05-24 18:20:34,885 [INFO] Lectura desde ESP32-S3 por serial
2025-05-24 18:20:34,891 [WARNING] GPS sin señal
2025-05-24 18:20:34,893 [INFO] Datos JSON preparados para envío
2025-05-24 18:20:35,949 [INFO] Lectura BMP390
2025-05-24 18:20:36,132 [INFO] Lectura LTR390
2025-05-24 18:20:37,070 [INFO] Lectura desde ESP32-S3 por serial
2025-05-24 18:20:37,077 [WARNING] GPS sin señal
2025-05-24 18:20:37,079 [INFO] Datos JSON preparados para envío
2025-05-24 18:20:38,131 [INFO] Lectura BMP390
2025-05-24 18:20:38,319 [INFO] Lectura LTR390
2025-05-24 18:20:39,243 [INFO] Lectura desde ESP32-S3 por serial
2025-05-24 18:20:39,248 [WARNING] GPS sin señal
2025-05-24 18:20:39,249 [INFO] Datos JSON preparados para envío
2025-05-24 18:20:40,301 [INFO] Lectura BMP390
2025-05-24 18:20:40,485 [INFO] Lectura LTR390
2025-05-24 18:20:41,424 [INFO] Lectura desde ESP32-S3 por serial
2025-05-24 18:20:41,432 [WARNING] GPS sin señal
2025-05-24 18:20:41,434 [INFO] Datos JSON preparados para envío
2025-05-24 18:20:42,486 [INFO] Lectura BMP390
2025-05-24 18:20:42,669 [INFO] Lectura LTR390
2025-05-24 18:20:43,598 [INFO] Lectura desde ESP32-S3 por serial
2025-05-24 18:20:43,601 [WARNING] GPS sin señal
2025-05-24 18:20:43,602 [INFO] Datos JSON preparados para envío
2025-05-24 18:20:44,655 [INFO] Lectura BMP390
2025-05-24 18:20:44,832 [INFO] Lectura LTR390
2025-05-24 18:20:45,781 [INFO] Lectura desde ESP32-S3 por serial
2025-05-24 18:20:45,789 [WARNING] GPS sin señal
2025-05-24 18:20:45,790 [INFO] Datos JSON preparados para envío
2025-05-24 18:20:46,845 [INFO] Lectura BMP390
2025-05-24 18:20:47,028 [INFO] Lectura LTR390
2025-05-24 18:20:47,958 [INFO] Lectura desde ESP32-S3 por serial
2025-05-24 18:20:47,964 [WARNING] GPS sin señal
2025-05-24 18:20:47,966 [INFO] Datos JSON preparados para envío
2025-05-24 18:20:49,018 [INFO] Lectura BMP390
2025-05-24 18:20:49,204 [INFO] Lectura LTR390
2025-05-24 18:20:50,135 [INFO] Lectura desde ESP32-S3 por serial
2025-05-24 18:20:50,143 [WARNING] GPS sin señal
2025-05-24 18:20:50,145 [INFO] Datos JSON preparados para envío
2025-05-24 18:20:51,197 [INFO] Lectura BMP390
2025-05-24 18:20:51,378 [INFO] Lectura LTR390
2025-05-24 18:20:52,311 [INFO] Lectura desde ESP32-S3 por serial
2025-05-24 18:20:52,318 [WARNING] GPS sin señal
2025-05-24 18:20:52,321 [INFO] Datos JSON preparados para envío
2025-05-24 18:20:53,372 [INFO] Lectura BMP390
2025-05-24 18:20:53,556 [INFO] Lectura LTR390
2025-05-24 18:20:54,489 [INFO] Lectura desde ESP32-S3 por serial
2025-05-24 18:20:54,496 [WARNING] GPS sin señal
2025-05-24 18:20:54,498 [INFO] Datos JSON preparados para envío
2025-05-24 18:20:55,549 [INFO] Lectura BMP390
2025-05-24 18:20:55,745 [INFO] Lectura LTR390
2025-05-24 18:20:56,668 [INFO] Lectura desde ESP32-S3 por serial
2025-05-24 18:20:56,672 [WARNING] GPS sin señal
2025-05-24 18:20:56,674 [INFO] Datos JSON preparados para envío
2025-05-24 18:20:57,729 [INFO] Lectura BMP390
2025-05-24 18:20:57,909 [INFO] Lectura LTR390
2025-05-24 18:20:58,849 [INFO] Lectura desde ESP32-S3 por serial
2025-05-24 18:20:58,856 [WARNING] GPS sin señal
2025-05-24 18:20:58,858 [INFO] Datos JSON preparados para envío
2025-05-24 18:20:59,911 [INFO] Lectura BMP390
2025-05-24 18:21:00,093 [INFO] Lectura LTR390
2025-05-24 18:21:01,026 [INFO] Lectura desde ESP32-S3 por serial
2025-05-24 18:21:01,032 [WARNING] GPS sin señal
2025-05-24 18:21:01,034 [INFO] Datos JSON preparados para envío
2025-05-24 18:21:02,085 [INFO] Lectura BMP390
2025-05-24 18:21:02,266 [INFO] Lectura LTR390
2025-05-24 18:21:03,201 [INFO] Lectura desde ESP32-S3 por serial
2025-05-24 18:21:03,209 [WARNING] GPS sin señal
2025-05-24 18:21:03,212 [INFO] Datos JSON preparados para envío
2025-05-24 18:21:04,265 [INFO] Lectura BMP390
2025-05-24 18:21:04,447 [INFO] Lectura LTR390
2025-05-24 18:21:05,378 [INFO] Lectura desde ESP32-S3 por serial
2025-05-24 18:21:05,385 [WARNING] GPS sin señal
2025-05-24 18:21:05,386 [INFO] Datos JSON preparados para envío
2025-05-24 18:21:06,443 [INFO] Lectura BMP390
2025-05-24 18:21:06,629 [INFO] Lectura LTR390
2025-05-24 18:21:07,554 [INFO] Lectura desde ESP32-S3 por serial
2025-05-24 18:21:07,560 [WARNING] GPS sin señal
2025-05-24 18:21:07,562 [INFO] Datos JSON preparados para envío
2025-05-24 18:21:08,613 [INFO] Lectura BMP390
2025-05-24 18:21:08,791 [INFO] Lectura LTR390
2025-05-24 18:21:09,734 [INFO] Lectura desde ESP32-S3 por serial
2025-05-24 18:21:09,741 [WARNING] GPS sin señal
2025-05-24 18:21:09,742 [INFO] Datos JSON preparados para envío
2025-05-24 18:21:10,795 [INFO] Lectura BMP390
2025-05-24 18:21:10,980 [INFO] Lectura LTR390
2025-05-24 18:21:11,912 [INFO] Lectura desde ESP32-S3 por serial
2025-05-24 18:21:11,921 [WARNING] GPS sin señal
2025-05-24 18:21:11,923 [INFO] Datos JSON preparados para envío
2025-05-24 18:21:12,980 [INFO] Lectura BMP390
2025-05-24 18:21:13,160 [INFO] Lectura LTR390
2025-05-24 18:21:14,092 [INFO] Lectura desde ESP32-S3 por serial
2025-05-24 18:21:14,099 [WARNING] GPS sin señal
2025-05-24 18:21:14,100 [INFO] Datos JSON preparados para envío
2025-05-24 18:21:15,153 [INFO] Lectura BMP390
2025-05-24 18:21:15,335 [INFO] Lectura LTR390
2025-05-24 18:21:16,263 [INFO] Lectura desde ESP32-S3 por serial
2025-05-24 18:21:16,272 [WARNING] GPS sin señal
2025-05-24 18:21:16,274 [INFO] Datos JSON preparados para envío
2025-05-24 18:21:17,326 [INFO] Lectura BMP390
2025-05-24 18:21:17,511 [INFO] Lectura LTR390
2025-05-24 18:21:18,447 [INFO] Lectura desde ESP32-S3 por serial
2025-05-24 18:21:18,451 [WARNING] GPS sin señal
2025-05-24 18:21:18,457 [INFO] Datos JSON preparados para envío
2025-05-24 18:21:19,510 [INFO] Lectura BMP390
2025-05-24 18:21:19,691 [INFO] Lectura LTR390
2025-05-24 18:21:20,615 [INFO] Lectura desde ESP32-S3 por serial
2025-05-24 18:21:20,620 [WARNING] GPS sin señal
2025-05-24 18:21:20,621 [INFO] Datos JSON preparados para envío
2025-05-24 18:21:21,672 [INFO] Lectura BMP390
2025-05-24 18:21:21,855 [INFO] Lectura LTR390
2025-05-24 18:21:22,799 [INFO] Lectura desde ESP32-S3 por serial
2025-05-24 18:21:22,803 [WARNING] GPS sin señal
2025-05-24 18:21:22,808 [INFO] Datos JSON preparados para envío
2025-05-24 18:21:23,858 [INFO] Lectura BMP390
2025-05-24 18:21:24,036 [INFO] Lectura LTR390
2025-05-24 18:21:24,977 [INFO] Lectura desde ESP32-S3 por serial
2025-05-24 18:21:24,981 [WARNING] GPS sin señal
2025-05-24 18:21:24,982 [INFO] Datos JSON preparados para envío
2025-05-24 18:21:26,036 [INFO] Lectura BMP390
2025-05-24 18:21:26,217 [INFO] Lectura LTR390
2025-05-24 18:21:27,157 [INFO] Lectura desde ESP32-S3 por serial
2025-05-24 18:21:27,164 [WARNING] GPS sin señal
2025-05-24 18:21:27,166 [INFO] Datos JSON preparados para envío
2025-05-24 18:21:28,223 [INFO] Lectura BMP390
2025-05-24 18:21:28,404 [INFO] Lectura LTR390
2025-05-24 18:21:29,339 [INFO] Lectura desde ESP32-S3 por serial
2025-05-24 18:21:29,349 [WARNING] GPS sin señal
2025-05-24 18:21:29,352 [INFO] Datos JSON preparados para envío
2025-05-24 18:21:30,406 [INFO] Lectura BMP390
2025-05-24 18:21:30,585 [INFO] Lectura LTR390
2025-05-24 18:21:31,513 [INFO] Lectura desde ESP32-S3 por serial
2025-05-24 18:21:31,518 [WARNING] GPS sin señal
2025-05-24 18:21:31,520 [INFO] Datos JSON preparados para envío
2025-05-24 18:21:32,571 [INFO] Lectura BMP390
2025-05-24 18:21:32,749 [INFO] Lectura LTR390
2025-05-24 18:21:33,695 [INFO] Lectura desde ESP32-S3 por serial
2025-05-24 18:21:33,702 [WARNING] GPS sin señal
2025-05-24 18:21:33,704 [INFO] Datos JSON preparados para envío
2025-05-24 18:21:34,760 [INFO] Lectura BMP390
2025-05-24 18:21:34,940 [INFO] Lectura LTR390
2025-05-24 18:21:35,872 [INFO] Lectura desde ESP32-S3 por serial
2025-05-24 18:21:35,879 [WARNING] GPS sin señal
2025-05-24 18:21:35,881 [INFO] Datos JSON preparados para envío
2025-05-24 18:21:36,934 [INFO] Lectura BMP390
2025-05-24 18:21:37,118 [INFO] Lectura LTR390
2025-05-24 18:21:38,053 [INFO] Lectura desde ESP32-S3 por serial
2025-05-24 18:21:38,060 [WARNING] GPS sin señal
2025-05-24 18:21:38,061 [INFO] Datos JSON preparados para envío
2025-05-24 18:21:39,114 [INFO] Lectura BMP390
2025-05-24 18:21:39,296 [INFO] Lectura LTR390
2025-05-24 18:21:40,231 [INFO] Lectura desde ESP32-S3 por serial
2025-05-24 18:21:40,238 [WARNING] GPS sin señal
2025-05-24 18:21:40,239 [INFO] Datos JSON preparados para envío
2025-05-24 18:21:41,294 [INFO] Lectura BMP390
2025-05-24 18:21:41,474 [INFO] Lectura LTR390
2025-05-24 18:21:42,415 [INFO] Lectura desde ESP32-S3 por serial
2025-05-24 18:21:42,423 [WARNING] GPS sin señal
2025-05-24 18:21:42,424 [INFO] Datos JSON preparados para envío
2025-05-24 18:21:43,479 [INFO] Lectura BMP390
2025-05-24 18:21:43,659 [INFO] Lectura LTR390
2025-05-24 18:21:44,593 [INFO] Lectura desde ESP32-S3 por serial
2025-05-24 18:21:44,597 [WARNING] GPS sin señal
2025-05-24 18:21:44,599 [INFO] Datos JSON preparados para envío
2025-05-24 18:21:45,649 [INFO] Lectura BMP390
2025-05-24 18:21:45,834 [INFO] Lectura LTR390
2025-05-24 18:21:46,774 [INFO] Lectura desde ESP32-S3 por serial
2025-05-24 18:21:46,781 [WARNING] GPS sin señal
2025-05-24 18:21:46,784 [INFO] Datos JSON preparados para envío
2025-05-24 18:21:47,838 [INFO] Lectura BMP390
2025-05-24 18:21:48,019 [INFO] Lectura LTR390
2025-05-24 18:21:48,952 [INFO] Lectura desde ESP32-S3 por serial
2025-05-24 18:21:48,954 [WARNING] GPS sin señal
2025-05-24 18:21:48,960 [INFO] Datos JSON preparados para envío
2025-05-24 18:21:50,013 [INFO] Lectura BMP390
2025-05-24 18:21:50,194 [INFO] Lectura LTR390
2025-05-24 18:21:51,134 [INFO] Lectura desde ESP32-S3 por serial
2025-05-24 18:21:51,143 [WARNING] GPS sin señal
2025-05-24 18:21:51,145 [INFO] Datos JSON preparados para envío
2025-05-24 18:21:52,198 [INFO] Lectura BMP390
2025-05-24 18:21:52,378 [INFO] Lectura LTR390
2025-05-24 18:21:53,311 [INFO] Lectura desde ESP32-S3 por serial
2025-05-24 18:21:53,314 [WARNING] GPS sin señal
2025-05-24 18:21:53,315 [INFO] Datos JSON preparados para envío
2025-05-24 18:21:54,367 [INFO] Lectura BMP390
2025-05-24 18:21:54,547 [INFO] Lectura LTR390
2025-05-24 18:21:55,495 [INFO] Lectura desde ESP32-S3 por serial
2025-05-24 18:21:55,501 [WARNING] GPS sin señal
2025-05-24 18:21:55,502 [INFO] Datos JSON preparados para envío
2025-05-24 18:21:56,554 [INFO] Lectura BMP390
2025-05-24 18:21:56,731 [INFO] Lectura LTR390
2025-05-24 18:21:57,670 [INFO] Lectura desde ESP32-S3 por serial
2025-05-24 18:21:57,673 [WARNING] GPS sin señal
2025-05-24 18:21:57,674 [INFO] Datos JSON preparados para envío
2025-05-24 18:21:58,729 [INFO] Lectura BMP390
2025-05-24 18:21:58,906 [INFO] Lectura LTR390
2025-05-24 18:21:59,856 [INFO] Lectura desde ESP32-S3 por serial
2025-05-24 18:21:59,864 [WARNING] GPS sin señal
2025-05-24 18:21:59,866 [INFO] Datos JSON preparados para envío
2025-05-24 18:22:00,916 [INFO] Lectura BMP390
2025-05-24 18:22:01,093 [INFO] Lectura LTR390
2025-05-24 18:22:02,039 [INFO] Lectura desde ESP32-S3 por serial
2025-05-24 18:22:02,046 [WARNING] GPS sin señal
2025-05-24 18:22:02,047 [INFO] Datos JSON preparados para envío
2025-05-24 18:22:03,100 [INFO] Lectura BMP390
2025-05-24 18:22:03,293 [INFO] Lectura LTR390
2025-05-24 18:22:04,216 [INFO] Lectura desde ESP32-S3 por serial
2025-05-24 18:22:04,225 [WARNING] GPS sin señal
2025-05-24 18:22:04,226 [INFO] Datos JSON preparados para envío
2025-05-24 18:22:05,280 [INFO] Lectura BMP390
2025-05-24 18:22:05,460 [INFO] Lectura LTR390
2025-05-24 18:22:06,396 [INFO] Lectura desde ESP32-S3 por serial
2025-05-24 18:22:06,402 [WARNING] GPS sin señal
2025-05-24 18:22:06,403 [INFO] Datos JSON preparados para envío
2025-05-24 18:22:07,461 [INFO] Lectura BMP390
2025-05-24 18:22:07,643 [INFO] Lectura LTR390
2025-05-24 18:22:08,574 [INFO] Lectura desde ESP32-S3 por serial
2025-05-24 18:22:08,577 [WARNING] GPS sin señal
2025-05-24 18:22:08,579 [INFO] Datos JSON preparados para envío
2025-05-24 18:22:09,635 [INFO] Lectura BMP390
2025-05-24 18:22:09,817 [INFO] Lectura LTR390
2025-05-24 18:22:10,755 [INFO] Lectura desde ESP32-S3 por serial
2025-05-24 18:22:10,762 [WARNING] GPS sin señal
2025-05-24 18:22:10,763 [INFO] Datos JSON preparados para envío
2025-05-24 18:22:11,817 [INFO] Lectura BMP390
2025-05-24 18:22:12,001 [INFO] Lectura LTR390
2025-05-24 18:22:12,939 [INFO] Lectura desde ESP32-S3 por serial
2025-05-24 18:22:12,946 [WARNING] GPS sin señal
2025-05-24 18:22:12,948 [INFO] Datos JSON preparados para envío
2025-05-24 18:22:13,999 [INFO] Lectura BMP390
2025-05-24 18:22:14,180 [INFO] Lectura LTR390
2025-05-24 18:22:15,120 [INFO] Lectura desde ESP32-S3 por serial
2025-05-24 18:22:15,127 [WARNING] GPS sin señal
2025-05-24 18:22:15,129 [INFO] Datos JSON preparados para envío
2025-05-24 18:22:16,181 [INFO] Lectura BMP390
2025-05-24 18:22:16,362 [INFO] Lectura LTR390
2025-05-24 18:22:17,299 [INFO] Lectura desde ESP32-S3 por serial
2025-05-24 18:22:17,308 [WARNING] GPS sin señal
2025-05-24 18:22:17,309 [INFO] Datos JSON preparados para envío
2025-05-24 18:22:18,360 [INFO] Lectura BMP390
2025-05-24 18:22:18,542 [INFO] Lectura LTR390
2025-05-24 18:22:19,483 [INFO] Lectura desde ESP32-S3 por serial
2025-05-24 18:22:19,488 [WARNING] GPS sin señal
2025-05-24 18:22:19,489 [INFO] Datos JSON preparados para envío
2025-05-24 18:22:20,541 [INFO] Lectura BMP390
2025-05-24 18:22:20,718 [INFO] Lectura LTR390
2025-05-24 18:22:21,660 [INFO] Lectura desde ESP32-S3 por serial
2025-05-24 18:22:21,664 [WARNING] GPS sin señal
2025-05-24 18:22:21,665 [INFO] Datos JSON preparados para envío
2025-05-24 18:22:22,717 [INFO] Lectura BMP390
2025-05-24 18:22:22,900 [INFO] Lectura LTR390
2025-05-24 18:22:23,839 [INFO] Lectura desde ESP32-S3 por serial
2025-05-24 18:22:23,842 [WARNING] GPS sin señal
2025-05-24 18:22:23,843 [INFO] Datos JSON preparados para envío
2025-05-24 18:22:24,895 [INFO] Lectura BMP390
2025-05-24 18:22:25,083 [INFO] Lectura LTR390
2025-05-24 18:22:26,024 [INFO] Lectura desde ESP32-S3 por serial
2025-05-24 18:22:26,032 [WARNING] GPS sin señal
2025-05-24 18:22:26,034 [INFO] Datos JSON preparados para envío
2025-05-24 18:22:27,088 [INFO] Lectura BMP390
2025-05-24 18:22:27,272 [INFO] Lectura LTR390
2025-05-24 18:22:28,200 [INFO] Lectura desde ESP32-S3 por serial
2025-05-24 18:22:28,205 [WARNING] GPS sin señal
2025-05-24 18:22:28,211 [INFO] Datos JSON preparados para envío
                                                                                                                                                                                                                                                                                                                                                                                                                                                                                                                                                              2025-05-24 18:22:12,928 [INFO] Inicio del sistema
2025-05-24 18:22:14,061 [INFO] Lectura BMP390
2025-05-24 18:22:14,107 [INFO] [31m[1mWARNING: This is a development server. Do not use it in a production deployment. Use a production WSGI server instead.[0m
 * Running on all addresses (0.0.0.0)
 * Running on http://127.0.0.1:8080
 * Running on http://127.0.0.1:8080
2025-05-24 18:22:14,108 [INFO] [33mPress CTRL+C to quit[0m
2025-05-24 18:22:14,276 [INFO] Lectura LTR390
2025-05-24 18:22:14,744 [WARNING] Lectura serial fallida o formato incorrecto
2025-05-24 18:22:14,751 [WARNING] GPS sin señal
2025-05-24 18:22:14,753 [INFO] Datos JSON preparados para envío
2025-05-24 18:22:15,802 [INFO] Lectura BMP390
2025-05-24 18:22:15,980 [INFO] Lectura LTR390
2025-05-24 18:22:16,920 [INFO] Lectura desde ESP32-S3 por serial
2025-05-24 18:22:16,923 [WARNING] GPS sin señal
2025-05-24 18:22:16,924 [INFO] Datos JSON preparados para envío
2025-05-24 18:22:17,974 [INFO] Lectura BMP390
2025-05-24 18:22:18,151 [INFO] Lectura LTR390
2025-05-24 18:22:19,095 [INFO] Lectura desde ESP32-S3 por serial
2025-05-24 18:22:19,096 [WARNING] GPS sin señal
2025-05-24 18:22:19,097 [INFO] Datos JSON preparados para envío
2025-05-24 18:22:20,149 [INFO] Lectura BMP390
2025-05-24 18:22:20,325 [INFO] Lectura LTR390
2025-05-24 18:22:21,136 [INFO] 192.168.95.218 - - [24/May/2025 18:22:21] "GET /datos HTTP/1.1" 200 -
2025-05-24 18:22:21,272 [INFO] Lectura desde ESP32-S3 por serial
2025-05-24 18:22:21,275 [WARNING] GPS sin señal
2025-05-24 18:22:21,276 [INFO] Datos JSON preparados para envío
2025-05-24 18:22:22,325 [INFO] Lectura BMP390
2025-05-24 18:22:22,502 [INFO] Lectura LTR390
2025-05-24 18:22:23,451 [INFO] Lectura desde ESP32-S3 por serial
2025-05-24 18:22:23,454 [WARNING] GPS sin señal
2025-05-24 18:22:23,455 [INFO] Datos JSON preparados para envío
2025-05-24 18:22:24,505 [INFO] Lectura BMP390
2025-05-24 18:22:24,683 [INFO] Lectura LTR390
2025-05-24 18:22:25,632 [INFO] Lectura desde ESP32-S3 por serial
2025-05-24 18:22:25,634 [WARNING] GPS sin señal
2025-05-24 18:22:25,635 [INFO] Datos JSON preparados para envío
2025-05-24 18:22:26,684 [INFO] Lectura BMP390
2025-05-24 18:22:26,863 [INFO] Lectura LTR390
2025-05-24 18:22:26,909 [INFO] 192.168.95.218 - - [24/May/2025 18:22:26] "GET /datos HTTP/1.1" 200 -
2025-05-24 18:22:27,806 [INFO] Lectura desde ESP32-S3 por serial
2025-05-24 18:22:27,809 [WARNING] GPS sin señal
2025-05-24 18:22:27,810 [INFO] Datos JSON preparados para envío
2025-05-24 18:22:28,860 [INFO] Lectura BMP390
2025-05-24 18:22:29,037 [INFO] Lectura LTR390
2025-05-24 18:22:29,985 [INFO] Lectura desde ESP32-S3 por serial
2025-05-24 18:22:29,987 [WARNING] GPS sin señal
2025-05-24 18:22:29,989 [INFO] Datos JSON preparados para envío
2025-05-24 18:22:31,038 [INFO] Lectura BMP390
2025-05-24 18:22:31,216 [INFO] Lectura LTR390
2025-05-24 18:22:31,243 [INFO] 192.168.95.218 - - [24/May/2025 18:22:31] "GET /datos HTTP/1.1" 200 -
2025-05-24 18:22:32,164 [INFO] Lectura desde ESP32-S3 por serial
2025-05-24 18:22:32,166 [WARNING] GPS sin señal
2025-05-24 18:22:32,167 [INFO] Datos JSON preparados para envío
2025-05-24 18:22:32,791 [INFO] 192.168.95.218 - - [24/May/2025 18:22:32] "GET /datos HTTP/1.1" 200 -
2025-05-24 18:22:33,218 [INFO] Lectura BMP390
2025-05-24 18:22:33,393 [INFO] Lectura LTR390
2025-05-24 18:22:34,336 [INFO] Lectura desde ESP32-S3 por serial
2025-05-24 18:22:34,338 [WARNING] GPS sin señal
2025-05-24 18:22:34,339 [INFO] Datos JSON preparados para envío
2025-05-24 18:22:35,389 [INFO] Lectura BMP390
2025-05-24 18:22:35,565 [INFO] Lectura LTR390
2025-05-24 18:22:36,514 [INFO] Lectura desde ESP32-S3 por serial
2025-05-24 18:22:36,517 [WARNING] GPS sin señal
2025-05-24 18:22:36,518 [INFO] Datos JSON preparados para envío
2025-05-24 18:22:37,567 [INFO] Lectura BMP390
2025-05-24 18:22:37,747 [INFO] Lectura LTR390
2025-05-24 18:22:38,693 [INFO] Lectura desde ESP32-S3 por serial
2025-05-24 18:22:38,697 [WARNING] GPS sin señal
2025-05-24 18:22:38,698 [INFO] Datos JSON preparados para envío
2025-05-24 18:22:39,748 [INFO] Lectura BMP390
2025-05-24 18:22:39,926 [INFO] Lectura LTR390
2025-05-24 18:22:40,866 [INFO] Lectura desde ESP32-S3 por serial
2025-05-24 18:22:40,868 [WARNING] GPS sin señal
2025-05-24 18:22:40,869 [INFO] Datos JSON preparados para envío
2025-05-24 18:22:41,921 [INFO] Lectura BMP390
2025-05-24 18:22:42,098 [INFO] Lectura LTR390
2025-05-24 18:22:43,044 [INFO] Lectura desde ESP32-S3 por serial
2025-05-24 18:22:43,053 [WARNING] GPS sin señal
2025-05-24 18:22:43,053 [INFO] Datos JSON preparados para envío
2025-05-24 18:22:43,293 [INFO] 192.168.95.218 - - [24/May/2025 18:22:43] "GET /datos HTTP/1.1" 200 -
2025-05-24 18:22:44,103 [INFO] Lectura BMP390
2025-05-24 18:22:44,279 [INFO] Lectura LTR390
2025-05-24 18:22:45,224 [INFO] Lectura desde ESP32-S3 por serial
2025-05-24 18:22:45,226 [WARNING] GPS sin señal
2025-05-24 18:22:45,227 [INFO] Datos JSON preparados para envío
2025-05-24 18:22:46,277 [INFO] Lectura BMP390
2025-05-24 18:22:46,457 [INFO] Lectura LTR390
2025-05-24 18:22:47,404 [INFO] Lectura desde ESP32-S3 por serial
2025-05-24 18:22:47,406 [WARNING] GPS sin señal
2025-05-24 18:22:47,407 [INFO] Datos JSON preparados para envío
2025-05-24 18:22:48,460 [INFO] Lectura BMP390
2025-05-24 18:22:48,644 [INFO] Lectura LTR390
2025-05-24 18:23:54,195 [INFO] Lectura desde ESP32-S3 por serial
2025-05-24 18:23:54,198 [WARNING] GPS sin señal
2025-05-24 18:23:54,199 [INFO] Datos JSON preparados para envío
2025-05-24 18:23:55,249 [INFO] Lectura BMP390
2025-05-24 18:23:55,429 [INFO] Lectura LTR390
2025-05-24 18:23:56,372 [INFO] Lectura desde ESP32-S3 por serial
2025-05-24 18:23:56,374 [WARNING] GPS sin señal
2025-05-24 18:23:56,375 [INFO] Datos JSON preparados para envío
2025-05-24 18:23:57,428 [INFO] Lectura BMP390
2025-05-24 18:23:57,605 [INFO] Lectura LTR390
2025-05-24 18:23:58,550 [INFO] Lectura desde ESP32-S3 por serial
2025-05-24 18:23:58,552 [WARNING] GPS sin señal
2025-05-24 18:23:58,553 [INFO] Datos JSON preparados para envío
2025-05-24 18:23:59,607 [INFO] Lectura BMP390
2025-05-24 18:23:59,784 [INFO] Lectura LTR390
2025-05-24 18:24:00,735 [INFO] Lectura desde ESP32-S3 por serial
2025-05-24 18:24:00,737 [WARNING] GPS sin señal
2025-05-24 18:24:00,738 [INFO] Datos JSON preparados para envío
2025-05-24 18:24:01,787 [INFO] Lectura BMP390
2025-05-24 18:24:01,963 [INFO] Lectura LTR390
2025-05-24 18:24:02,913 [INFO] Lectura desde ESP32-S3 por serial
2025-05-24 18:24:02,915 [WARNING] GPS sin señal
2025-05-24 18:24:02,916 [INFO] Datos JSON preparados para envío
2025-05-24 18:24:03,968 [INFO] Lectura BMP390
2025-05-24 18:24:04,155 [INFO] Lectura LTR390
2025-05-24 18:24:05,094 [INFO] Lectura desde ESP32-S3 por serial
2025-05-24 18:24:05,098 [WARNING] GPS sin señal
2025-05-24 18:24:05,100 [INFO] Datos JSON preparados para envío
2025-05-24 18:24:06,152 [INFO] Lectura BMP390
2025-05-24 18:24:06,332 [INFO] Lectura LTR390
2025-05-24 18:24:07,270 [INFO] Lectura desde ESP32-S3 por serial
2025-05-24 18:24:07,272 [WARNING] GPS sin señal
2025-05-24 18:24:07,273 [INFO] Datos JSON preparados para envío
2025-05-24 18:24:08,327 [INFO] Lectura BMP390
2025-05-24 18:24:08,507 [INFO] Lectura LTR390
2025-05-24 18:24:09,449 [INFO] Lectura desde ESP32-S3 por serial
2025-05-24 18:24:09,451 [WARNING] GPS sin señal
2025-05-24 18:24:09,454 [INFO] Datos JSON preparados para envío
2025-05-24 18:24:10,508 [INFO] Lectura BMP390
2025-05-24 18:24:10,688 [INFO] Lectura LTR390
2025-05-24 18:24:11,625 [INFO] Lectura desde ESP32-S3 por serial
2025-05-24 18:24:11,628 [WARNING] GPS sin señal
2025-05-24 18:24:11,629 [INFO] Datos JSON preparados para envío
2025-05-24 18:24:12,687 [INFO] Lectura BMP390
2025-05-24 18:24:12,877 [INFO] Lectura LTR390
2025-05-24 18:24:13,816 [INFO] Lectura desde ESP32-S3 por serial
2025-05-24 18:24:13,819 [WARNING] GPS sin señal
2025-05-24 18:24:13,821 [INFO] Datos JSON preparados para envío
2025-05-24 18:24:14,896 [INFO] Lectura BMP390
2025-05-24 18:24:15,076 [INFO] Lectura LTR390
2025-05-24 18:24:15,978 [INFO] Lectura desde ESP32-S3 por serial
2025-05-24 18:24:15,981 [WARNING] GPS sin señal
2025-05-24 18:24:15,983 [INFO] Datos JSON preparados para envío
2025-05-24 18:24:16,584 [INFO] 192.168.95.218 - - [24/May/2025 18:24:16] "GET /datos HTTP/1.1" 200 -
2025-05-24 18:24:17,034 [INFO] Lectura BMP390
2025-05-24 18:24:17,222 [INFO] Lectura LTR390
2025-05-24 18:24:18,089 [INFO] 192.168.95.218 - - [24/May/2025 18:24:18] "GET /datos HTTP/1.1" 200 -
2025-05-24 18:24:18,154 [INFO] Lectura desde ESP32-S3 por serial
2025-05-24 18:24:18,159 [WARNING] GPS sin señal
2025-05-24 18:24:18,166 [INFO] Datos JSON preparados para envío
2025-05-24 18:24:19,116 [INFO] 192.168.95.218 - - [24/May/2025 18:24:19] "GET /datos HTTP/1.1" 200 -
2025-05-24 18:24:19,225 [INFO] Lectura BMP390
2025-05-24 18:24:19,408 [INFO] Lectura LTR390
2025-05-24 18:24:19,955 [INFO] 192.168.95.218 - - [24/May/2025 18:24:19] "GET /datos HTTP/1.1" 200 -
2025-05-24 18:24:20,336 [INFO] Lectura desde ESP32-S3 por serial
2025-05-24 18:24:20,342 [WARNING] GPS sin señal
2025-05-24 18:24:20,343 [INFO] Datos JSON preparados para envío
2025-05-24 18:24:21,395 [INFO] Lectura BMP390
2025-05-24 18:24:21,579 [INFO] Lectura LTR390
2025-05-24 18:24:22,510 [INFO] Lectura desde ESP32-S3 por serial
2025-05-24 18:24:22,521 [WARNING] GPS sin señal
2025-05-24 18:24:22,524 [INFO] Datos JSON preparados para envío
2025-05-24 18:24:23,581 [INFO] Lectura BMP390
2025-05-24 18:24:23,762 [INFO] Lectura LTR390
2025-05-24 18:24:24,696 [INFO] Lectura desde ESP32-S3 por serial
2025-05-24 18:24:24,703 [WARNING] GPS sin señal
2025-05-24 18:24:24,705 [INFO] Datos JSON preparados para envío
2025-05-24 18:24:25,757 [INFO] Lectura BMP390
2025-05-24 18:24:25,937 [INFO] Lectura LTR390
2025-05-24 18:24:26,866 [INFO] Lectura desde ESP32-S3 por serial
2025-05-24 18:24:26,869 [WARNING] GPS sin señal
2025-05-24 18:24:26,880 [INFO] Datos JSON preparados para envío
2025-05-24 18:24:27,937 [INFO] Lectura BMP390
2025-05-24 18:24:28,130 [INFO] Lectura LTR390
2025-05-24 18:24:29,039 [INFO] Lectura desde ESP32-S3 por serial
2025-05-24 18:24:29,043 [WARNING] GPS sin señal
2025-05-24 18:24:29,044 [INFO] Datos JSON preparados para envío
2025-05-24 18:24:30,096 [INFO] Lectura BMP390
2025-05-24 18:24:30,281 [INFO] Lectura LTR390
2025-05-24 18:24:31,214 [INFO] Lectura desde ESP32-S3 por serial
2025-05-24 18:24:31,218 [WARNING] GPS sin señal
2025-05-24 18:24:31,219 [INFO] Datos JSON preparados para envío
2025-05-24 18:24:32,271 [INFO] Lectura BMP390
2025-05-24 18:24:32,461 [INFO] Lectura LTR390
2025-05-24 18:24:33,396 [INFO] Lectura desde ESP32-S3 por serial
2025-05-24 18:24:33,400 [WARNING] GPS sin señal
2025-05-24 18:24:33,401 [INFO] Datos JSON preparados para envío
2025-05-24 18:24:34,452 [INFO] Lectura BMP390
2025-05-24 18:24:34,636 [INFO] Lectura LTR390
2025-05-24 18:24:35,575 [INFO] Lectura desde ESP32-S3 por serial
2025-05-24 18:24:35,578 [WARNING] GPS sin señal
2025-05-24 18:24:35,580 [INFO] Datos JSON preparados para envío
2025-05-24 18:24:36,632 [INFO] Lectura BMP390
2025-05-24 18:24:36,826 [INFO] Lectura LTR390
2025-05-24 18:24:37,767 [INFO] Lectura desde ESP32-S3 por serial
2025-05-24 18:24:37,773 [WARNING] GPS sin señal
2025-05-24 18:24:37,777 [INFO] Datos JSON preparados para envío
2025-05-24 18:24:38,832 [INFO] Lectura BMP390
2025-05-24 18:24:39,017 [INFO] Lectura LTR390
2025-05-24 18:24:39,929 [INFO] Lectura desde ESP32-S3 por serial
2025-05-24 18:24:39,932 [WARNING] GPS sin señal
2025-05-24 18:24:39,933 [INFO] Datos JSON preparados para envío
2025-05-24 18:24:40,987 [INFO] Lectura BMP390
2025-05-24 18:24:41,176 [INFO] Lectura LTR390
2025-05-24 18:24:42,115 [INFO] Lectura desde ESP32-S3 por serial
2025-05-24 18:24:42,123 [WARNING] GPS sin señal
2025-05-24 18:24:42,124 [INFO] Datos JSON preparados para envío
2025-05-24 18:24:43,177 [INFO] Lectura BMP390
2025-05-24 18:24:43,366 [INFO] Lectura LTR390
2025-05-24 18:24:44,294 [INFO] Lectura desde ESP32-S3 por serial
2025-05-24 18:24:44,301 [WARNING] GPS sin señal
2025-05-24 18:24:44,302 [INFO] Datos JSON preparados para envío
2025-05-24 18:24:45,354 [INFO] Lectura BMP390
2025-05-24 18:24:45,537 [INFO] Lectura LTR390
2025-05-24 18:24:46,471 [INFO] Lectura desde ESP32-S3 por serial
2025-05-24 18:24:46,475 [WARNING] GPS sin señal
2025-05-24 18:24:46,475 [INFO] Datos JSON preparados para envío
2025-05-24 18:24:47,525 [INFO] Lectura BMP390
2025-05-24 18:24:47,704 [INFO] Lectura LTR390
2025-05-24 18:24:48,654 [INFO] Lectura desde ESP32-S3 por serial
2025-05-24 18:24:48,657 [WARNING] GPS sin señal
2025-05-24 18:24:48,658 [INFO] Datos JSON preparados para envío
2025-05-24 18:24:49,709 [INFO] Lectura BMP390
2025-05-24 18:24:49,887 [INFO] Lectura LTR390
2025-05-24 18:24:50,834 [INFO] Lectura desde ESP32-S3 por serial
2025-05-24 18:24:50,840 [WARNING] GPS sin señal
2025-05-24 18:24:50,842 [INFO] Datos JSON preparados para envío
2025-05-24 18:24:51,893 [INFO] Lectura BMP390
2025-05-24 18:24:52,070 [INFO] Lectura LTR390
2025-05-24 18:24:53,007 [INFO] Lectura desde ESP32-S3 por serial
2025-05-24 18:24:53,015 [WARNING] GPS sin señal
2025-05-24 18:24:53,017 [INFO] Datos JSON preparados para envío
2025-05-24 18:24:54,078 [INFO] Lectura BMP390
2025-05-24 18:24:54,265 [INFO] Lectura LTR390
2025-05-24 18:24:55,192 [INFO] Lectura desde ESP32-S3 por serial
2025-05-24 18:24:55,198 [WARNING] GPS sin señal
2025-05-24 18:24:55,203 [INFO] Datos JSON preparados para envío
2025-05-24 18:24:56,258 [INFO] Lectura BMP390
2025-05-24 18:24:56,443 [INFO] Lectura LTR390
2025-05-24 18:24:57,369 [INFO] Lectura desde ESP32-S3 por serial
2025-05-24 18:24:57,374 [WARNING] GPS sin señal
2025-05-24 18:24:57,381 [INFO] Datos JSON preparados para envío
2025-05-24 18:24:58,441 [INFO] Lectura BMP390
2025-05-24 18:24:58,625 [INFO] Lectura LTR390
2025-05-24 18:24:59,550 [INFO] Lectura desde ESP32-S3 por serial
2025-05-24 18:24:59,559 [WARNING] GPS sin señal
2025-05-24 18:24:59,562 [INFO] Datos JSON preparados para envío
2025-05-24 18:25:00,624 [INFO] Lectura BMP390
2025-05-24 18:25:00,816 [INFO] Lectura LTR390
2025-05-24 18:25:01,728 [INFO] Lectura desde ESP32-S3 por serial
2025-05-24 18:25:01,733 [WARNING] GPS sin señal
2025-05-24 18:25:01,740 [INFO] Datos JSON preparados para envío
2025-05-24 18:25:02,796 [INFO] Lectura BMP390
2025-05-24 18:25:02,979 [INFO] Lectura LTR390
2025-05-24 18:25:03,905 [INFO] Lectura desde ESP32-S3 por serial
2025-05-24 18:25:03,909 [WARNING] GPS sin señal
2025-05-24 18:25:03,913 [INFO] Datos JSON preparados para envío
2025-05-24 18:25:04,964 [INFO] Lectura BMP390
2025-05-24 18:25:05,147 [INFO] Lectura LTR390
2025-05-24 18:25:06,088 [INFO] Lectura desde ESP32-S3 por serial
2025-05-24 18:25:06,091 [WARNING] GPS sin señal
2025-05-24 18:25:06,092 [INFO] Datos JSON preparados para envío
2025-05-24 18:25:07,148 [INFO] Lectura BMP390
2025-05-24 18:25:07,336 [INFO] Lectura LTR390
2025-05-24 18:25:08,266 [INFO] Lectura desde ESP32-S3 por serial
2025-05-24 18:25:08,270 [WARNING] GPS sin señal
2025-05-24 18:25:08,274 [INFO] Datos JSON preparados para envío
2025-05-24 18:25:09,326 [INFO] Lectura BMP390
2025-05-24 18:25:09,530 [INFO] Lectura LTR390
2025-05-24 18:25:10,440 [INFO] Lectura desde ESP32-S3 por serial
2025-05-24 18:25:10,443 [WARNING] GPS sin señal
2025-05-24 18:25:10,450 [INFO] Datos JSON preparados para envío
2025-05-24 18:25:11,500 [INFO] Lectura BMP390
2025-05-24 18:25:11,679 [INFO] Lectura LTR390
2025-05-24 18:25:12,619 [INFO] Lectura desde ESP32-S3 por serial
2025-05-24 18:25:12,626 [WARNING] GPS sin señal
2025-05-24 18:25:12,628 [INFO] Datos JSON preparados para envío
2025-05-24 18:25:13,678 [INFO] Lectura BMP390
2025-05-24 18:25:13,856 [INFO] Lectura LTR390
2025-05-24 18:25:14,803 [INFO] Lectura desde ESP32-S3 por serial
2025-05-24 18:25:14,810 [WARNING] GPS sin señal
2025-05-24 18:25:14,812 [INFO] Datos JSON preparados para envío
2025-05-24 18:25:15,866 [INFO] Lectura BMP390
2025-05-24 18:25:16,047 [INFO] Lectura LTR390
2025-05-24 18:25:16,977 [INFO] Lectura desde ESP32-S3 por serial
2025-05-24 18:25:16,985 [WARNING] GPS sin señal
2025-05-24 18:25:16,987 [INFO] Datos JSON preparados para envío
2025-05-24 18:25:18,042 [INFO] Lectura BMP390
2025-05-24 18:25:18,227 [INFO] Lectura LTR390
2025-05-24 18:25:19,158 [INFO] Lectura desde ESP32-S3 por serial
2025-05-24 18:25:19,166 [WARNING] GPS sin señal
2025-05-24 18:25:19,168 [INFO] Datos JSON preparados para envío
2025-05-24 18:25:20,220 [INFO] Lectura BMP390
2025-05-24 18:25:20,401 [INFO] Lectura LTR390
2025-05-24 18:25:21,335 [INFO] Lectura desde ESP32-S3 por serial
2025-05-24 18:25:21,338 [WARNING] GPS sin señal
2025-05-24 18:25:21,339 [INFO] Datos JSON preparados para envío
2025-05-24 18:25:22,392 [INFO] Lectura BMP390
2025-05-24 18:25:22,573 [INFO] Lectura LTR390
2025-05-24 18:25:23,516 [INFO] Lectura desde ESP32-S3 por serial
2025-05-24 18:25:23,519 [WARNING] GPS sin señal
2025-05-24 18:25:23,520 [INFO] Datos JSON preparados para envío
2025-05-24 18:25:24,569 [INFO] Lectura BMP390
2025-05-24 18:25:24,758 [INFO] Lectura LTR390
2025-05-24 18:25:25,706 [INFO] Lectura desde ESP32-S3 por serial
2025-05-24 18:25:25,719 [WARNING] GPS sin señal
2025-05-24 18:25:25,720 [INFO] Datos JSON preparados para envío
2025-05-24 18:25:26,771 [INFO] Lectura BMP390
2025-05-24 18:25:26,951 [INFO] Lectura LTR390
2025-05-24 18:25:27,874 [INFO] Lectura desde ESP32-S3 por serial
2025-05-24 18:25:27,878 [WARNING] GPS sin señal
2025-05-24 18:25:27,880 [INFO] Datos JSON preparados para envío
2025-05-24 18:25:28,938 [INFO] Lectura BMP390
2025-05-24 18:25:29,119 [INFO] Lectura LTR390
2025-05-24 18:25:30,048 [INFO] Lectura desde ESP32-S3 por serial
2025-05-24 18:25:30,052 [WARNING] GPS sin señal
2025-05-24 18:25:30,053 [INFO] Datos JSON preparados para envío
2025-05-24 18:25:31,106 [INFO] Lectura BMP390
2025-05-24 18:25:31,289 [INFO] Lectura LTR390
2025-05-24 18:25:32,232 [INFO] Lectura desde ESP32-S3 por serial
2025-05-24 18:25:32,235 [WARNING] GPS sin señal
2025-05-24 18:25:32,236 [INFO] Datos JSON preparados para envío
2025-05-24 18:25:33,288 [INFO] Lectura BMP390
2025-05-24 18:25:33,471 [INFO] Lectura LTR390
2025-05-24 18:25:34,412 [INFO] Lectura desde ESP32-S3 por serial
2025-05-24 18:25:34,416 [WARNING] GPS sin señal
2025-05-24 18:25:34,418 [INFO] Datos JSON preparados para envío
2025-05-24 18:25:35,469 [INFO] Lectura BMP390
2025-05-24 18:25:35,655 [INFO] Lectura LTR390
2025-05-24 18:25:36,594 [INFO] Lectura desde ESP32-S3 por serial
2025-05-24 18:25:36,598 [WARNING] GPS sin señal
2025-05-24 18:25:36,599 [INFO] Datos JSON preparados para envío
2025-05-24 18:25:37,653 [INFO] Lectura BMP390
2025-05-24 18:25:37,839 [INFO] Lectura LTR390
2025-05-24 18:25:38,772 [INFO] Lectura desde ESP32-S3 por serial
2025-05-24 18:25:38,776 [WARNING] GPS sin señal
2025-05-24 18:25:38,777 [INFO] Datos JSON preparados para envío
2025-05-24 18:25:39,829 [INFO] Lectura BMP390
2025-05-24 18:25:40,015 [INFO] Lectura LTR390
2025-05-24 18:25:40,952 [INFO] Lectura desde ESP32-S3 por serial
2025-05-24 18:25:40,958 [WARNING] GPS sin señal
2025-05-24 18:25:40,961 [INFO] Datos JSON preparados para envío
2025-05-24 18:25:42,019 [INFO] Lectura BMP390
2025-05-24 18:25:42,203 [INFO] Lectura LTR390
2025-05-24 18:25:43,132 [INFO] Lectura desde ESP32-S3 por serial
2025-05-24 18:25:43,139 [WARNING] GPS sin señal
2025-05-24 18:25:43,141 [INFO] Datos JSON preparados para envío
2025-05-24 18:25:44,201 [INFO] Lectura BMP390
2025-05-24 18:25:44,391 [INFO] Lectura LTR390
2025-05-24 18:25:45,313 [INFO] Lectura desde ESP32-S3 por serial
2025-05-24 18:25:45,317 [WARNING] GPS sin señal
2025-05-24 18:25:45,320 [INFO] Datos JSON preparados para envío
2025-05-24 18:25:46,379 [INFO] Lectura BMP390
2025-05-24 18:25:46,565 [INFO] Lectura LTR390
2025-05-24 18:25:47,494 [INFO] Lectura desde ESP32-S3 por serial
2025-05-24 18:25:47,502 [WARNING] GPS sin señal
2025-05-24 18:25:47,503 [INFO] Datos JSON preparados para envío
2025-05-24 18:25:48,556 [INFO] Lectura BMP390
2025-05-24 18:25:48,738 [INFO] Lectura LTR390
2025-05-24 18:25:49,673 [INFO] Lectura desde ESP32-S3 por serial
2025-05-24 18:25:49,678 [WARNING] GPS sin señal
2025-05-24 18:25:49,682 [INFO] Datos JSON preparados para envío
2025-05-24 18:25:50,735 [INFO] Lectura BMP390
2025-05-24 18:25:50,916 [INFO] Lectura LTR390
2025-05-24 18:25:51,856 [INFO] Lectura desde ESP32-S3 por serial
2025-05-24 18:25:51,861 [WARNING] GPS sin señal
2025-05-24 18:25:51,866 [INFO] Datos JSON preparados para envío
2025-05-24 18:25:52,917 [INFO] Lectura BMP390
2025-05-24 18:25:53,100 [INFO] Lectura LTR390
2025-05-24 18:25:54,035 [INFO] Lectura desde ESP32-S3 por serial
2025-05-24 18:25:54,040 [WARNING] GPS sin señal
2025-05-24 18:25:54,046 [INFO] Datos JSON preparados para envío
2025-05-24 18:25:55,103 [INFO] Lectura BMP390
2025-05-24 18:25:55,282 [INFO] Lectura LTR390
2025-05-24 18:25:56,215 [INFO] Lectura desde ESP32-S3 por serial
2025-05-24 18:25:56,222 [WARNING] GPS sin señal
2025-05-24 18:25:56,223 [INFO] Datos JSON preparados para envío
2025-05-24 18:25:57,285 [INFO] Lectura BMP390
2025-05-24 18:25:57,475 [INFO] Lectura LTR390
2025-05-24 18:25:58,393 [INFO] Lectura desde ESP32-S3 por serial
2025-05-24 18:25:58,401 [WARNING] GPS sin señal
2025-05-24 18:25:58,402 [INFO] Datos JSON preparados para envío
2025-05-24 18:25:59,455 [INFO] Lectura BMP390
2025-05-24 18:25:59,641 [INFO] Lectura LTR390
2025-05-24 18:26:00,573 [INFO] Lectura desde ESP32-S3 por serial
2025-05-24 18:26:00,577 [WARNING] GPS sin señal
2025-05-24 18:26:00,578 [INFO] Datos JSON preparados para envío
2025-05-24 18:26:01,630 [INFO] Lectura BMP390
2025-05-24 18:26:01,807 [INFO] Lectura LTR390
2025-05-24 18:26:02,753 [INFO] Lectura desde ESP32-S3 por serial
2025-05-24 18:26:02,757 [WARNING] GPS sin señal
2025-05-24 18:26:02,759 [INFO] Datos JSON preparados para envío
2025-05-24 18:26:03,811 [INFO] Lectura BMP390
2025-05-24 18:26:03,992 [INFO] Lectura LTR390
2025-05-24 18:26:04,937 [INFO] Lectura desde ESP32-S3 por serial
2025-05-24 18:26:04,946 [WARNING] GPS sin señal
2025-05-24 18:26:04,948 [INFO] Datos JSON preparados para envío
2025-05-24 18:26:06,000 [INFO] Lectura BMP390
2025-05-24 18:26:06,186 [INFO] Lectura LTR390
2025-05-24 18:26:07,117 [INFO] Lectura desde ESP32-S3 por serial
2025-05-24 18:26:07,122 [WARNING] GPS sin señal
2025-05-24 18:26:07,124 [INFO] Datos JSON preparados para envío
2025-05-24 18:26:08,178 [INFO] Lectura BMP390
2025-05-24 18:26:08,358 [INFO] Lectura LTR390
2025-05-24 18:26:09,295 [INFO] Lectura desde ESP32-S3 por serial
2025-05-24 18:26:09,303 [WARNING] GPS sin señal
2025-05-24 18:26:09,305 [INFO] Datos JSON preparados para envío
2025-05-24 18:26:10,358 [INFO] Lectura BMP390
2025-05-24 18:26:10,542 [INFO] Lectura LTR390
2025-05-24 18:26:11,471 [INFO] Lectura desde ESP32-S3 por serial
2025-05-24 18:26:11,473 [WARNING] GPS sin señal
2025-05-24 18:26:11,474 [INFO] Datos JSON preparados para envío
2025-05-24 18:26:12,527 [INFO] Lectura BMP390
2025-05-24 18:26:12,710 [INFO] Lectura LTR390
2025-05-24 18:26:13,656 [INFO] Lectura desde ESP32-S3 por serial
2025-05-24 18:26:13,660 [WARNING] GPS sin señal
2025-05-24 18:26:13,661 [INFO] Datos JSON preparados para envío
2025-05-24 18:26:14,713 [INFO] Lectura BMP390
2025-05-24 18:26:14,894 [INFO] Lectura LTR390
2025-05-24 18:26:15,835 [INFO] Lectura desde ESP32-S3 por serial
2025-05-24 18:26:15,840 [WARNING] GPS sin señal
2025-05-24 18:26:15,841 [INFO] Datos JSON preparados para envío
2025-05-24 18:26:16,905 [INFO] Lectura BMP390
2025-05-24 18:26:17,093 [INFO] Lectura LTR390
2025-05-24 18:26:18,022 [INFO] Lectura desde ESP32-S3 por serial
2025-05-24 18:26:18,024 [WARNING] GPS sin señal
2025-05-24 18:26:18,031 [INFO] Datos JSON preparados para envío
2025-05-24 18:26:19,081 [INFO] Lectura BMP390
2025-05-24 18:26:19,267 [INFO] Lectura LTR390
2025-05-24 18:26:20,193 [INFO] Lectura desde ESP32-S3 por serial
2025-05-24 18:26:20,198 [WARNING] GPS sin señal
2025-05-24 18:26:20,200 [INFO] Datos JSON preparados para envío
2025-05-24 18:26:21,256 [INFO] Lectura BMP390
2025-05-24 18:26:21,443 [INFO] Lectura LTR390
2025-05-24 18:26:22,373 [INFO] Lectura desde ESP32-S3 por serial
2025-05-24 18:26:22,379 [WARNING] GPS sin señal
2025-05-24 18:26:22,380 [INFO] Datos JSON preparados para envío
2025-05-24 18:26:23,435 [INFO] Lectura BMP390
2025-05-24 18:26:23,616 [INFO] Lectura LTR390
2025-05-24 18:26:24,554 [INFO] Lectura desde ESP32-S3 por serial
2025-05-24 18:26:24,559 [WARNING] GPS sin señal
2025-05-24 18:26:24,564 [INFO] Datos JSON preparados para envío
2025-05-24 18:26:25,617 [INFO] Lectura BMP390
2025-05-24 18:26:25,801 [INFO] Lectura LTR390
2025-05-24 18:26:26,733 [INFO] Lectura desde ESP32-S3 por serial
2025-05-24 18:26:26,738 [WARNING] GPS sin señal
2025-05-24 18:26:26,744 [INFO] Datos JSON preparados para envío
2025-05-24 18:26:27,797 [INFO] Lectura BMP390
2025-05-24 18:26:27,980 [INFO] Lectura LTR390
2025-05-24 18:26:28,908 [INFO] Lectura desde ESP32-S3 por serial
2025-05-24 18:26:28,913 [WARNING] GPS sin señal
2025-05-24 18:26:28,914 [INFO] Datos JSON preparados para envío
2025-05-24 18:26:29,968 [INFO] Lectura BMP390
2025-05-24 18:26:30,150 [INFO] Lectura LTR390
2025-05-24 18:26:31,087 [INFO] Lectura desde ESP32-S3 por serial
2025-05-24 18:26:31,094 [WARNING] GPS sin señal
2025-05-24 18:26:31,095 [INFO] Datos JSON preparados para envío
2025-05-24 18:26:32,149 [INFO] Lectura BMP390
2025-05-24 18:26:32,331 [INFO] Lectura LTR390
2025-05-24 18:26:33,270 [INFO] Lectura desde ESP32-S3 por serial
2025-05-24 18:26:33,280 [WARNING] GPS sin señal
2025-05-24 18:26:33,283 [INFO] Datos JSON preparados para envío
2025-05-24 18:26:34,342 [INFO] Lectura BMP390
2025-05-24 18:26:34,526 [INFO] Lectura LTR390
2025-05-24 18:26:35,452 [INFO] Lectura desde ESP32-S3 por serial
2025-05-24 18:26:35,456 [WARNING] GPS sin señal
2025-05-24 18:26:35,458 [INFO] Datos JSON preparados para envío
2025-05-24 18:26:36,523 [INFO] Lectura BMP390
2025-05-24 18:26:36,712 [INFO] Lectura LTR390
2025-05-24 18:26:37,622 [INFO] Lectura desde ESP32-S3 por serial
2025-05-24 18:26:37,627 [WARNING] GPS sin señal
2025-05-24 18:26:37,632 [INFO] Datos JSON preparados para envío
2025-05-24 18:26:38,688 [INFO] Lectura BMP390
2025-05-24 18:26:38,879 [INFO] Lectura LTR390
2025-05-24 18:26:39,802 [INFO] Lectura desde ESP32-S3 por serial
2025-05-24 18:26:39,808 [WARNING] GPS sin señal
2025-05-24 18:26:39,810 [INFO] Datos JSON preparados para envío
2025-05-24 18:26:40,862 [INFO] Lectura BMP390
2025-05-24 18:26:41,045 [INFO] Lectura LTR390
2025-05-24 18:26:41,982 [INFO] Lectura desde ESP32-S3 por serial
2025-05-24 18:26:41,985 [WARNING] GPS sin señal
2025-05-24 18:26:41,987 [INFO] Datos JSON preparados para envío
2025-05-24 18:26:43,047 [INFO] Lectura BMP390
2025-05-24 18:26:43,231 [INFO] Lectura LTR390
2025-05-24 18:26:44,161 [INFO] Lectura desde ESP32-S3 por serial
2025-05-24 18:26:44,164 [WARNING] GPS sin señal
2025-05-24 18:26:44,165 [INFO] Datos JSON preparados para envío
2025-05-24 18:26:45,220 [INFO] Lectura BMP390
2025-05-24 18:26:45,403 [INFO] Lectura LTR390
                                                                                                                                                                                                                                                                                                                                                                                                                                                                                                                                                                                                                                                                                                                                                                                                                                                                                                                                                                                                                                                                                                                                                                                                                                                                                                               2025-05-24 18:26:20,626 [INFO] Inicio del sistema
2025-05-24 18:26:21,774 [INFO] Lectura BMP390
2025-05-24 18:26:21,812 [INFO] [31m[1mWARNING: This is a development server. Do not use it in a production deployment. Use a production WSGI server instead.[0m
 * Running on all addresses (0.0.0.0)
 * Running on http://127.0.0.1:8080
 * Running on http://127.0.0.1:8080
2025-05-24 18:26:21,813 [INFO] [33mPress CTRL+C to quit[0m
2025-05-24 18:26:21,986 [INFO] Lectura LTR390
2025-05-24 18:26:22,128 [WARNING] Lectura serial fallida o formato incorrecto
2025-05-24 18:26:22,130 [WARNING] GPS sin señal
2025-05-24 18:26:24,173 [INFO] Inicio del sistema
2025-05-24 18:26:25,303 [INFO] Lectura BMP390
2025-05-24 18:26:25,312 [INFO] [31m[1mWARNING: This is a development server. Do not use it in a production deployment. Use a production WSGI server instead.[0m
 * Running on all addresses (0.0.0.0)
 * Running on http://127.0.0.1:8080
 * Running on http://192.168.95.239:8080
2025-05-24 18:26:25,312 [INFO] [33mPress CTRL+C to quit[0m
2025-05-24 18:26:25,513 [INFO] Lectura LTR390
2025-05-24 18:26:25,518 [WARNING] Lectura serial fallida o formato incorrecto
2025-05-24 18:26:25,521 [WARNING] GPS sin señal
2025-05-24 18:26:27,590 [INFO] Inicio del sistema
2025-05-24 18:26:28,717 [INFO] Lectura BMP390
2025-05-24 18:26:28,727 [INFO] [31m[1mWARNING: This is a development server. Do not use it in a production deployment. Use a production WSGI server instead.[0m
 * Running on all addresses (0.0.0.0)
 * Running on http://127.0.0.1:8080
 * Running on http://192.168.95.239:8080
2025-05-24 18:26:28,727 [INFO] [33mPress CTRL+C to quit[0m
2025-05-24 18:26:28,932 [INFO] Lectura LTR390
2025-05-24 18:26:28,938 [WARNING] Lectura serial fallida o formato incorrecto
2025-05-24 18:26:28,939 [WARNING] GPS sin señal
2025-05-24 18:26:30,804 [INFO] Inicio del sistema
2025-05-24 18:26:31,937 [INFO] Lectura BMP390
2025-05-24 18:26:31,944 [INFO] [31m[1mWARNING: This is a development server. Do not use it in a production deployment. Use a production WSGI server instead.[0m
 * Running on all addresses (0.0.0.0)
 * Running on http://127.0.0.1:8080
 * Running on http://192.168.95.239:8080
2025-05-24 18:26:31,945 [INFO] [33mPress CTRL+C to quit[0m
2025-05-24 18:26:32,154 [INFO] Lectura LTR390
2025-05-24 18:26:33,019 [WARNING] Lectura serial fallida o formato incorrecto
2025-05-24 18:26:33,021 [WARNING] GPS sin señal
2025-05-24 18:26:35,074 [INFO] Inicio del sistema
2025-05-24 18:26:36,200 [INFO] Lectura BMP390
2025-05-24 18:26:36,209 [INFO] [31m[1mWARNING: This is a development server. Do not use it in a production deployment. Use a production WSGI server instead.[0m
 * Running on all addresses (0.0.0.0)
 * Running on http://127.0.0.1:8080
 * Running on http://192.168.95.239:8080
2025-05-24 18:26:36,209 [INFO] [33mPress CTRL+C to quit[0m
2025-05-24 18:26:36,417 [INFO] Lectura LTR390
2025-05-24 18:26:36,422 [WARNING] Lectura serial fallida o formato incorrecto
2025-05-24 18:26:36,423 [WARNING] GPS sin señal
2025-05-24 18:26:38,309 [INFO] Inicio del sistema
2025-05-24 18:26:39,433 [INFO] Lectura BMP390
2025-05-24 18:26:39,443 [INFO] [31m[1mWARNING: This is a development server. Do not use it in a production deployment. Use a production WSGI server instead.[0m
 * Running on all addresses (0.0.0.0)
 * Running on http://127.0.0.1:8080
 * Running on http://192.168.95.239:8080
2025-05-24 18:26:39,443 [INFO] [33mPress CTRL+C to quit[0m
2025-05-24 18:26:39,647 [INFO] Lectura LTR390
2025-05-24 18:26:39,652 [WARNING] Lectura serial fallida o formato incorrecto
2025-05-24 18:26:39,654 [WARNING] GPS sin señal
2025-05-24 18:26:41,561 [INFO] Inicio del sistema
2025-05-24 18:26:42,686 [INFO] Lectura BMP390
2025-05-24 18:26:42,693 [INFO] [31m[1mWARNING: This is a development server. Do not use it in a production deployment. Use a production WSGI server instead.[0m
 * Running on all addresses (0.0.0.0)
 * Running on http://127.0.0.1:8080
 * Running on http://192.168.95.239:8080
2025-05-24 18:26:42,693 [INFO] [33mPress CTRL+C to quit[0m
2025-05-24 18:26:42,904 [INFO] Lectura LTR390
2025-05-24 18:26:42,909 [WARNING] Lectura serial fallida o formato incorrecto
2025-05-24 18:26:42,910 [WARNING] GPS sin señal
2025-05-24 18:26:44,788 [INFO] Inicio del sistema
2025-05-24 18:26:45,915 [INFO] Lectura BMP390
2025-05-24 18:26:45,922 [INFO] [31m[1mWARNING: This is a development server. Do not use it in a production deployment. Use a production WSGI server instead.[0m
 * Running on all addresses (0.0.0.0)
 * Running on http://127.0.0.1:8080
 * Running on http://192.168.95.239:8080
2025-05-24 18:26:45,923 [INFO] [33mPress CTRL+C to quit[0m
2025-05-24 18:26:46,132 [INFO] Lectura LTR390
2025-05-24 18:26:46,137 [WARNING] Lectura serial fallida o formato incorrecto
2025-05-24 18:26:46,138 [WARNING] GPS sin señal
2025-05-24 18:27:53,701 [INFO] Inicio del sistema
2025-05-24 18:27:54,829 [INFO] Lectura BMP390
2025-05-24 18:27:54,836 [INFO] [31m[1mWARNING: This is a development server. Do not use it in a production deployment. Use a production WSGI server instead.[0m
 * Running on all addresses (0.0.0.0)
 * Running on http://127.0.0.1:8080
 * Running on http://192.168.95.239:8080
2025-05-24 18:27:54,837 [INFO] [33mPress CTRL+C to quit[0m
2025-05-24 18:27:55,042 [INFO] Lectura LTR390
2025-05-24 18:27:55,047 [WARNING] Lectura serial fallida o formato incorrecto
2025-05-24 18:27:55,050 [WARNING] GPS sin señal
2025-05-24 18:27:56,913 [INFO] Inicio del sistema
2025-05-24 18:27:58,051 [INFO] Lectura BMP390
2025-05-24 18:27:58,069 [INFO] [31m[1mWARNING: This is a development server. Do not use it in a production deployment. Use a production WSGI server instead.[0m
 * Running on all addresses (0.0.0.0)
 * Running on http://127.0.0.1:8080
 * Running on http://192.168.95.239:8080
2025-05-24 18:27:58,070 [INFO] [33mPress CTRL+C to quit[0m
2025-05-24 18:27:58,271 [INFO] Lectura LTR390
2025-05-24 18:27:58,277 [WARNING] Lectura serial fallida o formato incorrecto
2025-05-24 18:27:58,279 [WARNING] GPS sin señal
2025-05-24 18:28:00,710 [INFO] Inicio del sistema
2025-05-24 18:28:01,884 [INFO] Lectura BMP390
2025-05-24 18:28:01,915 [INFO] [31m[1mWARNING: This is a development server. Do not use it in a production deployment. Use a production WSGI server instead.[0m
 * Running on all addresses (0.0.0.0)
 * Running on http://127.0.0.1:8080
 * Running on http://192.168.95.239:8080
2025-05-24 18:28:01,916 [INFO] [33mPress CTRL+C to quit[0m
2025-05-24 18:28:02,118 [INFO] Lectura LTR390
2025-05-24 18:28:02,528 [INFO] Lectura desde ESP32-S3 por serial
2025-05-24 18:28:02,532 [WARNING] GPS sin señal
2025-05-24 18:28:05,381 [INFO] Inicio del sistema
2025-05-24 18:28:06,533 [INFO] Lectura BMP390
2025-05-24 18:28:06,592 [INFO] [31m[1mWARNING: This is a development server. Do not use it in a production deployment. Use a production WSGI server instead.[0m
 * Running on all addresses (0.0.0.0)
 * Running on http://127.0.0.1:8080
 * Running on http://192.168.95.239:8080
2025-05-24 18:28:06,593 [INFO] [33mPress CTRL+C to quit[0m
2025-05-24 18:28:06,762 [INFO] Lectura LTR390
2025-05-24 18:28:06,884 [WARNING] Lectura serial fallida o formato incorrecto
2025-05-24 18:28:06,886 [WARNING] GPS sin señal
2025-05-24 18:28:09,556 [INFO] Inicio del sistema
2025-05-24 18:28:10,734 [INFO] Lectura BMP390
2025-05-24 18:28:10,787 [INFO] [31m[1mWARNING: This is a development server. Do not use it in a production deployment. Use a production WSGI server instead.[0m
 * Running on all addresses (0.0.0.0)
 * Running on http://127.0.0.1:8080
 * Running on http://192.168.95.239:8080
2025-05-24 18:28:10,788 [INFO] [33mPress CTRL+C to quit[0m
2025-05-24 18:28:10,983 [INFO] Lectura LTR390
2025-05-24 18:28:11,245 [WARNING] Lectura serial fallida o formato incorrecto
2025-05-24 18:28:11,249 [WARNING] GPS sin señal
2025-05-24 18:28:13,891 [INFO] Inicio del sistema
2025-05-24 18:28:15,043 [INFO] Lectura BMP390
2025-05-24 18:28:15,059 [INFO] [31m[1mWARNING: This is a development server. Do not use it in a production deployment. Use a production WSGI server instead.[0m
 * Running on all addresses (0.0.0.0)
 * Running on http://127.0.0.1:8080
 * Running on http://192.168.95.239:8080
2025-05-24 18:28:15,060 [INFO] [33mPress CTRL+C to quit[0m
2025-05-24 18:28:15,265 [INFO] Lectura LTR390
2025-05-24 18:28:15,601 [WARNING] Lectura serial fallida o formato incorrecto
2025-05-24 18:28:15,604 [WARNING] GPS sin señal
2025-05-24 18:28:17,771 [INFO] Inicio del sistema
2025-05-24 18:28:18,910 [INFO] Lectura BMP390
2025-05-24 18:28:18,920 [INFO] [31m[1mWARNING: This is a development server. Do not use it in a production deployment. Use a production WSGI server instead.[0m
 * Running on all addresses (0.0.0.0)
 * Running on http://127.0.0.1:8080
 * Running on http://192.168.95.239:8080
2025-05-24 18:28:18,921 [INFO] [33mPress CTRL+C to quit[0m
2025-05-24 18:28:19,131 [INFO] Lectura LTR390
2025-05-24 18:28:19,956 [WARNING] Lectura serial fallida o formato incorrecto
2025-05-24 18:28:19,959 [WARNING] GPS sin señal
2025-05-24 18:28:22,093 [INFO] Inicio del sistema
2025-05-24 18:28:23,229 [INFO] Lectura BMP390
2025-05-24 18:28:23,244 [INFO] [31m[1mWARNING: This is a development server. Do not use it in a production deployment. Use a production WSGI server instead.[0m
 * Running on all addresses (0.0.0.0)
 * Running on http://127.0.0.1:8080
 * Running on http://192.168.95.239:8080
2025-05-24 18:28:23,244 [INFO] [33mPress CTRL+C to quit[0m
2025-05-24 18:28:23,446 [INFO] Lectura LTR390
2025-05-24 18:28:24,318 [WARNING] Lectura serial fallida o formato incorrecto
2025-05-24 18:28:24,320 [WARNING] GPS sin señal
2025-05-24 18:28:26,751 [INFO] Inicio del sistema
2025-05-24 18:28:27,919 [INFO] Lectura BMP390
2025-05-24 18:28:27,947 [INFO] [31m[1mWARNING: This is a development server. Do not use it in a production deployment. Use a production WSGI server instead.[0m
 * Running on all addresses (0.0.0.0)
 * Running on http://127.0.0.1:8080
 * Running on http://192.168.95.239:8080
2025-05-24 18:28:27,949 [INFO] [33mPress CTRL+C to quit[0m
2025-05-24 18:28:28,147 [INFO] Lectura LTR390
2025-05-24 18:28:28,669 [WARNING] Lectura serial fallida o formato incorrecto
2025-05-24 18:28:28,674 [WARNING] GPS sin señal
2025-05-24 18:28:31,100 [INFO] Inicio del sistema
2025-05-24 18:28:32,228 [INFO] Lectura BMP390
2025-05-24 18:28:32,272 [INFO] [31m[1mWARNING: This is a development server. Do not use it in a production deployment. Use a production WSGI server instead.[0m
 * Running on all addresses (0.0.0.0)
 * Running on http://127.0.0.1:8080
 * Running on http://192.168.95.239:8080
2025-05-24 18:28:32,273 [INFO] [33mPress CTRL+C to quit[0m
2025-05-24 18:28:32,458 [INFO] Lectura LTR390
2025-05-24 18:28:33,035 [WARNING] Lectura serial fallida o formato incorrecto
2025-05-24 18:28:33,036 [WARNING] GPS sin señal
2025-05-24 18:28:35,399 [INFO] Inicio del sistema
2025-05-24 18:28:36,538 [INFO] Lectura BMP390
2025-05-24 18:28:36,564 [INFO] [31m[1mWARNING: This is a development server. Do not use it in a production deployment. Use a production WSGI server instead.[0m
 * Running on all addresses (0.0.0.0)
 * Running on http://127.0.0.1:8080
 * Running on http://192.168.95.239:8080
2025-05-24 18:28:36,565 [INFO] [33mPress CTRL+C to quit[0m
2025-05-24 18:28:36,768 [INFO] Lectura LTR390
2025-05-24 18:28:37,375 [WARNING] Lectura serial fallida o formato incorrecto
2025-05-24 18:28:37,377 [WARNING] GPS sin señal
2025-05-24 18:28:39,748 [INFO] Inicio del sistema
2025-05-24 18:28:40,888 [INFO] Lectura BMP390
2025-05-24 18:28:40,899 [INFO] [31m[1mWARNING: This is a development server. Do not use it in a production deployment. Use a production WSGI server instead.[0m
 * Running on all addresses (0.0.0.0)
 * Running on http://127.0.0.1:8080
 * Running on http://192.168.95.239:8080
2025-05-24 18:28:40,900 [INFO] [33mPress CTRL+C to quit[0m
2025-05-24 18:28:41,107 [INFO] Lectura LTR390
2025-05-24 18:28:41,723 [WARNING] Lectura serial fallida o formato incorrecto
2025-05-24 18:28:41,725 [WARNING] GPS sin señal
2025-05-24 18:28:43,688 [INFO] Inicio del sistema
2025-05-24 18:28:44,818 [INFO] Lectura BMP390
2025-05-24 18:28:44,831 [INFO] [31m[1mWARNING: This is a development server. Do not use it in a production deployment. Use a production WSGI server instead.[0m
 * Running on all addresses (0.0.0.0)
 * Running on http://127.0.0.1:8080
 * Running on http://192.168.95.239:8080
2025-05-24 18:28:44,831 [INFO] [33mPress CTRL+C to quit[0m
2025-05-24 18:28:45,047 [INFO] Lectura LTR390
2025-05-24 18:28:45,067 [WARNING] Lectura serial fallida o formato incorrecto
2025-05-24 18:28:45,070 [WARNING] GPS sin señal
2025-05-24 18:28:47,413 [INFO] Inicio del sistema
2025-05-24 18:28:48,575 [INFO] Lectura BMP390
2025-05-24 18:28:48,595 [INFO] [31m[1mWARNING: This is a development server. Do not use it in a production deployment. Use a production WSGI server instead.[0m
 * Running on all addresses (0.0.0.0)
 * Running on http://127.0.0.1:8080
 * Running on http://192.168.95.239:8080
2025-05-24 18:28:48,596 [INFO] [33mPress CTRL+C to quit[0m
2025-05-24 18:28:48,807 [INFO] Lectura LTR390
2025-05-24 18:28:48,819 [WARNING] Lectura serial fallida o formato incorrecto
2025-05-24 18:28:48,831 [WARNING] GPS sin señal
2025-05-24 18:28:51,364 [INFO] Inicio del sistema
2025-05-24 18:28:52,546 [INFO] Lectura BMP390
2025-05-24 18:28:52,557 [INFO] [31m[1mWARNING: This is a development server. Do not use it in a production deployment. Use a production WSGI server instead.[0m
 * Running on all addresses (0.0.0.0)
 * Running on http://127.0.0.1:8080
 * Running on http://192.168.95.239:8080
2025-05-24 18:28:52,558 [INFO] [33mPress CTRL+C to quit[0m
2025-05-24 18:28:52,771 [INFO] Lectura LTR390
2025-05-24 18:28:52,777 [WARNING] Lectura serial fallida o formato incorrecto
2025-05-24 18:28:52,779 [WARNING] GPS sin señal
2025-05-24 18:28:55,037 [INFO] Inicio del sistema
2025-05-24 18:28:56,189 [INFO] Lectura BMP390
2025-05-24 18:28:56,210 [INFO] [31m[1mWARNING: This is a development server. Do not use it in a production deployment. Use a production WSGI server instead.[0m
 * Running on all addresses (0.0.0.0)
 * Running on http://127.0.0.1:8080
 * Running on http://192.168.95.239:8080
2025-05-24 18:28:56,211 [INFO] [33mPress CTRL+C to quit[0m
2025-05-24 18:28:56,401 [INFO] Lectura LTR390
2025-05-24 18:28:56,982 [WARNING] Lectura serial fallida o formato incorrecto
2025-05-24 18:28:56,985 [WARNING] GPS sin señal
2025-05-24 18:28:58,890 [INFO] Inicio del sistema
2025-05-24 18:29:00,052 [INFO] Lectura BMP390
2025-05-24 18:29:00,075 [INFO] [31m[1mWARNING: This is a development server. Do not use it in a production deployment. Use a production WSGI server instead.[0m
 * Running on all addresses (0.0.0.0)
 * Running on http://127.0.0.1:8080
 * Running on http://192.168.95.239:8080
2025-05-24 18:29:00,076 [INFO] [33mPress CTRL+C to quit[0m
2025-05-24 18:29:00,270 [INFO] Lectura LTR390
2025-05-24 18:29:00,276 [WARNING] Lectura serial fallida o formato incorrecto
2025-05-24 18:29:00,279 [WARNING] GPS sin señal
2025-05-24 18:29:02,160 [INFO] Inicio del sistema
2025-05-24 18:29:03,311 [INFO] Lectura BMP390
2025-05-24 18:29:03,328 [INFO] [31m[1mWARNING: This is a development server. Do not use it in a production deployment. Use a production WSGI server instead.[0m
 * Running on all addresses (0.0.0.0)
 * Running on http://127.0.0.1:8080
 * Running on http://192.168.95.239:8080
2025-05-24 18:29:03,329 [INFO] [33mPress CTRL+C to quit[0m
2025-05-24 18:29:03,529 [INFO] Lectura LTR390
2025-05-24 18:29:03,535 [WARNING] Lectura serial fallida o formato incorrecto
2025-05-24 18:29:03,537 [WARNING] GPS sin señal
2025-05-24 18:29:05,425 [INFO] Inicio del sistema
2025-05-24 18:29:06,582 [INFO] Lectura BMP390
2025-05-24 18:29:06,598 [INFO] [31m[1mWARNING: This is a development server. Do not use it in a production deployment. Use a production WSGI server instead.[0m
 * Running on all addresses (0.0.0.0)
 * Running on http://127.0.0.1:8080
 * Running on http://192.168.95.239:8080
2025-05-24 18:29:06,599 [INFO] [33mPress CTRL+C to quit[0m
2025-05-24 18:29:06,798 [INFO] Lectura LTR390
2025-05-24 18:29:06,804 [WARNING] Lectura serial fallida o formato incorrecto
2025-05-24 18:29:06,806 [WARNING] GPS sin señal
2025-05-24 18:29:08,948 [INFO] Inicio del sistema
2025-05-24 18:29:10,091 [INFO] Lectura BMP390
2025-05-24 18:29:10,103 [INFO] [31m[1mWARNING: This is a development server. Do not use it in a production deployment. Use a production WSGI server instead.[0m
 * Running on all addresses (0.0.0.0)
 * Running on http://127.0.0.1:8080
 * Running on http://192.168.95.239:8080
2025-05-24 18:29:10,103 [INFO] [33mPress CTRL+C to quit[0m
2025-05-24 18:29:10,327 [INFO] Lectura LTR390
2025-05-24 18:29:10,343 [WARNING] Lectura serial fallida o formato incorrecto
2025-05-24 18:29:10,345 [WARNING] GPS sin señal
2025-05-24 18:29:12,709 [INFO] Inicio del sistema
2025-05-24 18:29:13,845 [INFO] Lectura BMP390
2025-05-24 18:29:13,863 [INFO] [31m[1mWARNING: This is a development server. Do not use it in a production deployment. Use a production WSGI server instead.[0m
 * Running on all addresses (0.0.0.0)
 * Running on http://127.0.0.1:8080
 * Running on http://192.168.95.239:8080
2025-05-24 18:29:13,864 [INFO] [33mPress CTRL+C to quit[0m
2025-05-24 18:29:14,063 [INFO] Lectura LTR390
2025-05-24 18:29:14,407 [WARNING] Lectura serial fallida o formato incorrecto
2025-05-24 18:29:14,410 [WARNING] GPS sin señal
2025-05-24 18:29:16,652 [INFO] Inicio del sistema
2025-05-24 18:29:17,791 [INFO] Lectura BMP390
2025-05-24 18:29:17,799 [INFO] [31m[1mWARNING: This is a development server. Do not use it in a production deployment. Use a production WSGI server instead.[0m
 * Running on all addresses (0.0.0.0)
 * Running on http://127.0.0.1:8080
 * Running on http://192.168.95.239:8080
2025-05-24 18:29:17,800 [INFO] [33mPress CTRL+C to quit[0m
2025-05-24 18:29:18,012 [INFO] Lectura LTR390
2025-05-24 18:29:18,765 [WARNING] Lectura serial fallida o formato incorrecto
2025-05-24 18:29:18,767 [WARNING] GPS sin señal
2025-05-24 18:29:20,883 [INFO] Inicio del sistema
2025-05-24 18:29:22,064 [INFO] Lectura BMP390
2025-05-24 18:29:22,081 [INFO] [31m[1mWARNING: This is a development server. Do not use it in a production deployment. Use a production WSGI server instead.[0m
 * Running on all addresses (0.0.0.0)
 * Running on http://127.0.0.1:8080
 * Running on http://192.168.95.239:8080
2025-05-24 18:29:22,082 [INFO] [33mPress CTRL+C to quit[0m
2025-05-24 18:29:22,291 [INFO] Lectura LTR390
2025-05-24 18:29:23,120 [WARNING] Lectura serial fallida o formato incorrecto
2025-05-24 18:29:23,124 [WARNING] GPS sin señal
2025-05-24 18:29:25,569 [INFO] Inicio del sistema
2025-05-24 18:29:26,750 [INFO] Lectura BMP390
2025-05-24 18:29:26,785 [INFO] [31m[1mWARNING: This is a development server. Do not use it in a production deployment. Use a production WSGI server instead.[0m
 * Running on all addresses (0.0.0.0)
 * Running on http://127.0.0.1:8080
 * Running on http://192.168.95.239:8080
2025-05-24 18:29:26,787 [INFO] [33mPress CTRL+C to quit[0m
2025-05-24 18:29:26,984 [INFO] Lectura LTR390
2025-05-24 18:29:27,492 [WARNING] Lectura serial fallida o formato incorrecto
2025-05-24 18:29:27,493 [WARNING] GPS sin señal
2025-05-24 18:29:30,121 [INFO] Inicio del sistema
2025-05-24 18:29:31,268 [INFO] Lectura BMP390
2025-05-24 18:29:31,285 [INFO] [31m[1mWARNING: This is a development server. Do not use it in a production deployment. Use a production WSGI server instead.[0m
 * Running on all addresses (0.0.0.0)
 * Running on http://127.0.0.1:8080
 * Running on http://192.168.95.239:8080
2025-05-24 18:29:31,286 [INFO] [33mPress CTRL+C to quit[0m
2025-05-24 18:29:31,496 [INFO] Lectura LTR390
2025-05-24 18:29:31,847 [WARNING] Lectura serial fallida o formato incorrecto
2025-05-24 18:29:31,849 [WARNING] GPS sin señal
2025-05-24 18:29:34,266 [INFO] Inicio del sistema
2025-05-24 18:29:35,443 [INFO] Lectura BMP390
2025-05-24 18:29:35,492 [INFO] [31m[1mWARNING: This is a development server. Do not use it in a production deployment. Use a production WSGI server instead.[0m
 * Running on all addresses (0.0.0.0)
 * Running on http://127.0.0.1:8080
 * Running on http://192.168.95.239:8080
2025-05-24 18:29:35,493 [INFO] [33mPress CTRL+C to quit[0m
2025-05-24 18:29:35,662 [INFO] Lectura LTR390
2025-05-24 18:29:36,221 [WARNING] Lectura serial fallida o formato incorrecto
2025-05-24 18:29:36,223 [WARNING] GPS sin señal
2025-05-24 18:29:38,560 [INFO] Inicio del sistema
2025-05-24 18:29:39,715 [INFO] Lectura BMP390
2025-05-24 18:29:39,735 [INFO] [31m[1mWARNING: This is a development server. Do not use it in a production deployment. Use a production WSGI server instead.[0m
 * Running on all addresses (0.0.0.0)
 * Running on http://127.0.0.1:8080
 * Running on http://192.168.95.239:8080
2025-05-24 18:29:39,736 [INFO] [33mPress CTRL+C to quit[0m
2025-05-24 18:29:39,931 [INFO] Lectura LTR390
2025-05-24 18:29:40,567 [WARNING] Lectura serial fallida o formato incorrecto
2025-05-24 18:29:40,568 [WARNING] GPS sin señal
2025-05-24 18:29:43,115 [INFO] Inicio del sistema
2025-05-24 18:29:44,270 [INFO] Lectura BMP390
2025-05-24 18:29:44,284 [INFO] [31m[1mWARNING: This is a development server. Do not use it in a production deployment. Use a production WSGI server instead.[0m
 * Running on all addresses (0.0.0.0)
 * Running on http://127.0.0.1:8080
 * Running on http://192.168.95.239:8080
2025-05-24 18:29:44,285 [INFO] [33mPress CTRL+C to quit[0m
2025-05-24 18:29:44,490 [INFO] Lectura LTR390
2025-05-24 18:29:44,931 [WARNING] Lectura serial fallida o formato incorrecto
2025-05-24 18:29:44,933 [WARNING] GPS sin señal
2025-05-24 18:29:47,220 [INFO] Inicio del sistema
2025-05-24 18:29:48,359 [INFO] Lectura BMP390
2025-05-24 18:29:48,404 [INFO] [31m[1mWARNING: This is a development server. Do not use it in a production deployment. Use a production WSGI server instead.[0m
 * Running on all addresses (0.0.0.0)
 * Running on http://127.0.0.1:8080
 * Running on http://192.168.95.239:8080
2025-05-24 18:29:48,405 [INFO] [33mPress CTRL+C to quit[0m
2025-05-24 18:29:48,584 [INFO] Lectura LTR390
2025-05-24 18:29:49,290 [WARNING] Lectura serial fallida o formato incorrecto
2025-05-24 18:29:49,293 [WARNING] GPS sin señal
2025-05-24 18:29:51,411 [INFO] Inicio del sistema
2025-05-24 18:29:52,568 [INFO] Lectura BMP390
2025-05-24 18:29:52,593 [INFO] [31m[1mWARNING: This is a development server. Do not use it in a production deployment. Use a production WSGI server instead.[0m
 * Running on all addresses (0.0.0.0)
 * Running on http://127.0.0.1:8080
 * Running on http://192.168.95.239:8080
2025-05-24 18:29:52,594 [INFO] [33mPress CTRL+C to quit[0m
2025-05-24 18:29:52,781 [INFO] Lectura LTR390
2025-05-24 18:29:53,649 [WARNING] Lectura serial fallida o formato incorrecto
2025-05-24 18:29:53,652 [WARNING] GPS sin señal
2025-05-24 18:29:55,677 [INFO] Inicio del sistema
2025-05-24 18:29:56,819 [INFO] Lectura BMP390
2025-05-24 18:29:56,857 [INFO] [31m[1mWARNING: This is a development server. Do not use it in a production deployment. Use a production WSGI server instead.[0m
 * Running on all addresses (0.0.0.0)
 * Running on http://127.0.0.1:8080
 * Running on http://192.168.95.239:8080
2025-05-24 18:29:56,857 [INFO] [33mPress CTRL+C to quit[0m
2025-05-24 18:29:57,048 [INFO] Lectura LTR390
2025-05-24 18:29:57,054 [WARNING] Lectura serial fallida o formato incorrecto
2025-05-24 18:29:57,055 [WARNING] GPS sin señal
2025-05-24 18:29:58,938 [INFO] Inicio del sistema
2025-05-24 18:30:00,078 [INFO] Lectura BMP390
2025-05-24 18:30:00,093 [INFO] [31m[1mWARNING: This is a development server. Do not use it in a production deployment. Use a production WSGI server instead.[0m
 * Running on all addresses (0.0.0.0)
 * Running on http://127.0.0.1:8080
 * Running on http://192.168.95.239:8080
2025-05-24 18:30:00,094 [INFO] [33mPress CTRL+C to quit[0m
2025-05-24 18:30:00,298 [INFO] Lectura LTR390
2025-05-24 18:30:00,306 [WARNING] Lectura serial fallida o formato incorrecto
2025-05-24 18:30:00,308 [WARNING] GPS sin señal
2025-05-24 18:30:02,767 [INFO] Inicio del sistema
2025-05-24 18:30:03,911 [INFO] Lectura BMP390
2025-05-24 18:30:03,927 [INFO] [31m[1mWARNING: This is a development server. Do not use it in a production deployment. Use a production WSGI server instead.[0m
 * Running on all addresses (0.0.0.0)
 * Running on http://127.0.0.1:8080
 * Running on http://192.168.95.239:8080
2025-05-24 18:30:03,929 [INFO] [33mPress CTRL+C to quit[0m
2025-05-24 18:30:04,134 [INFO] Lectura LTR390
2025-05-24 18:30:04,547 [WARNING] Lectura serial fallida o formato incorrecto
2025-05-24 18:30:04,549 [WARNING] GPS sin señal
2025-05-24 18:30:04,551 [INFO] Datos JSON preparados para envío
                                                                                                                                                                                                                                                                                                                                                                                                                                                                                                                                                                                                                                                                                                                                                                                                                                                                                                                                                                                                                                                                                                                            2025-05-24 18:29:33,358 [INFO] Inicio del sistema
2025-05-24 18:29:34,492 [INFO] Lectura BMP390
2025-05-24 18:29:34,537 [INFO] [31m[1mWARNING: This is a development server. Do not use it in a production deployment. Use a production WSGI server instead.[0m
 * Running on all addresses (0.0.0.0)
 * Running on http://127.0.0.1:8080
 * Running on http://127.0.0.1:8080
2025-05-24 18:29:34,538 [INFO] [33mPress CTRL+C to quit[0m
2025-05-24 18:29:34,703 [INFO] Lectura LTR390
2025-05-24 18:29:35,218 [WARNING] Lectura serial fallida o formato incorrecto
2025-05-24 18:29:37,351 [INFO] Inicio del sistema
2025-05-24 18:29:38,482 [INFO] Lectura BMP390
2025-05-24 18:29:38,491 [INFO] [31m[1mWARNING: This is a development server. Do not use it in a production deployment. Use a production WSGI server instead.[0m
 * Running on all addresses (0.0.0.0)
 * Running on http://127.0.0.1:8080
 * Running on http://192.168.95.239:8080
2025-05-24 18:29:38,492 [INFO] [33mPress CTRL+C to quit[0m
2025-05-24 18:29:38,694 [INFO] Lectura LTR390
2025-05-24 18:29:39,570 [WARNING] Lectura serial fallida o formato incorrecto
2025-05-24 18:29:41,623 [INFO] Inicio del sistema
2025-05-24 18:29:42,748 [INFO] Lectura BMP390
2025-05-24 18:29:42,755 [INFO] [31m[1mWARNING: This is a development server. Do not use it in a production deployment. Use a production WSGI server instead.[0m
 * Running on all addresses (0.0.0.0)
 * Running on http://127.0.0.1:8080
 * Running on http://192.168.95.239:8080
2025-05-24 18:29:42,756 [INFO] [33mPress CTRL+C to quit[0m
2025-05-24 18:29:42,965 [INFO] Lectura LTR390
2025-05-24 18:29:42,970 [WARNING] Lectura serial fallida o formato incorrecto
2025-05-24 18:29:45,027 [INFO] Inicio del sistema
2025-05-24 18:29:46,151 [INFO] Lectura BMP390
2025-05-24 18:29:46,159 [INFO] [31m[1mWARNING: This is a development server. Do not use it in a production deployment. Use a production WSGI server instead.[0m
 * Running on all addresses (0.0.0.0)
 * Running on http://127.0.0.1:8080
 * Running on http://192.168.95.239:8080
2025-05-24 18:29:46,160 [INFO] [33mPress CTRL+C to quit[0m
2025-05-24 18:29:46,363 [INFO] Lectura LTR390
2025-05-24 18:29:46,368 [WARNING] Lectura serial fallida o formato incorrecto
2025-05-24 18:29:48,402 [INFO] Inicio del sistema
2025-05-24 18:29:49,526 [INFO] Lectura BMP390
2025-05-24 18:29:49,537 [INFO] [31m[1mWARNING: This is a development server. Do not use it in a production deployment. Use a production WSGI server instead.[0m
 * Running on all addresses (0.0.0.0)
 * Running on http://127.0.0.1:8080
 * Running on http://192.168.95.239:8080
2025-05-24 18:29:49,538 [INFO] [33mPress CTRL+C to quit[0m
2025-05-24 18:29:49,737 [INFO] Lectura LTR390
2025-05-24 18:29:50,465 [WARNING] Lectura serial fallida o formato incorrecto
2025-05-24 18:29:52,517 [INFO] Inicio del sistema
2025-05-24 18:29:53,641 [INFO] Lectura BMP390
2025-05-24 18:29:53,649 [INFO] [31m[1mWARNING: This is a development server. Do not use it in a production deployment. Use a production WSGI server instead.[0m
 * Running on all addresses (0.0.0.0)
 * Running on http://127.0.0.1:8080
 * Running on http://192.168.95.239:8080
2025-05-24 18:29:53,650 [INFO] [33mPress CTRL+C to quit[0m
2025-05-24 18:29:53,852 [INFO] Lectura LTR390
2025-05-24 18:29:53,857 [WARNING] Lectura serial fallida o formato incorrecto
2025-05-24 18:29:55,853 [INFO] Inicio del sistema
2025-05-24 18:29:56,982 [INFO] Lectura BMP390
2025-05-24 18:29:56,985 [INFO] [31m[1mWARNING: This is a development server. Do not use it in a production deployment. Use a production WSGI server instead.[0m
 * Running on all addresses (0.0.0.0)
 * Running on http://127.0.0.1:8080
 * Running on http://192.168.95.239:8080
2025-05-24 18:29:56,986 [INFO] [33mPress CTRL+C to quit[0m
2025-05-24 18:29:57,195 [INFO] Lectura LTR390
2025-05-24 18:29:57,200 [WARNING] Lectura serial fallida o formato incorrecto
2025-05-24 18:31:08,259 [INFO] Inicio del sistema
2025-05-24 18:31:09,425 [INFO] Lectura BMP390
2025-05-24 18:31:09,441 [INFO] [31m[1mWARNING: This is a development server. Do not use it in a production deployment. Use a production WSGI server instead.[0m
 * Running on all addresses (0.0.0.0)
 * Running on http://127.0.0.1:8080
 * Running on http://192.168.95.239:8080
2025-05-24 18:31:09,442 [INFO] [33mPress CTRL+C to quit[0m
2025-05-24 18:31:09,637 [INFO] Lectura LTR390
2025-05-24 18:31:10,366 [WARNING] Lectura serial fallida o formato incorrecto
2025-05-24 18:31:12,410 [INFO] Inicio del sistema
2025-05-24 18:31:13,547 [INFO] Lectura BMP390
2025-05-24 18:31:13,548 [INFO] [31m[1mWARNING: This is a development server. Do not use it in a production deployment. Use a production WSGI server instead.[0m
 * Running on all addresses (0.0.0.0)
 * Running on http://127.0.0.1:8080
 * Running on http://192.168.95.239:8080
2025-05-24 18:31:13,549 [INFO] [33mPress CTRL+C to quit[0m
2025-05-24 18:31:13,757 [INFO] Lectura LTR390
2025-05-24 18:31:13,762 [WARNING] Lectura serial fallida o formato incorrecto
2025-05-24 18:31:15,656 [INFO] Inicio del sistema
2025-05-24 18:31:16,782 [INFO] Lectura BMP390
2025-05-24 18:31:16,790 [INFO] [31m[1mWARNING: This is a development server. Do not use it in a production deployment. Use a production WSGI server instead.[0m
 * Running on all addresses (0.0.0.0)
 * Running on http://127.0.0.1:8080
 * Running on http://192.168.95.239:8080
2025-05-24 18:31:16,790 [INFO] [33mPress CTRL+C to quit[0m
2025-05-24 18:31:16,995 [INFO] Lectura LTR390
2025-05-24 18:31:17,001 [WARNING] Lectura serial fallida o formato incorrecto
2025-05-24 18:31:19,022 [INFO] Inicio del sistema
2025-05-24 18:31:20,163 [INFO] Lectura BMP390
2025-05-24 18:31:20,167 [INFO] [31m[1mWARNING: This is a development server. Do not use it in a production deployment. Use a production WSGI server instead.[0m
 * Running on all addresses (0.0.0.0)
 * Running on http://127.0.0.1:8080
 * Running on http://192.168.95.239:8080
2025-05-24 18:31:20,169 [INFO] [33mPress CTRL+C to quit[0m
2025-05-24 18:31:20,386 [INFO] Lectura LTR390
2025-05-24 18:31:21,253 [WARNING] Lectura serial fallida o formato incorrecto
2025-05-24 18:31:23,158 [INFO] Inicio del sistema
2025-05-24 18:31:24,284 [INFO] Lectura BMP390
2025-05-24 18:31:24,291 [INFO] [31m[1mWARNING: This is a development server. Do not use it in a production deployment. Use a production WSGI server instead.[0m
 * Running on all addresses (0.0.0.0)
 * Running on http://127.0.0.1:8080
 * Running on http://192.168.95.239:8080
2025-05-24 18:31:24,291 [INFO] [33mPress CTRL+C to quit[0m
2025-05-24 18:31:24,502 [INFO] Lectura LTR390
2025-05-24 18:31:24,508 [WARNING] Lectura serial fallida o formato incorrecto
2025-05-24 18:31:26,418 [INFO] Inicio del sistema
2025-05-24 18:31:27,552 [INFO] Lectura BMP390
2025-05-24 18:31:27,563 [INFO] [31m[1mWARNING: This is a development server. Do not use it in a production deployment. Use a production WSGI server instead.[0m
 * Running on all addresses (0.0.0.0)
 * Running on http://127.0.0.1:8080
 * Running on http://192.168.95.239:8080
2025-05-24 18:31:27,563 [INFO] [33mPress CTRL+C to quit[0m
2025-05-24 18:31:27,763 [INFO] Lectura LTR390
2025-05-24 18:31:27,794 [WARNING] Lectura serial fallida o formato incorrecto
2025-05-24 18:31:29,628 [INFO] Inicio del sistema
2025-05-24 18:31:30,768 [INFO] Lectura BMP390
2025-05-24 18:31:30,800 [INFO] [31m[1mWARNING: This is a development server. Do not use it in a production deployment. Use a production WSGI server instead.[0m
 * Running on all addresses (0.0.0.0)
 * Running on http://127.0.0.1:8080
 * Running on http://192.168.95.239:8080
2025-05-24 18:31:30,801 [INFO] [33mPress CTRL+C to quit[0m
2025-05-24 18:31:30,980 [INFO] Lectura LTR390
2025-05-24 18:31:30,985 [WARNING] Lectura serial fallida o formato incorrecto
2025-05-24 18:31:33,073 [INFO] Inicio del sistema
2025-05-24 18:31:34,204 [INFO] Lectura BMP390
2025-05-24 18:31:34,216 [INFO] [31m[1mWARNING: This is a development server. Do not use it in a production deployment. Use a production WSGI server instead.[0m
 * Running on all addresses (0.0.0.0)
 * Running on http://127.0.0.1:8080
 * Running on http://192.168.95.239:8080
2025-05-24 18:31:34,217 [INFO] [33mPress CTRL+C to quit[0m
2025-05-24 18:31:34,417 [INFO] Lectura LTR390
2025-05-24 18:31:34,422 [WARNING] Lectura serial fallida o formato incorrecto
2025-05-24 18:31:36,590 [INFO] Inicio del sistema
2025-05-24 18:31:37,764 [INFO] Lectura BMP390
2025-05-24 18:31:37,784 [INFO] [31m[1mWARNING: This is a development server. Do not use it in a production deployment. Use a production WSGI server instead.[0m
 * Running on all addresses (0.0.0.0)
 * Running on http://127.0.0.1:8080
 * Running on http://192.168.95.239:8080
2025-05-24 18:31:37,785 [INFO] [33mPress CTRL+C to quit[0m
2025-05-24 18:31:38,006 [INFO] Lectura LTR390
2025-05-24 18:31:38,687 [WARNING] Lectura serial fallida o formato incorrecto
2025-05-24 18:31:41,494 [INFO] Inicio del sistema
2025-05-24 18:31:42,705 [INFO] Lectura BMP390
2025-05-24 18:31:42,731 [INFO] [31m[1mWARNING: This is a development server. Do not use it in a production deployment. Use a production WSGI server instead.[0m
 * Running on all addresses (0.0.0.0)
 * Running on http://127.0.0.1:8080
 * Running on http://192.168.95.239:8080
2025-05-24 18:31:42,732 [INFO] [33mPress CTRL+C to quit[0m
2025-05-24 18:31:42,936 [INFO] Lectura LTR390
2025-05-24 18:31:43,038 [WARNING] Lectura serial fallida o formato incorrecto
2025-05-24 18:31:45,922 [INFO] Inicio del sistema
2025-05-24 18:31:47,087 [INFO] Lectura BMP390
2025-05-24 18:31:47,123 [INFO] [31m[1mWARNING: This is a development server. Do not use it in a production deployment. Use a production WSGI server instead.[0m
 * Running on all addresses (0.0.0.0)
 * Running on http://127.0.0.1:8080
 * Running on http://192.168.95.239:8080
2025-05-24 18:31:47,124 [INFO] [33mPress CTRL+C to quit[0m
2025-05-24 18:31:47,319 [INFO] Lectura LTR390
2025-05-24 18:31:47,392 [WARNING] Lectura serial fallida o formato incorrecto
2025-05-24 18:31:50,268 [INFO] Inicio del sistema
2025-05-24 18:31:51,422 [INFO] Lectura BMP390
2025-05-24 18:31:51,435 [INFO] [31m[1mWARNING: This is a development server. Do not use it in a production deployment. Use a production WSGI server instead.[0m
 * Running on all addresses (0.0.0.0)
 * Running on http://127.0.0.1:8080
 * Running on http://192.168.95.239:8080
2025-05-24 18:31:51,436 [INFO] [33mPress CTRL+C to quit[0m
2025-05-24 18:31:51,635 [INFO] Lectura LTR390
2025-05-24 18:31:51,747 [WARNING] Lectura serial fallida o formato incorrecto
2025-05-24 18:31:53,702 [INFO] Inicio del sistema
2025-05-24 18:31:54,864 [INFO] Lectura BMP390
2025-05-24 18:31:54,882 [INFO] [31m[1mWARNING: This is a development server. Do not use it in a production deployment. Use a production WSGI server instead.[0m
 * Running on all addresses (0.0.0.0)
 * Running on http://127.0.0.1:8080
 * Running on http://192.168.95.239:8080
2025-05-24 18:31:54,882 [INFO] [33mPress CTRL+C to quit[0m
2025-05-24 18:31:55,077 [INFO] Lectura LTR390
2025-05-24 18:31:55,083 [WARNING] Lectura serial fallida o formato incorrecto
2025-05-24 18:31:56,911 [INFO] Inicio del sistema
2025-05-24 18:31:58,056 [INFO] Lectura BMP390
2025-05-24 18:31:58,091 [INFO] [31m[1mWARNING: This is a development server. Do not use it in a production deployment. Use a production WSGI server instead.[0m
 * Running on all addresses (0.0.0.0)
 * Running on http://127.0.0.1:8080
 * Running on http://192.168.95.239:8080
2025-05-24 18:31:58,092 [INFO] [33mPress CTRL+C to quit[0m
2025-05-24 18:31:58,282 [INFO] Lectura LTR390
2025-05-24 18:31:58,287 [WARNING] Lectura serial fallida o formato incorrecto
2025-05-24 18:32:00,227 [INFO] Inicio del sistema
2025-05-24 18:32:01,402 [INFO] Lectura BMP390
2025-05-24 18:32:01,427 [INFO] [31m[1mWARNING: This is a development server. Do not use it in a production deployment. Use a production WSGI server instead.[0m
 * Running on all addresses (0.0.0.0)
 * Running on http://127.0.0.1:8080
 * Running on http://192.168.95.239:8080
2025-05-24 18:32:01,427 [INFO] [33mPress CTRL+C to quit[0m
2025-05-24 18:32:01,623 [INFO] Lectura LTR390
2025-05-24 18:32:01,630 [WARNING] Lectura serial fallida o formato incorrecto
2025-05-24 18:32:03,918 [INFO] Inicio del sistema
2025-05-24 18:32:05,061 [INFO] Lectura BMP390
2025-05-24 18:32:05,080 [INFO] [31m[1mWARNING: This is a development server. Do not use it in a production deployment. Use a production WSGI server instead.[0m
 * Running on all addresses (0.0.0.0)
 * Running on http://127.0.0.1:8080
 * Running on http://127.0.0.1:8080
2025-05-24 18:32:05,080 [INFO] [33mPress CTRL+C to quit[0m
2025-05-24 18:32:05,285 [INFO] Lectura LTR390
2025-05-24 18:32:05,298 [WARNING] Lectura serial fallida o formato incorrecto
2025-05-24 18:32:07,707 [INFO] Inicio del sistema
2025-05-24 18:32:08,877 [INFO] Lectura BMP390
2025-05-24 18:32:08,906 [INFO] [31m[1mWARNING: This is a development server. Do not use it in a production deployment. Use a production WSGI server instead.[0m
 * Running on all addresses (0.0.0.0)
 * Running on http://127.0.0.1:8080
 * Running on http://192.168.95.239:8080
2025-05-24 18:32:08,907 [INFO] [33mPress CTRL+C to quit[0m
2025-05-24 18:32:09,107 [INFO] Lectura LTR390
2025-05-24 18:32:09,176 [WARNING] Lectura serial fallida o formato incorrecto
2025-05-24 18:32:11,448 [INFO] Inicio del sistema
2025-05-24 18:32:12,598 [INFO] Lectura BMP390
2025-05-24 18:32:12,621 [INFO] [31m[1mWARNING: This is a development server. Do not use it in a production deployment. Use a production WSGI server instead.[0m
 * Running on all addresses (0.0.0.0)
 * Running on http://127.0.0.1:8080
 * Running on http://192.168.95.239:8080
2025-05-24 18:32:12,621 [INFO] [33mPress CTRL+C to quit[0m
2025-05-24 18:32:12,808 [INFO] Lectura LTR390
2025-05-24 18:32:13,534 [WARNING] Lectura serial fallida o formato incorrecto
2025-05-24 18:32:15,412 [INFO] Inicio del sistema
2025-05-24 18:32:16,549 [INFO] Lectura BMP390
2025-05-24 18:32:16,592 [INFO] [31m[1mWARNING: This is a development server. Do not use it in a production deployment. Use a production WSGI server instead.[0m
 * Running on all addresses (0.0.0.0)
 * Running on http://127.0.0.1:8080
 * Running on http://192.168.95.239:8080
2025-05-24 18:32:16,593 [INFO] [33mPress CTRL+C to quit[0m
2025-05-24 18:32:16,772 [INFO] Lectura LTR390
2025-05-24 18:32:16,777 [WARNING] Lectura serial fallida o formato incorrecto
2025-05-24 18:32:18,657 [INFO] Inicio del sistema
2025-05-24 18:32:19,808 [INFO] Lectura BMP390
2025-05-24 18:32:19,844 [INFO] [31m[1mWARNING: This is a development server. Do not use it in a production deployment. Use a production WSGI server instead.[0m
 * Running on all addresses (0.0.0.0)
 * Running on http://127.0.0.1:8080
 * Running on http://192.168.95.239:8080
2025-05-24 18:32:19,845 [INFO] [33mPress CTRL+C to quit[0m
2025-05-24 18:32:20,032 [INFO] Lectura LTR390
2025-05-24 18:32:20,067 [WARNING] Lectura serial fallida o formato incorrecto
2025-05-24 18:32:21,948 [INFO] Inicio del sistema
2025-05-24 18:32:23,097 [INFO] Lectura BMP390
2025-05-24 18:32:23,124 [INFO] [31m[1mWARNING: This is a development server. Do not use it in a production deployment. Use a production WSGI server instead.[0m
 * Running on all addresses (0.0.0.0)
 * Running on http://127.0.0.1:8080
 * Running on http://192.168.95.239:8080
2025-05-24 18:32:23,125 [INFO] [33mPress CTRL+C to quit[0m
2025-05-24 18:32:23,330 [INFO] Lectura LTR390
2025-05-24 18:32:23,340 [WARNING] Lectura serial fallida o formato incorrecto
2025-05-24 18:32:26,186 [INFO] Inicio del sistema
2025-05-24 18:32:27,341 [INFO] Lectura BMP390
2025-05-24 18:32:27,360 [INFO] [31m[1mWARNING: This is a development server. Do not use it in a production deployment. Use a production WSGI server instead.[0m
 * Running on all addresses (0.0.0.0)
 * Running on http://127.0.0.1:8080
 * Running on http://192.168.95.239:8080
2025-05-24 18:32:27,362 [INFO] [33mPress CTRL+C to quit[0m
2025-05-24 18:32:27,566 [INFO] Lectura LTR390
2025-05-24 18:32:27,577 [WARNING] Lectura serial fallida o formato incorrecto
2025-05-24 18:32:30,190 [INFO] Inicio del sistema
2025-05-24 18:32:31,369 [INFO] Lectura BMP390
2025-05-24 18:32:31,386 [INFO] [31m[1mWARNING: This is a development server. Do not use it in a production deployment. Use a production WSGI server instead.[0m
 * Running on all addresses (0.0.0.0)
 * Running on http://127.0.0.1:8080
 * Running on http://192.168.95.239:8080
2025-05-24 18:32:31,387 [INFO] [33mPress CTRL+C to quit[0m
2025-05-24 18:32:31,602 [INFO] Lectura LTR390
2025-05-24 18:32:31,608 [WARNING] Lectura serial fallida o formato incorrecto
2025-05-24 18:32:34,405 [INFO] Inicio del sistema
2025-05-24 18:32:35,579 [INFO] Lectura BMP390
2025-05-24 18:32:35,607 [INFO] [31m[1mWARNING: This is a development server. Do not use it in a production deployment. Use a production WSGI server instead.[0m
 * Running on all addresses (0.0.0.0)
 * Running on http://127.0.0.1:8080
 * Running on http://192.168.95.239:8080
2025-05-24 18:32:35,608 [INFO] [33mPress CTRL+C to quit[0m
2025-05-24 18:32:35,800 [INFO] Lectura LTR390
2025-05-24 18:32:35,807 [WARNING] Lectura serial fallida o formato incorrecto
2025-05-24 18:32:38,279 [INFO] Inicio del sistema
2025-05-24 18:32:39,439 [INFO] Lectura BMP390
2025-05-24 18:32:39,460 [INFO] [31m[1mWARNING: This is a development server. Do not use it in a production deployment. Use a production WSGI server instead.[0m
 * Running on all addresses (0.0.0.0)
 * Running on http://127.0.0.1:8080
 * Running on http://192.168.95.239:8080
2025-05-24 18:32:39,461 [INFO] [33mPress CTRL+C to quit[0m
2025-05-24 18:32:39,676 [INFO] Lectura LTR390
2025-05-24 18:32:39,686 [WARNING] Lectura serial fallida o formato incorrecto
2025-05-24 18:32:42,071 [INFO] Inicio del sistema
2025-05-24 18:32:43,241 [INFO] Lectura BMP390
2025-05-24 18:32:43,261 [INFO] [31m[1mWARNING: This is a development server. Do not use it in a production deployment. Use a production WSGI server instead.[0m
 * Running on all addresses (0.0.0.0)
 * Running on http://127.0.0.1:8080
 * Running on http://192.168.95.239:8080
2025-05-24 18:32:43,262 [INFO] [33mPress CTRL+C to quit[0m
2025-05-24 18:32:43,466 [INFO] Lectura LTR390
2025-05-24 18:32:44,032 [WARNING] Lectura serial fallida o formato incorrecto
2025-05-24 18:32:46,328 [INFO] Inicio del sistema
2025-05-24 18:32:47,472 [INFO] Lectura BMP390
2025-05-24 18:32:47,499 [INFO] [31m[1mWARNING: This is a development server. Do not use it in a production deployment. Use a production WSGI server instead.[0m
 * Running on all addresses (0.0.0.0)
 * Running on http://127.0.0.1:8080
 * Running on http://192.168.95.239:8080
2025-05-24 18:32:47,501 [INFO] [33mPress CTRL+C to quit[0m
2025-05-24 18:32:47,691 [INFO] Lectura LTR390
2025-05-24 18:32:48,405 [WARNING] Lectura serial fallida o formato incorrecto
2025-05-24 18:32:50,942 [INFO] Inicio del sistema
2025-05-24 18:32:52,093 [INFO] Lectura BMP390
2025-05-24 18:32:52,109 [INFO] [31m[1mWARNING: This is a development server. Do not use it in a production deployment. Use a production WSGI server instead.[0m
 * Running on all addresses (0.0.0.0)
 * Running on http://127.0.0.1:8080
 * Running on http://192.168.95.239:8080
2025-05-24 18:32:52,110 [INFO] [33mPress CTRL+C to quit[0m
2025-05-24 18:32:52,335 [INFO] Lectura LTR390
2025-05-24 18:32:52,756 [WARNING] Lectura serial fallida o formato incorrecto
2025-05-24 18:32:55,354 [INFO] Inicio del sistema
2025-05-24 18:32:56,500 [INFO] Lectura BMP390
2025-05-24 18:32:56,515 [INFO] [31m[1mWARNING: This is a development server. Do not use it in a production deployment. Use a production WSGI server instead.[0m
 * Running on all addresses (0.0.0.0)
 * Running on http://127.0.0.1:8080
 * Running on http://192.168.95.239:8080
2025-05-24 18:32:56,516 [INFO] [33mPress CTRL+C to quit[0m
2025-05-24 18:32:56,722 [INFO] Lectura LTR390
2025-05-24 18:32:57,113 [WARNING] Lectura serial fallida o formato incorrecto
2025-05-24 18:32:59,591 [INFO] Inicio del sistema
2025-05-24 18:33:00,752 [INFO] Lectura BMP390
2025-05-24 18:33:00,758 [INFO] [31m[1mWARNING: This is a development server. Do not use it in a production deployment. Use a production WSGI server instead.[0m
 * Running on all addresses (0.0.0.0)
 * Running on http://127.0.0.1:8080
 * Running on http://192.168.95.239:8080
2025-05-24 18:33:00,760 [INFO] [33mPress CTRL+C to quit[0m
2025-05-24 18:33:00,970 [INFO] Lectura LTR390
2025-05-24 18:33:01,479 [WARNING] Lectura serial fallida o formato incorrecto
2025-05-24 18:33:03,840 [INFO] Inicio del sistema
2025-05-24 18:33:04,979 [INFO] Lectura BMP390
2025-05-24 18:33:05,000 [INFO] [31m[1mWARNING: This is a development server. Do not use it in a production deployment. Use a production WSGI server instead.[0m
 * Running on all addresses (0.0.0.0)
 * Running on http://127.0.0.1:8080
 * Running on http://192.168.95.239:8080
2025-05-24 18:33:05,001 [INFO] [33mPress CTRL+C to quit[0m
2025-05-24 18:33:05,200 [INFO] Lectura LTR390
2025-05-24 18:33:05,837 [WARNING] Lectura serial fallida o formato incorrecto
2025-05-24 18:33:08,171 [INFO] Inicio del sistema
2025-05-24 18:33:09,313 [INFO] Lectura BMP390
2025-05-24 18:33:09,326 [INFO] [31m[1mWARNING: This is a development server. Do not use it in a production deployment. Use a production WSGI server instead.[0m
 * Running on all addresses (0.0.0.0)
 * Running on http://127.0.0.1:8080
 * Running on http://192.168.95.239:8080
2025-05-24 18:33:09,327 [INFO] [33mPress CTRL+C to quit[0m
2025-05-24 18:33:09,530 [INFO] Lectura LTR390
2025-05-24 18:33:10,203 [WARNING] Lectura serial fallida o formato incorrecto
2025-05-24 18:33:10,205 [WARNING] GPS sin señal
2025-05-24 18:33:10,206 [INFO] Datos JSON preparados para envío
2025-05-24 18:33:11,256 [INFO] Lectura BMP390
2025-05-24 18:33:11,437 [INFO] Lectura LTR390
2025-05-24 18:33:12,381 [INFO] Lectura desde ESP32-S3 por serial
2025-05-24 18:33:12,384 [WARNING] GPS sin señal
2025-05-24 18:33:12,394 [INFO] Datos JSON preparados para envío
2025-05-24 18:33:13,448 [INFO] Lectura BMP390
2025-05-24 18:33:13,630 [INFO] Lectura LTR390
2025-05-24 18:33:14,562 [INFO] Lectura desde ESP32-S3 por serial
2025-05-24 18:33:14,566 [WARNING] GPS sin señal
2025-05-24 18:33:14,568 [INFO] Datos JSON preparados para envío
2025-05-24 18:33:15,628 [INFO] Lectura BMP390
2025-05-24 18:33:15,840 [INFO] Lectura LTR390
2025-05-24 18:33:16,740 [INFO] Lectura desde ESP32-S3 por serial
2025-05-24 18:33:16,742 [WARNING] GPS sin señal
2025-05-24 18:33:16,743 [INFO] Datos JSON preparados para envío
2025-05-24 18:33:17,796 [INFO] Lectura BMP390
2025-05-24 18:33:17,980 [INFO] Lectura LTR390
2025-05-24 18:33:18,914 [INFO] Lectura desde ESP32-S3 por serial
2025-05-24 18:33:18,922 [WARNING] GPS sin señal
2025-05-24 18:33:18,923 [INFO] Datos JSON preparados para envío
2025-05-24 18:33:19,978 [INFO] Lectura BMP390
2025-05-24 18:33:20,160 [INFO] Lectura LTR390
2025-05-24 18:33:21,100 [INFO] Lectura desde ESP32-S3 por serial
2025-05-24 18:33:21,107 [WARNING] GPS sin señal
2025-05-24 18:33:21,109 [INFO] Datos JSON preparados para envío
2025-05-24 18:33:22,167 [INFO] Lectura BMP390
2025-05-24 18:33:22,350 [INFO] Lectura LTR390
2025-05-24 18:33:23,277 [INFO] Lectura desde ESP32-S3 por serial
2025-05-24 18:33:23,283 [WARNING] GPS sin señal
2025-05-24 18:33:23,285 [INFO] Datos JSON preparados para envío
2025-05-24 18:33:24,339 [INFO] Lectura BMP390
2025-05-24 18:33:24,521 [INFO] Lectura LTR390
2025-05-24 18:33:25,457 [INFO] Lectura desde ESP32-S3 por serial
2025-05-24 18:33:25,459 [WARNING] GPS sin señal
2025-05-24 18:33:25,461 [INFO] Datos JSON preparados para envío
2025-05-24 18:33:26,514 [INFO] Lectura BMP390
2025-05-24 18:33:26,694 [INFO] Lectura LTR390
2025-05-24 18:33:27,636 [INFO] Lectura desde ESP32-S3 por serial
2025-05-24 18:33:27,639 [WARNING] GPS sin señal
2025-05-24 18:33:27,640 [INFO] Datos JSON preparados para envío
2025-05-24 18:33:28,690 [INFO] Lectura BMP390
2025-05-24 18:33:28,867 [INFO] Lectura LTR390
2025-05-24 18:33:29,812 [INFO] Lectura desde ESP32-S3 por serial
2025-05-24 18:33:29,815 [WARNING] GPS sin señal
2025-05-24 18:33:29,816 [INFO] Datos JSON preparados para envío
2025-05-24 18:33:30,866 [INFO] Lectura BMP390
2025-05-24 18:33:31,049 [INFO] Lectura LTR390
2025-05-24 18:33:31,994 [INFO] Lectura desde ESP32-S3 por serial
2025-05-24 18:33:31,997 [WARNING] GPS sin señal
2025-05-24 18:33:31,998 [INFO] Datos JSON preparados para envío
2025-05-24 18:33:33,049 [INFO] Lectura BMP390
2025-05-24 18:33:33,229 [INFO] Lectura LTR390
2025-05-24 18:33:34,174 [INFO] Lectura desde ESP32-S3 por serial
2025-05-24 18:33:34,180 [WARNING] GPS sin señal
2025-05-24 18:33:34,182 [INFO] Datos JSON preparados para envío
2025-05-24 18:33:35,241 [INFO] Lectura BMP390
2025-05-24 18:33:35,423 [INFO] Lectura LTR390
2025-05-24 18:33:36,345 [INFO] Lectura desde ESP32-S3 por serial
2025-05-24 18:33:36,349 [WARNING] GPS sin señal
2025-05-24 18:33:36,350 [INFO] Datos JSON preparados para envío
2025-05-24 18:33:37,404 [INFO] Lectura BMP390
2025-05-24 18:33:37,588 [INFO] Lectura LTR390
2025-05-24 18:33:38,531 [INFO] Lectura desde ESP32-S3 por serial
2025-05-24 18:33:38,535 [WARNING] GPS sin señal
2025-05-24 18:33:38,537 [INFO] Datos JSON preparados para envío
2025-05-24 18:33:39,592 [INFO] Lectura BMP390
2025-05-24 18:33:39,776 [INFO] Lectura LTR390
2025-05-24 18:33:40,711 [INFO] Lectura desde ESP32-S3 por serial
2025-05-24 18:33:40,716 [WARNING] GPS sin señal
2025-05-24 18:33:40,717 [INFO] Datos JSON preparados para envío
2025-05-24 18:33:41,770 [INFO] Lectura BMP390
2025-05-24 18:33:41,958 [INFO] Lectura LTR390
2025-05-24 18:33:42,887 [INFO] Lectura desde ESP32-S3 por serial
2025-05-24 18:33:42,890 [WARNING] GPS sin señal
2025-05-24 18:33:42,891 [INFO] Datos JSON preparados para envío
2025-05-24 18:33:43,944 [INFO] Lectura BMP390
2025-05-24 18:33:44,127 [INFO] Lectura LTR390
                                                                                                                                                                                                                                                                                                                                                                                                                                                                                                                                                                                                                                                                                                                                                                                                                                                                                                                                                                                                                                                                                                                                                                                                                                                                                                                                                                                                                                                                                                                                                                                                                                                                                          2025-05-24 18:33:52,783 [INFO] Inicio del sistema
2025-05-24 18:33:53,922 [INFO] Lectura BMP390
2025-05-24 18:33:53,966 [INFO] [31m[1mWARNING: This is a development server. Do not use it in a production deployment. Use a production WSGI server instead.[0m
 * Running on all addresses (0.0.0.0)
 * Running on http://127.0.0.1:8080
 * Running on http://127.0.0.1:8080
2025-05-24 18:33:53,966 [INFO] [33mPress CTRL+C to quit[0m
2025-05-24 18:33:54,140 [INFO] Lectura LTR390
2025-05-24 18:33:54,279 [WARNING] Lectura serial fallida o formato incorrecto
2025-05-24 18:33:54,297 [ERROR] Error al leer datos climáticos NASA
2025-05-24 18:33:54,298 [INFO] Datos JSON preparados para envío
2025-05-24 18:33:55,348 [INFO] Lectura BMP390
2025-05-24 18:33:55,528 [INFO] Lectura LTR390
2025-05-24 18:33:56,469 [INFO] Lectura desde ESP32-S3 por serial
2025-05-24 18:34:00,278 [INFO] Lectura datos climáticos NASA
2025-05-24 18:34:00,279 [INFO] Datos JSON preparados para envío
2025-05-24 18:34:01,330 [INFO] Lectura BMP390
2025-05-24 18:34:01,507 [INFO] Lectura LTR390
2025-05-24 18:34:01,510 [INFO] Lectura desde ESP32-S3 por serial
2025-05-24 18:34:05,399 [INFO] Lectura datos climáticos NASA
2025-05-24 18:34:05,401 [INFO] Datos JSON preparados para envío
2025-05-24 18:34:06,450 [INFO] Lectura BMP390
2025-05-24 18:34:06,628 [INFO] Lectura LTR390
2025-05-24 18:34:06,631 [INFO] Lectura desde ESP32-S3 por serial
2025-05-24 18:34:10,929 [INFO] Lectura datos climáticos NASA
2025-05-24 18:34:10,931 [INFO] Datos JSON preparados para envío
2025-05-24 18:34:11,987 [INFO] Lectura BMP390
2025-05-24 18:34:12,164 [INFO] Lectura LTR390
2025-05-24 18:34:12,166 [INFO] Lectura desde ESP32-S3 por serial
2025-05-24 18:34:15,844 [INFO] Lectura datos climáticos NASA
2025-05-24 18:34:15,846 [INFO] Datos JSON preparados para envío
2025-05-24 18:34:16,899 [INFO] Lectura BMP390
2025-05-24 18:34:17,078 [INFO] Lectura LTR390
2025-05-24 18:34:17,081 [INFO] Lectura desde ESP32-S3 por serial
2025-05-24 18:34:48,417 [INFO] Lectura datos climáticos NASA
2025-05-24 18:34:48,418 [INFO] Datos JSON preparados para envío
2025-05-24 18:34:49,469 [INFO] Lectura BMP390
2025-05-24 18:34:49,644 [INFO] Lectura LTR390
2025-05-24 18:34:49,647 [INFO] Lectura desde ESP32-S3 por serial
2025-05-24 18:34:53,954 [INFO] Lectura datos climáticos NASA
2025-05-24 18:34:53,956 [INFO] Datos JSON preparados para envío
2025-05-24 18:34:55,006 [INFO] Lectura BMP390
2025-05-24 18:34:55,187 [INFO] Lectura LTR390
2025-05-24 18:34:55,190 [INFO] Lectura desde ESP32-S3 por serial
2025-05-24 18:34:58,767 [INFO] Lectura datos climáticos NASA
2025-05-24 18:34:58,769 [INFO] Datos JSON preparados para envío
2025-05-24 18:34:59,823 [INFO] Lectura BMP390
2025-05-24 18:34:59,999 [INFO] Lectura LTR390
2025-05-24 18:35:00,002 [INFO] Lectura desde ESP32-S3 por serial
2025-05-24 18:35:03,859 [INFO] Lectura datos climáticos NASA
2025-05-24 18:35:03,862 [INFO] Datos JSON preparados para envío
2025-05-24 18:35:04,917 [INFO] Lectura BMP390
2025-05-24 18:35:05,096 [INFO] Lectura LTR390
2025-05-24 18:35:05,099 [INFO] Lectura desde ESP32-S3 por serial
2025-05-24 18:35:08,884 [INFO] Lectura datos climáticos NASA
2025-05-24 18:35:08,887 [INFO] Datos JSON preparados para envío
2025-05-24 18:35:09,943 [INFO] Lectura BMP390
2025-05-24 18:35:10,130 [INFO] Lectura LTR390
2025-05-24 18:35:10,136 [INFO] Lectura desde ESP32-S3 por serial
2025-05-24 18:35:13,492 [INFO] Lectura datos climáticos NASA
2025-05-24 18:35:13,495 [INFO] Datos JSON preparados para envío
2025-05-24 18:35:14,547 [INFO] Lectura BMP390
2025-05-24 18:35:14,732 [INFO] Lectura LTR390
2025-05-24 18:35:14,737 [INFO] Lectura desde ESP32-S3 por serial
2025-05-24 18:35:18,407 [INFO] Lectura datos climáticos NASA
2025-05-24 18:35:18,411 [INFO] Datos JSON preparados para envío
2025-05-24 18:35:19,464 [INFO] Lectura BMP390
2025-05-24 18:35:19,644 [INFO] Lectura LTR390
2025-05-24 18:35:19,649 [INFO] Lectura desde ESP32-S3 por serial
2025-05-24 18:35:23,628 [INFO] Lectura datos climáticos NASA
2025-05-24 18:35:23,631 [INFO] Datos JSON preparados para envío
2025-05-24 18:35:24,684 [INFO] Lectura BMP390
2025-05-24 18:35:24,865 [INFO] Lectura LTR390
2025-05-24 18:35:24,868 [INFO] Lectura desde ESP32-S3 por serial
2025-05-24 18:35:28,619 [INFO] Lectura datos climáticos NASA
2025-05-24 18:35:28,621 [INFO] Datos JSON preparados para envío
2025-05-24 18:35:29,677 [INFO] Lectura BMP390
2025-05-24 18:35:29,858 [INFO] Lectura LTR390
2025-05-24 18:35:29,861 [INFO] Lectura desde ESP32-S3 por serial
2025-05-24 18:35:34,611 [INFO] Lectura datos climáticos NASA
2025-05-24 18:35:34,613 [INFO] Datos JSON preparados para envío
2025-05-24 18:35:35,666 [INFO] Lectura BMP390
2025-05-24 18:35:35,851 [INFO] Lectura LTR390
2025-05-24 18:35:35,865 [INFO] Lectura desde ESP32-S3 por serial
2025-05-24 18:35:39,716 [INFO] Lectura datos climáticos NASA
2025-05-24 18:35:39,718 [INFO] Datos JSON preparados para envío
2025-05-24 18:35:40,773 [INFO] Lectura BMP390
2025-05-24 18:35:40,959 [INFO] Lectura LTR390
2025-05-24 18:35:40,962 [INFO] Lectura desde ESP32-S3 por serial
2025-05-24 18:35:44,437 [INFO] Lectura datos climáticos NASA
2025-05-24 18:35:44,439 [INFO] Datos JSON preparados para envío
2025-05-24 18:35:45,501 [INFO] Lectura BMP390
2025-05-24 18:35:45,682 [INFO] Lectura LTR390
2025-05-24 18:35:45,686 [INFO] Lectura desde ESP32-S3 por serial
2025-05-24 18:35:49,502 [INFO] Lectura datos climáticos NASA
2025-05-24 18:35:49,505 [INFO] Datos JSON preparados para envío
2025-05-24 18:35:50,560 [INFO] Lectura BMP390
2025-05-24 18:35:50,744 [INFO] Lectura LTR390
2025-05-24 18:35:50,749 [INFO] Lectura desde ESP32-S3 por serial
2025-05-24 18:35:53,902 [INFO] Lectura datos climáticos NASA
2025-05-24 18:35:53,904 [INFO] Datos JSON preparados para envío
2025-05-24 18:35:54,524 [INFO] Inicio del sistema
2025-05-24 18:35:54,961 [INFO] Lectura BMP390
2025-05-24 18:35:55,146 [INFO] Lectura LTR390
2025-05-24 18:35:55,679 [INFO] Lectura BMP390
2025-05-24 18:35:55,920 [INFO] Lectura LTR390
2025-05-24 18:35:56,145 [WARNING] Lectura serial fallida o formato incorrecto
2025-05-24 18:35:56,153 [WARNING] Lectura serial fallida o formato incorrecto
2025-05-24 18:35:59,675 [INFO] Lectura datos climáticos NASA
2025-05-24 18:35:59,677 [INFO] Datos JSON preparados para envío
2025-05-24 18:35:59,848 [INFO] Lectura datos climáticos NASA
2025-05-24 18:35:59,850 [INFO] Datos JSON preparados para envío
2025-05-24 18:36:00,735 [INFO] Lectura BMP390
2025-05-24 18:36:00,906 [INFO] Lectura BMP390
2025-05-24 18:36:01,106 [INFO] Lectura LTR390
2025-05-24 18:36:01,109 [INFO] Lectura desde ESP32-S3 por serial
2025-05-24 18:36:01,212 [INFO] Lectura LTR390
2025-05-24 18:36:01,216 [INFO] Lectura desde ESP32-S3 por serial
2025-05-24 18:36:05,465 [INFO] Lectura datos climáticos NASA
2025-05-24 18:36:05,467 [INFO] Datos JSON preparados para envío
2025-05-24 18:36:05,491 [INFO] Lectura datos climáticos NASA
2025-05-24 18:36:05,496 [INFO] Datos JSON preparados para envío
2025-05-24 18:36:06,522 [INFO] Lectura BMP390
2025-05-24 18:36:06,729 [INFO] Lectura LTR390
2025-05-24 18:36:06,732 [INFO] Lectura desde ESP32-S3 por serial
2025-05-24 18:36:06,973 [INFO] 192.168.95.214 - - [24/May/2025 18:36:06] "GET /datos HTTP/1.1" 200 -
2025-05-24 18:36:10,124 [INFO] Lectura datos climáticos NASA
2025-05-24 18:36:10,127 [INFO] Datos JSON preparados para envío
2025-05-24 18:37:03,892 [INFO] 192.168.95.214 - - [24/May/2025 18:37:03] "GET /datos HTTP/1.1" 200 -
2025-05-24 18:37:05,059 [INFO] 192.168.95.214 - - [24/May/2025 18:37:05] "GET /datos HTTP/1.1" 200 -
2025-05-24 18:37:05,602 [INFO] 192.168.95.214 - - [24/May/2025 18:37:05] "GET /datos HTTP/1.1" 200 -
2025-05-24 18:37:06,106 [INFO] 192.168.95.214 - - [24/May/2025 18:37:06] "GET /datos HTTP/1.1" 200 -
2025-05-24 18:37:06,678 [INFO] 192.168.95.214 - - [24/May/2025 18:37:06] "GET /datos HTTP/1.1" 200 -
2025-05-24 18:37:07,077 [INFO] 192.168.95.214 - - [24/May/2025 18:37:07] "GET /datos HTTP/1.1" 200 -
2025-05-24 18:37:07,504 [INFO] 192.168.95.214 - - [24/May/2025 18:37:07] "GET /datos HTTP/1.1" 200 -
2025-05-24 18:37:07,829 [INFO] 192.168.95.214 - - [24/May/2025 18:37:07] "GET /datos HTTP/1.1" 200 -
2025-05-24 18:37:08,041 [INFO] 192.168.95.214 - - [24/May/2025 18:37:08] "GET /datos HTTP/1.1" 200 -
2025-05-24 18:37:08,243 [INFO] 192.168.95.214 - - [24/May/2025 18:37:08] "GET /datos HTTP/1.1" 200 -
2025-05-24 18:37:08,467 [INFO] 192.168.95.214 - - [24/May/2025 18:37:08] "GET /datos HTTP/1.1" 200 -
2025-05-24 18:37:08,634 [INFO] 192.168.95.214 - - [24/May/2025 18:37:08] "GET /datos HTTP/1.1" 200 -
2025-05-24 18:37:08,800 [INFO] 192.168.95.214 - - [24/May/2025 18:37:08] "GET /datos HTTP/1.1" 200 -
2025-05-24 18:37:08,964 [INFO] 192.168.95.214 - - [24/May/2025 18:37:08] "GET /datos HTTP/1.1" 200 -
2025-05-24 18:37:09,143 [INFO] 192.168.95.214 - - [24/May/2025 18:37:09] "GET /datos HTTP/1.1" 200 -
2025-05-24 18:37:09,308 [INFO] 192.168.95.214 - - [24/May/2025 18:37:09] "GET /datos HTTP/1.1" 200 -
2025-05-24 18:37:09,484 [INFO] 192.168.95.214 - - [24/May/2025 18:37:09] "GET /datos HTTP/1.1" 200 -
2025-05-24 18:37:09,686 [INFO] 192.168.95.214 - - [24/May/2025 18:37:09] "GET /datos HTTP/1.1" 200 -
2025-05-24 18:37:09,795 [INFO] 192.168.95.214 - - [24/May/2025 18:37:09] "GET /datos HTTP/1.1" 200 -
2025-05-24 18:37:09,958 [INFO] 192.168.95.214 - - [24/May/2025 18:37:09] "GET /datos HTTP/1.1" 200 -
2025-05-24 18:37:10,114 [INFO] 192.168.95.214 - - [24/May/2025 18:37:10] "GET /datos HTTP/1.1" 200 -
2025-05-24 18:37:10,256 [INFO] 192.168.95.214 - - [24/May/2025 18:37:10] "GET /datos HTTP/1.1" 200 -
2025-05-24 18:37:10,447 [INFO] 192.168.95.214 - - [24/May/2025 18:37:10] "GET /datos HTTP/1.1" 200 -
2025-05-24 18:37:10,608 [INFO] 192.168.95.214 - - [24/May/2025 18:37:10] "GET /datos HTTP/1.1" 200 -
2025-05-24 18:37:10,758 [INFO] 192.168.95.214 - - [24/May/2025 18:37:10] "GET /datos HTTP/1.1" 200 -
2025-05-24 18:37:10,927 [INFO] 192.168.95.214 - - [24/May/2025 18:37:10] "GET /datos HTTP/1.1" 200 -
2025-05-24 18:37:11,117 [INFO] 192.168.95.214 - - [24/May/2025 18:37:11] "GET /datos HTTP/1.1" 200 -
2025-05-24 18:37:11,271 [INFO] 192.168.95.214 - - [24/May/2025 18:37:11] "GET /datos HTTP/1.1" 200 -
2025-05-24 18:37:11,423 [INFO] 192.168.95.214 - - [24/May/2025 18:37:11] "GET /datos HTTP/1.1" 200 -
2025-05-24 18:37:11,559 [INFO] 192.168.95.214 - - [24/May/2025 18:37:11] "GET /datos HTTP/1.1" 200 -
2025-05-24 18:37:11,710 [INFO] 192.168.95.214 - - [24/May/2025 18:37:11] "GET /datos HTTP/1.1" 200 -
2025-05-24 18:37:11,863 [INFO] 192.168.95.214 - - [24/May/2025 18:37:11] "GET /datos HTTP/1.1" 200 -
2025-05-24 18:37:12,037 [INFO] 192.168.95.214 - - [24/May/2025 18:37:12] "GET /datos HTTP/1.1" 200 -
2025-05-24 18:37:12,204 [INFO] 192.168.95.214 - - [24/May/2025 18:37:12] "GET /datos HTTP/1.1" 200 -
2025-05-24 18:37:12,348 [INFO] 192.168.95.214 - - [24/May/2025 18:37:12] "GET /datos HTTP/1.1" 200 -
2025-05-24 18:37:12,514 [INFO] 192.168.95.214 - - [24/May/2025 18:37:12] "GET /datos HTTP/1.1" 200 -
2025-05-24 18:37:12,655 [INFO] 192.168.95.214 - - [24/May/2025 18:37:12] "GET /datos HTTP/1.1" 200 -
2025-05-24 18:37:12,825 [INFO] 192.168.95.214 - - [24/May/2025 18:37:12] "GET /datos HTTP/1.1" 200 -
2025-05-24 18:37:12,973 [INFO] 192.168.95.214 - - [24/May/2025 18:37:12] "GET /datos HTTP/1.1" 200 -
2025-05-24 18:37:13,138 [INFO] 192.168.95.214 - - [24/May/2025 18:37:13] "GET /datos HTTP/1.1" 200 -
2025-05-24 18:37:13,317 [INFO] 192.168.95.214 - - [24/May/2025 18:37:13] "GET /datos HTTP/1.1" 200 -
2025-05-24 18:37:13,485 [INFO] 192.168.95.214 - - [24/May/2025 18:37:13] "GET /datos HTTP/1.1" 200 -
2025-05-24 18:37:13,596 [INFO] 192.168.95.214 - - [24/May/2025 18:37:13] "GET /datos HTTP/1.1" 200 -
2025-05-24 18:39:11,855 [INFO] 192.168.95.214 - - [24/May/2025 18:39:11] "GET /datos HTTP/1.1" 200 -
2025-05-24 18:39:24,076 [INFO] 192.168.95.214 - - [24/May/2025 18:39:24] "GET /datos HTTP/1.1" 200 -
2025-05-24 18:39:26,550 [INFO] 192.168.95.214 - - [24/May/2025 18:39:26] "GET / HTTP/1.1" 200 -
2025-05-24 18:39:31,194 [INFO] Movimiento hacia adelante
2025-05-24 18:39:31,203 [INFO] 192.168.95.214 - - [24/May/2025 18:39:31] "POST /mover HTTP/1.1" 200 -
2025-05-24 18:39:34,770 [INFO] Movimiento hacia adelante
2025-05-24 18:39:37,613 [INFO] 192.168.95.214 - - [24/May/2025 18:39:37] "GET / HTTP/1.1" 200 -
2025-05-24 18:39:38,374 [INFO] Movimiento hacia adelante
2025-05-24 18:39:41,947 [INFO] Movimiento hacia adelante
                                                                                                                                                                                                                                                                                                                                                                                                                                                                                                                              2025-05-24 18:39:43,837 [INFO] Inicio del sistema
2025-05-24 18:39:44,974 [INFO] Lectura BMP390
2025-05-24 18:39:45,012 [INFO] [31m[1mWARNING: This is a development server. Do not use it in a production deployment. Use a production WSGI server instead.[0m
 * Running on all addresses (0.0.0.0)
 * Running on http://127.0.0.1:8080
 * Running on http://127.0.0.1:8080
2025-05-24 18:39:45,012 [INFO] [33mPress CTRL+C to quit[0m
2025-05-24 18:39:45,187 [INFO] Lectura LTR390
2025-05-24 18:39:45,418 [WARNING] Lectura serial fallida o formato incorrecto
2025-05-24 18:39:45,438 [ERROR] Error al leer datos climáticos NASA
2025-05-24 18:39:45,439 [INFO] Datos JSON preparados para envío
2025-05-24 18:39:46,489 [INFO] Lectura BMP390
2025-05-24 18:39:46,669 [INFO] Lectura LTR390
2025-05-24 18:39:47,598 [INFO] Lectura desde ESP32-S3 por serial
2025-05-24 18:39:47,607 [ERROR] Error al leer datos climáticos NASA
2025-05-24 18:39:47,609 [INFO] Datos JSON preparados para envío
2025-05-24 18:39:48,658 [INFO] Lectura BMP390
2025-05-24 18:39:48,835 [INFO] Lectura LTR390
2025-05-24 18:39:49,775 [INFO] Lectura desde ESP32-S3 por serial
2025-05-24 18:39:53,694 [INFO] Lectura datos climáticos NASA
2025-05-24 18:39:53,696 [INFO] Datos JSON preparados para envío
2025-05-24 18:39:54,745 [INFO] Lectura BMP390
2025-05-24 18:39:54,922 [INFO] Lectura LTR390
2025-05-24 18:39:54,925 [INFO] Lectura desde ESP32-S3 por serial
2025-05-24 18:39:58,051 [INFO] Lectura datos climáticos NASA
2025-05-24 18:39:58,053 [INFO] Datos JSON preparados para envío
2025-05-24 18:39:59,102 [INFO] Lectura BMP390
2025-05-24 18:39:59,279 [INFO] Lectura LTR390
2025-05-24 18:39:59,283 [INFO] Lectura desde ESP32-S3 por serial
2025-05-24 18:40:02,659 [INFO] Lectura datos climáticos NASA
2025-05-24 18:40:02,661 [INFO] Datos JSON preparados para envío
2025-05-24 18:40:03,711 [INFO] Lectura BMP390
2025-05-24 18:40:03,887 [INFO] Lectura LTR390
2025-05-24 18:40:03,890 [INFO] Lectura desde ESP32-S3 por serial
2025-05-24 18:40:07,574 [INFO] Lectura datos climáticos NASA
2025-05-24 18:40:07,576 [INFO] Datos JSON preparados para envío
2025-05-24 18:40:08,628 [INFO] Lectura BMP390
2025-05-24 18:40:08,805 [INFO] Lectura LTR390
2025-05-24 18:40:08,808 [INFO] Lectura desde ESP32-S3 por serial
2025-05-26 16:46:30,477 [INFO] Lectura datos climáticos NASA
2025-05-26 16:46:30,479 [INFO] Datos JSON preparados para envío
2025-05-26 16:46:31,528 [INFO] Lectura BMP390
2025-05-26 16:46:31,712 [INFO] Lectura LTR390
2025-05-26 16:46:31,716 [INFO] Lectura desde ESP32-S3 por serial
2025-05-26 16:46:35,057 [INFO] Lectura datos climáticos NASA
2025-05-26 16:46:35,059 [INFO] Datos JSON preparados para envío
2025-05-26 16:46:36,109 [INFO] Lectura BMP390
2025-05-26 16:46:36,286 [INFO] Lectura LTR390
2025-05-26 16:46:36,289 [INFO] Lectura desde ESP32-S3 por serial
2025-05-26 16:46:39,973 [INFO] Lectura datos climáticos NASA
2025-05-26 16:46:39,974 [INFO] Datos JSON preparados para envío
2025-05-26 16:46:41,024 [INFO] Lectura BMP390
2025-05-26 16:46:41,202 [INFO] Lectura LTR390
2025-05-26 16:46:41,210 [INFO] Lectura desde ESP32-S3 por serial
2025-05-26 16:46:45,195 [INFO] Lectura datos climáticos NASA
2025-05-26 16:46:45,197 [INFO] Datos JSON preparados para envío
2025-05-26 16:46:46,247 [INFO] Lectura BMP390
2025-05-26 16:46:46,425 [INFO] Lectura LTR390
2025-05-26 16:46:46,428 [INFO] Lectura desde ESP32-S3 por serial
2025-05-26 16:46:50,114 [INFO] Lectura datos climáticos NASA
2025-05-26 16:46:50,117 [INFO] Datos JSON preparados para envío
2025-05-26 16:46:51,170 [INFO] Lectura BMP390
2025-05-26 16:46:51,352 [INFO] Lectura LTR390
2025-05-26 16:46:51,358 [INFO] Lectura desde ESP32-S3 por serial
2025-05-26 16:46:54,721 [INFO] Lectura datos climáticos NASA
2025-05-26 16:46:54,725 [INFO] Datos JSON preparados para envío
2025-05-26 16:46:55,778 [INFO] Lectura BMP390
2025-05-26 16:46:55,959 [INFO] Lectura LTR390
2025-05-26 16:46:55,966 [INFO] Lectura desde ESP32-S3 por serial
2025-05-26 16:46:59,330 [INFO] Lectura datos climáticos NASA
2025-05-26 16:46:59,333 [INFO] Datos JSON preparados para envío
2025-05-26 16:47:00,386 [INFO] Lectura BMP390
2025-05-26 16:47:00,567 [INFO] Lectura LTR390
2025-05-26 16:47:00,573 [INFO] Lectura desde ESP32-S3 por serial
2025-05-26 16:47:08,476 [INFO] Lectura datos climáticos NASA
2025-05-26 16:47:08,479 [INFO] Datos JSON preparados para envío
2025-05-26 16:47:09,529 [INFO] Lectura BMP390
2025-05-26 16:47:09,707 [INFO] Lectura LTR390
2025-05-26 16:47:09,709 [INFO] Lectura desde ESP32-S3 por serial
2025-05-26 16:47:13,681 [INFO] Lectura datos climáticos NASA
2025-05-26 16:47:13,684 [INFO] Datos JSON preparados para envío
2025-05-26 16:47:14,738 [INFO] Lectura BMP390
2025-05-26 16:47:14,918 [INFO] Lectura LTR390
2025-05-26 16:47:14,924 [INFO] Lectura desde ESP32-S3 por serial
2025-05-26 16:47:18,080 [INFO] Lectura datos climáticos NASA
2025-05-26 16:47:18,083 [INFO] Datos JSON preparados para envío
2025-05-26 16:47:19,136 [INFO] Lectura BMP390
2025-05-26 16:47:19,318 [INFO] Lectura LTR390
2025-05-26 16:47:19,325 [INFO] Lectura desde ESP32-S3 por serial
2025-05-26 16:47:23,197 [INFO] Lectura datos climáticos NASA
2025-05-26 16:47:23,200 [INFO] Datos JSON preparados para envío
2025-05-26 16:47:24,253 [INFO] Lectura BMP390
2025-05-26 16:47:24,434 [INFO] Lectura LTR390
2025-05-26 16:47:24,439 [INFO] Lectura desde ESP32-S3 por serial
2025-05-26 16:47:28,314 [INFO] Lectura datos climáticos NASA
2025-05-26 16:47:28,317 [INFO] Datos JSON preparados para envío
2025-05-26 16:47:29,368 [INFO] Lectura BMP390
2025-05-26 16:47:29,548 [INFO] Lectura LTR390
2025-05-26 16:47:29,554 [INFO] Lectura desde ESP32-S3 por serial
2025-05-26 16:47:32,917 [INFO] Lectura datos climáticos NASA
2025-05-26 16:47:32,919 [INFO] Datos JSON preparados para envío
2025-05-26 16:47:33,969 [INFO] Lectura BMP390
2025-05-26 16:47:34,145 [INFO] Lectura LTR390
2025-05-26 16:47:34,148 [INFO] Lectura desde ESP32-S3 por serial
2025-05-26 16:47:40,366 [INFO] Lectura datos climáticos NASA
2025-05-26 16:47:40,369 [INFO] Datos JSON preparados para envío
2025-05-26 16:47:41,420 [INFO] Lectura BMP390
2025-05-26 16:47:41,601 [INFO] Lectura LTR390
2025-05-26 16:47:41,608 [INFO] Lectura desde ESP32-S3 por serial
2025-05-26 16:47:45,405 [INFO] Lectura datos climáticos NASA
2025-05-26 16:47:45,406 [INFO] Datos JSON preparados para envío
2025-05-26 16:47:46,456 [INFO] Lectura BMP390
2025-05-26 16:47:46,635 [INFO] Lectura LTR390
2025-05-26 16:47:46,638 [INFO] Lectura desde ESP32-S3 por serial
2025-05-26 16:47:49,710 [INFO] Lectura datos climáticos NASA
2025-05-26 16:47:49,713 [INFO] Datos JSON preparados para envío
2025-05-26 16:47:50,769 [INFO] Lectura BMP390
2025-05-26 16:47:50,952 [INFO] Lectura LTR390
2025-05-26 16:47:50,958 [INFO] Lectura desde ESP32-S3 por serial
2025-05-26 16:47:54,318 [INFO] Lectura datos climáticos NASA
2025-05-26 16:47:54,321 [INFO] Datos JSON preparados para envío
2025-05-26 16:47:55,373 [INFO] Lectura BMP390
2025-05-26 16:47:55,558 [INFO] Lectura LTR390
2025-05-26 16:47:55,564 [INFO] Lectura desde ESP32-S3 por serial
2025-05-26 16:47:58,922 [INFO] Lectura datos climáticos NASA
2025-05-26 16:47:58,924 [INFO] Datos JSON preparados para envío
2025-05-26 16:47:59,977 [INFO] Lectura BMP390
2025-05-26 16:48:00,159 [INFO] Lectura LTR390
2025-05-26 16:48:00,165 [INFO] Lectura desde ESP32-S3 por serial
2025-05-26 16:48:04,149 [INFO] Lectura datos climáticos NASA
2025-05-26 16:48:04,152 [INFO] Datos JSON preparados para envío
2025-05-26 16:48:05,207 [INFO] Lectura BMP390
2025-05-26 16:48:05,386 [INFO] Lectura LTR390
2025-05-26 16:48:05,392 [INFO] Lectura desde ESP32-S3 por serial
2025-05-26 16:48:08,739 [INFO] Lectura datos climáticos NASA
2025-05-26 16:48:08,742 [INFO] Datos JSON preparados para envío
2025-05-26 16:48:09,794 [INFO] Lectura BMP390
2025-05-26 16:48:09,970 [INFO] Lectura LTR390
2025-05-26 16:48:09,973 [INFO] Lectura desde ESP32-S3 por serial
2025-05-26 16:48:13,672 [INFO] Lectura datos climáticos NASA
2025-05-26 16:48:13,675 [INFO] Datos JSON preparados para envío
2025-05-26 16:48:14,730 [INFO] Lectura BMP390
2025-05-26 16:48:14,910 [INFO] Lectura LTR390
2025-05-26 16:48:14,919 [INFO] Lectura desde ESP32-S3 por serial
2025-05-26 16:48:19,201 [INFO] Lectura datos climáticos NASA
2025-05-26 16:48:19,204 [INFO] Datos JSON preparados para envío
2025-05-26 16:48:20,255 [INFO] Lectura BMP390
2025-05-26 16:48:20,436 [INFO] Lectura LTR390
2025-05-26 16:48:20,442 [INFO] Lectura desde ESP32-S3 por serial
2025-05-26 16:48:24,118 [INFO] Lectura datos climáticos NASA
2025-05-26 16:48:24,120 [INFO] Datos JSON preparados para envío
2025-05-26 16:48:25,173 [INFO] Lectura BMP390
2025-05-26 16:48:25,354 [INFO] Lectura LTR390
2025-05-26 16:48:25,360 [INFO] Lectura desde ESP32-S3 por serial
2025-05-26 16:48:28,417 [INFO] Lectura datos climáticos NASA
2025-05-26 16:48:28,420 [INFO] Datos JSON preparados para envío
2025-05-26 16:48:29,473 [INFO] Lectura BMP390
2025-05-26 16:48:29,654 [INFO] Lectura LTR390
2025-05-26 16:48:29,660 [INFO] Lectura desde ESP32-S3 por serial
2025-05-26 16:48:33,026 [INFO] Lectura datos climáticos NASA
2025-05-26 16:48:33,030 [INFO] Datos JSON preparados para envío
2025-05-26 16:48:34,080 [INFO] Lectura BMP390
2025-05-26 16:48:34,256 [INFO] Lectura LTR390
2025-05-26 16:48:34,259 [INFO] Lectura desde ESP32-S3 por serial
2025-05-26 16:48:37,362 [INFO] Lectura datos climáticos NASA
2025-05-26 16:48:37,365 [INFO] Datos JSON preparados para envío
2025-05-26 16:48:38,418 [INFO] Lectura BMP390
2025-05-26 16:48:38,598 [INFO] Lectura LTR390
2025-05-26 16:48:38,603 [INFO] Lectura desde ESP32-S3 por serial
2025-05-26 16:48:42,547 [INFO] Lectura datos climáticos NASA
2025-05-26 16:48:42,550 [INFO] Datos JSON preparados para envío
2025-05-26 16:48:43,602 [INFO] Lectura BMP390
2025-05-26 16:48:43,783 [INFO] Lectura LTR390
2025-05-26 16:48:43,788 [INFO] Lectura desde ESP32-S3 por serial
2025-05-26 16:48:48,078 [INFO] Lectura datos climáticos NASA
2025-05-26 16:48:48,081 [INFO] Datos JSON preparados para envío
2025-05-26 16:48:49,132 [INFO] Lectura BMP390
2025-05-26 16:48:49,312 [INFO] Lectura LTR390
2025-05-26 16:48:49,318 [INFO] Lectura desde ESP32-S3 por serial
2025-05-26 16:48:52,999 [INFO] Lectura datos climáticos NASA
2025-05-26 16:48:53,002 [INFO] Datos JSON preparados para envío
2025-05-26 16:48:54,055 [INFO] Lectura BMP390
2025-05-26 16:48:54,238 [INFO] Lectura LTR390
2025-05-26 16:48:54,244 [INFO] Lectura desde ESP32-S3 por serial
2025-05-26 16:48:57,602 [INFO] Lectura datos climáticos NASA
2025-05-26 16:48:57,605 [INFO] Datos JSON preparados para envío
2025-05-26 16:48:58,656 [INFO] Lectura BMP390
2025-05-26 16:48:58,832 [INFO] Lectura LTR390
2025-05-26 16:48:58,836 [INFO] Lectura desde ESP32-S3 por serial
2025-05-26 16:49:02,517 [INFO] Lectura datos climáticos NASA
2025-05-26 16:49:02,519 [INFO] Datos JSON preparados para envío
2025-05-26 16:49:03,572 [INFO] Lectura BMP390
2025-05-26 16:49:03,753 [INFO] Lectura LTR390
2025-05-26 16:49:03,759 [INFO] Lectura desde ESP32-S3 por serial
2025-05-26 16:49:07,437 [INFO] Lectura datos climáticos NASA
2025-05-26 16:49:07,440 [INFO] Datos JSON preparados para envío
2025-05-26 16:49:08,493 [INFO] Lectura BMP390
2025-05-26 16:49:08,675 [INFO] Lectura LTR390
2025-05-26 16:49:08,681 [INFO] Lectura desde ESP32-S3 por serial
2025-05-26 16:49:12,037 [INFO] Lectura datos climáticos NASA
2025-05-26 16:49:12,039 [INFO] Datos JSON preparados para envío
2025-05-26 16:49:13,094 [INFO] Lectura BMP390
2025-05-26 16:49:13,275 [INFO] Lectura LTR390
2025-05-26 16:49:13,282 [INFO] Lectura desde ESP32-S3 por serial
