2025-06-14 01:52:48,577 [INFO] Inicio del sistema
2025-06-14 01:52:49,701 [INFO] Lectura BMP390
2025-06-14 01:52:49,756 [INFO] [31m[1mWARNING: This is a development server. Do not use it in a production deployment. Use a production WSGI server instead.[0m
 * Running on all addresses (0.0.0.0)
 * Running on http://127.0.0.1:8080
 * Running on http://127.0.0.1:8080
2025-06-14 01:52:49,757 [INFO] [33mPress CTRL+C to quit[0m
2025-06-14 01:52:49,921 [INFO] Lectura LTR390
2025-06-14 01:52:49,926 [WARNING] Lectura serial fallida o formato incorrecto
2025-06-14 01:52:49,945 [ERROR] Error al leer datos climáticos NASA
2025-06-14 01:52:49,946 [INFO] Datos JSON preparados para envío
2025-06-14 01:52:50,996 [INFO] Lectura BMP390
2025-06-14 01:52:51,179 [INFO] Lectura LTR390
2025-06-14 01:52:52,018 [INFO] Lectura desde ESP32-S3 por serial
2025-06-14 01:52:52,027 [ERROR] Error al leer datos climáticos NASA
2025-06-14 01:52:52,030 [INFO] Datos JSON preparados para envío
2025-06-14 01:52:53,083 [INFO] Lectura BMP390
2025-06-14 01:52:53,260 [INFO] Lectura LTR390
2025-06-14 01:52:54,205 [INFO] Lectura desde ESP32-S3 por serial
2025-06-14 01:52:58,518 [INFO] Lectura datos climáticos NASA
2025-06-14 01:52:58,520 [INFO] Datos JSON preparados para envío
2025-06-14 01:52:59,570 [INFO] Lectura BMP390
2025-06-14 01:52:59,747 [INFO] Lectura LTR390
2025-06-14 01:52:59,749 [INFO] Lectura desde ESP32-S3 por serial
2025-06-14 01:53:03,921 [INFO] Lectura datos climáticos NASA
2025-06-14 01:53:03,923 [INFO] Datos JSON preparados para envío
2025-06-14 01:53:04,973 [INFO] Lectura BMP390
2025-06-14 01:53:05,155 [INFO] Lectura LTR390
2025-06-14 01:53:05,158 [INFO] Lectura desde ESP32-S3 por serial
2025-06-14 01:53:09,399 [INFO] Lectura datos climáticos NASA
2025-06-14 01:53:09,401 [INFO] Datos JSON preparados para envío
2025-06-14 01:53:10,452 [INFO] Lectura BMP390
2025-06-14 01:53:10,637 [INFO] Lectura LTR390
2025-06-14 01:53:10,641 [INFO] Lectura desde ESP32-S3 por serial
2025-06-17 20:28:11,839 [INFO] Lectura datos climáticos NASA
2025-06-17 20:28:11,841 [INFO] Datos JSON preparados para envío
2025-06-17 20:28:12,910 [INFO] Lectura BMP390
2025-06-17 20:28:13,087 [INFO] Lectura LTR390
2025-06-17 20:28:13,090 [INFO] Lectura desde ESP32-S3 por serial
2025-06-17 20:28:16,656 [INFO] Lectura datos climáticos NASA
2025-06-17 20:28:16,657 [INFO] Datos JSON preparados para envío
2025-06-17 20:28:17,707 [INFO] Lectura BMP390
2025-06-17 20:28:17,886 [INFO] Lectura LTR390
2025-06-17 20:28:17,889 [INFO] Lectura desde ESP32-S3 por serial
2025-06-17 20:28:22,420 [INFO] Lectura datos climáticos NASA
2025-06-17 20:28:22,422 [INFO] Datos JSON preparados para envío
2025-06-17 20:28:23,472 [INFO] Lectura BMP390
2025-06-17 20:28:23,653 [INFO] Lectura LTR390
2025-06-17 20:28:23,656 [INFO] Lectura desde ESP32-S3 por serial
2025-06-17 20:28:28,268 [INFO] Lectura datos climáticos NASA
2025-06-17 20:28:28,269 [INFO] Datos JSON preparados para envío
2025-06-17 20:28:29,319 [INFO] Lectura BMP390
2025-06-17 20:28:29,506 [INFO] Lectura LTR390
2025-06-17 20:28:29,509 [INFO] Lectura desde ESP32-S3 por serial
2025-06-17 20:28:32,870 [INFO] Lectura datos climáticos NASA
2025-06-17 20:28:32,873 [INFO] Datos JSON preparados para envío
2025-06-17 20:28:33,926 [INFO] Lectura BMP390
2025-06-17 20:28:34,110 [INFO] Lectura LTR390
2025-06-17 20:28:34,117 [INFO] Lectura desde ESP32-S3 por serial
2025-06-17 20:28:37,761 [INFO] Lectura datos climáticos NASA
2025-06-17 20:28:37,764 [INFO] Datos JSON preparados para envío
2025-06-17 20:28:38,817 [INFO] Lectura BMP390
2025-06-17 20:28:38,996 [INFO] Lectura LTR390
2025-06-17 20:28:39,000 [INFO] Lectura desde ESP32-S3 por serial
2025-06-17 20:28:42,392 [INFO] Lectura datos climáticos NASA
2025-06-17 20:28:42,395 [INFO] Datos JSON preparados para envío
2025-06-17 20:28:43,448 [INFO] Lectura BMP390
2025-06-17 20:28:43,628 [INFO] Lectura LTR390
2025-06-17 20:28:43,634 [INFO] Lectura desde ESP32-S3 por serial
2025-06-17 20:28:46,999 [INFO] Lectura datos climáticos NASA
2025-06-17 20:28:47,002 [INFO] Datos JSON preparados para envío
2025-06-17 20:28:48,055 [INFO] Lectura BMP390
2025-06-17 20:28:48,233 [INFO] Lectura LTR390
2025-06-17 20:28:48,239 [INFO] Lectura desde ESP32-S3 por serial
2025-06-17 20:29:08,586 [INFO] Lectura datos climáticos NASA
2025-06-17 20:29:08,589 [INFO] Datos JSON preparados para envío
2025-06-17 20:29:09,644 [INFO] Lectura BMP390
2025-06-17 20:29:09,824 [INFO] Lectura LTR390
2025-06-17 20:29:09,831 [INFO] Lectura desde ESP32-S3 por serial
2025-06-17 20:29:13,464 [INFO] Lectura datos climáticos NASA
2025-06-17 20:29:13,467 [INFO] Datos JSON preparados para envío
2025-06-17 20:29:14,523 [INFO] Lectura BMP390
2025-06-17 20:29:14,701 [INFO] Lectura LTR390
2025-06-17 20:29:14,707 [INFO] Lectura desde ESP32-S3 por serial
2025-06-17 20:29:18,183 [INFO] Lectura datos climáticos NASA
2025-06-17 20:29:18,186 [INFO] Datos JSON preparados para envío
2025-06-17 20:29:19,241 [INFO] Lectura BMP390
2025-06-17 20:29:19,422 [INFO] Lectura LTR390
2025-06-17 20:29:19,430 [INFO] Lectura desde ESP32-S3 por serial
2025-06-17 20:29:24,108 [INFO] Lectura datos climáticos NASA
2025-06-17 20:29:24,113 [INFO] Datos JSON preparados para envío
2025-06-17 20:29:25,166 [INFO] Lectura BMP390
2025-06-17 20:29:25,349 [INFO] Lectura LTR390
2025-06-17 20:29:25,355 [INFO] Lectura desde ESP32-S3 por serial
2025-06-17 20:29:29,804 [INFO] Lectura datos climáticos NASA
2025-06-17 20:29:29,807 [INFO] Datos JSON preparados para envío
2025-06-17 20:29:30,864 [INFO] Lectura BMP390
2025-06-17 20:29:31,044 [INFO] Lectura LTR390
2025-06-17 20:29:31,050 [INFO] Lectura desde ESP32-S3 por serial
2025-06-17 20:29:34,973 [INFO] Lectura datos climáticos NASA
2025-06-17 20:29:34,975 [INFO] Datos JSON preparados para envío
2025-06-17 20:29:36,028 [INFO] Lectura BMP390
2025-06-17 20:29:36,212 [INFO] Lectura LTR390
2025-06-17 20:29:36,218 [INFO] Lectura desde ESP32-S3 por serial
2025-06-17 20:29:40,388 [INFO] Lectura datos climáticos NASA
2025-06-17 20:29:40,390 [INFO] Datos JSON preparados para envío
2025-06-17 20:29:41,447 [INFO] Lectura BMP390
2025-06-17 20:29:41,625 [INFO] Lectura LTR390
2025-06-17 20:29:41,628 [INFO] Lectura desde ESP32-S3 por serial
2025-06-17 20:29:45,935 [INFO] Lectura datos climáticos NASA
2025-06-17 20:29:45,938 [INFO] Datos JSON preparados para envío
2025-06-17 20:29:46,991 [INFO] Lectura BMP390
2025-06-17 20:29:47,179 [INFO] Lectura LTR390
2025-06-17 20:29:47,186 [INFO] Lectura desde ESP32-S3 por serial
2025-06-17 20:29:50,901 [INFO] Lectura datos climáticos NASA
2025-06-17 20:29:50,904 [INFO] Datos JSON preparados para envío
2025-06-17 20:29:51,956 [INFO] Lectura BMP390
2025-06-17 20:29:52,132 [INFO] Lectura LTR390
2025-06-17 20:29:54,135 [WARNING] Lectura serial fallida o formato incorrecto
2025-06-17 20:29:58,272 [INFO] Lectura datos climáticos NASA
2025-06-17 20:29:58,275 [INFO] Datos JSON preparados para envío
2025-06-17 20:29:59,329 [INFO] Lectura BMP390
2025-06-17 20:29:59,506 [INFO] Lectura LTR390
2025-06-17 20:30:01,509 [WARNING] Lectura serial fallida o formato incorrecto
2025-06-17 20:30:05,343 [INFO] Lectura datos climáticos NASA
2025-06-17 20:30:05,344 [INFO] Datos JSON preparados para envío
2025-06-17 20:30:06,397 [INFO] Lectura BMP390
2025-06-17 20:30:06,577 [INFO] Lectura LTR390
2025-06-17 20:30:08,580 [WARNING] Lectura serial fallida o formato incorrecto
2025-06-17 20:30:46,712 [INFO] Lectura datos climáticos NASA
2025-06-17 20:30:46,713 [INFO] Datos JSON preparados para envío
2025-06-17 20:30:47,765 [INFO] Lectura BMP390
2025-06-17 20:30:47,947 [INFO] Lectura LTR390
2025-06-17 20:30:49,950 [WARNING] Lectura serial fallida o formato incorrecto
2025-06-17 20:30:54,158 [INFO] Lectura datos climáticos NASA
2025-06-17 20:30:54,160 [INFO] Datos JSON preparados para envío
2025-06-17 20:30:55,212 [INFO] Lectura BMP390
2025-06-17 20:30:55,393 [INFO] Lectura LTR390
2025-06-17 20:30:57,396 [WARNING] Lectura serial fallida o formato incorrecto
2025-06-17 20:31:00,943 [INFO] Lectura datos climáticos NASA
2025-06-17 20:31:00,946 [INFO] Datos JSON preparados para envío
2025-06-17 20:31:01,998 [INFO] Lectura BMP390
2025-06-17 20:31:02,177 [INFO] Lectura LTR390
2025-06-17 20:31:04,181 [WARNING] Lectura serial fallida o formato incorrecto
2025-06-17 20:31:08,009 [INFO] Lectura datos climáticos NASA
2025-06-17 20:31:08,012 [INFO] Datos JSON preparados para envío
2025-06-17 20:31:09,067 [INFO] Lectura BMP390
2025-06-17 20:31:09,251 [INFO] Lectura LTR390
2025-06-17 20:31:11,254 [WARNING] Lectura serial fallida o formato incorrecto
2025-06-17 20:31:15,076 [INFO] Lectura datos climáticos NASA
2025-06-17 20:31:15,079 [INFO] Datos JSON preparados para envío
2025-06-17 20:31:16,131 [INFO] Lectura BMP390
2025-06-17 20:31:16,314 [INFO] Lectura LTR390
2025-06-17 20:31:18,317 [WARNING] Lectura serial fallida o formato incorrecto
2025-06-17 20:31:22,140 [INFO] Lectura datos climáticos NASA
2025-06-17 20:31:22,143 [INFO] Datos JSON preparados para envío
2025-06-17 20:31:23,198 [INFO] Lectura BMP390
2025-06-17 20:31:23,377 [INFO] Lectura LTR390
2025-06-17 20:31:25,381 [WARNING] Lectura serial fallida o formato incorrecto
2025-06-17 20:31:29,217 [INFO] Lectura datos climáticos NASA
2025-06-17 20:31:29,218 [INFO] Datos JSON preparados para envío
2025-06-17 20:31:30,270 [INFO] Lectura BMP390
2025-06-17 20:31:30,446 [INFO] Lectura LTR390
2025-06-17 20:31:32,449 [WARNING] Lectura serial fallida o formato incorrecto
2025-06-17 20:31:44,614 [INFO] Lectura datos climáticos NASA
2025-06-17 20:31:44,618 [INFO] Datos JSON preparados para envío
2025-06-17 20:31:45,667 [INFO] Lectura BMP390
2025-06-17 20:31:45,847 [INFO] Lectura LTR390
2025-06-17 20:31:47,850 [WARNING] Lectura serial fallida o formato incorrecto
2025-06-17 20:31:52,381 [INFO] Lectura datos climáticos NASA
2025-06-17 20:31:52,384 [INFO] Datos JSON preparados para envío
2025-06-17 20:31:53,434 [INFO] Lectura BMP390
2025-06-17 20:31:53,613 [INFO] Lectura LTR390
2025-06-17 20:31:55,615 [WARNING] Lectura serial fallida o formato incorrecto
2025-06-17 20:31:59,727 [INFO] Lectura datos climáticos NASA
2025-06-17 20:31:59,729 [INFO] Datos JSON preparados para envío
2025-06-17 20:32:00,779 [INFO] Lectura BMP390
2025-06-17 20:32:00,960 [INFO] Lectura LTR390
2025-06-17 20:32:02,962 [WARNING] Lectura serial fallida o formato incorrecto
2025-06-17 20:32:07,141 [INFO] Lectura datos climáticos NASA
2025-06-17 20:32:07,143 [INFO] Datos JSON preparados para envío
2025-06-17 20:32:08,195 [INFO] Lectura BMP390
2025-06-17 20:32:08,376 [INFO] Lectura LTR390
2025-06-17 20:32:10,379 [WARNING] Lectura serial fallida o formato incorrecto
2025-06-17 20:32:14,545 [INFO] Lectura datos climáticos NASA
2025-06-17 20:32:14,549 [INFO] Datos JSON preparados para envío
2025-06-17 20:32:15,601 [INFO] Lectura BMP390
2025-06-17 20:32:15,781 [INFO] Lectura LTR390
2025-06-17 20:32:17,784 [WARNING] Lectura serial fallida o formato incorrecto
2025-06-17 20:32:21,345 [INFO] Lectura datos climáticos NASA
2025-06-17 20:32:21,347 [INFO] Datos JSON preparados para envío
2025-06-17 20:32:22,397 [INFO] Lectura BMP390
2025-06-17 20:32:22,575 [INFO] Lectura LTR390
2025-06-17 20:32:24,576 [WARNING] Lectura serial fallida o formato incorrecto
2025-06-17 20:32:28,296 [INFO] Lectura datos climáticos NASA
2025-06-17 20:32:28,299 [INFO] Datos JSON preparados para envío
2025-06-17 20:32:29,352 [INFO] Lectura BMP390
2025-06-17 20:32:29,534 [INFO] Lectura LTR390
2025-06-17 20:32:31,537 [WARNING] Lectura serial fallida o formato incorrecto
2025-06-17 20:32:34,950 [INFO] Lectura datos climáticos NASA
2025-06-17 20:32:34,954 [INFO] Datos JSON preparados para envío
2025-06-17 20:32:36,009 [INFO] Lectura BMP390
2025-06-17 20:32:36,188 [INFO] Lectura LTR390
2025-06-17 20:32:38,191 [WARNING] Lectura serial fallida o formato incorrecto
2025-06-17 20:32:42,009 [INFO] Lectura datos climáticos NASA
2025-06-17 20:32:42,011 [INFO] Datos JSON preparados para envío
2025-06-17 20:32:43,068 [INFO] Lectura BMP390
2025-06-17 20:32:43,246 [INFO] Lectura LTR390
2025-06-17 20:32:45,249 [WARNING] Lectura serial fallida o formato incorrecto
2025-06-17 20:32:49,488 [INFO] Lectura datos climáticos NASA
2025-06-17 20:32:49,489 [INFO] Datos JSON preparados para envío
2025-06-17 20:32:50,542 [INFO] Lectura BMP390
2025-06-17 20:32:50,722 [INFO] Lectura LTR390
2025-06-17 20:32:52,725 [WARNING] Lectura serial fallida o formato incorrecto
2025-06-17 20:32:56,826 [INFO] Lectura datos climáticos NASA
2025-06-17 20:32:56,829 [INFO] Datos JSON preparados para envío
2025-06-17 20:32:57,884 [INFO] Lectura BMP390
2025-06-17 20:32:58,069 [INFO] Lectura LTR390
2025-06-17 20:33:00,072 [WARNING] Lectura serial fallida o formato incorrecto
2025-06-17 20:33:04,686 [INFO] Lectura datos climáticos NASA
2025-06-17 20:33:04,687 [INFO] Datos JSON preparados para envío
2025-06-17 20:33:05,740 [INFO] Lectura BMP390
2025-06-17 20:33:05,921 [INFO] Lectura LTR390
2025-06-17 20:33:07,924 [WARNING] Lectura serial fallida o formato incorrecto
2025-06-17 20:33:11,997 [INFO] Lectura datos climáticos NASA
2025-06-17 20:33:12,000 [INFO] Datos JSON preparados para envío
2025-06-17 20:33:13,053 [INFO] Lectura BMP390
2025-06-17 20:33:13,232 [INFO] Lectura LTR390
2025-06-17 20:33:15,236 [WARNING] Lectura serial fallida o formato incorrecto
2025-06-17 20:33:18,731 [INFO] Lectura datos climáticos NASA
2025-06-17 20:33:18,733 [INFO] Datos JSON preparados para envío
2025-06-17 20:33:19,782 [INFO] Lectura BMP390
2025-06-17 20:33:19,959 [INFO] Lectura LTR390
2025-06-17 20:33:21,962 [WARNING] Lectura serial fallida o formato incorrecto
2025-06-17 20:33:25,707 [INFO] Lectura datos climáticos NASA
2025-06-17 20:33:25,710 [INFO] Datos JSON preparados para envío
2025-06-17 20:33:26,763 [INFO] Lectura BMP390
2025-06-17 20:33:26,944 [INFO] Lectura LTR390
2025-06-17 20:33:28,947 [WARNING] Lectura serial fallida o formato incorrecto
2025-06-17 20:33:32,459 [INFO] Lectura datos climáticos NASA
2025-06-17 20:33:32,460 [INFO] Datos JSON preparados para envío
2025-06-17 20:33:33,513 [INFO] Lectura BMP390
2025-06-17 20:33:33,693 [INFO] Lectura LTR390
2025-06-17 20:33:35,696 [WARNING] Lectura serial fallida o formato incorrecto
2025-06-17 20:33:40,731 [INFO] Lectura datos climáticos NASA
2025-06-17 20:33:40,734 [INFO] Datos JSON preparados para envío
2025-06-17 20:33:41,786 [INFO] Lectura BMP390
2025-06-17 20:33:41,966 [INFO] Lectura LTR390
2025-06-17 20:33:43,969 [WARNING] Lectura serial fallida o formato incorrecto
2025-06-17 20:33:47,663 [INFO] Lectura datos climáticos NASA
2025-06-17 20:33:47,666 [INFO] Datos JSON preparados para envío
2025-06-17 20:33:48,720 [INFO] Lectura BMP390
2025-06-17 20:33:48,901 [INFO] Lectura LTR390
2025-06-17 20:33:50,904 [WARNING] Lectura serial fallida o formato incorrecto
2025-06-17 20:34:00,046 [INFO] Lectura datos climáticos NASA
2025-06-17 20:34:00,049 [INFO] Datos JSON preparados para envío
2025-06-17 20:34:01,102 [INFO] Lectura BMP390
2025-06-17 20:34:01,281 [INFO] Lectura LTR390
2025-06-17 20:34:03,284 [WARNING] Lectura serial fallida o formato incorrecto
2025-06-17 20:34:08,336 [INFO] Lectura datos climáticos NASA
2025-06-17 20:34:08,337 [INFO] Datos JSON preparados para envío
2025-06-17 20:34:09,390 [INFO] Lectura BMP390
2025-06-17 20:34:09,569 [INFO] Lectura LTR390
2025-06-17 20:34:11,572 [WARNING] Lectura serial fallida o formato incorrecto
2025-06-17 20:34:16,942 [INFO] Lectura datos climáticos NASA
2025-06-17 20:34:16,945 [INFO] Datos JSON preparados para envío
2025-06-17 20:34:17,999 [INFO] Lectura BMP390
2025-06-17 20:34:18,181 [INFO] Lectura LTR390
2025-06-17 20:34:20,184 [WARNING] Lectura serial fallida o formato incorrecto
2025-06-17 20:34:23,704 [INFO] Lectura datos climáticos NASA
2025-06-17 20:34:23,707 [INFO] Datos JSON preparados para envío
2025-06-17 20:34:24,762 [INFO] Lectura BMP390
2025-06-17 20:34:24,943 [INFO] Lectura LTR390
2025-06-17 20:34:26,946 [WARNING] Lectura serial fallida o formato incorrecto
2025-06-17 20:34:30,459 [INFO] Lectura datos climáticos NASA
2025-06-17 20:34:30,462 [INFO] Datos JSON preparados para envío
2025-06-17 20:34:31,516 [INFO] Lectura BMP390
2025-06-17 20:34:31,693 [INFO] Lectura LTR390
2025-06-17 20:34:33,696 [WARNING] Lectura serial fallida o formato incorrecto
2025-06-17 20:34:37,216 [INFO] Lectura datos climáticos NASA
2025-06-17 20:34:37,218 [INFO] Datos JSON preparados para envío
2025-06-17 20:34:38,269 [INFO] Lectura BMP390
2025-06-17 20:34:38,449 [INFO] Lectura LTR390
2025-06-17 20:34:40,453 [WARNING] Lectura serial fallida o formato incorrecto
2025-06-17 20:34:44,894 [INFO] Lectura datos climáticos NASA
2025-06-17 20:34:44,896 [INFO] Datos JSON preparados para envío
2025-06-17 20:34:45,949 [INFO] Lectura BMP390
2025-06-17 20:34:46,128 [INFO] Lectura LTR390
2025-06-17 20:34:48,131 [WARNING] Lectura serial fallida o formato incorrecto
2025-06-17 20:34:52,009 [INFO] Lectura datos climáticos NASA
2025-06-17 20:34:52,011 [INFO] Datos JSON preparados para envío
2025-06-17 20:34:53,061 [INFO] Lectura BMP390
2025-06-17 20:34:53,238 [INFO] Lectura LTR390
2025-06-17 20:34:55,241 [WARNING] Lectura serial fallida o formato incorrecto
2025-06-17 20:34:59,337 [INFO] Lectura datos climáticos NASA
2025-06-17 20:34:59,340 [INFO] Datos JSON preparados para envío
2025-06-17 20:35:00,393 [INFO] Lectura BMP390
2025-06-17 20:35:00,573 [INFO] Lectura LTR390
2025-06-17 20:35:02,576 [WARNING] Lectura serial fallida o formato incorrecto
2025-06-17 20:35:06,709 [INFO] Lectura datos climáticos NASA
2025-06-17 20:35:06,712 [INFO] Datos JSON preparados para envío
2025-06-17 20:35:07,763 [INFO] Lectura BMP390
2025-06-17 20:35:07,943 [INFO] Lectura LTR390
2025-06-17 20:35:09,946 [WARNING] Lectura serial fallida o formato incorrecto
2025-06-17 20:35:14,700 [INFO] Lectura datos climáticos NASA
2025-06-17 20:35:14,702 [INFO] Datos JSON preparados para envío
2025-06-17 20:35:15,755 [INFO] Lectura BMP390
2025-06-17 20:35:15,936 [INFO] Lectura LTR390
2025-06-17 20:35:17,939 [WARNING] Lectura serial fallida o formato incorrecto
2025-06-17 20:35:21,991 [INFO] Lectura datos climáticos NASA
2025-06-17 20:35:21,993 [INFO] Datos JSON preparados para envío
2025-06-17 20:35:23,050 [INFO] Lectura BMP390
2025-06-17 20:35:23,233 [INFO] Lectura LTR390
2025-06-17 20:35:25,236 [WARNING] Lectura serial fallida o formato incorrecto
2025-06-17 20:35:28,828 [INFO] Lectura datos climáticos NASA
2025-06-17 20:35:28,831 [INFO] Datos JSON preparados para envío
2025-06-17 20:35:29,884 [INFO] Lectura BMP390
2025-06-17 20:35:30,065 [INFO] Lectura LTR390
2025-06-17 20:35:32,068 [WARNING] Lectura serial fallida o formato incorrecto
2025-06-17 20:35:35,895 [INFO] Lectura datos climáticos NASA
2025-06-17 20:35:35,898 [INFO] Datos JSON preparados para envío
2025-06-17 20:35:36,953 [INFO] Lectura BMP390
2025-06-17 20:35:37,133 [INFO] Lectura LTR390
2025-06-17 20:35:39,137 [WARNING] Lectura serial fallida o formato incorrecto
2025-06-17 20:35:59,328 [INFO] Lectura datos climáticos NASA
2025-06-17 20:35:59,331 [INFO] Datos JSON preparados para envío
2025-06-17 20:36:00,384 [INFO] Lectura BMP390
2025-06-17 20:36:00,566 [INFO] Lectura LTR390
2025-06-17 20:36:02,569 [WARNING] Lectura serial fallida o formato incorrecto
2025-06-17 20:36:06,990 [INFO] Lectura datos climáticos NASA
2025-06-17 20:36:06,991 [INFO] Datos JSON preparados para envío
2025-06-17 20:36:08,042 [INFO] Lectura BMP390
2025-06-17 20:36:08,218 [INFO] Lectura LTR390
2025-06-17 20:36:10,221 [WARNING] Lectura serial fallida o formato incorrecto
2025-06-17 20:36:14,772 [INFO] Lectura datos climáticos NASA
2025-06-17 20:36:14,775 [INFO] Datos JSON preparados para envío
2025-06-17 20:36:15,827 [INFO] Lectura BMP390
2025-06-17 20:36:16,009 [INFO] Lectura LTR390
2025-06-17 20:36:18,013 [WARNING] Lectura serial fallida o formato incorrecto
2025-06-17 20:36:22,730 [INFO] Lectura datos climáticos NASA
2025-06-17 20:36:22,732 [INFO] Datos JSON preparados para envío
2025-06-17 20:36:23,782 [INFO] Lectura BMP390
2025-06-17 20:36:23,960 [INFO] Lectura LTR390
2025-06-17 20:36:25,963 [WARNING] Lectura serial fallida o formato incorrecto
2025-06-17 20:36:29,471 [INFO] Lectura datos climáticos NASA
2025-06-17 20:36:29,474 [INFO] Datos JSON preparados para envío
2025-06-17 20:36:30,528 [INFO] Lectura BMP390
2025-06-17 20:36:30,707 [INFO] Lectura LTR390
2025-06-17 20:36:32,711 [WARNING] Lectura serial fallida o formato incorrecto
2025-06-17 20:36:36,363 [INFO] Lectura datos climáticos NASA
2025-06-17 20:36:36,366 [INFO] Datos JSON preparados para envío
2025-06-17 20:36:37,418 [INFO] Lectura BMP390
2025-06-17 20:36:37,600 [INFO] Lectura LTR390
2025-06-17 20:36:39,603 [WARNING] Lectura serial fallida o formato incorrecto
2025-06-17 20:36:44,269 [INFO] Lectura datos climáticos NASA
2025-06-17 20:36:44,272 [INFO] Datos JSON preparados para envío
2025-06-17 20:36:45,328 [INFO] Lectura BMP390
2025-06-17 20:36:45,505 [INFO] Lectura LTR390
2025-06-17 20:36:47,506 [WARNING] Lectura serial fallida o formato incorrecto
2025-06-17 20:36:51,547 [INFO] Lectura datos climáticos NASA
2025-06-17 20:36:51,549 [INFO] Datos JSON preparados para envío
2025-06-17 20:36:52,602 [INFO] Lectura BMP390
2025-06-17 20:36:52,783 [INFO] Lectura LTR390
2025-06-17 20:36:54,786 [WARNING] Lectura serial fallida o formato incorrecto
2025-06-17 20:36:58,983 [INFO] Lectura datos climáticos NASA
2025-06-17 20:36:58,985 [INFO] Datos JSON preparados para envío
2025-06-17 20:37:00,039 [INFO] Lectura BMP390
2025-06-17 20:37:00,222 [INFO] Lectura LTR390
2025-06-17 20:37:02,225 [WARNING] Lectura serial fallida o formato incorrecto
2025-06-17 20:37:05,854 [INFO] Lectura datos climáticos NASA
2025-06-17 20:37:05,857 [INFO] Datos JSON preparados para envío
2025-06-17 20:37:06,910 [INFO] Lectura BMP390
2025-06-17 20:37:07,091 [INFO] Lectura LTR390
2025-06-17 20:37:09,094 [WARNING] Lectura serial fallida o formato incorrecto
2025-06-17 20:37:13,804 [INFO] Lectura datos climáticos NASA
2025-06-17 20:37:13,807 [INFO] Datos JSON preparados para envío
2025-06-17 20:37:14,860 [INFO] Lectura BMP390
2025-06-17 20:37:15,044 [INFO] Lectura LTR390
2025-06-17 20:37:17,046 [WARNING] Lectura serial fallida o formato incorrecto
2025-06-17 20:37:21,303 [INFO] Lectura datos climáticos NASA
2025-06-17 20:37:21,307 [INFO] Datos JSON preparados para envío
2025-06-17 20:37:22,357 [INFO] Lectura BMP390
2025-06-17 20:37:22,536 [INFO] Lectura LTR390
2025-06-17 20:37:24,539 [WARNING] Lectura serial fallida o formato incorrecto
2025-06-17 20:37:29,506 [INFO] Lectura datos climáticos NASA
2025-06-17 20:37:29,509 [INFO] Datos JSON preparados para envío
2025-06-17 20:37:30,561 [INFO] Lectura BMP390
2025-06-17 20:37:30,742 [INFO] Lectura LTR390
2025-06-17 20:37:32,746 [WARNING] Lectura serial fallida o formato incorrecto
2025-06-17 20:37:36,323 [INFO] Lectura datos climáticos NASA
2025-06-17 20:37:36,326 [INFO] Datos JSON preparados para envío
2025-06-17 20:37:37,381 [INFO] Lectura BMP390
2025-06-17 20:37:37,562 [INFO] Lectura LTR390
2025-06-17 20:37:39,565 [WARNING] Lectura serial fallida o formato incorrecto
2025-06-17 20:37:43,907 [INFO] Lectura datos climáticos NASA
2025-06-17 20:37:43,910 [INFO] Datos JSON preparados para envío
2025-06-17 20:37:44,963 [INFO] Lectura BMP390
2025-06-17 20:37:45,144 [INFO] Lectura LTR390
2025-06-17 20:37:47,146 [WARNING] Lectura serial fallida o formato incorrecto
2025-06-17 20:37:50,623 [INFO] Lectura datos climáticos NASA
2025-06-17 20:37:50,626 [INFO] Datos JSON preparados para envío
2025-06-17 20:37:51,676 [INFO] Lectura BMP390
2025-06-17 20:37:51,858 [INFO] Lectura LTR390
2025-06-17 20:37:53,861 [WARNING] Lectura serial fallida o formato incorrecto
2025-06-17 20:37:57,287 [INFO] Lectura datos climáticos NASA
2025-06-17 20:37:57,288 [INFO] Datos JSON preparados para envío
2025-06-17 20:37:58,338 [INFO] Lectura BMP390
2025-06-17 20:37:58,515 [INFO] Lectura LTR390
2025-06-17 20:38:00,516 [WARNING] Lectura serial fallida o formato incorrecto
2025-06-17 20:38:09,632 [INFO] Lectura datos climáticos NASA
2025-06-17 20:38:09,634 [INFO] Datos JSON preparados para envío
2025-06-17 20:38:10,689 [INFO] Lectura BMP390
2025-06-17 20:38:10,867 [INFO] Lectura LTR390
2025-06-17 20:38:12,870 [WARNING] Lectura serial fallida o formato incorrecto
2025-06-17 20:38:16,417 [INFO] Lectura datos climáticos NASA
2025-06-17 20:38:16,420 [INFO] Datos JSON preparados para envío
2025-06-17 20:38:17,473 [INFO] Lectura BMP390
2025-06-17 20:38:17,655 [INFO] Lectura LTR390
2025-06-17 20:38:19,656 [WARNING] Lectura serial fallida o formato incorrecto
2025-06-17 20:38:23,068 [INFO] Lectura datos climáticos NASA
2025-06-17 20:38:23,069 [INFO] Datos JSON preparados para envío
2025-06-17 20:38:24,119 [INFO] Lectura BMP390
2025-06-17 20:38:24,300 [INFO] Lectura LTR390
2025-06-17 20:38:26,302 [WARNING] Lectura serial fallida o formato incorrecto
2025-06-17 20:38:30,153 [INFO] Lectura datos climáticos NASA
2025-06-17 20:38:30,154 [INFO] Datos JSON preparados para envío
2025-06-17 20:38:31,207 [INFO] Lectura BMP390
2025-06-17 20:38:31,387 [INFO] Lectura LTR390
2025-06-17 20:38:33,390 [WARNING] Lectura serial fallida o formato incorrecto
2025-06-17 20:38:36,807 [INFO] Lectura datos climáticos NASA
2025-06-17 20:38:36,809 [INFO] Datos JSON preparados para envío
2025-06-17 20:38:37,862 [INFO] Lectura BMP390
2025-06-17 20:38:38,046 [INFO] Lectura LTR390
2025-06-17 20:38:40,049 [WARNING] Lectura serial fallida o formato incorrecto
2025-06-17 20:38:43,387 [INFO] Lectura datos climáticos NASA
2025-06-17 20:38:43,390 [INFO] Datos JSON preparados para envío
2025-06-17 20:38:44,447 [INFO] Lectura BMP390
2025-06-17 20:38:44,630 [INFO] Lectura LTR390
2025-06-17 20:38:46,633 [WARNING] Lectura serial fallida o formato incorrecto
2025-06-17 20:38:49,947 [INFO] Lectura datos climáticos NASA
2025-06-17 20:38:49,949 [INFO] Datos JSON preparados para envío
2025-06-17 20:38:50,999 [INFO] Lectura BMP390
2025-06-17 20:38:51,182 [INFO] Lectura LTR390
2025-06-17 20:38:53,185 [WARNING] Lectura serial fallida o formato incorrecto
2025-06-17 20:38:57,102 [INFO] Lectura datos climáticos NASA
2025-06-17 20:38:57,104 [INFO] Datos JSON preparados para envío
2025-06-17 20:38:58,156 [INFO] Lectura BMP390
2025-06-17 20:38:58,336 [INFO] Lectura LTR390
2025-06-17 20:39:00,339 [WARNING] Lectura serial fallida o formato incorrecto
2025-06-17 20:39:04,646 [INFO] Lectura datos climáticos NASA
2025-06-17 20:39:04,648 [INFO] Datos JSON preparados para envío
2025-06-17 20:39:05,700 [INFO] Lectura BMP390
2025-06-17 20:39:05,882 [INFO] Lectura LTR390
2025-06-17 20:39:07,883 [WARNING] Lectura serial fallida o formato incorrecto
2025-06-17 20:39:12,761 [INFO] Lectura datos climáticos NASA
2025-06-17 20:39:12,762 [INFO] Datos JSON preparados para envío
2025-06-17 20:39:13,813 [INFO] Lectura BMP390
2025-06-17 20:39:13,995 [INFO] Lectura LTR390
2025-06-17 20:39:15,999 [WARNING] Lectura serial fallida o formato incorrecto
2025-06-17 20:39:19,929 [INFO] Lectura datos climáticos NASA
2025-06-17 20:39:19,932 [INFO] Datos JSON preparados para envío
2025-06-17 20:39:20,987 [INFO] Lectura BMP390
2025-06-17 20:39:21,168 [INFO] Lectura LTR390
2025-06-17 20:39:23,171 [WARNING] Lectura serial fallida o formato incorrecto
2025-06-17 20:39:26,663 [INFO] Lectura datos climáticos NASA
2025-06-17 20:39:26,666 [INFO] Datos JSON preparados para envío
2025-06-17 20:39:27,717 [INFO] Lectura BMP390
2025-06-17 20:39:27,899 [INFO] Lectura LTR390
2025-06-17 20:39:29,902 [WARNING] Lectura serial fallida o formato incorrecto
2025-06-17 20:39:33,352 [INFO] Lectura datos climáticos NASA
2025-06-17 20:39:33,355 [INFO] Datos JSON preparados para envío
2025-06-17 20:39:34,408 [INFO] Lectura BMP390
2025-06-17 20:39:34,592 [INFO] Lectura LTR390
2025-06-17 20:39:36,595 [WARNING] Lectura serial fallida o formato incorrecto
2025-06-17 20:39:39,882 [INFO] Lectura datos climáticos NASA
2025-06-17 20:39:39,884 [INFO] Datos JSON preparados para envío
2025-06-17 20:39:40,938 [INFO] Lectura BMP390
2025-06-17 20:39:41,118 [INFO] Lectura LTR390
2025-06-17 20:39:43,121 [WARNING] Lectura serial fallida o formato incorrecto
2025-06-17 20:39:46,802 [INFO] Lectura datos climáticos NASA
2025-06-17 20:39:46,805 [INFO] Datos JSON preparados para envío
2025-06-17 20:39:47,855 [INFO] Lectura BMP390
2025-06-17 20:39:48,034 [INFO] Lectura LTR390
2025-06-17 20:39:50,037 [WARNING] Lectura serial fallida o formato incorrecto
2025-06-17 20:39:54,245 [INFO] Lectura datos climáticos NASA
2025-06-17 20:39:54,248 [INFO] Datos JSON preparados para envío
2025-06-17 20:39:55,299 [INFO] Lectura BMP390
2025-06-17 20:39:55,480 [INFO] Lectura LTR390
2025-06-17 20:39:57,483 [WARNING] Lectura serial fallida o formato incorrecto
2025-06-17 20:40:01,243 [INFO] Lectura datos climáticos NASA
2025-06-17 20:40:01,245 [INFO] Datos JSON preparados para envío
2025-06-17 20:40:02,295 [INFO] Lectura BMP390
2025-06-17 20:40:02,474 [INFO] Lectura LTR390
2025-06-17 20:40:04,478 [WARNING] Lectura serial fallida o formato incorrecto
2025-06-17 20:40:07,727 [INFO] Lectura datos climáticos NASA
2025-06-17 20:40:07,728 [INFO] Datos JSON preparados para envío
2025-06-17 20:40:08,784 [INFO] Lectura BMP390
2025-06-17 20:40:08,962 [INFO] Lectura LTR390
2025-06-17 20:40:10,965 [WARNING] Lectura serial fallida o formato incorrecto
2025-06-17 20:40:14,445 [INFO] Lectura datos climáticos NASA
2025-06-17 20:40:14,448 [INFO] Datos JSON preparados para envío
2025-06-17 20:40:15,501 [INFO] Lectura BMP390
2025-06-17 20:40:15,683 [INFO] Lectura LTR390
2025-06-17 20:40:17,687 [WARNING] Lectura serial fallida o formato incorrecto
2025-06-17 20:40:21,497 [INFO] Lectura datos climáticos NASA
2025-06-17 20:40:21,500 [INFO] Datos JSON preparados para envío
2025-06-17 20:40:22,555 [INFO] Lectura BMP390
2025-06-17 20:40:22,733 [INFO] Lectura LTR390
2025-06-17 20:40:24,736 [WARNING] Lectura serial fallida o formato incorrecto
2025-06-17 20:40:28,973 [INFO] Lectura datos climáticos NASA
2025-06-17 20:40:28,976 [INFO] Datos JSON preparados para envío
2025-06-17 20:40:30,027 [INFO] Lectura BMP390
2025-06-17 20:40:30,206 [INFO] Lectura LTR390
2025-06-17 20:40:32,071 [WARNING] Lectura serial fallida o formato incorrecto
2025-06-17 20:40:36,560 [INFO] Lectura datos climáticos NASA
2025-06-17 20:40:36,562 [INFO] Datos JSON preparados para envío
2025-06-17 20:40:37,612 [INFO] Lectura BMP390
2025-06-17 20:40:37,793 [INFO] Lectura LTR390
2025-06-17 20:40:37,795 [WARNING] Lectura serial fallida o formato incorrecto
2025-06-17 20:40:42,091 [INFO] Lectura datos climáticos NASA
2025-06-17 20:40:42,094 [INFO] Datos JSON preparados para envío
2025-06-17 20:40:43,147 [INFO] Lectura BMP390
2025-06-17 20:40:43,324 [INFO] Lectura LTR390
2025-06-17 20:40:43,327 [WARNING] Lectura serial fallida o formato incorrecto
2025-06-17 20:40:47,426 [INFO] Lectura datos climáticos NASA
2025-06-17 20:40:47,429 [INFO] Datos JSON preparados para envío
2025-06-17 20:40:48,481 [INFO] Lectura BMP390
2025-06-17 20:40:48,660 [INFO] Lectura LTR390
2025-06-17 20:40:48,663 [WARNING] Lectura serial fallida o formato incorrecto
2025-06-17 20:40:52,014 [INFO] Lectura datos climáticos NASA
2025-06-17 20:40:52,016 [INFO] Datos JSON preparados para envío
2025-06-17 20:40:53,069 [INFO] Lectura BMP390
2025-06-17 20:40:53,251 [INFO] Lectura LTR390
2025-06-17 20:40:53,253 [WARNING] Lectura serial fallida o formato incorrecto
2025-06-17 20:40:56,468 [INFO] Lectura datos climáticos NASA
2025-06-17 20:40:56,470 [INFO] Datos JSON preparados para envío
2025-06-17 20:40:57,521 [INFO] Lectura BMP390
2025-06-17 20:40:57,702 [INFO] Lectura LTR390
2025-06-17 20:40:57,709 [WARNING] Lectura serial fallida o formato incorrecto
2025-06-17 20:41:01,441 [INFO] Lectura datos climáticos NASA
2025-06-17 20:41:01,443 [INFO] Datos JSON preparados para envío
2025-06-17 20:41:02,495 [INFO] Lectura BMP390
2025-06-17 20:41:02,679 [INFO] Lectura LTR390
2025-06-17 20:41:02,682 [WARNING] Lectura serial fallida o formato incorrecto
2025-06-17 20:41:06,694 [INFO] Lectura datos climáticos NASA
2025-06-17 20:41:06,697 [INFO] Datos JSON preparados para envío
2025-06-17 20:41:07,749 [INFO] Lectura BMP390
2025-06-17 20:41:07,934 [INFO] Lectura LTR390
2025-06-17 20:41:07,945 [WARNING] Lectura serial fallida o formato incorrecto
2025-06-17 20:41:11,227 [INFO] Lectura datos climáticos NASA
2025-06-17 20:41:11,230 [INFO] Datos JSON preparados para envío
2025-06-17 20:41:12,286 [INFO] Lectura BMP390
2025-06-17 20:41:12,471 [INFO] Lectura LTR390
2025-06-17 20:41:12,472 [WARNING] Lectura serial fallida o formato incorrecto
2025-06-17 20:41:16,013 [INFO] Lectura datos climáticos NASA
2025-06-17 20:41:16,016 [INFO] Datos JSON preparados para envío
2025-06-17 20:41:17,069 [INFO] Lectura BMP390
2025-06-17 20:41:17,252 [INFO] Lectura LTR390
2025-06-17 20:41:17,259 [WARNING] Lectura serial fallida o formato incorrecto
2025-06-17 20:41:21,414 [INFO] Lectura datos climáticos NASA
2025-06-17 20:41:21,417 [INFO] Datos JSON preparados para envío
2025-06-17 20:41:22,471 [INFO] Lectura BMP390
2025-06-17 20:41:22,651 [INFO] Lectura LTR390
2025-06-17 20:41:24,654 [WARNING] Lectura serial fallida o formato incorrecto
2025-06-17 20:41:28,358 [INFO] Lectura datos climáticos NASA
2025-06-17 20:41:28,363 [INFO] Datos JSON preparados para envío
2025-06-17 20:41:29,417 [INFO] Lectura BMP390
2025-06-17 20:41:29,597 [INFO] Lectura LTR390
2025-06-17 20:41:31,600 [WARNING] Lectura serial fallida o formato incorrecto
2025-06-17 20:41:35,075 [INFO] Lectura datos climáticos NASA
2025-06-17 20:41:35,078 [INFO] Datos JSON preparados para envío
2025-06-17 20:41:36,129 [INFO] Lectura BMP390
2025-06-17 20:41:36,309 [INFO] Lectura LTR390
2025-06-17 20:41:38,311 [WARNING] Lectura serial fallida o formato incorrecto
2025-06-17 20:41:41,579 [INFO] Lectura datos climáticos NASA
2025-06-17 20:41:41,582 [INFO] Datos JSON preparados para envío
2025-06-17 20:41:42,635 [INFO] Lectura BMP390
2025-06-17 20:41:42,816 [INFO] Lectura LTR390
2025-06-17 20:41:44,819 [WARNING] Lectura serial fallida o formato incorrecto
2025-06-17 20:41:48,786 [INFO] Lectura datos climáticos NASA
2025-06-17 20:41:48,789 [INFO] Datos JSON preparados para envío
2025-06-17 20:41:49,839 [INFO] Lectura BMP390
2025-06-17 20:41:50,016 [INFO] Lectura LTR390
2025-06-17 20:41:52,019 [WARNING] Lectura serial fallida o formato incorrecto
2025-06-17 20:41:56,352 [INFO] Lectura datos climáticos NASA
2025-06-17 20:41:56,353 [INFO] Datos JSON preparados para envío
2025-06-17 20:41:57,407 [INFO] Lectura BMP390
2025-06-17 20:41:57,587 [INFO] Lectura LTR390
2025-06-17 20:41:59,590 [WARNING] Lectura serial fallida o formato incorrecto
2025-06-17 20:42:03,928 [INFO] Lectura datos climáticos NASA
2025-06-17 20:42:03,929 [INFO] Datos JSON preparados para envío
2025-06-17 20:42:04,982 [INFO] Lectura BMP390
2025-06-17 20:42:05,162 [INFO] Lectura LTR390
2025-06-17 20:42:07,165 [WARNING] Lectura serial fallida o formato incorrecto
2025-06-17 20:42:10,949 [INFO] Lectura datos climáticos NASA
2025-06-17 20:42:10,951 [INFO] Datos JSON preparados para envío
2025-06-17 20:42:12,001 [INFO] Lectura BMP390
2025-06-17 20:42:12,182 [INFO] Lectura LTR390
2025-06-17 20:42:14,184 [WARNING] Lectura serial fallida o formato incorrecto
2025-06-17 20:42:17,385 [INFO] Lectura datos climáticos NASA
2025-06-17 20:42:17,388 [INFO] Datos JSON preparados para envío
2025-06-17 20:42:18,440 [INFO] Lectura BMP390
2025-06-17 20:42:18,624 [INFO] Lectura LTR390
2025-06-17 20:42:20,627 [WARNING] Lectura serial fallida o formato incorrecto
2025-06-17 20:42:24,195 [INFO] Lectura datos climáticos NASA
2025-06-17 20:42:24,199 [INFO] Datos JSON preparados para envío
2025-06-17 20:42:25,251 [INFO] Lectura BMP390
2025-06-17 20:42:25,431 [INFO] Lectura LTR390
2025-06-17 20:42:27,434 [WARNING] Lectura serial fallida o formato incorrecto
2025-06-17 20:42:31,474 [INFO] Lectura datos climáticos NASA
2025-06-17 20:42:31,477 [INFO] Datos JSON preparados para envío
2025-06-17 20:42:32,527 [INFO] Lectura BMP390
2025-06-17 20:42:32,705 [INFO] Lectura LTR390
2025-06-17 20:42:34,708 [WARNING] Lectura serial fallida o formato incorrecto
2025-06-17 20:42:38,622 [INFO] Lectura datos climáticos NASA
2025-06-17 20:42:38,624 [INFO] Datos JSON preparados para envío
2025-06-17 20:42:39,676 [INFO] Lectura BMP390
2025-06-17 20:42:39,856 [INFO] Lectura LTR390
2025-06-17 20:42:41,859 [WARNING] Lectura serial fallida o formato incorrecto
2025-06-17 20:42:51,518 [INFO] Lectura datos climáticos NASA
2025-06-17 20:42:51,520 [INFO] Datos JSON preparados para envío
2025-06-17 20:42:52,570 [INFO] Lectura BMP390
2025-06-17 20:42:52,753 [INFO] Lectura LTR390
2025-06-17 20:42:54,754 [WARNING] Lectura serial fallida o formato incorrecto
2025-06-17 20:42:58,724 [INFO] Lectura datos climáticos NASA
2025-06-17 20:42:58,727 [INFO] Datos JSON preparados para envío
2025-06-17 20:42:59,779 [INFO] Lectura BMP390
2025-06-17 20:42:59,959 [INFO] Lectura LTR390
2025-06-17 20:43:01,962 [WARNING] Lectura serial fallida o formato incorrecto
2025-06-17 20:43:06,185 [INFO] Lectura datos climáticos NASA
2025-06-17 20:43:06,188 [INFO] Datos JSON preparados para envío
2025-06-17 20:43:07,242 [INFO] Lectura BMP390
2025-06-17 20:43:07,422 [INFO] Lectura LTR390
2025-06-17 20:43:09,425 [WARNING] Lectura serial fallida o formato incorrecto
2025-06-17 20:43:13,110 [INFO] Lectura datos climáticos NASA
2025-06-17 20:43:13,113 [INFO] Datos JSON preparados para envío
2025-06-17 20:43:14,169 [INFO] Lectura BMP390
2025-06-17 20:43:14,348 [INFO] Lectura LTR390
2025-06-17 20:43:16,351 [WARNING] Lectura serial fallida o formato incorrecto
2025-06-17 20:43:19,718 [INFO] Lectura datos climáticos NASA
2025-06-17 20:43:19,721 [INFO] Datos JSON preparados para envío
2025-06-17 20:43:20,778 [INFO] Lectura BMP390
2025-06-17 20:43:20,959 [INFO] Lectura LTR390
2025-06-17 20:43:22,962 [WARNING] Lectura serial fallida o formato incorrecto
2025-06-17 20:43:26,531 [INFO] Lectura datos climáticos NASA
2025-06-17 20:43:26,539 [INFO] Datos JSON preparados para envío
2025-06-17 20:43:27,597 [INFO] Lectura BMP390
2025-06-17 20:43:27,773 [INFO] Lectura LTR390
2025-06-17 20:43:29,776 [WARNING] Lectura serial fallida o formato incorrecto
2025-06-17 20:43:32,988 [INFO] Lectura datos climáticos NASA
2025-06-17 20:43:32,991 [INFO] Datos JSON preparados para envío
2025-06-17 20:43:34,044 [INFO] Lectura BMP390
2025-06-17 20:43:34,224 [INFO] Lectura LTR390
2025-06-17 20:43:36,227 [WARNING] Lectura serial fallida o formato incorrecto
2025-06-17 20:43:39,903 [INFO] Lectura datos climáticos NASA
2025-06-17 20:43:39,904 [INFO] Datos JSON preparados para envío
2025-06-17 20:43:40,962 [INFO] Lectura BMP390
2025-06-17 20:43:41,142 [INFO] Lectura LTR390
2025-06-17 20:43:43,145 [WARNING] Lectura serial fallida o formato incorrecto
2025-06-17 20:43:46,801 [INFO] Lectura datos climáticos NASA
2025-06-17 20:43:46,804 [INFO] Datos JSON preparados para envío
2025-06-17 20:43:47,857 [INFO] Lectura BMP390
2025-06-17 20:43:48,043 [INFO] Lectura LTR390
2025-06-17 20:43:50,046 [WARNING] Lectura serial fallida o formato incorrecto
2025-06-17 20:43:53,191 [INFO] Lectura datos climáticos NASA
2025-06-17 20:43:53,194 [INFO] Datos JSON preparados para envío
2025-06-17 20:43:54,246 [INFO] Lectura BMP390
2025-06-17 20:43:54,427 [INFO] Lectura LTR390
2025-06-17 20:43:56,430 [WARNING] Lectura serial fallida o formato incorrecto
2025-06-17 20:44:07,119 [INFO] Lectura datos climáticos NASA
2025-06-17 20:44:07,122 [INFO] Datos JSON preparados para envío
2025-06-17 20:44:08,173 [INFO] Lectura BMP390
2025-06-17 20:44:08,359 [INFO] Lectura LTR390
2025-06-17 20:44:10,362 [WARNING] Lectura serial fallida o formato incorrecto
2025-06-17 20:44:16,866 [INFO] Lectura datos climáticos NASA
2025-06-17 20:44:16,875 [INFO] Datos JSON preparados para envío
2025-06-17 20:44:17,929 [INFO] Lectura BMP390
2025-06-17 20:44:18,112 [INFO] Lectura LTR390
2025-06-17 20:44:20,115 [WARNING] Lectura serial fallida o formato incorrecto
2025-06-17 20:44:24,737 [INFO] Lectura datos climáticos NASA
2025-06-17 20:44:24,740 [INFO] Datos JSON preparados para envío
2025-06-17 20:44:25,795 [INFO] Lectura BMP390
2025-06-17 20:44:25,976 [INFO] Lectura LTR390
2025-06-17 20:44:27,979 [WARNING] Lectura serial fallida o formato incorrecto
2025-06-17 20:44:31,574 [INFO] Lectura datos climáticos NASA
2025-06-17 20:44:31,577 [INFO] Datos JSON preparados para envío
2025-06-17 20:44:32,631 [INFO] Lectura BMP390
2025-06-17 20:44:32,813 [INFO] Lectura LTR390
2025-06-17 20:44:34,816 [WARNING] Lectura serial fallida o formato incorrecto
2025-06-17 20:44:39,855 [INFO] Lectura datos climáticos NASA
2025-06-17 20:44:39,856 [INFO] Datos JSON preparados para envío
2025-06-17 20:44:40,908 [INFO] Lectura BMP390
2025-06-17 20:44:41,086 [INFO] Lectura LTR390
2025-06-17 20:44:43,088 [WARNING] Lectura serial fallida o formato incorrecto
2025-06-17 20:44:46,831 [INFO] Lectura datos climáticos NASA
2025-06-17 20:44:46,834 [INFO] Datos JSON preparados para envío
2025-06-17 20:44:47,888 [INFO] Lectura BMP390
2025-06-17 20:44:48,068 [INFO] Lectura LTR390
2025-06-17 20:44:50,071 [WARNING] Lectura serial fallida o formato incorrecto
2025-06-17 20:44:55,005 [INFO] Lectura datos climáticos NASA
2025-06-17 20:44:55,007 [INFO] Datos JSON preparados para envío
2025-06-17 20:44:56,058 [INFO] Lectura BMP390
2025-06-17 20:44:56,239 [INFO] Lectura LTR390
2025-06-17 20:44:58,242 [WARNING] Lectura serial fallida o formato incorrecto
2025-06-17 20:45:02,066 [INFO] Lectura datos climáticos NASA
2025-06-17 20:45:02,069 [INFO] Datos JSON preparados para envío
2025-06-17 20:45:03,120 [INFO] Lectura BMP390
2025-06-17 20:45:03,301 [INFO] Lectura LTR390
2025-06-17 20:45:05,304 [WARNING] Lectura serial fallida o formato incorrecto
2025-06-17 20:45:08,899 [INFO] Lectura datos climáticos NASA
2025-06-17 20:45:08,902 [INFO] Datos JSON preparados para envío
2025-06-17 20:45:09,954 [INFO] Lectura BMP390
2025-06-17 20:45:10,135 [INFO] Lectura LTR390
2025-06-17 20:45:12,138 [WARNING] Lectura serial fallida o formato incorrecto
2025-06-17 20:45:15,820 [INFO] Lectura datos climáticos NASA
2025-06-17 20:45:15,823 [INFO] Datos JSON preparados para envío
2025-06-17 20:45:16,877 [INFO] Lectura BMP390
2025-06-17 20:45:17,054 [INFO] Lectura LTR390
2025-06-17 20:45:19,056 [WARNING] Lectura serial fallida o formato incorrecto
2025-06-17 20:45:23,179 [INFO] Lectura datos climáticos NASA
2025-06-17 20:45:23,183 [INFO] Datos JSON preparados para envío
2025-06-17 20:45:24,236 [INFO] Lectura BMP390
2025-06-17 20:45:24,419 [INFO] Lectura LTR390
2025-06-17 20:45:26,422 [WARNING] Lectura serial fallida o formato incorrecto
2025-06-17 20:45:29,808 [INFO] Lectura datos climáticos NASA
2025-06-17 20:45:29,810 [INFO] Datos JSON preparados para envío
2025-06-17 20:45:30,864 [INFO] Lectura BMP390
2025-06-17 20:45:31,044 [INFO] Lectura LTR390
2025-06-17 20:45:33,048 [WARNING] Lectura serial fallida o formato incorrecto
2025-06-17 20:45:37,078 [INFO] Lectura datos climáticos NASA
2025-06-17 20:45:37,081 [INFO] Datos JSON preparados para envío
2025-06-17 20:45:38,135 [INFO] Lectura BMP390
2025-06-17 20:45:38,318 [INFO] Lectura LTR390
2025-06-17 20:45:40,321 [WARNING] Lectura serial fallida o formato incorrecto
2025-06-17 20:45:43,644 [INFO] Lectura datos climáticos NASA
2025-06-17 20:45:43,647 [INFO] Datos JSON preparados para envío
2025-06-17 20:45:44,699 [INFO] Lectura BMP390
2025-06-17 20:45:44,881 [INFO] Lectura LTR390
2025-06-17 20:45:46,884 [WARNING] Lectura serial fallida o formato incorrecto
2025-06-17 20:45:50,601 [INFO] Lectura datos climáticos NASA
2025-06-17 20:45:50,604 [INFO] Datos JSON preparados para envío
2025-06-17 20:45:51,656 [INFO] Lectura BMP390
2025-06-17 20:45:51,836 [INFO] Lectura LTR390
2025-06-17 20:45:53,839 [WARNING] Lectura serial fallida o formato incorrecto
2025-06-17 20:45:57,227 [INFO] Lectura datos climáticos NASA
2025-06-17 20:45:57,229 [INFO] Datos JSON preparados para envío
2025-06-17 20:45:58,281 [INFO] Lectura BMP390
2025-06-17 20:45:58,461 [INFO] Lectura LTR390
2025-06-17 20:46:00,463 [WARNING] Lectura serial fallida o formato incorrecto
2025-06-17 20:46:04,357 [INFO] Lectura datos climáticos NASA
2025-06-17 20:46:04,361 [INFO] Datos JSON preparados para envío
2025-06-17 20:46:05,411 [INFO] Lectura BMP390
2025-06-17 20:46:05,590 [INFO] Lectura LTR390
2025-06-17 20:46:07,593 [WARNING] Lectura serial fallida o formato incorrecto
2025-06-17 20:46:11,683 [INFO] Lectura datos climáticos NASA
2025-06-17 20:46:11,685 [INFO] Datos JSON preparados para envío
2025-06-17 20:46:12,740 [INFO] Lectura BMP390
2025-06-17 20:46:12,920 [INFO] Lectura LTR390
2025-06-17 20:46:14,923 [WARNING] Lectura serial fallida o formato incorrecto
2025-06-17 20:46:19,840 [INFO] Lectura datos climáticos NASA
2025-06-17 20:46:19,843 [INFO] Datos JSON preparados para envío
2025-06-17 20:46:20,897 [INFO] Lectura BMP390
2025-06-17 20:46:21,080 [INFO] Lectura LTR390
2025-06-17 20:46:23,083 [WARNING] Lectura serial fallida o formato incorrecto
2025-06-17 20:46:26,727 [INFO] Lectura datos climáticos NASA
2025-06-17 20:46:26,729 [INFO] Datos JSON preparados para envío
2025-06-17 20:46:27,782 [INFO] Lectura BMP390
2025-06-17 20:46:27,963 [INFO] Lectura LTR390
2025-06-17 20:46:29,966 [WARNING] Lectura serial fallida o formato incorrecto
2025-06-17 20:46:33,522 [INFO] Lectura datos climáticos NASA
2025-06-17 20:46:33,525 [INFO] Datos JSON preparados para envío
2025-06-17 20:46:34,578 [INFO] Lectura BMP390
2025-06-17 20:46:34,759 [INFO] Lectura LTR390
2025-06-17 20:46:36,762 [WARNING] Lectura serial fallida o formato incorrecto
2025-06-17 20:46:41,266 [INFO] Lectura datos climáticos NASA
2025-06-17 20:46:41,267 [INFO] Datos JSON preparados para envío
2025-06-17 20:46:42,317 [INFO] Lectura BMP390
2025-06-17 20:46:42,494 [INFO] Lectura LTR390
2025-06-17 20:46:44,497 [WARNING] Lectura serial fallida o formato incorrecto
2025-06-17 20:46:48,298 [INFO] Lectura datos climáticos NASA
2025-06-17 20:46:48,301 [INFO] Datos JSON preparados para envío
2025-06-17 20:46:49,354 [INFO] Lectura BMP390
2025-06-17 20:46:49,533 [INFO] Lectura LTR390
2025-06-17 20:46:51,536 [WARNING] Lectura serial fallida o formato incorrecto
2025-06-17 20:46:56,048 [INFO] Lectura datos climáticos NASA
2025-06-17 20:46:56,050 [INFO] Datos JSON preparados para envío
2025-06-17 20:46:57,100 [INFO] Lectura BMP390
2025-06-17 20:46:57,277 [INFO] Lectura LTR390
2025-06-17 20:46:59,280 [WARNING] Lectura serial fallida o formato incorrecto
2025-06-17 20:47:03,100 [INFO] Lectura datos climáticos NASA
2025-06-17 20:47:03,103 [INFO] Datos JSON preparados para envío
2025-06-17 20:47:04,156 [INFO] Lectura BMP390
2025-06-17 20:47:04,338 [INFO] Lectura LTR390
2025-06-17 20:47:06,341 [WARNING] Lectura serial fallida o formato incorrecto
2025-06-17 20:47:09,768 [INFO] Lectura datos climáticos NASA
2025-06-17 20:47:09,771 [INFO] Datos JSON preparados para envío
2025-06-17 20:47:10,824 [INFO] Lectura BMP390
2025-06-17 20:47:11,004 [INFO] Lectura LTR390
2025-06-17 20:47:13,007 [WARNING] Lectura serial fallida o formato incorrecto
2025-06-17 20:47:17,072 [INFO] Lectura datos climáticos NASA
2025-06-17 20:47:17,075 [INFO] Datos JSON preparados para envío
2025-06-17 20:47:18,125 [INFO] Lectura BMP390
2025-06-17 20:47:18,301 [INFO] Lectura LTR390
2025-06-17 20:47:20,304 [WARNING] Lectura serial fallida o formato incorrecto
2025-06-17 20:47:23,853 [INFO] Lectura datos climáticos NASA
2025-06-17 20:47:23,857 [INFO] Datos JSON preparados para envío
2025-06-17 20:47:24,914 [INFO] Lectura BMP390
2025-06-17 20:47:25,097 [INFO] Lectura LTR390
2025-06-17 20:47:27,100 [WARNING] Lectura serial fallida o formato incorrecto
2025-06-17 20:47:30,652 [INFO] Lectura datos climáticos NASA
2025-06-17 20:47:30,654 [INFO] Datos JSON preparados para envío
2025-06-17 20:47:31,704 [INFO] Lectura BMP390
2025-06-17 20:47:31,883 [INFO] Lectura LTR390
2025-06-17 20:47:33,886 [WARNING] Lectura serial fallida o formato incorrecto
2025-06-17 20:47:39,097 [INFO] Lectura datos climáticos NASA
2025-06-17 20:47:39,099 [INFO] Datos JSON preparados para envío
2025-06-17 20:47:40,152 [INFO] Lectura BMP390
2025-06-17 20:47:40,333 [INFO] Lectura LTR390
2025-06-17 20:47:42,336 [WARNING] Lectura serial fallida o formato incorrecto
2025-06-17 20:47:45,839 [INFO] Lectura datos climáticos NASA
2025-06-17 20:47:45,842 [INFO] Datos JSON preparados para envío
2025-06-17 20:47:46,897 [INFO] Lectura BMP390
2025-06-17 20:47:47,079 [INFO] Lectura LTR390
2025-06-17 20:47:49,083 [WARNING] Lectura serial fallida o formato incorrecto
2025-06-17 20:47:53,531 [INFO] Lectura datos climáticos NASA
2025-06-17 20:47:53,534 [INFO] Datos JSON preparados para envío
2025-06-17 20:47:54,584 [INFO] Lectura BMP390
2025-06-17 20:47:54,760 [INFO] Lectura LTR390
2025-06-17 20:47:56,763 [WARNING] Lectura serial fallida o formato incorrecto
2025-06-17 20:48:01,131 [INFO] Lectura datos climáticos NASA
2025-06-17 20:48:01,135 [INFO] Datos JSON preparados para envío
2025-06-17 20:48:02,185 [INFO] Lectura BMP390
2025-06-17 20:48:02,363 [INFO] Lectura LTR390
2025-06-17 20:48:04,365 [WARNING] Lectura serial fallida o formato incorrecto
2025-06-17 20:48:08,240 [INFO] Lectura datos climáticos NASA
2025-06-17 20:48:08,242 [INFO] Datos JSON preparados para envío
2025-06-17 20:48:09,292 [INFO] Lectura BMP390
2025-06-17 20:48:09,473 [INFO] Lectura LTR390
2025-06-17 20:48:11,476 [WARNING] Lectura serial fallida o formato incorrecto
2025-06-17 20:48:14,823 [INFO] Lectura datos climáticos NASA
2025-06-17 20:48:14,825 [INFO] Datos JSON preparados para envío
2025-06-17 20:48:15,876 [INFO] Lectura BMP390
2025-06-17 20:48:16,058 [INFO] Lectura LTR390
2025-06-17 20:48:18,061 [WARNING] Lectura serial fallida o formato incorrecto
2025-06-17 20:48:21,931 [INFO] Lectura datos climáticos NASA
2025-06-17 20:48:21,933 [INFO] Datos JSON preparados para envío
2025-06-17 20:48:22,988 [INFO] Lectura BMP390
2025-06-17 20:48:23,172 [INFO] Lectura LTR390
2025-06-17 20:48:25,176 [WARNING] Lectura serial fallida o formato incorrecto
2025-06-17 20:48:28,645 [INFO] Lectura datos climáticos NASA
2025-06-17 20:48:28,648 [INFO] Datos JSON preparados para envío
2025-06-17 20:48:29,701 [INFO] Lectura BMP390
2025-06-17 20:48:29,880 [INFO] Lectura LTR390
2025-06-17 20:48:31,883 [WARNING] Lectura serial fallida o formato incorrecto
2025-06-17 20:48:34,934 [INFO] Lectura datos climáticos NASA
2025-06-17 20:48:34,937 [INFO] Datos JSON preparados para envío
2025-06-17 20:48:35,990 [INFO] Lectura BMP390
2025-06-17 20:48:36,170 [INFO] Lectura LTR390
2025-06-17 20:48:38,173 [WARNING] Lectura serial fallida o formato incorrecto
2025-06-17 20:48:41,931 [INFO] Lectura datos climáticos NASA
2025-06-17 20:48:41,933 [INFO] Datos JSON preparados para envío
2025-06-17 20:48:42,985 [INFO] Lectura BMP390
2025-06-17 20:48:43,161 [INFO] Lectura LTR390
2025-06-17 20:48:45,164 [WARNING] Lectura serial fallida o formato incorrecto
2025-06-17 20:48:49,031 [INFO] Lectura datos climáticos NASA
2025-06-17 20:48:49,038 [INFO] Datos JSON preparados para envío
2025-06-17 20:48:50,090 [INFO] Lectura BMP390
2025-06-17 20:48:50,271 [INFO] Lectura LTR390
2025-06-17 20:48:52,274 [WARNING] Lectura serial fallida o formato incorrecto
2025-06-17 20:48:56,480 [INFO] Lectura datos climáticos NASA
2025-06-17 20:48:56,481 [INFO] Datos JSON preparados para envío
2025-06-17 20:48:57,532 [INFO] Lectura BMP390
2025-06-17 20:48:57,710 [INFO] Lectura LTR390
2025-06-17 20:48:59,712 [WARNING] Lectura serial fallida o formato incorrecto
2025-06-17 20:49:03,222 [INFO] Lectura datos climáticos NASA
2025-06-17 20:49:03,225 [INFO] Datos JSON preparados para envío
2025-06-17 20:49:04,277 [INFO] Lectura BMP390
2025-06-17 20:49:04,460 [INFO] Lectura LTR390
2025-06-17 20:49:06,463 [WARNING] Lectura serial fallida o formato incorrecto
2025-06-17 20:49:10,266 [INFO] Lectura datos climáticos NASA
2025-06-17 20:49:10,269 [INFO] Datos JSON preparados para envío
2025-06-17 20:49:11,322 [INFO] Lectura BMP390
2025-06-17 20:49:11,504 [INFO] Lectura LTR390
2025-06-17 20:49:13,507 [WARNING] Lectura serial fallida o formato incorrecto
2025-06-17 20:49:17,019 [INFO] Lectura datos climáticos NASA
2025-06-17 20:49:17,022 [INFO] Datos JSON preparados para envío
2025-06-17 20:49:18,075 [INFO] Lectura BMP390
2025-06-17 20:49:18,255 [INFO] Lectura LTR390
2025-06-17 20:49:20,258 [WARNING] Lectura serial fallida o formato incorrecto
2025-06-17 20:49:24,031 [INFO] Lectura datos climáticos NASA
2025-06-17 20:49:24,034 [INFO] Datos JSON preparados para envío
2025-06-17 20:49:25,093 [INFO] Lectura BMP390
2025-06-17 20:49:25,273 [INFO] Lectura LTR390
2025-06-17 20:49:27,276 [WARNING] Lectura serial fallida o formato incorrecto
2025-06-17 20:49:30,739 [INFO] Lectura datos climáticos NASA
2025-06-17 20:49:30,742 [INFO] Datos JSON preparados para envío
2025-06-17 20:49:31,792 [INFO] Lectura BMP390
2025-06-17 20:49:31,969 [INFO] Lectura LTR390
2025-06-17 20:49:33,972 [WARNING] Lectura serial fallida o formato incorrecto
2025-06-17 20:49:38,629 [INFO] Lectura datos climáticos NASA
2025-06-17 20:49:38,632 [INFO] Datos JSON preparados para envío
2025-06-17 20:49:39,685 [INFO] Lectura BMP390
2025-06-17 20:49:39,865 [INFO] Lectura LTR390
2025-06-17 20:49:41,869 [WARNING] Lectura serial fallida o formato incorrecto
2025-06-17 20:49:45,648 [INFO] Lectura datos climáticos NASA
2025-06-17 20:49:45,651 [INFO] Datos JSON preparados para envío
2025-06-17 20:49:46,706 [INFO] Lectura BMP390
2025-06-17 20:49:46,888 [INFO] Lectura LTR390
2025-06-17 20:49:48,891 [WARNING] Lectura serial fallida o formato incorrecto
2025-06-17 20:49:52,690 [INFO] Lectura datos climáticos NASA
2025-06-17 20:49:52,694 [INFO] Datos JSON preparados para envío
2025-06-17 20:49:53,747 [INFO] Lectura BMP390
2025-06-17 20:49:53,929 [INFO] Lectura LTR390
2025-06-17 20:49:55,932 [WARNING] Lectura serial fallida o formato incorrecto
2025-06-17 20:49:59,073 [INFO] Lectura datos climáticos NASA
2025-06-17 20:49:59,076 [INFO] Datos JSON preparados para envío
2025-06-17 20:50:00,128 [INFO] Lectura BMP390
2025-06-17 20:50:00,308 [INFO] Lectura LTR390
2025-06-17 20:50:02,311 [WARNING] Lectura serial fallida o formato incorrecto
2025-06-17 20:50:06,133 [INFO] Lectura datos climáticos NASA
2025-06-17 20:50:06,134 [INFO] Datos JSON preparados para envío
2025-06-17 20:50:07,191 [INFO] Lectura BMP390
2025-06-17 20:50:07,376 [INFO] Lectura LTR390
2025-06-17 20:50:09,379 [WARNING] Lectura serial fallida o formato incorrecto
2025-06-17 20:50:13,419 [INFO] Lectura datos climáticos NASA
2025-06-17 20:50:13,421 [INFO] Datos JSON preparados para envío
2025-06-17 20:50:14,474 [INFO] Lectura BMP390
2025-06-17 20:50:14,655 [INFO] Lectura LTR390
2025-06-17 20:50:16,657 [WARNING] Lectura serial fallida o formato incorrecto
2025-06-17 20:50:21,499 [INFO] Lectura datos climáticos NASA
2025-06-17 20:50:21,500 [INFO] Datos JSON preparados para envío
2025-06-17 20:50:22,554 [INFO] Lectura BMP390
2025-06-17 20:50:22,737 [INFO] Lectura LTR390
2025-06-17 20:50:24,740 [WARNING] Lectura serial fallida o formato incorrecto
2025-06-17 20:50:28,452 [INFO] Lectura datos climáticos NASA
2025-06-17 20:50:28,455 [INFO] Datos JSON preparados para envío
2025-06-17 20:50:29,508 [INFO] Lectura BMP390
2025-06-17 20:50:29,689 [INFO] Lectura LTR390
2025-06-17 20:50:31,692 [WARNING] Lectura serial fallida o formato incorrecto
2025-06-17 20:50:34,923 [INFO] Lectura datos climáticos NASA
2025-06-17 20:50:34,925 [INFO] Datos JSON preparados para envío
2025-06-17 20:50:35,979 [INFO] Lectura BMP390
2025-06-17 20:50:36,161 [INFO] Lectura LTR390
2025-06-17 20:50:38,165 [WARNING] Lectura serial fallida o formato incorrecto
2025-06-17 20:50:41,777 [INFO] Lectura datos climáticos NASA
2025-06-17 20:50:41,779 [INFO] Datos JSON preparados para envío
2025-06-17 20:50:42,829 [INFO] Lectura BMP390
2025-06-17 20:50:43,008 [INFO] Lectura LTR390
2025-06-17 20:50:45,011 [WARNING] Lectura serial fallida o formato incorrecto
2025-06-17 20:50:48,719 [INFO] Lectura datos climáticos NASA
2025-06-17 20:50:48,722 [INFO] Datos JSON preparados para envío
2025-06-17 20:50:49,775 [INFO] Lectura BMP390
2025-06-17 20:50:49,955 [INFO] Lectura LTR390
2025-06-17 20:50:51,959 [WARNING] Lectura serial fallida o formato incorrecto
2025-06-17 20:50:55,978 [INFO] Lectura datos climáticos NASA
2025-06-17 20:50:55,981 [INFO] Datos JSON preparados para envío
2025-06-17 20:50:57,032 [INFO] Lectura BMP390
2025-06-17 20:50:57,208 [INFO] Lectura LTR390
2025-06-17 20:50:59,211 [WARNING] Lectura serial fallida o formato incorrecto
2025-06-17 20:51:03,743 [INFO] Lectura datos climáticos NASA
2025-06-17 20:51:03,747 [INFO] Datos JSON preparados para envío
2025-06-17 20:51:04,799 [INFO] Lectura BMP390
2025-06-17 20:51:04,980 [INFO] Lectura LTR390
2025-06-17 20:51:06,983 [WARNING] Lectura serial fallida o formato incorrecto
2025-06-17 20:51:10,715 [INFO] Lectura datos climáticos NASA
2025-06-17 20:51:10,718 [INFO] Datos JSON preparados para envío
2025-06-17 20:51:11,771 [INFO] Lectura BMP390
2025-06-17 20:51:11,952 [INFO] Lectura LTR390
2025-06-17 20:51:13,955 [WARNING] Lectura serial fallida o formato incorrecto
2025-06-17 20:51:17,560 [INFO] Lectura datos climáticos NASA
2025-06-17 20:51:17,563 [INFO] Datos JSON preparados para envío
2025-06-17 20:51:18,614 [INFO] Lectura BMP390
2025-06-17 20:51:18,796 [INFO] Lectura LTR390
2025-06-17 20:51:20,800 [WARNING] Lectura serial fallida o formato incorrecto
2025-06-17 20:51:25,018 [INFO] Lectura datos climáticos NASA
2025-06-17 20:51:25,021 [INFO] Datos JSON preparados para envío
2025-06-17 20:51:26,073 [INFO] Lectura BMP390
2025-06-17 20:51:26,259 [INFO] Lectura LTR390
2025-06-17 20:51:28,263 [WARNING] Lectura serial fallida o formato incorrecto
2025-06-17 20:51:31,896 [INFO] Lectura datos climáticos NASA
2025-06-17 20:51:31,899 [INFO] Datos JSON preparados para envío
2025-06-17 20:51:32,950 [INFO] Lectura BMP390
2025-06-17 20:51:33,135 [INFO] Lectura LTR390
2025-06-17 20:51:35,138 [WARNING] Lectura serial fallida o formato incorrecto
2025-06-17 20:51:39,311 [INFO] Lectura datos climáticos NASA
2025-06-17 20:51:39,314 [INFO] Datos JSON preparados para envío
2025-06-17 20:51:40,365 [INFO] Lectura BMP390
2025-06-17 20:51:40,546 [INFO] Lectura LTR390
2025-06-17 20:51:42,549 [WARNING] Lectura serial fallida o formato incorrecto
2025-06-17 20:51:46,312 [INFO] Lectura datos climáticos NASA
2025-06-17 20:51:46,314 [INFO] Datos JSON preparados para envío
2025-06-17 20:51:47,366 [INFO] Lectura BMP390
2025-06-17 20:51:47,546 [INFO] Lectura LTR390
2025-06-17 20:51:49,549 [WARNING] Lectura serial fallida o formato incorrecto
2025-06-17 20:51:53,275 [INFO] Lectura datos climáticos NASA
2025-06-17 20:51:53,279 [INFO] Datos JSON preparados para envío
2025-06-17 20:51:54,331 [INFO] Lectura BMP390
2025-06-17 20:51:54,515 [INFO] Lectura LTR390
2025-06-17 20:51:56,516 [WARNING] Lectura serial fallida o formato incorrecto
2025-06-17 20:52:00,934 [INFO] Lectura datos climáticos NASA
2025-06-17 20:52:00,937 [INFO] Datos JSON preparados para envío
2025-06-17 20:52:01,989 [INFO] Lectura BMP390
2025-06-17 20:52:02,169 [INFO] Lectura LTR390
2025-06-17 20:52:04,172 [WARNING] Lectura serial fallida o formato incorrecto
2025-06-17 20:52:08,328 [INFO] Lectura datos climáticos NASA
2025-06-17 20:52:08,329 [INFO] Datos JSON preparados para envío
2025-06-17 20:52:09,380 [INFO] Lectura BMP390
2025-06-17 20:52:09,557 [INFO] Lectura LTR390
2025-06-17 20:52:11,559 [WARNING] Lectura serial fallida o formato incorrecto
2025-06-17 20:52:15,055 [INFO] Lectura datos climáticos NASA
2025-06-17 20:52:15,057 [INFO] Datos JSON preparados para envío
2025-06-17 20:52:16,112 [INFO] Lectura BMP390
2025-06-17 20:52:16,292 [INFO] Lectura LTR390
2025-06-17 20:52:18,296 [WARNING] Lectura serial fallida o formato incorrecto
2025-06-17 20:52:22,360 [INFO] Lectura datos climáticos NASA
2025-06-17 20:52:22,362 [INFO] Datos JSON preparados para envío
2025-06-17 20:52:23,411 [INFO] Lectura BMP390
2025-06-17 20:52:23,588 [INFO] Lectura LTR390
2025-06-17 20:52:25,591 [WARNING] Lectura serial fallida o formato incorrecto
2025-06-17 20:52:29,716 [INFO] Lectura datos climáticos NASA
2025-06-17 20:52:29,719 [INFO] Datos JSON preparados para envío
2025-06-17 20:52:30,776 [INFO] Lectura BMP390
2025-06-17 20:52:30,956 [INFO] Lectura LTR390
2025-06-17 20:52:32,959 [WARNING] Lectura serial fallida o formato incorrecto
2025-06-17 20:52:36,400 [INFO] Lectura datos climáticos NASA
2025-06-17 20:52:36,403 [INFO] Datos JSON preparados para envío
2025-06-17 20:52:37,455 [INFO] Lectura BMP390
2025-06-17 20:52:37,634 [INFO] Lectura LTR390
2025-06-17 20:52:39,638 [WARNING] Lectura serial fallida o formato incorrecto
2025-06-17 20:52:43,032 [INFO] Lectura datos climáticos NASA
2025-06-17 20:52:43,035 [INFO] Datos JSON preparados para envío
2025-06-17 20:52:44,085 [INFO] Lectura BMP390
2025-06-17 20:52:44,262 [INFO] Lectura LTR390
2025-06-17 20:52:46,265 [WARNING] Lectura serial fallida o formato incorrecto
2025-06-17 20:52:49,747 [INFO] Lectura datos climáticos NASA
2025-06-17 20:52:49,750 [INFO] Datos JSON preparados para envío
2025-06-17 20:52:50,803 [INFO] Lectura BMP390
2025-06-17 20:52:50,989 [INFO] Lectura LTR390
2025-06-17 20:52:52,992 [WARNING] Lectura serial fallida o formato incorrecto
2025-06-17 20:52:56,378 [INFO] Lectura datos climáticos NASA
2025-06-17 20:52:56,381 [INFO] Datos JSON preparados para envío
2025-06-17 20:52:57,434 [INFO] Lectura BMP390
2025-06-17 20:52:57,616 [INFO] Lectura LTR390
2025-06-17 20:52:59,619 [WARNING] Lectura serial fallida o formato incorrecto
2025-06-17 20:53:03,916 [INFO] Lectura datos climáticos NASA
2025-06-17 20:53:03,918 [INFO] Datos JSON preparados para envío
2025-06-17 20:53:04,973 [INFO] Lectura BMP390
2025-06-17 20:53:05,153 [INFO] Lectura LTR390
2025-06-17 20:53:07,156 [WARNING] Lectura serial fallida o formato incorrecto
2025-06-17 20:53:11,291 [INFO] Lectura datos climáticos NASA
2025-06-17 20:53:11,293 [INFO] Datos JSON preparados para envío
2025-06-17 20:53:12,343 [INFO] Lectura BMP390
2025-06-17 20:53:12,524 [INFO] Lectura LTR390
2025-06-17 20:53:14,527 [WARNING] Lectura serial fallida o formato incorrecto
2025-06-17 20:53:18,124 [INFO] Lectura datos climáticos NASA
2025-06-17 20:53:18,127 [INFO] Datos JSON preparados para envío
2025-06-17 20:53:19,179 [INFO] Lectura BMP390
2025-06-17 20:53:19,361 [INFO] Lectura LTR390
2025-06-17 20:53:21,364 [WARNING] Lectura serial fallida o formato incorrecto
2025-06-17 20:53:24,671 [INFO] Lectura datos climáticos NASA
2025-06-17 20:53:24,673 [INFO] Datos JSON preparados para envío
2025-06-17 20:53:25,724 [INFO] Lectura BMP390
2025-06-17 20:53:25,906 [INFO] Lectura LTR390
2025-06-17 20:53:27,909 [WARNING] Lectura serial fallida o formato incorrecto
2025-06-17 20:53:31,326 [INFO] Lectura datos climáticos NASA
2025-06-17 20:53:31,331 [INFO] Datos JSON preparados para envío
2025-06-17 20:53:32,384 [INFO] Lectura BMP390
2025-06-17 20:53:32,565 [INFO] Lectura LTR390
2025-06-17 20:53:34,568 [WARNING] Lectura serial fallida o formato incorrecto
2025-06-17 20:53:38,156 [INFO] Lectura datos climáticos NASA
2025-06-17 20:53:38,159 [INFO] Datos JSON preparados para envío
2025-06-17 20:53:39,212 [INFO] Lectura BMP390
2025-06-17 20:53:39,394 [INFO] Lectura LTR390
2025-06-17 20:53:41,397 [WARNING] Lectura serial fallida o formato incorrecto
2025-06-17 20:53:44,849 [INFO] Lectura datos climáticos NASA
2025-06-17 20:53:44,852 [INFO] Datos JSON preparados para envío
2025-06-17 20:53:45,904 [INFO] Lectura BMP390
2025-06-17 20:53:46,084 [INFO] Lectura LTR390
2025-06-17 20:53:48,089 [WARNING] Lectura serial fallida o formato incorrecto
2025-06-17 20:53:53,665 [INFO] Lectura datos climáticos NASA
2025-06-17 20:53:53,669 [INFO] Datos JSON preparados para envío
2025-06-17 20:53:54,728 [INFO] Lectura BMP390
2025-06-17 20:53:54,917 [INFO] Lectura LTR390
2025-06-17 20:53:56,920 [WARNING] Lectura serial fallida o formato incorrecto
2025-06-17 20:54:00,394 [INFO] Lectura datos climáticos NASA
2025-06-17 20:54:00,399 [INFO] Datos JSON preparados para envío
2025-06-17 20:54:01,451 [INFO] Lectura BMP390
2025-06-17 20:54:01,637 [INFO] Lectura LTR390
2025-06-17 20:54:03,640 [WARNING] Lectura serial fallida o formato incorrecto
2025-06-17 20:54:07,982 [INFO] Lectura datos climáticos NASA
2025-06-17 20:54:07,983 [INFO] Datos JSON preparados para envío
2025-06-17 20:54:09,034 [INFO] Lectura BMP390
2025-06-17 20:54:09,216 [INFO] Lectura LTR390
2025-06-17 20:54:11,220 [WARNING] Lectura serial fallida o formato incorrecto
2025-06-17 20:54:14,727 [INFO] Lectura datos climáticos NASA
2025-06-17 20:54:14,729 [INFO] Datos JSON preparados para envío
2025-06-17 20:54:15,781 [INFO] Lectura BMP390
2025-06-17 20:54:15,964 [INFO] Lectura LTR390
2025-06-17 20:54:17,967 [WARNING] Lectura serial fallida o formato incorrecto
2025-06-17 20:54:21,974 [INFO] Lectura datos climáticos NASA
2025-06-17 20:54:21,975 [INFO] Datos JSON preparados para envío
2025-06-17 20:54:23,025 [INFO] Lectura BMP390
2025-06-17 20:54:23,209 [INFO] Lectura LTR390
2025-06-17 20:54:25,212 [WARNING] Lectura serial fallida o formato incorrecto
2025-06-17 20:54:29,744 [INFO] Lectura datos climáticos NASA
2025-06-17 20:54:29,747 [INFO] Datos JSON preparados para envío
2025-06-17 20:54:30,801 [INFO] Lectura BMP390
2025-06-17 20:54:30,982 [INFO] Lectura LTR390
2025-06-17 20:54:32,986 [WARNING] Lectura serial fallida o formato incorrecto
2025-06-17 20:54:36,713 [INFO] Lectura datos climáticos NASA
2025-06-17 20:54:36,714 [INFO] Datos JSON preparados para envío
2025-06-17 20:54:37,771 [INFO] Lectura BMP390
2025-06-17 20:54:37,951 [INFO] Lectura LTR390
2025-06-17 20:54:39,954 [WARNING] Lectura serial fallida o formato incorrecto
2025-06-17 20:54:43,354 [INFO] Lectura datos climáticos NASA
2025-06-17 20:54:43,357 [INFO] Datos JSON preparados para envío
2025-06-17 20:54:44,409 [INFO] Lectura BMP390
2025-06-17 20:54:44,593 [INFO] Lectura LTR390
2025-06-17 20:54:46,596 [WARNING] Lectura serial fallida o formato incorrecto
2025-06-17 20:54:51,032 [INFO] Lectura datos climáticos NASA
2025-06-17 20:54:51,035 [INFO] Datos JSON preparados para envío
2025-06-17 20:54:52,089 [INFO] Lectura BMP390
2025-06-17 20:54:52,270 [INFO] Lectura LTR390
2025-06-17 20:54:54,273 [WARNING] Lectura serial fallida o formato incorrecto
2025-06-17 20:54:58,660 [INFO] Lectura datos climáticos NASA
2025-06-17 20:54:58,663 [INFO] Datos JSON preparados para envío
2025-06-17 20:54:59,715 [INFO] Lectura BMP390
2025-06-17 20:54:59,891 [INFO] Lectura LTR390
2025-06-17 20:55:01,894 [WARNING] Lectura serial fallida o formato incorrecto
2025-06-17 20:55:05,634 [INFO] Lectura datos climáticos NASA
2025-06-17 20:55:05,636 [INFO] Datos JSON preparados para envío
2025-06-17 20:55:06,690 [INFO] Lectura BMP390
2025-06-17 20:55:06,870 [INFO] Lectura LTR390
2025-06-17 20:55:08,873 [WARNING] Lectura serial fallida o formato incorrecto
2025-06-17 20:55:13,196 [INFO] Lectura datos climáticos NASA
2025-06-17 20:55:13,197 [INFO] Datos JSON preparados para envío
2025-06-17 20:55:14,248 [INFO] Lectura BMP390
2025-06-17 20:55:14,429 [INFO] Lectura LTR390
2025-06-17 20:55:16,432 [WARNING] Lectura serial fallida o formato incorrecto
2025-06-17 20:55:19,895 [INFO] Lectura datos climáticos NASA
2025-06-17 20:55:19,898 [INFO] Datos JSON preparados para envío
2025-06-17 20:55:20,951 [INFO] Lectura BMP390
2025-06-17 20:55:21,136 [INFO] Lectura LTR390
2025-06-17 20:55:23,139 [WARNING] Lectura serial fallida o formato incorrecto
2025-06-17 20:55:27,772 [INFO] Lectura datos climáticos NASA
2025-06-17 20:55:27,775 [INFO] Datos JSON preparados para envío
2025-06-17 20:55:28,827 [INFO] Lectura BMP390
2025-06-17 20:55:29,007 [INFO] Lectura LTR390
2025-06-17 20:55:31,010 [WARNING] Lectura serial fallida o formato incorrecto
2025-06-17 20:55:34,589 [INFO] Lectura datos climáticos NASA
2025-06-17 20:55:34,592 [INFO] Datos JSON preparados para envío
2025-06-17 20:55:35,645 [INFO] Lectura BMP390
2025-06-17 20:55:35,826 [INFO] Lectura LTR390
2025-06-17 20:55:37,829 [WARNING] Lectura serial fallida o formato incorrecto
2025-06-17 20:55:41,399 [INFO] Lectura datos climáticos NASA
2025-06-17 20:55:41,403 [INFO] Datos JSON preparados para envío
2025-06-17 20:55:42,453 [INFO] Lectura BMP390
2025-06-17 20:55:42,630 [INFO] Lectura LTR390
2025-06-17 20:55:44,633 [WARNING] Lectura serial fallida o formato incorrecto
2025-06-17 20:55:48,335 [INFO] Lectura datos climáticos NASA
2025-06-17 20:55:48,337 [INFO] Datos JSON preparados para envío
2025-06-17 20:55:49,388 [INFO] Lectura BMP390
2025-06-17 20:55:49,568 [INFO] Lectura LTR390
2025-06-17 20:55:51,570 [WARNING] Lectura serial fallida o formato incorrecto
2025-06-17 20:55:55,379 [INFO] Lectura datos climáticos NASA
2025-06-17 20:55:55,382 [INFO] Datos JSON preparados para envío
2025-06-17 20:55:56,437 [INFO] Lectura BMP390
2025-06-17 20:55:56,617 [INFO] Lectura LTR390
2025-06-17 20:55:58,620 [WARNING] Lectura serial fallida o formato incorrecto
2025-06-17 20:56:01,944 [INFO] Lectura datos climáticos NASA
2025-06-17 20:56:01,946 [INFO] Datos JSON preparados para envío
2025-06-17 20:56:02,998 [INFO] Lectura BMP390
2025-06-17 20:56:03,178 [INFO] Lectura LTR390
2025-06-17 20:56:05,181 [WARNING] Lectura serial fallida o formato incorrecto
2025-06-17 20:56:09,113 [INFO] Lectura datos climáticos NASA
2025-06-17 20:56:09,114 [INFO] Datos JSON preparados para envío
2025-06-17 20:56:10,165 [INFO] Lectura BMP390
2025-06-17 20:56:10,344 [INFO] Lectura LTR390
2025-06-17 20:56:12,347 [WARNING] Lectura serial fallida o formato incorrecto
2025-06-17 20:56:15,765 [INFO] Lectura datos climáticos NASA
2025-06-17 20:56:15,768 [INFO] Datos JSON preparados para envío
2025-06-17 20:56:16,822 [INFO] Lectura BMP390
2025-06-17 20:56:17,003 [INFO] Lectura LTR390
2025-06-17 20:56:19,007 [WARNING] Lectura serial fallida o formato incorrecto
2025-06-17 20:56:23,056 [INFO] Lectura datos climáticos NASA
2025-06-17 20:56:23,057 [INFO] Datos JSON preparados para envío
2025-06-17 20:56:24,108 [INFO] Lectura BMP390
2025-06-17 20:56:24,286 [INFO] Lectura LTR390
2025-06-17 20:56:26,296 [WARNING] Lectura serial fallida o formato incorrecto
2025-06-17 20:56:29,839 [INFO] Lectura datos climáticos NASA
2025-06-17 20:56:29,842 [INFO] Datos JSON preparados para envío
2025-06-17 20:56:30,894 [INFO] Lectura BMP390
2025-06-17 20:56:31,072 [INFO] Lectura LTR390
2025-06-17 20:56:33,075 [WARNING] Lectura serial fallida o formato incorrecto
2025-06-17 20:56:37,354 [INFO] Lectura datos climáticos NASA
2025-06-17 20:56:37,357 [INFO] Datos JSON preparados para envío
2025-06-17 20:56:38,413 [INFO] Lectura BMP390
2025-06-17 20:56:38,589 [INFO] Lectura LTR390
2025-06-17 20:56:40,592 [WARNING] Lectura serial fallida o formato incorrecto
2025-06-17 20:56:44,939 [INFO] Lectura datos climáticos NASA
2025-06-17 20:56:44,941 [INFO] Datos JSON preparados para envío
2025-06-17 20:56:45,994 [INFO] Lectura BMP390
2025-06-17 20:56:46,175 [INFO] Lectura LTR390
2025-06-17 20:56:48,176 [WARNING] Lectura serial fallida o formato incorrecto
2025-06-17 20:56:51,889 [INFO] Lectura datos climáticos NASA
2025-06-17 20:56:51,890 [INFO] Datos JSON preparados para envío
2025-06-17 20:56:52,940 [INFO] Lectura BMP390
2025-06-17 20:56:53,118 [INFO] Lectura LTR390
2025-06-17 20:56:55,121 [WARNING] Lectura serial fallida o formato incorrecto
2025-06-17 20:56:59,055 [INFO] Lectura datos climáticos NASA
2025-06-17 20:56:59,057 [INFO] Datos JSON preparados para envío
2025-06-17 20:57:00,109 [INFO] Lectura BMP390
2025-06-17 20:57:00,292 [INFO] Lectura LTR390
2025-06-17 20:57:02,300 [WARNING] Lectura serial fallida o formato incorrecto
2025-06-17 20:57:06,837 [INFO] Lectura datos climáticos NASA
2025-06-17 20:57:06,839 [INFO] Datos JSON preparados para envío
2025-06-17 20:57:07,891 [INFO] Lectura BMP390
2025-06-17 20:57:08,070 [INFO] Lectura LTR390
2025-06-17 20:57:10,073 [WARNING] Lectura serial fallida o formato incorrecto
2025-06-17 20:57:13,446 [INFO] Lectura datos climáticos NASA
2025-06-17 20:57:13,448 [INFO] Datos JSON preparados para envío
2025-06-17 20:57:14,498 [INFO] Lectura BMP390
2025-06-17 20:57:14,676 [INFO] Lectura LTR390
2025-06-17 20:57:16,678 [WARNING] Lectura serial fallida o formato incorrecto
2025-06-17 20:57:20,859 [INFO] Lectura datos climáticos NASA
2025-06-17 20:57:20,864 [INFO] Datos JSON preparados para envío
2025-06-17 20:57:21,917 [INFO] Lectura BMP390
2025-06-17 20:57:22,097 [INFO] Lectura LTR390
2025-06-17 20:57:24,100 [WARNING] Lectura serial fallida o formato incorrecto
2025-06-17 20:57:27,826 [INFO] Lectura datos climáticos NASA
2025-06-17 20:57:27,829 [INFO] Datos JSON preparados para envío
2025-06-17 20:57:28,882 [INFO] Lectura BMP390
2025-06-17 20:57:29,065 [INFO] Lectura LTR390
2025-06-17 20:57:31,069 [WARNING] Lectura serial fallida o formato incorrecto
2025-06-17 20:57:35,094 [INFO] Lectura datos climáticos NASA
2025-06-17 20:57:35,097 [INFO] Datos JSON preparados para envío
2025-06-17 20:57:36,150 [INFO] Lectura BMP390
2025-06-17 20:57:36,329 [INFO] Lectura LTR390
2025-06-17 20:57:38,332 [WARNING] Lectura serial fallida o formato incorrecto
2025-06-17 20:57:41,941 [INFO] Lectura datos climáticos NASA
2025-06-17 20:57:41,944 [INFO] Datos JSON preparados para envío
2025-06-17 20:57:42,997 [INFO] Lectura BMP390
2025-06-17 20:57:43,180 [INFO] Lectura LTR390
2025-06-17 20:57:45,183 [WARNING] Lectura serial fallida o formato incorrecto
2025-06-17 20:57:48,891 [INFO] Lectura datos climáticos NASA
2025-06-17 20:57:48,895 [INFO] Datos JSON preparados para envío
2025-06-17 20:57:49,947 [INFO] Lectura BMP390
2025-06-17 20:57:50,124 [INFO] Lectura LTR390
2025-06-17 20:57:52,127 [WARNING] Lectura serial fallida o formato incorrecto
2025-06-17 20:57:56,319 [INFO] Lectura datos climáticos NASA
2025-06-17 20:57:56,321 [INFO] Datos JSON preparados para envío
2025-06-17 20:57:57,376 [INFO] Lectura BMP390
2025-06-17 20:57:57,556 [INFO] Lectura LTR390
2025-06-17 20:57:59,560 [WARNING] Lectura serial fallida o formato incorrecto
2025-06-17 20:58:03,078 [INFO] Lectura datos climáticos NASA
2025-06-17 20:58:03,080 [INFO] Datos JSON preparados para envío
2025-06-17 20:58:04,134 [INFO] Lectura BMP390
2025-06-17 20:58:04,318 [INFO] Lectura LTR390
2025-06-17 20:58:06,321 [WARNING] Lectura serial fallida o formato incorrecto
2025-06-17 20:58:09,947 [INFO] Lectura datos climáticos NASA
2025-06-17 20:58:09,950 [INFO] Datos JSON preparados para envío
2025-06-17 20:58:11,003 [INFO] Lectura BMP390
2025-06-17 20:58:11,183 [INFO] Lectura LTR390
2025-06-17 20:58:13,186 [WARNING] Lectura serial fallida o formato incorrecto
2025-06-17 20:58:17,269 [INFO] Lectura datos climáticos NASA
2025-06-17 20:58:17,271 [INFO] Datos JSON preparados para envío
2025-06-17 20:58:18,323 [INFO] Lectura BMP390
2025-06-17 20:58:18,503 [INFO] Lectura LTR390
2025-06-17 20:58:20,506 [WARNING] Lectura serial fallida o formato incorrecto
2025-06-17 20:58:24,275 [INFO] Lectura datos climáticos NASA
2025-06-17 20:58:24,277 [INFO] Datos JSON preparados para envío
2025-06-17 20:58:25,329 [INFO] Lectura BMP390
2025-06-17 20:58:25,509 [INFO] Lectura LTR390
2025-06-17 20:58:27,516 [WARNING] Lectura serial fallida o formato incorrecto
2025-06-17 20:58:31,109 [INFO] Lectura datos climáticos NASA
2025-06-17 20:58:31,111 [INFO] Datos JSON preparados para envío
2025-06-17 20:58:32,164 [INFO] Lectura BMP390
2025-06-17 20:58:32,344 [INFO] Lectura LTR390
2025-06-17 20:58:34,346 [WARNING] Lectura serial fallida o formato incorrecto
2025-06-17 20:58:37,817 [INFO] Lectura datos climáticos NASA
2025-06-17 20:58:37,820 [INFO] Datos JSON preparados para envío
2025-06-17 20:58:38,871 [INFO] Lectura BMP390
2025-06-17 20:58:39,047 [INFO] Lectura LTR390
2025-06-17 20:58:41,050 [WARNING] Lectura serial fallida o formato incorrecto
2025-06-17 20:58:44,805 [INFO] Lectura datos climáticos NASA
2025-06-17 20:58:44,808 [INFO] Datos JSON preparados para envío
2025-06-17 20:58:45,860 [INFO] Lectura BMP390
2025-06-17 20:58:46,041 [INFO] Lectura LTR390
2025-06-17 20:58:48,044 [WARNING] Lectura serial fallida o formato incorrecto
2025-06-17 20:58:51,589 [INFO] Lectura datos climáticos NASA
2025-06-17 20:58:51,590 [INFO] Datos JSON preparados para envío
2025-06-17 20:58:52,642 [INFO] Lectura BMP390
2025-06-17 20:58:52,821 [INFO] Lectura LTR390
2025-06-17 20:58:54,824 [WARNING] Lectura serial fallida o formato incorrecto
2025-06-17 20:58:58,423 [INFO] Lectura datos climáticos NASA
2025-06-17 20:58:58,426 [INFO] Datos JSON preparados para envío
2025-06-17 20:58:59,479 [INFO] Lectura BMP390
2025-06-17 20:58:59,660 [INFO] Lectura LTR390
2025-06-17 20:59:01,663 [WARNING] Lectura serial fallida o formato incorrecto
2025-06-17 20:59:05,138 [INFO] Lectura datos climáticos NASA
2025-06-17 20:59:05,141 [INFO] Datos JSON preparados para envío
2025-06-17 20:59:06,191 [INFO] Lectura BMP390
2025-06-17 20:59:06,371 [INFO] Lectura LTR390
2025-06-17 20:59:08,374 [WARNING] Lectura serial fallida o formato incorrecto
2025-06-17 20:59:11,782 [INFO] Lectura datos climáticos NASA
2025-06-17 20:59:11,786 [INFO] Datos JSON preparados para envío
2025-06-17 20:59:12,838 [INFO] Lectura BMP390
2025-06-17 20:59:13,018 [INFO] Lectura LTR390
2025-06-17 20:59:15,021 [WARNING] Lectura serial fallida o formato incorrecto
2025-06-17 20:59:18,638 [INFO] Lectura datos climáticos NASA
2025-06-17 20:59:18,641 [INFO] Datos JSON preparados para envío
2025-06-17 20:59:19,693 [INFO] Lectura BMP390
2025-06-17 20:59:19,873 [INFO] Lectura LTR390
2025-06-17 20:59:21,876 [WARNING] Lectura serial fallida o formato incorrecto
2025-06-17 20:59:25,298 [INFO] Lectura datos climáticos NASA
2025-06-17 20:59:25,301 [INFO] Datos JSON preparados para envío
2025-06-17 20:59:26,354 [INFO] Lectura BMP390
2025-06-17 20:59:26,536 [INFO] Lectura LTR390
2025-06-17 20:59:28,539 [WARNING] Lectura serial fallida o formato incorrecto
2025-06-17 20:59:32,101 [INFO] Lectura datos climáticos NASA
2025-06-17 20:59:32,103 [INFO] Datos JSON preparados para envío
2025-06-17 20:59:33,157 [INFO] Lectura BMP390
2025-06-17 20:59:33,337 [INFO] Lectura LTR390
2025-06-17 20:59:35,341 [WARNING] Lectura serial fallida o formato incorrecto
2025-06-17 20:59:38,597 [INFO] Lectura datos climáticos NASA
2025-06-17 20:59:38,600 [INFO] Datos JSON preparados para envío
2025-06-17 20:59:39,650 [INFO] Lectura BMP390
2025-06-17 20:59:39,826 [INFO] Lectura LTR390
2025-06-17 20:59:41,829 [WARNING] Lectura serial fallida o formato incorrecto
2025-06-17 20:59:45,250 [INFO] Lectura datos climáticos NASA
2025-06-17 20:59:45,255 [INFO] Datos JSON preparados para envío
2025-06-17 20:59:46,313 [INFO] Lectura BMP390
2025-06-17 20:59:46,494 [INFO] Lectura LTR390
2025-06-17 20:59:48,497 [WARNING] Lectura serial fallida o formato incorrecto
2025-06-17 20:59:52,229 [INFO] Lectura datos climáticos NASA
2025-06-17 20:59:52,231 [INFO] Datos JSON preparados para envío
2025-06-17 20:59:53,281 [INFO] Lectura BMP390
2025-06-17 20:59:53,462 [INFO] Lectura LTR390
2025-06-17 20:59:55,465 [WARNING] Lectura serial fallida o formato incorrecto
2025-06-17 20:59:59,164 [INFO] Lectura datos climáticos NASA
2025-06-17 20:59:59,168 [INFO] Datos JSON preparados para envío
2025-06-17 21:00:00,224 [INFO] Lectura BMP390
2025-06-17 21:00:00,404 [INFO] Lectura LTR390
2025-06-17 21:00:02,407 [WARNING] Lectura serial fallida o formato incorrecto
2025-06-17 21:00:06,837 [INFO] Lectura datos climáticos NASA
2025-06-17 21:00:06,840 [INFO] Datos JSON preparados para envío
2025-06-17 21:00:07,893 [INFO] Lectura BMP390
2025-06-17 21:00:08,072 [INFO] Lectura LTR390
2025-06-17 21:00:10,075 [WARNING] Lectura serial fallida o formato incorrecto
2025-06-17 21:00:20,055 [INFO] Lectura datos climáticos NASA
2025-06-17 21:00:20,058 [INFO] Datos JSON preparados para envío
2025-06-17 21:00:21,110 [INFO] Lectura BMP390
2025-06-17 21:00:21,293 [INFO] Lectura LTR390
2025-06-17 21:00:23,296 [WARNING] Lectura serial fallida o formato incorrecto
2025-06-17 21:00:26,488 [INFO] Lectura datos climáticos NASA
2025-06-17 21:00:26,491 [INFO] Datos JSON preparados para envío
2025-06-17 21:00:27,545 [INFO] Lectura BMP390
2025-06-17 21:00:27,731 [INFO] Lectura LTR390
2025-06-17 21:00:29,734 [WARNING] Lectura serial fallida o formato incorrecto
2025-06-17 21:00:33,976 [INFO] Lectura datos climáticos NASA
2025-06-17 21:00:33,978 [INFO] Datos JSON preparados para envío
2025-06-17 21:00:35,031 [INFO] Lectura BMP390
2025-06-17 21:00:35,213 [INFO] Lectura LTR390
2025-06-17 21:00:37,216 [WARNING] Lectura serial fallida o formato incorrecto
2025-06-17 21:00:40,634 [INFO] Lectura datos climáticos NASA
2025-06-17 21:00:40,635 [INFO] Datos JSON preparados para envío
2025-06-17 21:00:41,686 [INFO] Lectura BMP390
2025-06-17 21:00:41,863 [INFO] Lectura LTR390
2025-06-17 21:00:43,866 [WARNING] Lectura serial fallida o formato incorrecto
2025-06-17 21:00:47,259 [INFO] Lectura datos climáticos NASA
2025-06-17 21:00:47,263 [INFO] Datos JSON preparados para envío
2025-06-17 21:00:48,316 [INFO] Lectura BMP390
2025-06-17 21:00:48,496 [INFO] Lectura LTR390
2025-06-17 21:00:50,499 [WARNING] Lectura serial fallida o formato incorrecto
2025-06-17 21:00:55,019 [INFO] Lectura datos climáticos NASA
2025-06-17 21:00:55,020 [INFO] Datos JSON preparados para envío
2025-06-17 21:00:56,071 [INFO] Lectura BMP390
2025-06-17 21:00:56,249 [INFO] Lectura LTR390
2025-06-17 21:00:58,252 [WARNING] Lectura serial fallida o formato incorrecto
2025-06-17 21:01:02,462 [INFO] Lectura datos climáticos NASA
2025-06-17 21:01:02,465 [INFO] Datos JSON preparados para envío
2025-06-17 21:01:03,520 [INFO] Lectura BMP390
2025-06-17 21:01:03,700 [INFO] Lectura LTR390
2025-06-17 21:01:05,710 [WARNING] Lectura serial fallida o formato incorrecto
2025-06-17 21:01:09,698 [INFO] Lectura datos climáticos NASA
2025-06-17 21:01:09,701 [INFO] Datos JSON preparados para envío
2025-06-17 21:01:10,754 [INFO] Lectura BMP390
2025-06-17 21:01:10,938 [INFO] Lectura LTR390
2025-06-17 21:01:12,941 [WARNING] Lectura serial fallida o formato incorrecto
2025-06-17 21:01:16,704 [INFO] Lectura datos climáticos NASA
2025-06-17 21:01:16,706 [INFO] Datos JSON preparados para envío
2025-06-17 21:01:17,758 [INFO] Lectura BMP390
2025-06-17 21:01:17,936 [INFO] Lectura LTR390
2025-06-17 21:01:19,939 [WARNING] Lectura serial fallida o formato incorrecto
2025-06-17 21:01:23,589 [INFO] Lectura datos climáticos NASA
2025-06-17 21:01:23,592 [INFO] Datos JSON preparados para envío
2025-06-17 21:01:24,645 [INFO] Lectura BMP390
2025-06-17 21:01:24,825 [INFO] Lectura LTR390
2025-06-17 21:01:26,827 [WARNING] Lectura serial fallida o formato incorrecto
2025-06-17 21:01:30,981 [INFO] Lectura datos climáticos NASA
2025-06-17 21:01:30,984 [INFO] Datos JSON preparados para envío
2025-06-17 21:01:32,036 [INFO] Lectura BMP390
2025-06-17 21:01:32,222 [INFO] Lectura LTR390
2025-06-17 21:01:34,225 [WARNING] Lectura serial fallida o formato incorrecto
2025-06-17 21:01:37,609 [INFO] Lectura datos climáticos NASA
2025-06-17 21:01:37,612 [INFO] Datos JSON preparados para envío
2025-06-17 21:01:38,665 [INFO] Lectura BMP390
2025-06-17 21:01:38,845 [INFO] Lectura LTR390
2025-06-17 21:01:40,848 [WARNING] Lectura serial fallida o formato incorrecto
2025-06-17 21:01:44,545 [INFO] Lectura datos climáticos NASA
2025-06-17 21:01:44,548 [INFO] Datos JSON preparados para envío
2025-06-17 21:01:45,601 [INFO] Lectura BMP390
2025-06-17 21:01:45,781 [INFO] Lectura LTR390
2025-06-17 21:01:47,784 [WARNING] Lectura serial fallida o formato incorrecto
2025-06-17 21:01:51,639 [INFO] Lectura datos climáticos NASA
2025-06-17 21:01:51,642 [INFO] Datos JSON preparados para envío
2025-06-17 21:01:52,695 [INFO] Lectura BMP390
2025-06-17 21:01:52,879 [INFO] Lectura LTR390
2025-06-17 21:01:54,882 [WARNING] Lectura serial fallida o formato incorrecto
2025-06-17 21:01:59,621 [INFO] Lectura datos climáticos NASA
2025-06-17 21:01:59,628 [INFO] Datos JSON preparados para envío
2025-06-17 21:02:00,682 [INFO] Lectura BMP390
2025-06-17 21:02:00,865 [INFO] Lectura LTR390
2025-06-17 21:02:02,868 [WARNING] Lectura serial fallida o formato incorrecto
2025-06-17 21:02:06,223 [INFO] Lectura datos climáticos NASA
2025-06-17 21:02:06,226 [INFO] Datos JSON preparados para envío
2025-06-17 21:02:07,279 [INFO] Lectura BMP390
2025-06-17 21:02:07,459 [INFO] Lectura LTR390
2025-06-17 21:02:09,463 [WARNING] Lectura serial fallida o formato incorrecto
2025-06-17 21:02:13,454 [INFO] Lectura datos climáticos NASA
2025-06-17 21:02:13,457 [INFO] Datos JSON preparados para envío
2025-06-17 21:02:14,509 [INFO] Lectura BMP390
2025-06-17 21:02:14,690 [INFO] Lectura LTR390
2025-06-17 21:02:16,694 [WARNING] Lectura serial fallida o formato incorrecto
2025-06-17 21:02:20,603 [INFO] Lectura datos climáticos NASA
2025-06-17 21:02:20,607 [INFO] Datos JSON preparados para envío
2025-06-17 21:02:21,660 [INFO] Lectura BMP390
2025-06-17 21:02:21,840 [INFO] Lectura LTR390
2025-06-17 21:02:23,843 [WARNING] Lectura serial fallida o formato incorrecto
2025-06-17 21:02:27,529 [INFO] Lectura datos climáticos NASA
2025-06-17 21:02:27,532 [INFO] Datos JSON preparados para envío
2025-06-17 21:02:28,585 [INFO] Lectura BMP390
2025-06-17 21:02:28,765 [INFO] Lectura LTR390
2025-06-17 21:02:30,769 [WARNING] Lectura serial fallida o formato incorrecto
2025-06-17 21:02:34,725 [INFO] Lectura datos climáticos NASA
2025-06-17 21:02:34,728 [INFO] Datos JSON preparados para envío
2025-06-17 21:02:35,785 [INFO] Lectura BMP390
2025-06-17 21:02:35,969 [INFO] Lectura LTR390
2025-06-17 21:02:37,972 [WARNING] Lectura serial fallida o formato incorrecto
2025-06-17 21:02:42,074 [INFO] Lectura datos climáticos NASA
2025-06-17 21:02:42,077 [INFO] Datos JSON preparados para envío
2025-06-17 21:02:43,127 [INFO] Lectura BMP390
2025-06-17 21:02:43,307 [INFO] Lectura LTR390
2025-06-17 21:02:45,310 [WARNING] Lectura serial fallida o formato incorrecto
2025-06-17 21:02:48,688 [INFO] Lectura datos climáticos NASA
2025-06-17 21:02:48,691 [INFO] Datos JSON preparados para envío
2025-06-17 21:02:49,744 [INFO] Lectura BMP390
2025-06-17 21:02:49,935 [INFO] Lectura LTR390
2025-06-17 21:02:51,939 [WARNING] Lectura serial fallida o formato incorrecto
2025-06-17 21:02:56,917 [INFO] Lectura datos climáticos NASA
2025-06-17 21:02:56,922 [INFO] Datos JSON preparados para envío
2025-06-17 21:02:57,976 [INFO] Lectura BMP390
2025-06-17 21:02:58,157 [INFO] Lectura LTR390
2025-06-17 21:03:00,160 [WARNING] Lectura serial fallida o formato incorrecto
2025-06-17 21:03:04,393 [INFO] Lectura datos climáticos NASA
2025-06-17 21:03:04,396 [INFO] Datos JSON preparados para envío
2025-06-17 21:03:05,449 [INFO] Lectura BMP390
2025-06-17 21:03:05,633 [INFO] Lectura LTR390
2025-06-17 21:03:07,636 [WARNING] Lectura serial fallida o formato incorrecto
2025-06-17 21:03:11,194 [INFO] Lectura datos climáticos NASA
2025-06-17 21:03:11,197 [INFO] Datos JSON preparados para envío
2025-06-17 21:03:12,250 [INFO] Lectura BMP390
2025-06-17 21:03:12,430 [INFO] Lectura LTR390
2025-06-17 21:03:14,433 [WARNING] Lectura serial fallida o formato incorrecto
2025-06-17 21:03:18,076 [INFO] Lectura datos climáticos NASA
2025-06-17 21:03:18,079 [INFO] Datos JSON preparados para envío
2025-06-17 21:03:19,130 [INFO] Lectura BMP390
2025-06-17 21:03:19,307 [INFO] Lectura LTR390
2025-06-17 21:03:21,310 [WARNING] Lectura serial fallida o formato incorrecto
2025-06-17 21:03:24,920 [INFO] Lectura datos climáticos NASA
2025-06-17 21:03:24,923 [INFO] Datos JSON preparados para envío
2025-06-17 21:03:25,978 [INFO] Lectura BMP390
2025-06-17 21:03:26,161 [INFO] Lectura LTR390
2025-06-17 21:03:28,165 [WARNING] Lectura serial fallida o formato incorrecto
2025-06-17 21:03:31,668 [INFO] Lectura datos climáticos NASA
2025-06-17 21:03:31,669 [INFO] Datos JSON preparados para envío
2025-06-17 21:03:32,723 [INFO] Lectura BMP390
2025-06-17 21:03:32,903 [INFO] Lectura LTR390
2025-06-17 21:03:34,906 [WARNING] Lectura serial fallida o formato incorrecto
2025-06-17 21:03:38,116 [INFO] Lectura datos climáticos NASA
2025-06-17 21:03:38,119 [INFO] Datos JSON preparados para envío
2025-06-17 21:03:39,171 [INFO] Lectura BMP390
2025-06-17 21:03:39,352 [INFO] Lectura LTR390
2025-06-17 21:03:41,355 [WARNING] Lectura serial fallida o formato incorrecto
2025-06-17 21:03:45,219 [INFO] Lectura datos climáticos NASA
2025-06-17 21:03:45,222 [INFO] Datos JSON preparados para envío
2025-06-17 21:03:46,274 [INFO] Lectura BMP390
2025-06-17 21:03:46,458 [INFO] Lectura LTR390
2025-06-17 21:03:48,461 [WARNING] Lectura serial fallida o formato incorrecto
2025-06-17 21:03:52,274 [INFO] Lectura datos climáticos NASA
2025-06-17 21:03:52,277 [INFO] Datos JSON preparados para envío
2025-06-17 21:03:53,329 [INFO] Lectura BMP390
2025-06-17 21:03:53,510 [INFO] Lectura LTR390
2025-06-17 21:03:55,513 [WARNING] Lectura serial fallida o formato incorrecto
2025-06-17 21:04:00,259 [INFO] Lectura datos climáticos NASA
2025-06-17 21:04:00,262 [INFO] Datos JSON preparados para envío
2025-06-17 21:04:01,313 [INFO] Lectura BMP390
2025-06-17 21:04:01,493 [INFO] Lectura LTR390
2025-06-17 21:04:03,494 [WARNING] Lectura serial fallida o formato incorrecto
2025-06-17 21:04:07,770 [INFO] Lectura datos climáticos NASA
2025-06-17 21:04:07,772 [INFO] Datos JSON preparados para envío
2025-06-17 21:04:08,823 [INFO] Lectura BMP390
2025-06-17 21:04:09,005 [INFO] Lectura LTR390
2025-06-17 21:04:11,008 [WARNING] Lectura serial fallida o formato incorrecto
2025-06-17 21:04:16,019 [INFO] Lectura datos climáticos NASA
2025-06-17 21:04:16,022 [INFO] Datos JSON preparados para envío
2025-06-17 21:04:17,079 [INFO] Lectura BMP390
2025-06-17 21:04:17,259 [INFO] Lectura LTR390
2025-06-17 21:04:19,262 [WARNING] Lectura serial fallida o formato incorrecto
2025-06-17 21:04:22,451 [INFO] Lectura datos climáticos NASA
2025-06-17 21:04:22,454 [INFO] Datos JSON preparados para envío
2025-06-17 21:04:23,508 [INFO] Lectura BMP390
2025-06-17 21:04:23,688 [INFO] Lectura LTR390
2025-06-17 21:04:25,691 [WARNING] Lectura serial fallida o formato incorrecto
2025-06-17 21:04:28,984 [INFO] Lectura datos climáticos NASA
2025-06-17 21:04:28,987 [INFO] Datos JSON preparados para envío
2025-06-17 21:04:30,039 [INFO] Lectura BMP390
2025-06-17 21:04:30,225 [INFO] Lectura LTR390
2025-06-17 21:04:32,228 [WARNING] Lectura serial fallida o formato incorrecto
2025-06-17 21:04:36,180 [INFO] Lectura datos climáticos NASA
2025-06-17 21:04:36,183 [INFO] Datos JSON preparados para envío
2025-06-17 21:04:37,236 [INFO] Lectura BMP390
2025-06-17 21:04:37,421 [INFO] Lectura LTR390
2025-06-17 21:04:39,424 [WARNING] Lectura serial fallida o formato incorrecto
2025-06-17 21:04:42,607 [INFO] Lectura datos climáticos NASA
2025-06-17 21:04:42,613 [INFO] Datos JSON preparados para envío
2025-06-17 21:04:43,662 [INFO] Lectura BMP390
2025-06-17 21:04:43,839 [INFO] Lectura LTR390
2025-06-17 21:04:45,842 [WARNING] Lectura serial fallida o formato incorrecto
2025-06-17 21:04:50,474 [INFO] Lectura datos climáticos NASA
2025-06-17 21:04:50,478 [INFO] Datos JSON preparados para envío
2025-06-17 21:04:51,529 [INFO] Lectura BMP390
2025-06-17 21:04:51,711 [INFO] Lectura LTR390
2025-06-17 21:04:53,714 [WARNING] Lectura serial fallida o formato incorrecto
2025-06-17 21:04:57,720 [INFO] Lectura datos climáticos NASA
2025-06-17 21:04:57,723 [INFO] Datos JSON preparados para envío
2025-06-17 21:04:58,775 [INFO] Lectura BMP390
2025-06-17 21:04:58,955 [INFO] Lectura LTR390
2025-06-17 21:05:00,958 [WARNING] Lectura serial fallida o formato incorrecto
2025-06-17 21:05:05,824 [INFO] Lectura datos climáticos NASA
2025-06-17 21:05:05,827 [INFO] Datos JSON preparados para envío
2025-06-17 21:05:06,880 [INFO] Lectura BMP390
2025-06-17 21:05:07,061 [INFO] Lectura LTR390
2025-06-17 21:05:09,064 [WARNING] Lectura serial fallida o formato incorrecto
2025-06-17 21:05:12,389 [INFO] Lectura datos climáticos NASA
2025-06-17 21:05:12,391 [INFO] Datos JSON preparados para envío
2025-06-17 21:05:13,443 [INFO] Lectura BMP390
2025-06-17 21:05:13,625 [INFO] Lectura LTR390
2025-06-17 21:05:15,628 [WARNING] Lectura serial fallida o formato incorrecto
2025-06-17 21:05:19,326 [INFO] Lectura datos climáticos NASA
2025-06-17 21:05:19,329 [INFO] Datos JSON preparados para envío
2025-06-17 21:05:20,378 [INFO] Lectura BMP390
2025-06-17 21:05:20,555 [INFO] Lectura LTR390
2025-06-17 21:05:22,556 [WARNING] Lectura serial fallida o formato incorrecto
2025-06-17 21:05:26,021 [INFO] Lectura datos climáticos NASA
2025-06-17 21:05:26,024 [INFO] Datos JSON preparados para envío
2025-06-17 21:05:27,077 [INFO] Lectura BMP390
2025-06-17 21:05:27,258 [INFO] Lectura LTR390
2025-06-17 21:05:29,261 [WARNING] Lectura serial fallida o formato incorrecto
2025-06-17 21:05:32,845 [INFO] Lectura datos climáticos NASA
2025-06-17 21:05:32,847 [INFO] Datos JSON preparados para envío
2025-06-17 21:05:33,897 [INFO] Lectura BMP390
2025-06-17 21:05:34,078 [INFO] Lectura LTR390
2025-06-17 21:05:36,082 [WARNING] Lectura serial fallida o formato incorrecto
2025-06-17 21:05:39,737 [INFO] Lectura datos climáticos NASA
2025-06-17 21:05:39,740 [INFO] Datos JSON preparados para envío
2025-06-17 21:05:40,793 [INFO] Lectura BMP390
2025-06-17 21:05:40,974 [INFO] Lectura LTR390
2025-06-17 21:05:42,977 [WARNING] Lectura serial fallida o formato incorrecto
2025-06-17 21:05:47,005 [INFO] Lectura datos climáticos NASA
2025-06-17 21:05:47,008 [INFO] Datos JSON preparados para envío
2025-06-17 21:05:48,061 [INFO] Lectura BMP390
2025-06-17 21:05:48,242 [INFO] Lectura LTR390
2025-06-17 21:05:50,245 [WARNING] Lectura serial fallida o formato incorrecto
2025-06-17 21:05:53,951 [INFO] Lectura datos climáticos NASA
2025-06-17 21:05:53,953 [INFO] Datos JSON preparados para envío
2025-06-17 21:05:55,006 [INFO] Lectura BMP390
2025-06-17 21:05:55,186 [INFO] Lectura LTR390
2025-06-17 21:05:57,189 [WARNING] Lectura serial fallida o formato incorrecto
2025-06-17 21:06:01,039 [INFO] Lectura datos climáticos NASA
2025-06-17 21:06:01,042 [INFO] Datos JSON preparados para envío
2025-06-17 21:06:02,095 [INFO] Lectura BMP390
2025-06-17 21:06:02,275 [INFO] Lectura LTR390
2025-06-17 21:06:04,279 [WARNING] Lectura serial fallida o formato incorrecto
2025-06-17 21:06:08,646 [INFO] Lectura datos climáticos NASA
2025-06-17 21:06:08,647 [INFO] Datos JSON preparados para envío
2025-06-17 21:06:09,703 [INFO] Lectura BMP390
2025-06-17 21:06:09,879 [INFO] Lectura LTR390
2025-06-17 21:06:11,881 [WARNING] Lectura serial fallida o formato incorrecto
2025-06-17 21:06:15,850 [INFO] Lectura datos climáticos NASA
2025-06-17 21:06:15,853 [INFO] Datos JSON preparados para envío
2025-06-17 21:06:16,907 [INFO] Lectura BMP390
2025-06-17 21:06:17,088 [INFO] Lectura LTR390
2025-06-17 21:06:19,091 [WARNING] Lectura serial fallida o formato incorrecto
2025-06-17 21:06:23,224 [INFO] Lectura datos climáticos NASA
2025-06-17 21:06:23,228 [INFO] Datos JSON preparados para envío
2025-06-17 21:06:24,286 [INFO] Lectura BMP390
2025-06-17 21:06:24,467 [INFO] Lectura LTR390
2025-06-17 21:06:26,469 [WARNING] Lectura serial fallida o formato incorrecto
2025-06-17 21:06:29,972 [INFO] Lectura datos climáticos NASA
2025-06-17 21:06:29,978 [INFO] Datos JSON preparados para envío
2025-06-17 21:06:31,034 [INFO] Lectura BMP390
2025-06-17 21:06:31,214 [INFO] Lectura LTR390
2025-06-17 21:06:33,216 [WARNING] Lectura serial fallida o formato incorrecto
2025-06-17 21:06:36,851 [INFO] Lectura datos climáticos NASA
2025-06-17 21:06:36,856 [INFO] Datos JSON preparados para envío
2025-06-17 21:06:37,908 [INFO] Lectura BMP390
2025-06-17 21:06:38,088 [INFO] Lectura LTR390
2025-06-17 21:06:40,090 [WARNING] Lectura serial fallida o formato incorrecto
2025-06-17 21:06:43,860 [INFO] Lectura datos climáticos NASA
2025-06-17 21:06:43,862 [INFO] Datos JSON preparados para envío
2025-06-17 21:06:44,916 [INFO] Lectura BMP390
2025-06-17 21:06:45,096 [INFO] Lectura LTR390
2025-06-17 21:06:47,098 [WARNING] Lectura serial fallida o formato incorrecto
2025-06-17 21:06:50,337 [INFO] Lectura datos climáticos NASA
2025-06-17 21:06:50,340 [INFO] Datos JSON preparados para envío
2025-06-17 21:06:51,391 [INFO] Lectura BMP390
2025-06-17 21:06:51,575 [INFO] Lectura LTR390
2025-06-17 21:06:53,578 [WARNING] Lectura serial fallida o formato incorrecto
2025-06-17 21:06:57,188 [INFO] Lectura datos climáticos NASA
2025-06-17 21:06:57,190 [INFO] Datos JSON preparados para envío
2025-06-17 21:06:58,240 [INFO] Lectura BMP390
2025-06-17 21:06:58,416 [INFO] Lectura LTR390
2025-06-17 21:07:00,419 [WARNING] Lectura serial fallida o formato incorrecto
2025-06-17 21:07:04,281 [INFO] Lectura datos climáticos NASA
2025-06-17 21:07:04,283 [INFO] Datos JSON preparados para envío
2025-06-17 21:07:05,335 [INFO] Lectura BMP390
2025-06-17 21:07:05,515 [INFO] Lectura LTR390
2025-06-17 21:07:07,518 [WARNING] Lectura serial fallida o formato incorrecto
2025-06-17 21:07:12,062 [INFO] Lectura datos climáticos NASA
2025-06-17 21:07:12,063 [INFO] Datos JSON preparados para envío
2025-06-17 21:07:13,113 [INFO] Lectura BMP390
2025-06-17 21:07:13,295 [INFO] Lectura LTR390
2025-06-17 21:07:15,298 [WARNING] Lectura serial fallida o formato incorrecto
2025-06-17 21:07:18,754 [INFO] Lectura datos climáticos NASA
2025-06-17 21:07:18,757 [INFO] Datos JSON preparados para envío
2025-06-17 21:07:19,810 [INFO] Lectura BMP390
2025-06-17 21:07:19,990 [INFO] Lectura LTR390
2025-06-17 21:07:21,993 [WARNING] Lectura serial fallida o formato incorrecto
2025-06-17 21:07:25,438 [INFO] Lectura datos climáticos NASA
2025-06-17 21:07:25,441 [INFO] Datos JSON preparados para envío
2025-06-17 21:07:26,494 [INFO] Lectura BMP390
2025-06-17 21:07:26,677 [INFO] Lectura LTR390
2025-06-17 21:07:28,680 [WARNING] Lectura serial fallida o formato incorrecto
2025-06-17 21:07:32,321 [INFO] Lectura datos climáticos NASA
2025-06-17 21:07:32,324 [INFO] Datos JSON preparados para envío
2025-06-17 21:07:33,380 [INFO] Lectura BMP390
2025-06-17 21:07:33,560 [INFO] Lectura LTR390
2025-06-17 21:07:35,563 [WARNING] Lectura serial fallida o formato incorrecto
2025-06-17 21:07:38,742 [INFO] Lectura datos climáticos NASA
2025-06-17 21:07:38,746 [INFO] Datos JSON preparados para envío
2025-06-17 21:07:39,799 [INFO] Lectura BMP390
2025-06-17 21:07:39,979 [INFO] Lectura LTR390
2025-06-17 21:07:41,982 [WARNING] Lectura serial fallida o formato incorrecto
2025-06-17 21:07:45,810 [INFO] Lectura datos climáticos NASA
2025-06-17 21:07:45,812 [INFO] Datos JSON preparados para envío
2025-06-17 21:07:46,861 [INFO] Lectura BMP390
2025-06-17 21:07:47,038 [INFO] Lectura LTR390
2025-06-17 21:07:49,041 [WARNING] Lectura serial fallida o formato incorrecto
2025-06-17 21:07:52,461 [INFO] Lectura datos climáticos NASA
2025-06-17 21:07:52,463 [INFO] Datos JSON preparados para envío
2025-06-17 21:07:53,516 [INFO] Lectura BMP390
2025-06-17 21:07:53,696 [INFO] Lectura LTR390
2025-06-17 21:07:55,699 [WARNING] Lectura serial fallida o formato incorrecto
2025-06-17 21:07:59,241 [INFO] Lectura datos climáticos NASA
2025-06-17 21:07:59,243 [INFO] Datos JSON preparados para envío
2025-06-17 21:08:00,295 [INFO] Lectura BMP390
2025-06-17 21:08:00,477 [INFO] Lectura LTR390
2025-06-17 21:08:02,481 [WARNING] Lectura serial fallida o formato incorrecto
2025-06-17 21:08:06,119 [INFO] Lectura datos climáticos NASA
2025-06-17 21:08:06,122 [INFO] Datos JSON preparados para envío
2025-06-17 21:08:07,174 [INFO] Lectura BMP390
2025-06-17 21:08:07,356 [INFO] Lectura LTR390
2025-06-17 21:08:09,358 [WARNING] Lectura serial fallida o formato incorrecto
2025-06-17 21:08:12,588 [INFO] Lectura datos climáticos NASA
2025-06-17 21:08:12,591 [INFO] Datos JSON preparados para envío
2025-06-17 21:08:13,647 [INFO] Lectura BMP390
2025-06-17 21:08:13,827 [INFO] Lectura LTR390
2025-06-17 21:08:15,830 [WARNING] Lectura serial fallida o formato incorrecto
2025-06-17 21:08:19,576 [INFO] Lectura datos climáticos NASA
2025-06-17 21:08:19,580 [INFO] Datos JSON preparados para envío
2025-06-17 21:08:20,632 [INFO] Lectura BMP390
2025-06-17 21:08:20,813 [INFO] Lectura LTR390
2025-06-17 21:08:22,816 [WARNING] Lectura serial fallida o formato incorrecto
2025-06-17 21:08:26,323 [INFO] Lectura datos climáticos NASA
2025-06-17 21:08:26,326 [INFO] Datos JSON preparados para envío
2025-06-17 21:08:27,378 [INFO] Lectura BMP390
2025-06-17 21:08:27,558 [INFO] Lectura LTR390
2025-06-17 21:08:29,561 [WARNING] Lectura serial fallida o formato incorrecto
2025-06-17 21:08:32,726 [INFO] Lectura datos climáticos NASA
2025-06-17 21:08:32,729 [INFO] Datos JSON preparados para envío
2025-06-17 21:08:33,782 [INFO] Lectura BMP390
2025-06-17 21:08:33,962 [INFO] Lectura LTR390
2025-06-17 21:08:35,965 [WARNING] Lectura serial fallida o formato incorrecto
2025-06-17 21:08:39,241 [INFO] Lectura datos climáticos NASA
2025-06-17 21:08:39,244 [INFO] Datos JSON preparados para envío
2025-06-17 21:08:40,296 [INFO] Lectura BMP390
2025-06-17 21:08:40,481 [INFO] Lectura LTR390
2025-06-17 21:08:42,484 [WARNING] Lectura serial fallida o formato incorrecto
2025-06-17 21:08:46,686 [INFO] Lectura datos climáticos NASA
2025-06-17 21:08:46,688 [INFO] Datos JSON preparados para envío
2025-06-17 21:08:47,738 [INFO] Lectura BMP390
2025-06-17 21:08:47,917 [INFO] Lectura LTR390
2025-06-17 21:08:49,920 [WARNING] Lectura serial fallida o formato incorrecto
2025-06-17 21:08:53,769 [INFO] Lectura datos climáticos NASA
2025-06-17 21:08:53,772 [INFO] Datos JSON preparados para envío
2025-06-17 21:08:54,825 [INFO] Lectura BMP390
2025-06-17 21:08:55,005 [INFO] Lectura LTR390
2025-06-17 21:08:57,008 [WARNING] Lectura serial fallida o formato incorrecto
2025-06-17 21:09:01,320 [INFO] Lectura datos climáticos NASA
2025-06-17 21:09:01,323 [INFO] Datos JSON preparados para envío
2025-06-17 21:09:02,376 [INFO] Lectura BMP390
2025-06-17 21:09:02,559 [INFO] Lectura LTR390
2025-06-17 21:09:04,562 [WARNING] Lectura serial fallida o formato incorrecto
2025-06-17 21:09:08,350 [INFO] Lectura datos climáticos NASA
2025-06-17 21:09:08,353 [INFO] Datos JSON preparados para envío
2025-06-17 21:09:09,405 [INFO] Lectura BMP390
2025-06-17 21:09:09,592 [INFO] Lectura LTR390
2025-06-17 21:09:11,595 [WARNING] Lectura serial fallida o formato incorrecto
2025-06-17 21:09:15,033 [INFO] Lectura datos climáticos NASA
2025-06-17 21:09:15,035 [INFO] Datos JSON preparados para envío
2025-06-17 21:09:16,089 [INFO] Lectura BMP390
2025-06-17 21:09:16,269 [INFO] Lectura LTR390
2025-06-17 21:09:18,271 [WARNING] Lectura serial fallida o formato incorrecto
2025-06-17 21:09:22,196 [INFO] Lectura datos climáticos NASA
2025-06-17 21:09:22,198 [INFO] Datos JSON preparados para envío
2025-06-17 21:09:23,250 [INFO] Lectura BMP390
2025-06-17 21:09:23,427 [INFO] Lectura LTR390
2025-06-17 21:09:25,430 [WARNING] Lectura serial fallida o formato incorrecto
2025-06-17 21:09:29,916 [INFO] Lectura datos climáticos NASA
2025-06-17 21:09:29,919 [INFO] Datos JSON preparados para envío
2025-06-17 21:09:30,976 [INFO] Lectura BMP390
2025-06-17 21:09:31,155 [INFO] Lectura LTR390
2025-06-17 21:09:33,158 [WARNING] Lectura serial fallida o formato incorrecto
2025-06-17 21:09:36,543 [INFO] Lectura datos climáticos NASA
2025-06-17 21:09:36,544 [INFO] Datos JSON preparados para envío
2025-06-17 21:09:37,595 [INFO] Lectura BMP390
2025-06-17 21:09:37,773 [INFO] Lectura LTR390
2025-06-17 21:09:39,776 [WARNING] Lectura serial fallida o formato incorrecto
2025-06-17 21:09:44,340 [INFO] Lectura datos climáticos NASA
2025-06-17 21:09:44,343 [INFO] Datos JSON preparados para envío
2025-06-17 21:09:45,399 [INFO] Lectura BMP390
2025-06-17 21:09:45,582 [INFO] Lectura LTR390
2025-06-17 21:09:47,585 [WARNING] Lectura serial fallida o formato incorrecto
2025-06-17 21:09:51,283 [INFO] Lectura datos climáticos NASA
2025-06-17 21:09:51,288 [INFO] Datos JSON preparados para envío
2025-06-17 21:09:52,343 [INFO] Lectura BMP390
2025-06-17 21:09:52,527 [INFO] Lectura LTR390
2025-06-17 21:09:54,530 [WARNING] Lectura serial fallida o formato incorrecto
2025-06-17 21:09:57,997 [INFO] Lectura datos climáticos NASA
2025-06-17 21:09:58,000 [INFO] Datos JSON preparados para envío
2025-06-17 21:09:59,052 [INFO] Lectura BMP390
2025-06-17 21:09:59,233 [INFO] Lectura LTR390
2025-06-17 21:10:01,236 [WARNING] Lectura serial fallida o formato incorrecto
2025-06-17 21:10:05,175 [INFO] Lectura datos climáticos NASA
2025-06-17 21:10:05,178 [INFO] Datos JSON preparados para envío
2025-06-17 21:10:06,231 [INFO] Lectura BMP390
2025-06-17 21:10:06,411 [INFO] Lectura LTR390
2025-06-17 21:10:08,414 [WARNING] Lectura serial fallida o formato incorrecto
2025-06-17 21:10:13,264 [INFO] Lectura datos climáticos NASA
2025-06-17 21:10:13,266 [INFO] Datos JSON preparados para envío
2025-06-17 21:10:14,319 [INFO] Lectura BMP390
2025-06-17 21:10:14,498 [INFO] Lectura LTR390
2025-06-17 21:10:16,502 [WARNING] Lectura serial fallida o formato incorrecto
2025-06-17 21:10:19,820 [INFO] Lectura datos climáticos NASA
2025-06-17 21:10:19,823 [INFO] Datos JSON preparados para envío
2025-06-17 21:10:20,876 [INFO] Lectura BMP390
2025-06-17 21:10:21,063 [INFO] Lectura LTR390
2025-06-17 21:10:23,066 [WARNING] Lectura serial fallida o formato incorrecto
2025-06-17 21:10:27,407 [INFO] Lectura datos climáticos NASA
2025-06-17 21:10:27,410 [INFO] Datos JSON preparados para envío
2025-06-17 21:10:28,464 [INFO] Lectura BMP390
2025-06-17 21:10:28,646 [INFO] Lectura LTR390
2025-06-17 21:10:30,649 [WARNING] Lectura serial fallida o formato incorrecto
2025-06-17 21:10:34,959 [INFO] Lectura datos climáticos NASA
2025-06-17 21:10:34,962 [INFO] Datos JSON preparados para envío
2025-06-17 21:10:36,013 [INFO] Lectura BMP390
2025-06-17 21:10:36,191 [INFO] Lectura LTR390
2025-06-17 21:10:38,195 [WARNING] Lectura serial fallida o formato incorrecto
2025-06-17 21:10:41,406 [INFO] Lectura datos climáticos NASA
2025-06-17 21:10:41,409 [INFO] Datos JSON preparados para envío
2025-06-17 21:10:42,461 [INFO] Lectura BMP390
2025-06-17 21:10:42,643 [INFO] Lectura LTR390
2025-06-17 21:10:44,646 [WARNING] Lectura serial fallida o formato incorrecto
2025-06-17 21:10:49,907 [INFO] Lectura datos climáticos NASA
2025-06-17 21:10:49,908 [INFO] Datos JSON preparados para envío
2025-06-17 21:10:50,962 [INFO] Lectura BMP390
2025-06-17 21:10:51,144 [INFO] Lectura LTR390
2025-06-17 21:10:53,147 [WARNING] Lectura serial fallida o formato incorrecto
2025-06-17 21:10:56,966 [INFO] Lectura datos climáticos NASA
2025-06-17 21:10:56,969 [INFO] Datos JSON preparados para envío
2025-06-17 21:10:58,020 [INFO] Lectura BMP390
2025-06-17 21:10:58,204 [INFO] Lectura LTR390
2025-06-17 21:11:00,207 [WARNING] Lectura serial fallida o formato incorrecto
2025-06-17 21:11:03,681 [INFO] Lectura datos climáticos NASA
2025-06-17 21:11:03,684 [INFO] Datos JSON preparados para envío
2025-06-17 21:11:04,739 [INFO] Lectura BMP390
2025-06-17 21:11:04,920 [INFO] Lectura LTR390
2025-06-17 21:11:06,923 [WARNING] Lectura serial fallida o formato incorrecto
2025-06-17 21:11:10,497 [INFO] Lectura datos climáticos NASA
2025-06-17 21:11:10,500 [INFO] Datos JSON preparados para envío
2025-06-17 21:11:11,557 [INFO] Lectura BMP390
2025-06-17 21:11:11,740 [INFO] Lectura LTR390
2025-06-17 21:11:13,743 [WARNING] Lectura serial fallida o formato incorrecto
2025-06-17 21:11:18,098 [INFO] Lectura datos climáticos NASA
2025-06-17 21:11:18,103 [INFO] Datos JSON preparados para envío
2025-06-17 21:11:19,156 [INFO] Lectura BMP390
2025-06-17 21:11:19,339 [INFO] Lectura LTR390
2025-06-17 21:11:21,342 [WARNING] Lectura serial fallida o formato incorrecto
2025-06-17 21:11:25,423 [INFO] Lectura datos climáticos NASA
2025-06-17 21:11:25,427 [INFO] Datos JSON preparados para envío
2025-06-17 21:11:26,476 [INFO] Lectura BMP390
2025-06-17 21:11:26,655 [INFO] Lectura LTR390
2025-06-17 21:11:28,658 [WARNING] Lectura serial fallida o formato incorrecto
2025-06-17 21:11:32,436 [INFO] Lectura datos climáticos NASA
2025-06-17 21:11:32,439 [INFO] Datos JSON preparados para envío
2025-06-17 21:11:33,491 [INFO] Lectura BMP390
2025-06-17 21:11:33,674 [INFO] Lectura LTR390
2025-06-17 21:11:35,677 [WARNING] Lectura serial fallida o formato incorrecto
2025-06-17 21:11:41,270 [INFO] Lectura datos climáticos NASA
2025-06-17 21:11:41,273 [INFO] Datos JSON preparados para envío
2025-06-17 21:11:42,325 [INFO] Lectura BMP390
2025-06-17 21:11:42,505 [INFO] Lectura LTR390
2025-06-17 21:11:44,508 [WARNING] Lectura serial fallida o formato incorrecto
2025-06-17 21:11:47,982 [INFO] Lectura datos climáticos NASA
2025-06-17 21:11:47,985 [INFO] Datos JSON preparados para envío
2025-06-17 21:11:49,035 [INFO] Lectura BMP390
2025-06-17 21:11:49,214 [INFO] Lectura LTR390
2025-06-17 21:11:51,217 [WARNING] Lectura serial fallida o formato incorrecto
2025-06-17 21:11:55,491 [INFO] Lectura datos climáticos NASA
2025-06-17 21:11:55,494 [INFO] Datos JSON preparados para envío
2025-06-17 21:11:56,548 [INFO] Lectura BMP390
2025-06-17 21:11:56,732 [INFO] Lectura LTR390
2025-06-17 21:11:58,735 [WARNING] Lectura serial fallida o formato incorrecto
2025-06-17 21:12:01,947 [INFO] Lectura datos climáticos NASA
2025-06-17 21:12:01,949 [INFO] Datos JSON preparados para envío
2025-06-17 21:12:03,000 [INFO] Lectura BMP390
2025-06-17 21:12:03,182 [INFO] Lectura LTR390
2025-06-17 21:12:05,186 [WARNING] Lectura serial fallida o formato incorrecto
2025-06-17 21:12:09,272 [INFO] Lectura datos climáticos NASA
2025-06-17 21:12:09,275 [INFO] Datos JSON preparados para envío
2025-06-17 21:12:10,327 [INFO] Lectura BMP390
2025-06-17 21:12:10,508 [INFO] Lectura LTR390
2025-06-17 21:12:12,511 [WARNING] Lectura serial fallida o formato incorrecto
2025-06-17 21:12:16,813 [INFO] Lectura datos climáticos NASA
2025-06-17 21:12:16,816 [INFO] Datos JSON preparados para envío
2025-06-17 21:12:17,873 [INFO] Lectura BMP390
2025-06-17 21:12:18,053 [INFO] Lectura LTR390
2025-06-17 21:12:20,056 [WARNING] Lectura serial fallida o formato incorrecto
2025-06-17 21:12:23,465 [INFO] Lectura datos climáticos NASA
2025-06-17 21:12:23,468 [INFO] Datos JSON preparados para envío
2025-06-17 21:12:24,521 [INFO] Lectura BMP390
2025-06-17 21:12:24,704 [INFO] Lectura LTR390
2025-06-17 21:12:26,707 [WARNING] Lectura serial fallida o formato incorrecto
2025-06-17 21:12:30,288 [INFO] Lectura datos climáticos NASA
2025-06-17 21:12:30,291 [INFO] Datos JSON preparados para envío
2025-06-17 21:12:31,344 [INFO] Lectura BMP390
2025-06-17 21:12:31,523 [INFO] Lectura LTR390
2025-06-17 21:12:33,526 [WARNING] Lectura serial fallida o formato incorrecto
2025-06-17 21:12:37,573 [INFO] Lectura datos climáticos NASA
2025-06-17 21:12:37,576 [INFO] Datos JSON preparados para envío
2025-06-17 21:12:38,629 [INFO] Lectura BMP390
2025-06-17 21:12:38,805 [INFO] Lectura LTR390
2025-06-17 21:12:40,808 [WARNING] Lectura serial fallida o formato incorrecto
2025-06-17 21:12:44,831 [INFO] Lectura datos climáticos NASA
2025-06-17 21:12:44,833 [INFO] Datos JSON preparados para envío
2025-06-17 21:12:45,887 [INFO] Lectura BMP390
2025-06-17 21:12:46,066 [INFO] Lectura LTR390
2025-06-17 21:12:48,068 [WARNING] Lectura serial fallida o formato incorrecto
2025-06-17 21:12:52,315 [INFO] Lectura datos climáticos NASA
2025-06-17 21:12:52,317 [INFO] Datos JSON preparados para envío
2025-06-17 21:12:53,375 [INFO] Lectura BMP390
2025-06-17 21:12:53,556 [INFO] Lectura LTR390
2025-06-17 21:12:55,559 [WARNING] Lectura serial fallida o formato incorrecto
2025-06-17 21:12:59,307 [INFO] Lectura datos climáticos NASA
2025-06-17 21:12:59,310 [INFO] Datos JSON preparados para envío
2025-06-17 21:13:00,363 [INFO] Lectura BMP390
2025-06-17 21:13:00,543 [INFO] Lectura LTR390
2025-06-17 21:13:02,546 [WARNING] Lectura serial fallida o formato incorrecto
2025-06-17 21:13:06,512 [INFO] Lectura datos climáticos NASA
2025-06-17 21:13:06,515 [INFO] Datos JSON preparados para envío
2025-06-17 21:13:07,567 [INFO] Lectura BMP390
2025-06-17 21:13:07,754 [INFO] Lectura LTR390
2025-06-17 21:13:09,757 [WARNING] Lectura serial fallida o formato incorrecto
2025-06-17 21:13:12,769 [INFO] Lectura datos climáticos NASA
2025-06-17 21:13:12,772 [INFO] Datos JSON preparados para envío
2025-06-17 21:13:13,821 [INFO] Lectura BMP390
2025-06-17 21:13:14,000 [INFO] Lectura LTR390
2025-06-17 21:13:16,003 [WARNING] Lectura serial fallida o formato incorrecto
2025-06-17 21:13:19,612 [INFO] Lectura datos climáticos NASA
2025-06-17 21:13:19,615 [INFO] Datos JSON preparados para envío
2025-06-17 21:13:20,669 [INFO] Lectura BMP390
2025-06-17 21:13:20,849 [INFO] Lectura LTR390
2025-06-17 21:13:22,852 [WARNING] Lectura serial fallida o formato incorrecto
2025-06-17 21:13:26,773 [INFO] Lectura datos climáticos NASA
2025-06-17 21:13:26,774 [INFO] Datos JSON preparados para envío
2025-06-17 21:13:27,826 [INFO] Lectura BMP390
2025-06-17 21:13:28,006 [INFO] Lectura LTR390
2025-06-17 21:13:30,009 [WARNING] Lectura serial fallida o formato incorrecto
2025-06-17 21:13:33,442 [INFO] Lectura datos climáticos NASA
2025-06-17 21:13:33,446 [INFO] Datos JSON preparados para envío
2025-06-17 21:13:34,499 [INFO] Lectura BMP390
2025-06-17 21:13:34,680 [INFO] Lectura LTR390
2025-06-17 21:13:36,683 [WARNING] Lectura serial fallida o formato incorrecto
2025-06-17 21:13:40,073 [INFO] Lectura datos climáticos NASA
2025-06-17 21:13:40,075 [INFO] Datos JSON preparados para envío
2025-06-17 21:13:41,130 [INFO] Lectura BMP390
2025-06-17 21:13:41,310 [INFO] Lectura LTR390
2025-06-17 21:13:43,313 [WARNING] Lectura serial fallida o formato incorrecto
2025-06-17 21:13:47,139 [INFO] Lectura datos climáticos NASA
2025-06-17 21:13:47,142 [INFO] Datos JSON preparados para envío
2025-06-17 21:13:48,197 [INFO] Lectura BMP390
2025-06-17 21:13:48,381 [INFO] Lectura LTR390
2025-06-17 21:13:50,384 [WARNING] Lectura serial fallida o formato incorrecto
2025-06-17 21:13:55,122 [INFO] Lectura datos climáticos NASA
2025-06-17 21:13:55,124 [INFO] Datos JSON preparados para envío
2025-06-17 21:13:56,177 [INFO] Lectura BMP390
2025-06-17 21:13:56,359 [INFO] Lectura LTR390
2025-06-17 21:13:58,363 [WARNING] Lectura serial fallida o formato incorrecto
2025-06-17 21:14:02,180 [INFO] Lectura datos climáticos NASA
2025-06-17 21:14:02,183 [INFO] Datos JSON preparados para envío
2025-06-17 21:14:03,234 [INFO] Lectura BMP390
2025-06-17 21:14:03,410 [INFO] Lectura LTR390
2025-06-17 21:14:05,413 [WARNING] Lectura serial fallida o formato incorrecto
2025-06-17 21:14:08,687 [INFO] Lectura datos climáticos NASA
2025-06-17 21:14:08,690 [INFO] Datos JSON preparados para envío
2025-06-17 21:14:09,743 [INFO] Lectura BMP390
2025-06-17 21:14:09,924 [INFO] Lectura LTR390
2025-06-17 21:14:11,927 [WARNING] Lectura serial fallida o formato incorrecto
2025-06-17 21:14:15,386 [INFO] Lectura datos climáticos NASA
2025-06-17 21:14:15,388 [INFO] Datos JSON preparados para envío
2025-06-17 21:14:16,441 [INFO] Lectura BMP390
2025-06-17 21:14:16,621 [INFO] Lectura LTR390
2025-06-17 21:14:18,624 [WARNING] Lectura serial fallida o formato incorrecto
2025-06-17 21:14:22,120 [INFO] Lectura datos climáticos NASA
2025-06-17 21:14:22,123 [INFO] Datos JSON preparados para envío
2025-06-17 21:14:23,178 [INFO] Lectura BMP390
2025-06-17 21:14:23,359 [INFO] Lectura LTR390
2025-06-17 21:14:25,362 [WARNING] Lectura serial fallida o formato incorrecto
2025-06-17 21:14:29,185 [INFO] Lectura datos climáticos NASA
2025-06-17 21:14:29,190 [INFO] Datos JSON preparados para envío
2025-06-17 21:14:30,243 [INFO] Lectura BMP390
2025-06-17 21:14:30,423 [INFO] Lectura LTR390
2025-06-17 21:14:32,426 [WARNING] Lectura serial fallida o formato incorrecto
2025-06-17 21:14:36,360 [INFO] Lectura datos climáticos NASA
2025-06-17 21:14:36,363 [INFO] Datos JSON preparados para envío
2025-06-17 21:14:37,420 [INFO] Lectura BMP390
2025-06-17 21:14:37,602 [INFO] Lectura LTR390
2025-06-17 21:14:39,605 [WARNING] Lectura serial fallida o formato incorrecto
2025-06-17 21:14:43,103 [INFO] Lectura datos climáticos NASA
2025-06-17 21:14:43,108 [INFO] Datos JSON preparados para envío
2025-06-17 21:14:44,160 [INFO] Lectura BMP390
2025-06-17 21:14:44,340 [INFO] Lectura LTR390
2025-06-17 21:14:46,344 [WARNING] Lectura serial fallida o formato incorrecto
2025-06-17 21:14:50,583 [INFO] Lectura datos climáticos NASA
2025-06-17 21:14:50,586 [INFO] Datos JSON preparados para envío
2025-06-17 21:14:51,636 [INFO] Lectura BMP390
2025-06-17 21:14:51,812 [INFO] Lectura LTR390
2025-06-17 21:14:53,815 [WARNING] Lectura serial fallida o formato incorrecto
2025-06-17 21:14:57,855 [INFO] Lectura datos climáticos NASA
2025-06-17 21:14:57,858 [INFO] Datos JSON preparados para envío
2025-06-17 21:14:58,911 [INFO] Lectura BMP390
2025-06-17 21:14:59,091 [INFO] Lectura LTR390
2025-06-17 21:15:01,094 [WARNING] Lectura serial fallida o formato incorrecto
2025-06-17 21:15:04,913 [INFO] Lectura datos climáticos NASA
2025-06-17 21:15:04,915 [INFO] Datos JSON preparados para envío
2025-06-17 21:15:05,967 [INFO] Lectura BMP390
2025-06-17 21:15:06,147 [INFO] Lectura LTR390
2025-06-17 21:15:08,151 [WARNING] Lectura serial fallida o formato incorrecto
2025-06-17 21:15:12,331 [INFO] Lectura datos climáticos NASA
2025-06-17 21:15:12,334 [INFO] Datos JSON preparados para envío
2025-06-17 21:15:13,385 [INFO] Lectura BMP390
2025-06-17 21:15:13,565 [INFO] Lectura LTR390
2025-06-17 21:15:15,568 [WARNING] Lectura serial fallida o formato incorrecto
2025-06-17 21:15:19,234 [INFO] Lectura datos climáticos NASA
2025-06-17 21:15:19,237 [INFO] Datos JSON preparados para envío
2025-06-17 21:15:20,289 [INFO] Lectura BMP390
2025-06-17 21:15:20,470 [INFO] Lectura LTR390
2025-06-17 21:15:22,473 [WARNING] Lectura serial fallida o formato incorrecto
2025-06-17 21:15:26,402 [INFO] Lectura datos climáticos NASA
2025-06-17 21:15:26,405 [INFO] Datos JSON preparados para envío
2025-06-17 21:15:27,457 [INFO] Lectura BMP390
2025-06-17 21:15:27,641 [INFO] Lectura LTR390
2025-06-17 21:15:29,644 [WARNING] Lectura serial fallida o formato incorrecto
2025-06-17 21:15:33,258 [INFO] Lectura datos climáticos NASA
2025-06-17 21:15:33,261 [INFO] Datos JSON preparados para envío
2025-06-17 21:15:34,315 [INFO] Lectura BMP390
2025-06-17 21:15:34,497 [INFO] Lectura LTR390
2025-06-17 21:15:36,500 [WARNING] Lectura serial fallida o formato incorrecto
2025-06-17 21:15:40,637 [INFO] Lectura datos climáticos NASA
2025-06-17 21:15:40,639 [INFO] Datos JSON preparados para envío
2025-06-17 21:15:41,689 [INFO] Lectura BMP390
2025-06-17 21:15:41,866 [INFO] Lectura LTR390
2025-06-17 21:15:43,869 [WARNING] Lectura serial fallida o formato incorrecto
2025-06-17 21:15:47,281 [INFO] Lectura datos climáticos NASA
2025-06-17 21:15:47,283 [INFO] Datos JSON preparados para envío
2025-06-17 21:15:48,334 [INFO] Lectura BMP390
2025-06-17 21:15:48,513 [INFO] Lectura LTR390
2025-06-17 21:15:50,516 [WARNING] Lectura serial fallida o formato incorrecto
2025-06-17 21:15:54,011 [INFO] Lectura datos climáticos NASA
2025-06-17 21:15:54,015 [INFO] Datos JSON preparados para envío
2025-06-17 21:15:55,068 [INFO] Lectura BMP390
2025-06-17 21:15:55,249 [INFO] Lectura LTR390
2025-06-17 21:15:57,252 [WARNING] Lectura serial fallida o formato incorrecto
2025-06-17 21:16:01,399 [INFO] Lectura datos climáticos NASA
2025-06-17 21:16:01,404 [INFO] Datos JSON preparados para envío
2025-06-17 21:16:02,460 [INFO] Lectura BMP390
2025-06-17 21:16:02,642 [INFO] Lectura LTR390
2025-06-17 21:16:04,645 [WARNING] Lectura serial fallida o formato incorrecto
2025-06-17 21:16:08,302 [INFO] Lectura datos climáticos NASA
2025-06-17 21:16:08,305 [INFO] Datos JSON preparados para envío
2025-06-17 21:16:09,357 [INFO] Lectura BMP390
2025-06-17 21:16:09,539 [INFO] Lectura LTR390
2025-06-17 21:16:11,542 [WARNING] Lectura serial fallida o formato incorrecto
2025-06-17 21:16:15,418 [INFO] Lectura datos climáticos NASA
2025-06-17 21:16:15,424 [INFO] Datos JSON preparados para envío
2025-06-17 21:16:16,477 [INFO] Lectura BMP390
2025-06-17 21:16:16,659 [INFO] Lectura LTR390
2025-06-17 21:16:18,662 [WARNING] Lectura serial fallida o formato incorrecto
2025-06-17 21:16:23,237 [INFO] Lectura datos climáticos NASA
2025-06-17 21:16:23,240 [INFO] Datos JSON preparados para envío
2025-06-17 21:16:24,294 [INFO] Lectura BMP390
2025-06-17 21:16:24,474 [INFO] Lectura LTR390
2025-06-17 21:16:26,477 [WARNING] Lectura serial fallida o formato incorrecto
2025-06-17 21:16:30,023 [INFO] Lectura datos climáticos NASA
2025-06-17 21:16:30,024 [INFO] Datos JSON preparados para envío
2025-06-17 21:16:31,077 [INFO] Lectura BMP390
2025-06-17 21:16:31,260 [INFO] Lectura LTR390
2025-06-17 21:16:33,263 [WARNING] Lectura serial fallida o formato incorrecto
2025-06-17 21:16:37,115 [INFO] Lectura datos climáticos NASA
2025-06-17 21:16:37,118 [INFO] Datos JSON preparados para envío
2025-06-17 21:16:38,171 [INFO] Lectura BMP390
2025-06-17 21:16:38,350 [INFO] Lectura LTR390
2025-06-17 21:16:40,353 [WARNING] Lectura serial fallida o formato incorrecto
2025-06-17 21:16:44,053 [INFO] Lectura datos climáticos NASA
2025-06-17 21:16:44,056 [INFO] Datos JSON preparados para envío
2025-06-17 21:16:45,109 [INFO] Lectura BMP390
2025-06-17 21:16:45,289 [INFO] Lectura LTR390
2025-06-17 21:16:47,292 [WARNING] Lectura serial fallida o formato incorrecto
2025-06-17 21:16:51,291 [INFO] Lectura datos climáticos NASA
2025-06-17 21:16:51,293 [INFO] Datos JSON preparados para envío
2025-06-17 21:16:52,346 [INFO] Lectura BMP390
2025-06-17 21:16:52,525 [INFO] Lectura LTR390
2025-06-17 21:16:54,528 [WARNING] Lectura serial fallida o formato incorrecto
2025-06-17 21:16:58,020 [INFO] Lectura datos climáticos NASA
2025-06-17 21:16:58,023 [INFO] Datos JSON preparados para envío
2025-06-17 21:16:59,076 [INFO] Lectura BMP390
2025-06-17 21:16:59,255 [INFO] Lectura LTR390
2025-06-17 21:17:01,258 [WARNING] Lectura serial fallida o formato incorrecto
2025-06-17 21:17:04,848 [INFO] Lectura datos climáticos NASA
2025-06-17 21:17:04,851 [INFO] Datos JSON preparados para envío
2025-06-17 21:17:05,900 [INFO] Lectura BMP390
2025-06-17 21:17:06,078 [INFO] Lectura LTR390
2025-06-17 21:17:08,081 [WARNING] Lectura serial fallida o formato incorrecto
2025-06-17 21:17:12,008 [INFO] Lectura datos climáticos NASA
2025-06-17 21:17:12,011 [INFO] Datos JSON preparados para envío
2025-06-17 21:17:13,064 [INFO] Lectura BMP390
2025-06-17 21:17:13,244 [INFO] Lectura LTR390
2025-06-17 21:17:15,247 [WARNING] Lectura serial fallida o formato incorrecto
2025-06-17 21:17:19,101 [INFO] Lectura datos climáticos NASA
2025-06-17 21:17:19,103 [INFO] Datos JSON preparados para envío
2025-06-17 21:17:20,158 [INFO] Lectura BMP390
2025-06-17 21:17:20,337 [INFO] Lectura LTR390
2025-06-17 21:17:22,340 [WARNING] Lectura serial fallida o formato incorrecto
2025-06-17 21:17:26,027 [INFO] Lectura datos climáticos NASA
2025-06-17 21:17:26,030 [INFO] Datos JSON preparados para envío
2025-06-17 21:17:27,083 [INFO] Lectura BMP390
2025-06-17 21:17:27,263 [INFO] Lectura LTR390
2025-06-17 21:17:29,266 [WARNING] Lectura serial fallida o formato incorrecto
2025-06-17 21:17:32,808 [INFO] Lectura datos climáticos NASA
2025-06-17 21:17:32,811 [INFO] Datos JSON preparados para envío
2025-06-17 21:17:33,871 [INFO] Lectura BMP390
2025-06-17 21:17:34,051 [INFO] Lectura LTR390
2025-06-17 21:17:36,054 [WARNING] Lectura serial fallida o formato incorrecto
2025-06-17 21:17:40,260 [INFO] Lectura datos climáticos NASA
2025-06-17 21:17:40,262 [INFO] Datos JSON preparados para envío
2025-06-17 21:17:41,314 [INFO] Lectura BMP390
2025-06-17 21:17:41,506 [INFO] Lectura LTR390
2025-06-17 21:17:43,509 [WARNING] Lectura serial fallida o formato incorrecto
2025-06-17 21:17:46,847 [INFO] Lectura datos climáticos NASA
2025-06-17 21:17:46,850 [INFO] Datos JSON preparados para envío
2025-06-17 21:17:47,903 [INFO] Lectura BMP390
2025-06-17 21:17:48,083 [INFO] Lectura LTR390
2025-06-17 21:17:50,087 [WARNING] Lectura serial fallida o formato incorrecto
2025-06-17 21:17:53,598 [INFO] Lectura datos climáticos NASA
2025-06-17 21:17:53,603 [INFO] Datos JSON preparados para envío
2025-06-17 21:17:54,654 [INFO] Lectura BMP390
2025-06-17 21:17:54,839 [INFO] Lectura LTR390
2025-06-17 21:17:56,842 [WARNING] Lectura serial fallida o formato incorrecto
2025-06-17 21:18:00,724 [INFO] Lectura datos climáticos NASA
2025-06-17 21:18:00,728 [INFO] Datos JSON preparados para envío
2025-06-17 21:18:01,782 [INFO] Lectura BMP390
2025-06-17 21:18:01,961 [INFO] Lectura LTR390
2025-06-17 21:18:03,964 [WARNING] Lectura serial fallida o formato incorrecto
2025-06-17 21:18:07,653 [INFO] Lectura datos climáticos NASA
2025-06-17 21:18:07,654 [INFO] Datos JSON preparados para envío
2025-06-17 21:18:08,707 [INFO] Lectura BMP390
2025-06-17 21:18:08,887 [INFO] Lectura LTR390
2025-06-17 21:18:10,890 [WARNING] Lectura serial fallida o formato incorrecto
2025-06-17 21:18:19,996 [INFO] Lectura datos climáticos NASA
2025-06-17 21:18:19,998 [INFO] Datos JSON preparados para envío
2025-06-17 21:18:21,056 [INFO] Lectura BMP390
2025-06-17 21:18:21,237 [INFO] Lectura LTR390
2025-06-17 21:18:23,239 [WARNING] Lectura serial fallida o formato incorrecto
2025-06-17 21:18:26,916 [INFO] Lectura datos climáticos NASA
2025-06-17 21:18:26,919 [INFO] Datos JSON preparados para envío
2025-06-17 21:18:27,971 [INFO] Lectura BMP390
2025-06-17 21:18:28,158 [INFO] Lectura LTR390
2025-06-17 21:18:30,161 [WARNING] Lectura serial fallida o formato incorrecto
2025-06-17 21:18:33,748 [INFO] Lectura datos climáticos NASA
2025-06-17 21:18:33,752 [INFO] Datos JSON preparados para envío
2025-06-17 21:18:34,804 [INFO] Lectura BMP390
2025-06-17 21:18:34,985 [INFO] Lectura LTR390
2025-06-17 21:18:36,988 [WARNING] Lectura serial fallida o formato incorrecto
2025-06-17 21:18:40,301 [INFO] Lectura datos climáticos NASA
2025-06-17 21:18:40,303 [INFO] Datos JSON preparados para envío
2025-06-17 21:18:41,355 [INFO] Lectura BMP390
2025-06-17 21:18:41,536 [INFO] Lectura LTR390
2025-06-17 21:18:43,539 [WARNING] Lectura serial fallida o formato incorrecto
2025-06-17 21:18:47,870 [INFO] Lectura datos climáticos NASA
2025-06-17 21:18:47,873 [INFO] Datos JSON preparados para envío
2025-06-17 21:18:48,925 [INFO] Lectura BMP390
2025-06-17 21:18:49,105 [INFO] Lectura LTR390
2025-06-17 21:18:51,108 [WARNING] Lectura serial fallida o formato incorrecto
2025-06-17 21:18:54,724 [INFO] Lectura datos climáticos NASA
2025-06-17 21:18:54,726 [INFO] Datos JSON preparados para envío
2025-06-17 21:18:55,775 [INFO] Lectura BMP390
2025-06-17 21:18:55,951 [INFO] Lectura LTR390
2025-06-17 21:18:57,954 [WARNING] Lectura serial fallida o formato incorrecto
2025-06-17 21:19:02,456 [INFO] Lectura datos climáticos NASA
2025-06-17 21:19:02,459 [INFO] Datos JSON preparados para envío
2025-06-17 21:19:03,511 [INFO] Lectura BMP390
2025-06-17 21:19:03,695 [INFO] Lectura LTR390
2025-06-17 21:19:05,698 [WARNING] Lectura serial fallida o formato incorrecto
2025-06-17 21:19:09,704 [INFO] Lectura datos climáticos NASA
2025-06-17 21:19:09,707 [INFO] Datos JSON preparados para envío
2025-06-17 21:19:10,760 [INFO] Lectura BMP390
2025-06-17 21:19:10,940 [INFO] Lectura LTR390
2025-06-17 21:19:12,943 [WARNING] Lectura serial fallida o formato incorrecto
2025-06-17 21:19:17,410 [INFO] Lectura datos climáticos NASA
2025-06-17 21:19:17,412 [INFO] Datos JSON preparados para envío
2025-06-17 21:19:18,462 [INFO] Lectura BMP390
2025-06-17 21:19:18,639 [INFO] Lectura LTR390
2025-06-17 21:19:20,642 [WARNING] Lectura serial fallida o formato incorrecto
2025-06-17 21:19:24,155 [INFO] Lectura datos climáticos NASA
2025-06-17 21:19:24,158 [INFO] Datos JSON preparados para envío
2025-06-17 21:19:25,211 [INFO] Lectura BMP390
2025-06-17 21:19:25,392 [INFO] Lectura LTR390
2025-06-17 21:19:27,395 [WARNING] Lectura serial fallida o formato incorrecto
2025-06-17 21:19:31,180 [INFO] Lectura datos climáticos NASA
2025-06-17 21:19:31,181 [INFO] Datos JSON preparados para envío
2025-06-17 21:19:32,235 [INFO] Lectura BMP390
2025-06-17 21:19:32,412 [INFO] Lectura LTR390
2025-06-17 21:19:34,414 [WARNING] Lectura serial fallida o formato incorrecto
2025-06-17 21:19:38,004 [INFO] Lectura datos climáticos NASA
2025-06-17 21:19:38,007 [INFO] Datos JSON preparados para envío
2025-06-17 21:19:39,060 [INFO] Lectura BMP390
2025-06-17 21:19:39,243 [INFO] Lectura LTR390
2025-06-17 21:19:41,246 [WARNING] Lectura serial fallida o formato incorrecto
2025-06-17 21:19:45,006 [INFO] Lectura datos climáticos NASA
2025-06-17 21:19:45,008 [INFO] Datos JSON preparados para envío
2025-06-17 21:19:46,060 [INFO] Lectura BMP390
2025-06-17 21:19:46,240 [INFO] Lectura LTR390
2025-06-17 21:19:48,243 [WARNING] Lectura serial fallida o formato incorrecto
2025-06-17 21:19:51,208 [INFO] Lectura datos climáticos NASA
2025-06-17 21:19:51,211 [INFO] Datos JSON preparados para envío
2025-06-17 21:19:52,265 [INFO] Lectura BMP390
2025-06-17 21:19:52,446 [INFO] Lectura LTR390
2025-06-17 21:19:54,449 [WARNING] Lectura serial fallida o formato incorrecto
2025-06-17 21:19:58,507 [INFO] Lectura datos climáticos NASA
2025-06-17 21:19:58,510 [INFO] Datos JSON preparados para envío
2025-06-17 21:19:59,566 [INFO] Lectura BMP390
2025-06-17 21:19:59,749 [INFO] Lectura LTR390
2025-06-17 21:20:01,752 [WARNING] Lectura serial fallida o formato incorrecto
2025-06-17 21:20:05,771 [INFO] Lectura datos climáticos NASA
2025-06-17 21:20:05,774 [INFO] Datos JSON preparados para envío
2025-06-17 21:20:06,827 [INFO] Lectura BMP390
2025-06-17 21:20:07,006 [INFO] Lectura LTR390
2025-06-17 21:20:09,009 [WARNING] Lectura serial fallida o formato incorrecto
2025-06-17 21:20:12,580 [INFO] Lectura datos climáticos NASA
2025-06-17 21:20:12,583 [INFO] Datos JSON preparados para envío
2025-06-17 21:20:13,636 [INFO] Lectura BMP390
2025-06-17 21:20:13,817 [INFO] Lectura LTR390
2025-06-17 21:20:15,820 [WARNING] Lectura serial fallida o formato incorrecto
2025-06-17 21:20:19,799 [INFO] Lectura datos climáticos NASA
2025-06-17 21:20:19,800 [INFO] Datos JSON preparados para envío
2025-06-17 21:20:20,851 [INFO] Lectura BMP390
2025-06-17 21:20:21,031 [INFO] Lectura LTR390
2025-06-17 21:20:23,034 [WARNING] Lectura serial fallida o formato incorrecto
2025-06-17 21:20:26,852 [INFO] Lectura datos climáticos NASA
2025-06-17 21:20:26,858 [INFO] Datos JSON preparados para envío
2025-06-17 21:20:27,911 [INFO] Lectura BMP390
2025-06-17 21:20:28,093 [INFO] Lectura LTR390
2025-06-17 21:20:30,097 [WARNING] Lectura serial fallida o formato incorrecto
2025-06-17 21:20:33,246 [INFO] Lectura datos climáticos NASA
2025-06-17 21:20:33,248 [INFO] Datos JSON preparados para envío
2025-06-17 21:20:34,299 [INFO] Lectura BMP390
2025-06-17 21:20:34,479 [INFO] Lectura LTR390
2025-06-17 21:20:36,482 [WARNING] Lectura serial fallida o formato incorrecto
2025-06-17 21:20:40,462 [INFO] Lectura datos climáticos NASA
2025-06-17 21:20:40,465 [INFO] Datos JSON preparados para envío
2025-06-17 21:20:41,519 [INFO] Lectura BMP390
2025-06-17 21:20:41,701 [INFO] Lectura LTR390
2025-06-17 21:20:43,704 [WARNING] Lectura serial fallida o formato incorrecto
2025-06-17 21:20:47,608 [INFO] Lectura datos climáticos NASA
2025-06-17 21:20:47,611 [INFO] Datos JSON preparados para envío
2025-06-17 21:20:48,665 [INFO] Lectura BMP390
2025-06-17 21:20:48,845 [INFO] Lectura LTR390
2025-06-17 21:20:50,848 [WARNING] Lectura serial fallida o formato incorrecto
2025-06-17 21:20:54,596 [INFO] Lectura datos climáticos NASA
2025-06-17 21:20:54,599 [INFO] Datos JSON preparados para envío
2025-06-17 21:20:55,653 [INFO] Lectura BMP390
2025-06-17 21:20:55,838 [INFO] Lectura LTR390
2025-06-17 21:20:57,841 [WARNING] Lectura serial fallida o formato incorrecto
2025-06-17 21:21:01,352 [INFO] Lectura datos climáticos NASA
2025-06-17 21:21:01,356 [INFO] Datos JSON preparados para envío
2025-06-17 21:21:02,408 [INFO] Lectura BMP390
2025-06-17 21:21:02,588 [INFO] Lectura LTR390
2025-06-17 21:21:04,591 [WARNING] Lectura serial fallida o formato incorrecto
2025-06-17 21:21:08,213 [INFO] Lectura datos climáticos NASA
2025-06-17 21:21:08,217 [INFO] Datos JSON preparados para envío
2025-06-17 21:21:09,267 [INFO] Lectura BMP390
2025-06-17 21:21:09,448 [INFO] Lectura LTR390
2025-06-17 21:21:11,451 [WARNING] Lectura serial fallida o formato incorrecto
2025-06-17 21:21:15,464 [INFO] Lectura datos climáticos NASA
2025-06-17 21:21:15,467 [INFO] Datos JSON preparados para envío
2025-06-17 21:21:16,521 [INFO] Lectura BMP390
2025-06-17 21:21:16,702 [INFO] Lectura LTR390
2025-06-17 21:21:18,705 [WARNING] Lectura serial fallida o formato incorrecto
2025-06-17 21:21:22,318 [INFO] Lectura datos climáticos NASA
2025-06-17 21:21:22,319 [INFO] Datos JSON preparados para envío
2025-06-17 21:21:23,370 [INFO] Lectura BMP390
2025-06-17 21:21:23,549 [INFO] Lectura LTR390
2025-06-17 21:21:25,552 [WARNING] Lectura serial fallida o formato incorrecto
2025-06-17 21:21:29,997 [INFO] Lectura datos climáticos NASA
2025-06-17 21:21:29,999 [INFO] Datos JSON preparados para envío
2025-06-17 21:21:31,052 [INFO] Lectura BMP390
2025-06-17 21:21:31,236 [INFO] Lectura LTR390
2025-06-17 21:21:33,239 [WARNING] Lectura serial fallida o formato incorrecto
2025-06-17 21:21:36,957 [INFO] Lectura datos climáticos NASA
2025-06-17 21:21:36,960 [INFO] Datos JSON preparados para envío
2025-06-17 21:21:38,015 [INFO] Lectura BMP390
2025-06-17 21:21:38,195 [INFO] Lectura LTR390
2025-06-17 21:21:40,198 [WARNING] Lectura serial fallida o formato incorrecto
2025-06-17 21:21:43,440 [INFO] Lectura datos climáticos NASA
2025-06-17 21:21:43,443 [INFO] Datos JSON preparados para envío
2025-06-17 21:21:44,495 [INFO] Lectura BMP390
2025-06-17 21:21:44,676 [INFO] Lectura LTR390
2025-06-17 21:21:46,679 [WARNING] Lectura serial fallida o formato incorrecto
2025-06-17 21:21:50,921 [INFO] Lectura datos climáticos NASA
2025-06-17 21:21:50,924 [INFO] Datos JSON preparados para envío
2025-06-17 21:21:51,977 [INFO] Lectura BMP390
2025-06-17 21:21:52,159 [INFO] Lectura LTR390
2025-06-17 21:21:54,163 [WARNING] Lectura serial fallida o formato incorrecto
2025-06-17 21:21:58,303 [INFO] Lectura datos climáticos NASA
2025-06-17 21:21:58,305 [INFO] Datos JSON preparados para envío
2025-06-17 21:21:59,357 [INFO] Lectura BMP390
2025-06-17 21:21:59,536 [INFO] Lectura LTR390
2025-06-17 21:22:01,540 [WARNING] Lectura serial fallida o formato incorrecto
2025-06-17 21:22:04,990 [INFO] Lectura datos climáticos NASA
2025-06-17 21:22:04,993 [INFO] Datos JSON preparados para envío
2025-06-17 21:22:06,047 [INFO] Lectura BMP390
2025-06-17 21:22:06,226 [INFO] Lectura LTR390
2025-06-17 21:22:08,229 [WARNING] Lectura serial fallida o formato incorrecto
2025-06-17 21:22:12,590 [INFO] Lectura datos climáticos NASA
2025-06-17 21:22:12,593 [INFO] Datos JSON preparados para envío
2025-06-17 21:22:13,651 [INFO] Lectura BMP390
2025-06-17 21:22:13,831 [INFO] Lectura LTR390
2025-06-17 21:22:15,834 [WARNING] Lectura serial fallida o formato incorrecto
2025-06-17 21:22:19,932 [INFO] Lectura datos climáticos NASA
2025-06-17 21:22:19,935 [INFO] Datos JSON preparados para envío
2025-06-17 21:22:20,988 [INFO] Lectura BMP390
2025-06-17 21:22:21,173 [INFO] Lectura LTR390
2025-06-17 21:22:23,176 [WARNING] Lectura serial fallida o formato incorrecto
2025-06-17 21:22:27,348 [INFO] Lectura datos climáticos NASA
2025-06-17 21:22:27,357 [INFO] Datos JSON preparados para envío
2025-06-17 21:22:28,410 [INFO] Lectura BMP390
2025-06-17 21:22:28,592 [INFO] Lectura LTR390
2025-06-17 21:22:30,595 [WARNING] Lectura serial fallida o formato incorrecto
2025-06-17 21:22:34,534 [INFO] Lectura datos climáticos NASA
2025-06-17 21:22:34,535 [INFO] Datos JSON preparados para envío
2025-06-17 21:22:35,585 [INFO] Lectura BMP390
2025-06-17 21:22:35,768 [INFO] Lectura LTR390
2025-06-17 21:22:37,771 [WARNING] Lectura serial fallida o formato incorrecto
2025-06-17 21:22:41,834 [INFO] Lectura datos climáticos NASA
2025-06-17 21:22:41,837 [INFO] Datos JSON preparados para envío
2025-06-17 21:22:42,890 [INFO] Lectura BMP390
2025-06-17 21:22:43,070 [INFO] Lectura LTR390
2025-06-17 21:22:45,073 [WARNING] Lectura serial fallida o formato incorrecto
2025-06-17 21:22:48,817 [INFO] Lectura datos climáticos NASA
2025-06-17 21:22:48,820 [INFO] Datos JSON preparados para envío
2025-06-17 21:22:49,878 [INFO] Lectura BMP390
2025-06-17 21:22:50,058 [INFO] Lectura LTR390
2025-06-17 21:22:52,061 [WARNING] Lectura serial fallida o formato incorrecto
2025-06-17 21:22:55,549 [INFO] Lectura datos climáticos NASA
2025-06-17 21:22:55,552 [INFO] Datos JSON preparados para envío
2025-06-17 21:22:56,610 [INFO] Lectura BMP390
2025-06-17 21:22:56,790 [INFO] Lectura LTR390
2025-06-17 21:22:58,793 [WARNING] Lectura serial fallida o formato incorrecto
2025-06-17 21:23:02,544 [INFO] Lectura datos climáticos NASA
2025-06-17 21:23:02,547 [INFO] Datos JSON preparados para envío
2025-06-17 21:23:03,600 [INFO] Lectura BMP390
2025-06-17 21:23:03,784 [INFO] Lectura LTR390
2025-06-17 21:23:05,788 [WARNING] Lectura serial fallida o formato incorrecto
2025-06-17 21:23:09,565 [INFO] Lectura datos climáticos NASA
2025-06-17 21:23:09,568 [INFO] Datos JSON preparados para envío
2025-06-17 21:23:10,622 [INFO] Lectura BMP390
2025-06-17 21:23:10,799 [INFO] Lectura LTR390
2025-06-17 21:23:12,802 [WARNING] Lectura serial fallida o formato incorrecto
2025-06-17 21:23:17,611 [INFO] Lectura datos climáticos NASA
2025-06-17 21:23:17,613 [INFO] Datos JSON preparados para envío
2025-06-17 21:23:18,666 [INFO] Lectura BMP390
2025-06-17 21:23:18,845 [INFO] Lectura LTR390
2025-06-17 21:23:20,848 [WARNING] Lectura serial fallida o formato incorrecto
2025-06-17 21:23:24,808 [INFO] Lectura datos climáticos NASA
2025-06-17 21:23:24,810 [INFO] Datos JSON preparados para envío
2025-06-17 21:23:25,861 [INFO] Lectura BMP390
2025-06-17 21:23:26,042 [INFO] Lectura LTR390
2025-06-17 21:23:28,046 [WARNING] Lectura serial fallida o formato incorrecto
2025-06-17 21:23:31,428 [INFO] Lectura datos climáticos NASA
2025-06-17 21:23:31,431 [INFO] Datos JSON preparados para envío
2025-06-17 21:23:32,483 [INFO] Lectura BMP390
2025-06-17 21:23:32,662 [INFO] Lectura LTR390
2025-06-17 21:23:34,666 [WARNING] Lectura serial fallida o formato incorrecto
2025-06-17 21:23:38,629 [INFO] Lectura datos climáticos NASA
2025-06-17 21:23:38,632 [INFO] Datos JSON preparados para envío
2025-06-17 21:23:39,685 [INFO] Lectura BMP390
2025-06-17 21:23:39,868 [INFO] Lectura LTR390
2025-06-17 21:23:41,871 [WARNING] Lectura serial fallida o formato incorrecto
2025-06-17 21:23:45,300 [INFO] Lectura datos climáticos NASA
2025-06-17 21:23:45,302 [INFO] Datos JSON preparados para envío
2025-06-17 21:23:46,355 [INFO] Lectura BMP390
2025-06-17 21:23:46,536 [INFO] Lectura LTR390
2025-06-17 21:23:48,538 [WARNING] Lectura serial fallida o formato incorrecto
2025-06-17 21:23:53,056 [INFO] Lectura datos climáticos NASA
2025-06-17 21:23:53,059 [INFO] Datos JSON preparados para envío
2025-06-17 21:23:54,112 [INFO] Lectura BMP390
2025-06-17 21:23:54,292 [INFO] Lectura LTR390
2025-06-17 21:23:56,295 [WARNING] Lectura serial fallida o formato incorrecto
2025-06-17 21:24:00,112 [INFO] Lectura datos climáticos NASA
2025-06-17 21:24:00,114 [INFO] Datos JSON preparados para envío
2025-06-17 21:24:01,167 [INFO] Lectura BMP390
2025-06-17 21:24:01,350 [INFO] Lectura LTR390
2025-06-17 21:24:03,354 [WARNING] Lectura serial fallida o formato incorrecto
2025-06-17 21:24:07,075 [INFO] Lectura datos climáticos NASA
2025-06-17 21:24:07,078 [INFO] Datos JSON preparados para envío
2025-06-17 21:24:08,132 [INFO] Lectura BMP390
2025-06-17 21:24:08,314 [INFO] Lectura LTR390
2025-06-17 21:24:10,317 [WARNING] Lectura serial fallida o formato incorrecto
2025-06-17 21:24:13,810 [INFO] Lectura datos climáticos NASA
2025-06-17 21:24:13,813 [INFO] Datos JSON preparados para envío
2025-06-17 21:24:14,866 [INFO] Lectura BMP390
2025-06-17 21:24:15,045 [INFO] Lectura LTR390
2025-06-17 21:24:17,049 [WARNING] Lectura serial fallida o formato incorrecto
2025-06-17 21:24:21,506 [INFO] Lectura datos climáticos NASA
2025-06-17 21:24:21,509 [INFO] Datos JSON preparados para envío
2025-06-17 21:24:22,563 [INFO] Lectura BMP390
2025-06-17 21:24:22,743 [INFO] Lectura LTR390
2025-06-17 21:24:24,746 [WARNING] Lectura serial fallida o formato incorrecto
2025-06-17 21:24:28,105 [INFO] Lectura datos climáticos NASA
2025-06-17 21:24:28,109 [INFO] Datos JSON preparados para envío
2025-06-17 21:24:29,162 [INFO] Lectura BMP390
2025-06-17 21:24:29,344 [INFO] Lectura LTR390
2025-06-17 21:24:31,346 [WARNING] Lectura serial fallida o formato incorrecto
2025-06-17 21:24:35,726 [INFO] Lectura datos climáticos NASA
2025-06-17 21:24:35,728 [INFO] Datos JSON preparados para envío
2025-06-17 21:24:36,782 [INFO] Lectura BMP390
2025-06-17 21:24:36,961 [INFO] Lectura LTR390
2025-06-17 21:24:38,964 [WARNING] Lectura serial fallida o formato incorrecto
2025-06-17 21:24:42,584 [INFO] Lectura datos climáticos NASA
2025-06-17 21:24:42,587 [INFO] Datos JSON preparados para envío
2025-06-17 21:24:43,639 [INFO] Lectura BMP390
2025-06-17 21:24:43,819 [INFO] Lectura LTR390
2025-06-17 21:24:45,823 [WARNING] Lectura serial fallida o formato incorrecto
2025-06-17 21:24:49,540 [INFO] Lectura datos climáticos NASA
2025-06-17 21:24:49,541 [INFO] Datos JSON preparados para envío
2025-06-17 21:24:50,598 [INFO] Lectura BMP390
2025-06-17 21:24:50,780 [INFO] Lectura LTR390
2025-06-17 21:24:52,783 [WARNING] Lectura serial fallida o formato incorrecto
2025-06-17 21:24:57,325 [INFO] Lectura datos climáticos NASA
2025-06-17 21:24:57,328 [INFO] Datos JSON preparados para envío
2025-06-17 21:24:58,381 [INFO] Lectura BMP390
2025-06-17 21:24:58,561 [INFO] Lectura LTR390
2025-06-17 21:25:00,564 [WARNING] Lectura serial fallida o formato incorrecto
2025-06-17 21:25:04,144 [INFO] Lectura datos climáticos NASA
2025-06-17 21:25:04,147 [INFO] Datos JSON preparados para envío
2025-06-17 21:25:05,200 [INFO] Lectura BMP390
2025-06-17 21:25:05,381 [INFO] Lectura LTR390
2025-06-17 21:25:07,384 [WARNING] Lectura serial fallida o formato incorrecto
2025-06-17 21:25:11,666 [INFO] Lectura datos climáticos NASA
2025-06-17 21:25:11,668 [INFO] Datos JSON preparados para envío
2025-06-17 21:25:12,718 [INFO] Lectura BMP390
2025-06-17 21:25:12,896 [INFO] Lectura LTR390
2025-06-17 21:25:14,899 [WARNING] Lectura serial fallida o formato incorrecto
2025-06-17 21:25:18,815 [INFO] Lectura datos climáticos NASA
2025-06-17 21:25:18,819 [INFO] Datos JSON preparados para envío
2025-06-17 21:25:19,871 [INFO] Lectura BMP390
2025-06-17 21:25:20,052 [INFO] Lectura LTR390
2025-06-17 21:25:22,055 [WARNING] Lectura serial fallida o formato incorrecto
2025-06-17 21:25:25,872 [INFO] Lectura datos climáticos NASA
2025-06-17 21:25:25,873 [INFO] Datos JSON preparados para envío
2025-06-17 21:25:26,926 [INFO] Lectura BMP390
2025-06-17 21:25:27,107 [INFO] Lectura LTR390
2025-06-17 21:25:29,110 [WARNING] Lectura serial fallida o formato incorrecto
2025-06-17 21:25:32,784 [INFO] Lectura datos climáticos NASA
2025-06-17 21:25:32,786 [INFO] Datos JSON preparados para envío
2025-06-17 21:25:33,846 [INFO] Lectura BMP390
2025-06-17 21:25:34,026 [INFO] Lectura LTR390
2025-06-17 21:25:36,029 [WARNING] Lectura serial fallida o formato incorrecto
2025-06-17 21:25:39,488 [INFO] Lectura datos climáticos NASA
2025-06-17 21:25:39,491 [INFO] Datos JSON preparados para envío
2025-06-17 21:25:40,547 [INFO] Lectura BMP390
2025-06-17 21:25:40,729 [INFO] Lectura LTR390
2025-06-17 21:25:42,732 [WARNING] Lectura serial fallida o formato incorrecto
2025-06-17 21:25:46,138 [INFO] Lectura datos climáticos NASA
2025-06-17 21:25:46,141 [INFO] Datos JSON preparados para envío
2025-06-17 21:25:47,197 [INFO] Lectura BMP390
2025-06-17 21:25:47,378 [INFO] Lectura LTR390
2025-06-17 21:25:49,381 [WARNING] Lectura serial fallida o formato incorrecto
2025-06-17 21:25:52,798 [INFO] Lectura datos climáticos NASA
2025-06-17 21:25:52,801 [INFO] Datos JSON preparados para envío
2025-06-17 21:25:53,854 [INFO] Lectura BMP390
2025-06-17 21:25:54,034 [INFO] Lectura LTR390
2025-06-17 21:25:56,037 [WARNING] Lectura serial fallida o formato incorrecto
2025-06-17 21:25:59,372 [INFO] Lectura datos climáticos NASA
2025-06-17 21:25:59,374 [INFO] Datos JSON preparados para envío
2025-06-17 21:26:00,425 [INFO] Lectura BMP390
2025-06-17 21:26:00,602 [INFO] Lectura LTR390
2025-06-17 21:26:02,605 [WARNING] Lectura serial fallida o formato incorrecto
2025-06-17 21:26:06,296 [INFO] Lectura datos climáticos NASA
2025-06-17 21:26:06,299 [INFO] Datos JSON preparados para envío
2025-06-17 21:26:07,351 [INFO] Lectura BMP390
2025-06-17 21:26:07,530 [INFO] Lectura LTR390
2025-06-17 21:26:09,534 [WARNING] Lectura serial fallida o formato incorrecto
2025-06-17 21:26:13,843 [INFO] Lectura datos climáticos NASA
2025-06-17 21:26:13,844 [INFO] Datos JSON preparados para envío
2025-06-17 21:26:14,897 [INFO] Lectura BMP390
2025-06-17 21:26:15,081 [INFO] Lectura LTR390
2025-06-17 21:26:17,084 [WARNING] Lectura serial fallida o formato incorrecto
2025-06-17 21:26:21,030 [INFO] Lectura datos climáticos NASA
2025-06-17 21:26:21,033 [INFO] Datos JSON preparados para envío
2025-06-17 21:26:22,085 [INFO] Lectura BMP390
2025-06-17 21:26:22,265 [INFO] Lectura LTR390
2025-06-17 21:26:24,268 [WARNING] Lectura serial fallida o formato incorrecto
2025-06-17 21:26:28,624 [INFO] Lectura datos climáticos NASA
2025-06-17 21:26:28,628 [INFO] Datos JSON preparados para envío
2025-06-17 21:26:29,681 [INFO] Lectura BMP390
2025-06-17 21:26:29,863 [INFO] Lectura LTR390
2025-06-17 21:26:31,866 [WARNING] Lectura serial fallida o formato incorrecto
2025-06-17 21:26:35,871 [INFO] Lectura datos climáticos NASA
2025-06-17 21:26:35,874 [INFO] Datos JSON preparados para envío
2025-06-17 21:26:36,929 [INFO] Lectura BMP390
2025-06-17 21:26:37,107 [INFO] Lectura LTR390
2025-06-17 21:26:39,110 [WARNING] Lectura serial fallida o formato incorrecto
2025-06-17 21:26:42,698 [INFO] Lectura datos climáticos NASA
2025-06-17 21:26:42,701 [INFO] Datos JSON preparados para envío
2025-06-17 21:26:43,754 [INFO] Lectura BMP390
2025-06-17 21:26:43,934 [INFO] Lectura LTR390
2025-06-17 21:26:45,938 [WARNING] Lectura serial fallida o formato incorrecto
2025-06-17 21:26:49,115 [INFO] Lectura datos climáticos NASA
2025-06-17 21:26:49,116 [INFO] Datos JSON preparados para envío
2025-06-17 21:26:50,172 [INFO] Lectura BMP390
2025-06-17 21:26:50,349 [INFO] Lectura LTR390
2025-06-17 21:26:52,352 [WARNING] Lectura serial fallida o formato incorrecto
2025-06-17 21:26:56,131 [INFO] Lectura datos climáticos NASA
2025-06-17 21:26:56,136 [INFO] Datos JSON preparados para envío
2025-06-17 21:26:57,190 [INFO] Lectura BMP390
2025-06-17 21:26:57,374 [INFO] Lectura LTR390
2025-06-17 21:26:59,377 [WARNING] Lectura serial fallida o formato incorrecto
2025-06-17 21:27:03,865 [INFO] Lectura datos climáticos NASA
2025-06-17 21:27:03,868 [INFO] Datos JSON preparados para envío
2025-06-17 21:27:04,921 [INFO] Lectura BMP390
2025-06-17 21:27:05,103 [INFO] Lectura LTR390
2025-06-17 21:27:07,106 [WARNING] Lectura serial fallida o formato incorrecto
2025-06-17 21:27:10,765 [INFO] Lectura datos climáticos NASA
2025-06-17 21:27:10,768 [INFO] Datos JSON preparados para envío
2025-06-17 21:27:11,825 [INFO] Lectura BMP390
2025-06-17 21:27:12,005 [INFO] Lectura LTR390
2025-06-17 21:27:14,016 [WARNING] Lectura serial fallida o formato incorrecto
2025-06-17 21:27:18,468 [INFO] Lectura datos climáticos NASA
2025-06-17 21:27:18,473 [INFO] Datos JSON preparados para envío
2025-06-17 21:27:19,526 [INFO] Lectura BMP390
2025-06-17 21:27:19,706 [INFO] Lectura LTR390
2025-06-17 21:27:21,710 [WARNING] Lectura serial fallida o formato incorrecto
2025-06-17 21:27:25,852 [INFO] Lectura datos climáticos NASA
2025-06-17 21:27:25,854 [INFO] Datos JSON preparados para envío
2025-06-17 21:27:26,906 [INFO] Lectura BMP390
2025-06-17 21:27:27,085 [INFO] Lectura LTR390
2025-06-17 21:27:29,088 [WARNING] Lectura serial fallida o formato incorrecto
2025-06-17 21:27:32,918 [INFO] Lectura datos climáticos NASA
2025-06-17 21:27:32,921 [INFO] Datos JSON preparados para envío
2025-06-17 21:27:33,974 [INFO] Lectura BMP390
2025-06-17 21:27:34,154 [INFO] Lectura LTR390
2025-06-17 21:27:36,157 [WARNING] Lectura serial fallida o formato incorrecto
2025-06-17 21:27:40,149 [INFO] Lectura datos climáticos NASA
2025-06-17 21:27:40,152 [INFO] Datos JSON preparados para envío
2025-06-17 21:27:41,205 [INFO] Lectura BMP390
2025-06-17 21:27:41,386 [INFO] Lectura LTR390
2025-06-17 21:27:43,389 [WARNING] Lectura serial fallida o formato incorrecto
2025-06-17 21:27:47,256 [INFO] Lectura datos climáticos NASA
2025-06-17 21:27:47,259 [INFO] Datos JSON preparados para envío
2025-06-17 21:27:48,311 [INFO] Lectura BMP390
2025-06-17 21:27:48,493 [INFO] Lectura LTR390
2025-06-17 21:27:50,496 [WARNING] Lectura serial fallida o formato incorrecto
2025-06-17 21:27:54,273 [INFO] Lectura datos climáticos NASA
2025-06-17 21:27:54,277 [INFO] Datos JSON preparados para envío
2025-06-17 21:27:55,329 [INFO] Lectura BMP390
2025-06-17 21:27:55,509 [INFO] Lectura LTR390
2025-06-17 21:27:57,512 [WARNING] Lectura serial fallida o formato incorrecto
2025-06-17 21:28:01,011 [INFO] Lectura datos climáticos NASA
2025-06-17 21:28:01,014 [INFO] Datos JSON preparados para envío
2025-06-17 21:28:02,064 [INFO] Lectura BMP390
2025-06-17 21:28:02,240 [INFO] Lectura LTR390
2025-06-17 21:28:04,243 [WARNING] Lectura serial fallida o formato incorrecto
2025-06-17 21:28:07,883 [INFO] Lectura datos climáticos NASA
2025-06-17 21:28:07,885 [INFO] Datos JSON preparados para envío
2025-06-17 21:28:08,938 [INFO] Lectura BMP390
2025-06-17 21:28:09,118 [INFO] Lectura LTR390
2025-06-17 21:28:11,121 [WARNING] Lectura serial fallida o formato incorrecto
2025-06-17 21:28:14,519 [INFO] Lectura datos climáticos NASA
2025-06-17 21:28:14,521 [INFO] Datos JSON preparados para envío
2025-06-17 21:28:15,577 [INFO] Lectura BMP390
2025-06-17 21:28:15,754 [INFO] Lectura LTR390
2025-06-17 21:28:17,757 [WARNING] Lectura serial fallida o formato incorrecto
2025-06-17 21:28:21,583 [INFO] Lectura datos climáticos NASA
2025-06-17 21:28:21,586 [INFO] Datos JSON preparados para envío
2025-06-17 21:28:22,644 [INFO] Lectura BMP390
2025-06-17 21:28:22,824 [INFO] Lectura LTR390
2025-06-17 21:28:24,827 [WARNING] Lectura serial fallida o formato incorrecto
2025-06-17 21:28:28,360 [INFO] Lectura datos climáticos NASA
2025-06-17 21:28:28,363 [INFO] Datos JSON preparados para envío
2025-06-17 21:28:29,417 [INFO] Lectura BMP390
2025-06-17 21:28:29,602 [INFO] Lectura LTR390
2025-06-17 21:28:31,605 [WARNING] Lectura serial fallida o formato incorrecto
2025-06-17 21:28:36,529 [INFO] Lectura datos climáticos NASA
2025-06-17 21:28:36,532 [INFO] Datos JSON preparados para envío
2025-06-17 21:28:37,583 [INFO] Lectura BMP390
2025-06-17 21:28:37,765 [INFO] Lectura LTR390
2025-06-17 21:28:39,769 [WARNING] Lectura serial fallida o formato incorrecto
2025-06-17 21:28:43,439 [INFO] Lectura datos climáticos NASA
2025-06-17 21:28:43,442 [INFO] Datos JSON preparados para envío
2025-06-17 21:28:44,497 [INFO] Lectura BMP390
2025-06-17 21:28:44,678 [INFO] Lectura LTR390
2025-06-17 21:28:46,681 [WARNING] Lectura serial fallida o formato incorrecto
2025-06-17 21:28:51,150 [INFO] Lectura datos climáticos NASA
2025-06-17 21:28:51,153 [INFO] Datos JSON preparados para envío
2025-06-17 21:28:52,203 [INFO] Lectura BMP390
2025-06-17 21:28:52,381 [INFO] Lectura LTR390
2025-06-17 21:28:54,383 [WARNING] Lectura serial fallida o formato incorrecto
2025-06-17 21:28:58,522 [INFO] Lectura datos climáticos NASA
2025-06-17 21:28:58,525 [INFO] Datos JSON preparados para envío
2025-06-17 21:28:59,577 [INFO] Lectura BMP390
2025-06-17 21:28:59,756 [INFO] Lectura LTR390
2025-06-17 21:29:01,759 [WARNING] Lectura serial fallida o formato incorrecto
2025-06-17 21:29:05,594 [INFO] Lectura datos climáticos NASA
2025-06-17 21:29:05,597 [INFO] Datos JSON preparados para envío
2025-06-17 21:29:06,651 [INFO] Lectura BMP390
2025-06-17 21:29:06,834 [INFO] Lectura LTR390
2025-06-17 21:29:08,837 [WARNING] Lectura serial fallida o formato incorrecto
2025-06-17 21:29:13,245 [INFO] Lectura datos climáticos NASA
2025-06-17 21:29:13,248 [INFO] Datos JSON preparados para envío
2025-06-17 21:29:14,301 [INFO] Lectura BMP390
2025-06-17 21:29:14,480 [INFO] Lectura LTR390
2025-06-17 21:29:16,483 [WARNING] Lectura serial fallida o formato incorrecto
2025-06-17 21:29:20,629 [INFO] Lectura datos climáticos NASA
2025-06-17 21:29:20,632 [INFO] Datos JSON preparados para envío
2025-06-17 21:29:21,686 [INFO] Lectura BMP390
2025-06-17 21:29:21,866 [INFO] Lectura LTR390
2025-06-17 21:29:23,869 [WARNING] Lectura serial fallida o formato incorrecto
2025-06-17 21:29:27,504 [INFO] Lectura datos climáticos NASA
2025-06-17 21:29:27,506 [INFO] Datos JSON preparados para envío
2025-06-17 21:29:28,557 [INFO] Lectura BMP390
2025-06-17 21:29:28,734 [INFO] Lectura LTR390
2025-06-17 21:29:30,737 [WARNING] Lectura serial fallida o formato incorrecto
2025-06-17 21:29:35,475 [INFO] Lectura datos climáticos NASA
2025-06-17 21:29:35,478 [INFO] Datos JSON preparados para envío
2025-06-17 21:29:36,532 [INFO] Lectura BMP390
2025-06-17 21:29:36,712 [INFO] Lectura LTR390
2025-06-17 21:29:38,715 [WARNING] Lectura serial fallida o formato incorrecto
2025-06-17 21:29:42,591 [INFO] Lectura datos climáticos NASA
2025-06-17 21:29:42,594 [INFO] Datos JSON preparados para envío
2025-06-17 21:29:43,646 [INFO] Lectura BMP390
2025-06-17 21:29:43,830 [INFO] Lectura LTR390
2025-06-17 21:29:45,833 [WARNING] Lectura serial fallida o formato incorrecto
2025-06-17 21:29:49,893 [INFO] Lectura datos climáticos NASA
2025-06-17 21:29:49,896 [INFO] Datos JSON preparados para envío
2025-06-17 21:29:50,950 [INFO] Lectura BMP390
2025-06-17 21:29:51,130 [INFO] Lectura LTR390
2025-06-17 21:29:53,133 [WARNING] Lectura serial fallida o formato incorrecto
2025-06-17 21:29:56,757 [INFO] Lectura datos climáticos NASA
2025-06-17 21:29:56,760 [INFO] Datos JSON preparados para envío
2025-06-17 21:29:57,817 [INFO] Lectura BMP390
2025-06-17 21:29:57,997 [INFO] Lectura LTR390
2025-06-17 21:30:00,000 [WARNING] Lectura serial fallida o formato incorrecto
2025-06-17 21:30:03,807 [INFO] Lectura datos climáticos NASA
2025-06-17 21:30:03,808 [INFO] Datos JSON preparados para envío
2025-06-17 21:30:04,866 [INFO] Lectura BMP390
2025-06-17 21:30:05,042 [INFO] Lectura LTR390
2025-06-17 21:30:07,045 [WARNING] Lectura serial fallida o formato incorrecto
2025-06-17 21:30:16,603 [INFO] Lectura datos climáticos NASA
2025-06-17 21:30:16,604 [INFO] Datos JSON preparados para envío
2025-06-17 21:30:17,654 [INFO] Lectura BMP390
2025-06-17 21:30:17,831 [INFO] Lectura LTR390
2025-06-17 21:30:19,834 [WARNING] Lectura serial fallida o formato incorrecto
2025-06-17 21:30:22,999 [INFO] Lectura datos climáticos NASA
2025-06-17 21:30:23,002 [INFO] Datos JSON preparados para envío
2025-06-17 21:30:24,057 [INFO] Lectura BMP390
2025-06-17 21:30:24,236 [INFO] Lectura LTR390
2025-06-17 21:30:26,238 [WARNING] Lectura serial fallida o formato incorrecto
2025-06-17 21:30:29,108 [INFO] Lectura datos climáticos NASA
2025-06-17 21:30:29,109 [INFO] Datos JSON preparados para envío
2025-06-17 21:30:30,162 [INFO] Lectura BMP390
2025-06-17 21:30:30,342 [INFO] Lectura LTR390
2025-06-17 21:30:32,343 [WARNING] Lectura serial fallida o formato incorrecto
2025-06-17 21:30:36,053 [INFO] Lectura datos climáticos NASA
2025-06-17 21:30:36,056 [INFO] Datos JSON preparados para envío
2025-06-17 21:30:37,110 [INFO] Lectura BMP390
2025-06-17 21:30:37,291 [INFO] Lectura LTR390
2025-06-17 21:30:39,294 [WARNING] Lectura serial fallida o formato incorrecto
2025-06-17 21:30:42,798 [INFO] Lectura datos climáticos NASA
2025-06-17 21:30:42,801 [INFO] Datos JSON preparados para envío
2025-06-17 21:30:43,854 [INFO] Lectura BMP390
2025-06-17 21:30:44,040 [INFO] Lectura LTR390
2025-06-17 21:30:46,043 [WARNING] Lectura serial fallida o formato incorrecto
2025-06-17 21:30:49,759 [INFO] Lectura datos climáticos NASA
2025-06-17 21:30:49,762 [INFO] Datos JSON preparados para envío
2025-06-17 21:30:50,814 [INFO] Lectura BMP390
2025-06-17 21:30:51,000 [INFO] Lectura LTR390
2025-06-17 21:30:53,003 [WARNING] Lectura serial fallida o formato incorrecto
2025-06-17 21:30:56,305 [INFO] Lectura datos climáticos NASA
2025-06-17 21:30:56,307 [INFO] Datos JSON preparados para envío
2025-06-17 21:30:57,363 [INFO] Lectura BMP390
2025-06-17 21:30:57,544 [INFO] Lectura LTR390
2025-06-17 21:30:59,547 [WARNING] Lectura serial fallida o formato incorrecto
2025-06-17 21:31:03,265 [INFO] Lectura datos climáticos NASA
2025-06-17 21:31:03,268 [INFO] Datos JSON preparados para envío
2025-06-17 21:31:04,319 [INFO] Lectura BMP390
2025-06-17 21:31:04,495 [INFO] Lectura LTR390
2025-06-17 21:31:06,498 [WARNING] Lectura serial fallida o formato incorrecto
2025-06-17 21:31:10,329 [INFO] Lectura datos climáticos NASA
2025-06-17 21:31:10,332 [INFO] Datos JSON preparados para envío
2025-06-17 21:31:11,386 [INFO] Lectura BMP390
2025-06-17 21:31:11,566 [INFO] Lectura LTR390
2025-06-17 21:31:13,570 [WARNING] Lectura serial fallida o formato incorrecto
2025-06-17 21:31:16,987 [INFO] Lectura datos climáticos NASA
2025-06-17 21:31:16,988 [INFO] Datos JSON preparados para envío
2025-06-17 21:31:18,041 [INFO] Lectura BMP390
2025-06-17 21:31:18,217 [INFO] Lectura LTR390
2025-06-17 21:31:20,220 [WARNING] Lectura serial fallida o formato incorrecto
2025-06-17 21:31:24,253 [INFO] Lectura datos climáticos NASA
2025-06-17 21:31:24,256 [INFO] Datos JSON preparados para envío
2025-06-17 21:31:25,309 [INFO] Lectura BMP390
2025-06-17 21:31:25,486 [INFO] Lectura LTR390
2025-06-17 21:31:27,489 [WARNING] Lectura serial fallida o formato incorrecto
2025-06-17 21:31:31,067 [INFO] Lectura datos climáticos NASA
2025-06-17 21:31:31,070 [INFO] Datos JSON preparados para envío
2025-06-17 21:31:32,123 [INFO] Lectura BMP390
2025-06-17 21:31:32,303 [INFO] Lectura LTR390
2025-06-17 21:31:34,306 [WARNING] Lectura serial fallida o formato incorrecto
2025-06-17 21:31:37,857 [INFO] Lectura datos climáticos NASA
2025-06-17 21:31:37,860 [INFO] Datos JSON preparados para envío
2025-06-17 21:31:38,913 [INFO] Lectura BMP390
2025-06-17 21:31:39,093 [INFO] Lectura LTR390
2025-06-17 21:31:41,096 [WARNING] Lectura serial fallida o formato incorrecto
2025-06-17 21:31:44,611 [INFO] Lectura datos climáticos NASA
2025-06-17 21:31:44,614 [INFO] Datos JSON preparados para envío
2025-06-17 21:31:45,667 [INFO] Lectura BMP390
2025-06-17 21:31:45,846 [INFO] Lectura LTR390
2025-06-17 21:31:47,849 [WARNING] Lectura serial fallida o formato incorrecto
2025-06-17 21:31:51,263 [INFO] Lectura datos climáticos NASA
2025-06-17 21:31:51,265 [INFO] Datos JSON preparados para envío
2025-06-17 21:31:52,318 [INFO] Lectura BMP390
2025-06-17 21:31:52,498 [INFO] Lectura LTR390
2025-06-17 21:31:54,501 [WARNING] Lectura serial fallida o formato incorrecto
2025-06-17 21:31:57,813 [INFO] Lectura datos climáticos NASA
2025-06-17 21:31:57,816 [INFO] Datos JSON preparados para envío
2025-06-17 21:31:58,869 [INFO] Lectura BMP390
2025-06-17 21:31:59,049 [INFO] Lectura LTR390
2025-06-17 21:32:01,052 [WARNING] Lectura serial fallida o formato incorrecto
2025-06-17 21:32:04,108 [INFO] Lectura datos climáticos NASA
2025-06-17 21:32:04,115 [INFO] Datos JSON preparados para envío
2025-06-17 21:32:05,166 [INFO] Lectura BMP390
2025-06-17 21:32:05,342 [INFO] Lectura LTR390
2025-06-17 21:32:07,345 [WARNING] Lectura serial fallida o formato incorrecto
2025-06-17 21:32:10,603 [INFO] Lectura datos climáticos NASA
2025-06-17 21:32:10,607 [INFO] Datos JSON preparados para envío
2025-06-17 21:32:11,660 [INFO] Lectura BMP390
2025-06-17 21:32:11,840 [INFO] Lectura LTR390
2025-06-17 21:32:13,844 [WARNING] Lectura serial fallida o formato incorrecto
2025-06-17 21:32:17,153 [INFO] Lectura datos climáticos NASA
2025-06-17 21:32:17,155 [INFO] Datos JSON preparados para envío
2025-06-17 21:32:18,206 [INFO] Lectura BMP390
2025-06-17 21:32:18,382 [INFO] Lectura LTR390
2025-06-17 21:32:20,385 [WARNING] Lectura serial fallida o formato incorrecto
2025-06-17 21:32:23,599 [INFO] Lectura datos climáticos NASA
2025-06-17 21:32:23,602 [INFO] Datos JSON preparados para envío
2025-06-17 21:32:24,653 [INFO] Lectura BMP390
2025-06-17 21:32:24,832 [INFO] Lectura LTR390
2025-06-17 21:32:26,836 [WARNING] Lectura serial fallida o formato incorrecto
2025-06-17 21:32:30,248 [INFO] Lectura datos climáticos NASA
2025-06-17 21:32:30,249 [INFO] Datos JSON preparados para envío
2025-06-17 21:32:31,299 [INFO] Lectura BMP390
2025-06-17 21:32:31,480 [INFO] Lectura LTR390
2025-06-17 21:32:33,482 [WARNING] Lectura serial fallida o formato incorrecto
2025-06-17 21:32:36,599 [INFO] Lectura datos climáticos NASA
2025-06-17 21:32:36,602 [INFO] Datos JSON preparados para envío
2025-06-17 21:32:37,656 [INFO] Lectura BMP390
2025-06-17 21:32:37,836 [INFO] Lectura LTR390
2025-06-17 21:32:39,839 [WARNING] Lectura serial fallida o formato incorrecto
2025-06-17 21:32:43,449 [INFO] Lectura datos climáticos NASA
2025-06-17 21:32:43,456 [INFO] Datos JSON preparados para envío
2025-06-17 21:32:44,507 [INFO] Lectura BMP390
2025-06-17 21:32:44,687 [INFO] Lectura LTR390
2025-06-17 21:32:46,690 [WARNING] Lectura serial fallida o formato incorrecto
2025-06-17 21:32:49,899 [INFO] Lectura datos climáticos NASA
2025-06-17 21:32:49,902 [INFO] Datos JSON preparados para envío
2025-06-17 21:32:50,954 [INFO] Lectura BMP390
2025-06-17 21:32:51,138 [INFO] Lectura LTR390
2025-06-17 21:32:53,141 [WARNING] Lectura serial fallida o formato incorrecto
2025-06-17 21:32:56,347 [INFO] Lectura datos climáticos NASA
2025-06-17 21:32:56,350 [INFO] Datos JSON preparados para envío
2025-06-17 21:32:57,404 [INFO] Lectura BMP390
2025-06-17 21:32:57,585 [INFO] Lectura LTR390
2025-06-17 21:32:59,588 [WARNING] Lectura serial fallida o formato incorrecto
2025-06-17 21:33:03,509 [INFO] Lectura datos climáticos NASA
2025-06-17 21:33:03,512 [INFO] Datos JSON preparados para envío
2025-06-17 21:33:04,565 [INFO] Lectura BMP390
2025-06-17 21:33:04,750 [INFO] Lectura LTR390
2025-06-17 21:33:06,753 [WARNING] Lectura serial fallida o formato incorrecto
2025-06-17 21:33:10,674 [INFO] Lectura datos climáticos NASA
2025-06-17 21:33:10,677 [INFO] Datos JSON preparados para envío
2025-06-17 21:33:11,730 [INFO] Lectura BMP390
2025-06-17 21:33:11,914 [INFO] Lectura LTR390
2025-06-17 21:33:13,916 [WARNING] Lectura serial fallida o formato incorrecto
2025-06-17 21:33:17,939 [INFO] Lectura datos climáticos NASA
2025-06-17 21:33:17,941 [INFO] Datos JSON preparados para envío
2025-06-17 21:33:18,990 [INFO] Lectura BMP390
2025-06-17 21:33:19,169 [INFO] Lectura LTR390
2025-06-17 21:33:21,172 [WARNING] Lectura serial fallida o formato incorrecto
2025-06-17 21:33:24,897 [INFO] Lectura datos climáticos NASA
2025-06-17 21:33:24,900 [INFO] Datos JSON preparados para envío
2025-06-17 21:33:25,952 [INFO] Lectura BMP390
2025-06-17 21:33:26,133 [INFO] Lectura LTR390
2025-06-17 21:33:28,136 [WARNING] Lectura serial fallida o formato incorrecto
2025-06-17 21:33:31,957 [INFO] Lectura datos climáticos NASA
2025-06-17 21:33:31,959 [INFO] Datos JSON preparados para envío
2025-06-17 21:33:33,009 [INFO] Lectura BMP390
2025-06-17 21:33:33,186 [INFO] Lectura LTR390
2025-06-17 21:33:35,189 [WARNING] Lectura serial fallida o formato incorrecto
2025-06-17 21:33:38,614 [INFO] Lectura datos climáticos NASA
2025-06-17 21:33:38,618 [INFO] Datos JSON preparados para envío
2025-06-17 21:33:39,669 [INFO] Lectura BMP390
2025-06-17 21:33:39,853 [INFO] Lectura LTR390
2025-06-17 21:33:41,856 [WARNING] Lectura serial fallida o formato incorrecto
2025-06-17 21:33:45,177 [INFO] Lectura datos climáticos NASA
2025-06-17 21:33:45,180 [INFO] Datos JSON preparados para envío
2025-06-17 21:33:46,233 [INFO] Lectura BMP390
2025-06-17 21:33:46,416 [INFO] Lectura LTR390
2025-06-17 21:33:48,419 [WARNING] Lectura serial fallida o formato incorrecto
2025-06-17 21:33:52,427 [INFO] Lectura datos climáticos NASA
2025-06-17 21:33:52,430 [INFO] Datos JSON preparados para envío
2025-06-17 21:33:53,483 [INFO] Lectura BMP390
2025-06-17 21:33:53,663 [INFO] Lectura LTR390
2025-06-17 21:33:55,675 [WARNING] Lectura serial fallida o formato incorrecto
2025-06-17 21:33:58,874 [INFO] Lectura datos climáticos NASA
2025-06-17 21:33:58,877 [INFO] Datos JSON preparados para envío
2025-06-17 21:33:59,932 [INFO] Lectura BMP390
2025-06-17 21:34:00,112 [INFO] Lectura LTR390
2025-06-17 21:34:02,115 [WARNING] Lectura serial fallida o formato incorrecto
2025-06-17 21:34:05,732 [INFO] Lectura datos climáticos NASA
2025-06-17 21:34:05,735 [INFO] Datos JSON preparados para envío
2025-06-17 21:34:06,790 [INFO] Lectura BMP390
2025-06-17 21:34:06,969 [INFO] Lectura LTR390
2025-06-17 21:34:08,972 [WARNING] Lectura serial fallida o formato incorrecto
2025-06-17 21:34:13,257 [INFO] Lectura datos climáticos NASA
2025-06-17 21:34:13,260 [INFO] Datos JSON preparados para envío
2025-06-17 21:34:14,312 [INFO] Lectura BMP390
2025-06-17 21:34:14,492 [INFO] Lectura LTR390
2025-06-17 21:34:16,495 [WARNING] Lectura serial fallida o formato incorrecto
2025-06-17 21:34:19,642 [INFO] Lectura datos climáticos NASA
2025-06-17 21:34:19,644 [INFO] Datos JSON preparados para envío
2025-06-17 21:34:20,698 [INFO] Lectura BMP390
2025-06-17 21:34:20,882 [INFO] Lectura LTR390
2025-06-17 21:34:22,885 [WARNING] Lectura serial fallida o formato incorrecto
2025-06-17 21:34:26,414 [INFO] Lectura datos climáticos NASA
2025-06-17 21:34:26,417 [INFO] Datos JSON preparados para envío
2025-06-17 21:34:27,473 [INFO] Lectura BMP390
2025-06-17 21:34:27,654 [INFO] Lectura LTR390
2025-06-17 21:34:29,657 [WARNING] Lectura serial fallida o formato incorrecto
2025-06-17 21:34:33,093 [INFO] Lectura datos climáticos NASA
2025-06-17 21:34:33,096 [INFO] Datos JSON preparados para envío
2025-06-17 21:34:34,149 [INFO] Lectura BMP390
2025-06-17 21:34:34,329 [INFO] Lectura LTR390
2025-06-17 21:34:36,332 [WARNING] Lectura serial fallida o formato incorrecto
2025-06-17 21:34:39,604 [INFO] Lectura datos climáticos NASA
2025-06-17 21:34:39,607 [INFO] Datos JSON preparados para envío
2025-06-17 21:34:40,660 [INFO] Lectura BMP390
2025-06-17 21:34:40,840 [INFO] Lectura LTR390
2025-06-17 21:34:42,843 [WARNING] Lectura serial fallida o formato incorrecto
2025-06-17 21:34:46,620 [INFO] Lectura datos climáticos NASA
2025-06-17 21:34:46,623 [INFO] Datos JSON preparados para envío
2025-06-17 21:34:47,677 [INFO] Lectura BMP390
2025-06-17 21:34:47,858 [INFO] Lectura LTR390
2025-06-17 21:34:49,861 [WARNING] Lectura serial fallida o formato incorrecto
2025-06-17 21:34:53,676 [INFO] Lectura datos climáticos NASA
2025-06-17 21:34:53,679 [INFO] Datos JSON preparados para envío
2025-06-17 21:34:54,731 [INFO] Lectura BMP390
2025-06-17 21:34:54,915 [INFO] Lectura LTR390
2025-06-17 21:34:56,918 [WARNING] Lectura serial fallida o formato incorrecto
2025-06-17 21:35:00,992 [INFO] Lectura datos climáticos NASA
2025-06-17 21:35:00,995 [INFO] Datos JSON preparados para envío
2025-06-17 21:35:02,045 [INFO] Lectura BMP390
2025-06-17 21:35:02,228 [INFO] Lectura LTR390
2025-06-17 21:35:04,230 [WARNING] Lectura serial fallida o formato incorrecto
2025-06-17 21:35:08,059 [INFO] Lectura datos climáticos NASA
2025-06-17 21:35:08,060 [INFO] Datos JSON preparados para envío
2025-06-17 21:35:09,111 [INFO] Lectura BMP390
2025-06-17 21:35:09,288 [INFO] Lectura LTR390
2025-06-17 21:35:11,291 [WARNING] Lectura serial fallida o formato incorrecto
2025-06-17 21:35:14,443 [INFO] Lectura datos climáticos NASA
2025-06-17 21:35:14,445 [INFO] Datos JSON preparados para envío
2025-06-17 21:35:15,498 [INFO] Lectura BMP390
2025-06-17 21:35:15,684 [INFO] Lectura LTR390
2025-06-17 21:35:17,687 [WARNING] Lectura serial fallida o formato incorrecto
2025-06-17 21:35:21,456 [INFO] Lectura datos climáticos NASA
2025-06-17 21:35:21,458 [INFO] Datos JSON preparados para envío
2025-06-17 21:35:22,511 [INFO] Lectura BMP390
2025-06-17 21:35:22,692 [INFO] Lectura LTR390
2025-06-17 21:35:24,695 [WARNING] Lectura serial fallida o formato incorrecto
2025-06-17 21:35:28,085 [INFO] Lectura datos climáticos NASA
2025-06-17 21:35:28,087 [INFO] Datos JSON preparados para envío
2025-06-17 21:35:29,137 [INFO] Lectura BMP390
2025-06-17 21:35:29,314 [INFO] Lectura LTR390
2025-06-17 21:35:31,316 [WARNING] Lectura serial fallida o formato incorrecto
2025-06-17 21:35:34,766 [INFO] Lectura datos climáticos NASA
2025-06-17 21:35:34,769 [INFO] Datos JSON preparados para envío
2025-06-17 21:35:35,825 [INFO] Lectura BMP390
2025-06-17 21:35:36,004 [INFO] Lectura LTR390
2025-06-17 21:35:38,008 [WARNING] Lectura serial fallida o formato incorrecto
2025-06-17 21:35:41,368 [INFO] Lectura datos climáticos NASA
2025-06-17 21:35:41,371 [INFO] Datos JSON preparados para envío
2025-06-17 21:35:42,424 [INFO] Lectura BMP390
2025-06-17 21:35:42,604 [INFO] Lectura LTR390
2025-06-17 21:35:44,607 [WARNING] Lectura serial fallida o formato incorrecto
2025-06-17 21:35:48,069 [INFO] Lectura datos climáticos NASA
2025-06-17 21:35:48,072 [INFO] Datos JSON preparados para envío
2025-06-17 21:35:49,125 [INFO] Lectura BMP390
2025-06-17 21:35:49,309 [INFO] Lectura LTR390
2025-06-17 21:35:51,312 [WARNING] Lectura serial fallida o formato incorrecto
2025-06-17 21:35:54,956 [INFO] Lectura datos climáticos NASA
2025-06-17 21:35:54,959 [INFO] Datos JSON preparados para envío
2025-06-17 21:35:56,011 [INFO] Lectura BMP390
2025-06-17 21:35:56,192 [INFO] Lectura LTR390
2025-06-17 21:35:58,194 [WARNING] Lectura serial fallida o formato incorrecto
2025-06-17 21:36:01,845 [INFO] Lectura datos climáticos NASA
2025-06-17 21:36:01,848 [INFO] Datos JSON preparados para envío
2025-06-17 21:36:02,901 [INFO] Lectura BMP390
2025-06-17 21:36:03,084 [INFO] Lectura LTR390
2025-06-17 21:36:05,087 [WARNING] Lectura serial fallida o formato incorrecto
2025-06-17 21:36:08,874 [INFO] Lectura datos climáticos NASA
2025-06-17 21:36:08,875 [INFO] Datos JSON preparados para envío
2025-06-17 21:36:09,925 [INFO] Lectura BMP390
2025-06-17 21:36:10,102 [INFO] Lectura LTR390
2025-06-17 21:36:12,105 [WARNING] Lectura serial fallida o formato incorrecto
2025-06-17 21:36:16,231 [INFO] Lectura datos climáticos NASA
2025-06-17 21:36:16,234 [INFO] Datos JSON preparados para envío
2025-06-17 21:36:17,286 [INFO] Lectura BMP390
2025-06-17 21:36:17,465 [INFO] Lectura LTR390
2025-06-17 21:36:19,469 [WARNING] Lectura serial fallida o formato incorrecto
2025-06-17 21:36:22,733 [INFO] Lectura datos climáticos NASA
2025-06-17 21:36:22,735 [INFO] Datos JSON preparados para envío
2025-06-17 21:36:23,788 [INFO] Lectura BMP390
2025-06-17 21:36:23,968 [INFO] Lectura LTR390
2025-06-17 21:36:25,972 [WARNING] Lectura serial fallida o formato incorrecto
2025-06-17 21:36:29,463 [INFO] Lectura datos climáticos NASA
2025-06-17 21:36:29,467 [INFO] Datos JSON preparados para envío
2025-06-17 21:36:30,519 [INFO] Lectura BMP390
2025-06-17 21:36:30,706 [INFO] Lectura LTR390
2025-06-17 21:36:32,709 [WARNING] Lectura serial fallida o formato incorrecto
2025-06-17 21:36:36,061 [INFO] Lectura datos climáticos NASA
2025-06-17 21:36:36,064 [INFO] Datos JSON preparados para envío
2025-06-17 21:36:37,116 [INFO] Lectura BMP390
2025-06-17 21:36:37,296 [INFO] Lectura LTR390
2025-06-17 21:36:39,299 [WARNING] Lectura serial fallida o formato incorrecto
2025-06-17 21:36:42,916 [INFO] Lectura datos climáticos NASA
2025-06-17 21:36:42,919 [INFO] Datos JSON preparados para envío
2025-06-17 21:36:43,972 [INFO] Lectura BMP390
2025-06-17 21:36:44,154 [INFO] Lectura LTR390
2025-06-17 21:36:46,156 [WARNING] Lectura serial fallida o formato incorrecto
2025-06-17 21:36:49,510 [INFO] Lectura datos climáticos NASA
2025-06-17 21:36:49,513 [INFO] Datos JSON preparados para envío
2025-06-17 21:36:50,566 [INFO] Lectura BMP390
2025-06-17 21:36:50,749 [INFO] Lectura LTR390
2025-06-17 21:36:52,753 [WARNING] Lectura serial fallida o formato incorrecto
2025-06-17 21:36:56,154 [INFO] Lectura datos climáticos NASA
2025-06-17 21:36:56,159 [INFO] Datos JSON preparados para envío
2025-06-17 21:36:57,210 [INFO] Lectura BMP390
2025-06-17 21:36:57,387 [INFO] Lectura LTR390
2025-06-17 21:36:59,391 [WARNING] Lectura serial fallida o formato incorrecto
2025-06-17 21:37:02,769 [INFO] Lectura datos climáticos NASA
2025-06-17 21:37:02,772 [INFO] Datos JSON preparados para envío
2025-06-17 21:37:03,824 [INFO] Lectura BMP390
2025-06-17 21:37:04,004 [INFO] Lectura LTR390
2025-06-17 21:37:06,008 [WARNING] Lectura serial fallida o formato incorrecto
2025-06-17 21:37:09,631 [INFO] Lectura datos climáticos NASA
2025-06-17 21:37:09,633 [INFO] Datos JSON preparados para envío
2025-06-17 21:37:10,682 [INFO] Lectura BMP390
2025-06-17 21:37:10,864 [INFO] Lectura LTR390
2025-06-17 21:37:12,866 [WARNING] Lectura serial fallida o formato incorrecto
2025-06-17 21:37:16,293 [INFO] Lectura datos climáticos NASA
2025-06-17 21:37:16,296 [INFO] Datos JSON preparados para envío
2025-06-17 21:37:17,349 [INFO] Lectura BMP390
2025-06-17 21:37:17,529 [INFO] Lectura LTR390
2025-06-17 21:37:19,532 [WARNING] Lectura serial fallida o formato incorrecto
2025-06-17 21:37:22,888 [INFO] Lectura datos climáticos NASA
2025-06-17 21:37:22,890 [INFO] Datos JSON preparados para envío
2025-06-17 21:37:23,942 [INFO] Lectura BMP390
2025-06-17 21:37:24,121 [INFO] Lectura LTR390
2025-06-17 21:37:26,124 [WARNING] Lectura serial fallida o formato incorrecto
2025-06-17 21:37:29,438 [INFO] Lectura datos climáticos NASA
2025-06-17 21:37:29,440 [INFO] Datos JSON preparados para envío
2025-06-17 21:37:30,495 [INFO] Lectura BMP390
2025-06-17 21:37:30,672 [INFO] Lectura LTR390
2025-06-17 21:37:32,675 [WARNING] Lectura serial fallida o formato incorrecto
2025-06-17 21:37:36,099 [INFO] Lectura datos climáticos NASA
2025-06-17 21:37:36,102 [INFO] Datos JSON preparados para envío
2025-06-17 21:37:37,155 [INFO] Lectura BMP390
2025-06-17 21:37:37,340 [INFO] Lectura LTR390
2025-06-17 21:37:39,343 [WARNING] Lectura serial fallida o formato incorrecto
2025-06-17 21:37:42,500 [INFO] Lectura datos climáticos NASA
2025-06-17 21:37:42,504 [INFO] Datos JSON preparados para envío
2025-06-17 21:37:43,556 [INFO] Lectura BMP390
2025-06-17 21:37:43,747 [INFO] Lectura LTR390
2025-06-17 21:37:45,750 [WARNING] Lectura serial fallida o formato incorrecto
2025-06-17 21:37:49,133 [INFO] Lectura datos climáticos NASA
2025-06-17 21:37:49,137 [INFO] Datos JSON preparados para envío
2025-06-17 21:37:50,191 [INFO] Lectura BMP390
2025-06-17 21:37:50,370 [INFO] Lectura LTR390
2025-06-17 21:37:52,374 [WARNING] Lectura serial fallida o formato incorrecto
2025-06-17 21:37:56,292 [INFO] Lectura datos climáticos NASA
2025-06-17 21:37:56,295 [INFO] Datos JSON preparados para envío
2025-06-17 21:37:57,347 [INFO] Lectura BMP390
2025-06-17 21:37:57,527 [INFO] Lectura LTR390
2025-06-17 21:37:59,528 [WARNING] Lectura serial fallida o formato incorrecto
2025-06-17 21:38:02,825 [INFO] Lectura datos climáticos NASA
2025-06-17 21:38:02,828 [INFO] Datos JSON preparados para envío
2025-06-17 21:38:03,880 [INFO] Lectura BMP390
2025-06-17 21:38:04,061 [INFO] Lectura LTR390
2025-06-17 21:38:06,064 [WARNING] Lectura serial fallida o formato incorrecto
2025-06-17 21:38:10,102 [INFO] Lectura datos climáticos NASA
2025-06-17 21:38:10,104 [INFO] Datos JSON preparados para envío
2025-06-17 21:38:11,155 [INFO] Lectura BMP390
2025-06-17 21:38:11,332 [INFO] Lectura LTR390
2025-06-17 21:38:13,335 [WARNING] Lectura serial fallida o formato incorrecto
2025-06-17 21:38:17,297 [INFO] Lectura datos climáticos NASA
2025-06-17 21:38:17,299 [INFO] Datos JSON preparados para envío
2025-06-17 21:38:18,364 [INFO] Lectura BMP390
2025-06-17 21:38:18,544 [INFO] Lectura LTR390
2025-06-17 21:38:20,548 [WARNING] Lectura serial fallida o formato incorrecto
2025-06-17 21:38:24,638 [INFO] Lectura datos climáticos NASA
2025-06-17 21:38:24,641 [INFO] Datos JSON preparados para envío
2025-06-17 21:38:25,694 [INFO] Lectura BMP390
2025-06-17 21:38:25,877 [INFO] Lectura LTR390
2025-06-17 21:38:27,880 [WARNING] Lectura serial fallida o formato incorrecto
2025-06-17 21:38:32,025 [INFO] Lectura datos climáticos NASA
2025-06-17 21:38:32,029 [INFO] Datos JSON preparados para envío
2025-06-17 21:38:33,081 [INFO] Lectura BMP390
2025-06-17 21:38:33,262 [INFO] Lectura LTR390
2025-06-17 21:38:35,265 [WARNING] Lectura serial fallida o formato incorrecto
2025-06-17 21:38:38,759 [INFO] Lectura datos climáticos NASA
2025-06-17 21:38:38,762 [INFO] Datos JSON preparados para envío
2025-06-17 21:38:39,815 [INFO] Lectura BMP390
2025-06-17 21:38:40,002 [INFO] Lectura LTR390
2025-06-17 21:38:42,005 [WARNING] Lectura serial fallida o formato incorrecto
2025-06-17 21:38:45,203 [INFO] Lectura datos climáticos NASA
2025-06-17 21:38:45,206 [INFO] Datos JSON preparados para envío
2025-06-17 21:38:46,261 [INFO] Lectura BMP390
2025-06-17 21:38:46,440 [INFO] Lectura LTR390
2025-06-17 21:38:48,443 [WARNING] Lectura serial fallida o formato incorrecto
2025-06-17 21:38:51,705 [INFO] Lectura datos climáticos NASA
2025-06-17 21:38:51,708 [INFO] Datos JSON preparados para envío
2025-06-17 21:38:52,760 [INFO] Lectura BMP390
2025-06-17 21:38:52,942 [INFO] Lectura LTR390
2025-06-17 21:38:54,945 [WARNING] Lectura serial fallida o formato incorrecto
2025-06-17 21:38:58,442 [INFO] Lectura datos climáticos NASA
2025-06-17 21:38:58,444 [INFO] Datos JSON preparados para envío
2025-06-17 21:38:59,494 [INFO] Lectura BMP390
2025-06-17 21:38:59,675 [INFO] Lectura LTR390
2025-06-17 21:39:01,678 [WARNING] Lectura serial fallida o formato incorrecto
2025-06-17 21:39:05,496 [INFO] Lectura datos climáticos NASA
2025-06-17 21:39:05,499 [INFO] Datos JSON preparados para envío
2025-06-17 21:39:06,553 [INFO] Lectura BMP390
2025-06-17 21:39:06,735 [INFO] Lectura LTR390
2025-06-17 21:39:08,739 [WARNING] Lectura serial fallida o formato incorrecto
2025-06-17 21:39:12,612 [INFO] Lectura datos climáticos NASA
2025-06-17 21:39:12,615 [INFO] Datos JSON preparados para envío
2025-06-17 21:39:13,668 [INFO] Lectura BMP390
2025-06-17 21:39:13,850 [INFO] Lectura LTR390
2025-06-17 21:39:15,853 [WARNING] Lectura serial fallida o formato incorrecto
2025-06-17 21:39:19,485 [INFO] Lectura datos climáticos NASA
2025-06-17 21:39:19,488 [INFO] Datos JSON preparados para envío
2025-06-17 21:39:20,541 [INFO] Lectura BMP390
2025-06-17 21:39:20,725 [INFO] Lectura LTR390
2025-06-17 21:39:22,728 [WARNING] Lectura serial fallida o formato incorrecto
2025-06-17 21:39:26,544 [INFO] Lectura datos climáticos NASA
2025-06-17 21:39:26,547 [INFO] Datos JSON preparados para envío
2025-06-17 21:39:27,600 [INFO] Lectura BMP390
2025-06-17 21:39:27,781 [INFO] Lectura LTR390
2025-06-17 21:39:29,784 [WARNING] Lectura serial fallida o formato incorrecto
2025-06-17 21:39:33,203 [INFO] Lectura datos climáticos NASA
2025-06-17 21:39:33,205 [INFO] Datos JSON preparados para envío
2025-06-17 21:39:34,256 [INFO] Lectura BMP390
2025-06-17 21:39:34,434 [INFO] Lectura LTR390
2025-06-17 21:39:36,437 [WARNING] Lectura serial fallida o formato incorrecto
2025-06-17 21:39:40,434 [INFO] Lectura datos climáticos NASA
2025-06-17 21:39:40,437 [INFO] Datos JSON preparados para envío
2025-06-17 21:39:41,489 [INFO] Lectura BMP390
2025-06-17 21:39:41,672 [INFO] Lectura LTR390
2025-06-17 21:39:43,675 [WARNING] Lectura serial fallida o formato incorrecto
2025-06-17 21:39:46,912 [INFO] Lectura datos climáticos NASA
2025-06-17 21:39:46,914 [INFO] Datos JSON preparados para envío
2025-06-17 21:39:47,966 [INFO] Lectura BMP390
2025-06-17 21:39:48,147 [INFO] Lectura LTR390
2025-06-17 21:39:50,150 [WARNING] Lectura serial fallida o formato incorrecto
2025-06-17 21:39:54,076 [INFO] Lectura datos climáticos NASA
2025-06-17 21:39:54,079 [INFO] Datos JSON preparados para envío
2025-06-17 21:39:55,133 [INFO] Lectura BMP390
2025-06-17 21:39:55,313 [INFO] Lectura LTR390
2025-06-17 21:39:57,316 [WARNING] Lectura serial fallida o formato incorrecto
2025-06-17 21:40:01,239 [INFO] Lectura datos climáticos NASA
2025-06-17 21:40:01,240 [INFO] Datos JSON preparados para envío
2025-06-17 21:40:02,294 [INFO] Lectura BMP390
2025-06-17 21:40:02,474 [INFO] Lectura LTR390
2025-06-17 21:40:04,477 [WARNING] Lectura serial fallida o formato incorrecto
2025-06-17 21:40:08,371 [INFO] Lectura datos climáticos NASA
2025-06-17 21:40:08,374 [INFO] Datos JSON preparados para envío
2025-06-17 21:40:09,426 [INFO] Lectura BMP390
2025-06-17 21:40:09,608 [INFO] Lectura LTR390
2025-06-17 21:40:11,611 [WARNING] Lectura serial fallida o formato incorrecto
2025-06-17 21:40:16,006 [INFO] Lectura datos climáticos NASA
2025-06-17 21:40:16,009 [INFO] Datos JSON preparados para envío
2025-06-17 21:40:17,061 [INFO] Lectura BMP390
2025-06-17 21:40:17,241 [INFO] Lectura LTR390
2025-06-17 21:40:19,244 [WARNING] Lectura serial fallida o formato incorrecto
2025-06-17 21:40:23,156 [INFO] Lectura datos climáticos NASA
2025-06-17 21:40:23,159 [INFO] Datos JSON preparados para envío
2025-06-17 21:40:24,209 [INFO] Lectura BMP390
2025-06-17 21:40:24,385 [INFO] Lectura LTR390
2025-06-17 21:40:26,388 [WARNING] Lectura serial fallida o formato incorrecto
2025-06-17 21:40:29,620 [INFO] Lectura datos climáticos NASA
2025-06-17 21:40:29,623 [INFO] Datos JSON preparados para envío
2025-06-17 21:40:30,675 [INFO] Lectura BMP390
2025-06-17 21:40:30,857 [INFO] Lectura LTR390
2025-06-17 21:40:32,860 [WARNING] Lectura serial fallida o formato incorrecto
2025-06-17 21:40:36,038 [INFO] Lectura datos climáticos NASA
2025-06-17 21:40:36,040 [INFO] Datos JSON preparados para envío
2025-06-17 21:40:37,089 [INFO] Lectura BMP390
2025-06-17 21:40:37,266 [INFO] Lectura LTR390
2025-06-17 21:40:39,268 [WARNING] Lectura serial fallida o formato incorrecto
2025-06-17 21:40:42,970 [INFO] Lectura datos climáticos NASA
2025-06-17 21:40:42,973 [INFO] Datos JSON preparados para envío
2025-06-17 21:40:44,024 [INFO] Lectura BMP390
2025-06-17 21:40:44,207 [INFO] Lectura LTR390
2025-06-17 21:40:46,210 [WARNING] Lectura serial fallida o formato incorrecto
2025-06-17 21:40:50,254 [INFO] Lectura datos climáticos NASA
2025-06-17 21:40:50,257 [INFO] Datos JSON preparados para envío
2025-06-17 21:40:51,307 [INFO] Lectura BMP390
2025-06-17 21:40:51,486 [INFO] Lectura LTR390
2025-06-17 21:40:53,489 [WARNING] Lectura serial fallida o formato incorrecto
2025-06-17 21:40:57,067 [INFO] Lectura datos climáticos NASA
2025-06-17 21:40:57,069 [INFO] Datos JSON preparados para envío
2025-06-17 21:40:58,124 [INFO] Lectura BMP390
2025-06-17 21:40:58,305 [INFO] Lectura LTR390
2025-06-17 21:41:00,308 [WARNING] Lectura serial fallida o formato incorrecto
2025-06-17 21:41:03,723 [INFO] Lectura datos climáticos NASA
2025-06-17 21:41:03,724 [INFO] Datos JSON preparados para envío
2025-06-17 21:41:04,776 [INFO] Lectura BMP390
2025-06-17 21:41:04,957 [INFO] Lectura LTR390
2025-06-17 21:41:06,961 [WARNING] Lectura serial fallida o formato incorrecto
2025-06-17 21:41:10,887 [INFO] Lectura datos climáticos NASA
2025-06-17 21:41:10,890 [INFO] Datos JSON preparados para envío
2025-06-17 21:41:11,943 [INFO] Lectura BMP390
2025-06-17 21:41:12,125 [INFO] Lectura LTR390
2025-06-17 21:41:14,129 [WARNING] Lectura serial fallida o formato incorrecto
2025-06-17 21:41:17,727 [INFO] Lectura datos climáticos NASA
2025-06-17 21:41:17,730 [INFO] Datos JSON preparados para envío
2025-06-17 21:41:18,782 [INFO] Lectura BMP390
2025-06-17 21:41:18,965 [INFO] Lectura LTR390
2025-06-17 21:41:20,968 [WARNING] Lectura serial fallida o formato incorrecto
2025-06-17 21:41:24,945 [INFO] Lectura datos climáticos NASA
2025-06-17 21:41:24,947 [INFO] Datos JSON preparados para envío
2025-06-17 21:41:25,996 [INFO] Lectura BMP390
2025-06-17 21:41:26,173 [INFO] Lectura LTR390
2025-06-17 21:41:28,176 [WARNING] Lectura serial fallida o formato incorrecto
2025-06-17 21:41:32,364 [INFO] Lectura datos climáticos NASA
2025-06-17 21:41:32,365 [INFO] Datos JSON preparados para envío
2025-06-17 21:41:33,416 [INFO] Lectura BMP390
2025-06-17 21:41:33,595 [INFO] Lectura LTR390
2025-06-17 21:41:35,597 [WARNING] Lectura serial fallida o formato incorrecto
2025-06-17 21:41:39,848 [INFO] Lectura datos climáticos NASA
2025-06-17 21:41:39,851 [INFO] Datos JSON preparados para envío
2025-06-17 21:41:40,904 [INFO] Lectura BMP390
2025-06-17 21:41:41,085 [INFO] Lectura LTR390
2025-06-17 21:41:43,088 [WARNING] Lectura serial fallida o formato incorrecto
2025-06-17 21:41:46,332 [INFO] Lectura datos climáticos NASA
2025-06-17 21:41:46,334 [INFO] Datos JSON preparados para envío
2025-06-17 21:41:47,387 [INFO] Lectura BMP390
2025-06-17 21:41:47,567 [INFO] Lectura LTR390
2025-06-17 21:41:49,570 [WARNING] Lectura serial fallida o formato incorrecto
2025-06-17 21:41:52,854 [INFO] Lectura datos climáticos NASA
2025-06-17 21:41:52,857 [INFO] Datos JSON preparados para envío
2025-06-17 21:41:53,914 [INFO] Lectura BMP390
2025-06-17 21:41:54,097 [INFO] Lectura LTR390
2025-06-17 21:41:56,100 [WARNING] Lectura serial fallida o formato incorrecto
2025-06-17 21:41:59,690 [INFO] Lectura datos climáticos NASA
2025-06-17 21:41:59,693 [INFO] Datos JSON preparados para envío
2025-06-17 21:42:00,745 [INFO] Lectura BMP390
2025-06-17 21:42:00,923 [INFO] Lectura LTR390
2025-06-17 21:42:02,926 [WARNING] Lectura serial fallida o formato incorrecto
2025-06-17 21:42:06,395 [INFO] Lectura datos climáticos NASA
2025-06-17 21:42:06,399 [INFO] Datos JSON preparados para envío
2025-06-17 21:42:07,452 [INFO] Lectura BMP390
2025-06-17 21:42:07,634 [INFO] Lectura LTR390
2025-06-17 21:42:09,636 [WARNING] Lectura serial fallida o formato incorrecto
2025-06-17 21:42:13,189 [INFO] Lectura datos climáticos NASA
2025-06-17 21:42:13,191 [INFO] Datos JSON preparados para envío
2025-06-17 21:42:14,241 [INFO] Lectura BMP390
2025-06-17 21:42:14,417 [INFO] Lectura LTR390
2025-06-17 21:42:16,420 [WARNING] Lectura serial fallida o formato incorrecto
2025-06-17 21:42:20,204 [INFO] Lectura datos climáticos NASA
2025-06-17 21:42:20,208 [INFO] Datos JSON preparados para envío
2025-06-17 21:42:21,260 [INFO] Lectura BMP390
2025-06-17 21:42:21,442 [INFO] Lectura LTR390
2025-06-17 21:42:23,445 [WARNING] Lectura serial fallida o formato incorrecto
2025-06-17 21:42:26,701 [INFO] Lectura datos climáticos NASA
2025-06-17 21:42:26,702 [INFO] Datos JSON preparados para envío
2025-06-17 21:42:27,755 [INFO] Lectura BMP390
2025-06-17 21:42:27,935 [INFO] Lectura LTR390
2025-06-17 21:42:29,937 [WARNING] Lectura serial fallida o formato incorrecto
2025-06-17 21:42:33,882 [INFO] Lectura datos climáticos NASA
2025-06-17 21:42:33,885 [INFO] Datos JSON preparados para envío
2025-06-17 21:42:34,939 [INFO] Lectura BMP390
2025-06-17 21:42:35,123 [INFO] Lectura LTR390
2025-06-17 21:42:37,127 [WARNING] Lectura serial fallida o formato incorrecto
2025-06-17 21:42:40,421 [INFO] Lectura datos climáticos NASA
2025-06-17 21:42:40,424 [INFO] Datos JSON preparados para envío
2025-06-17 21:42:41,478 [INFO] Lectura BMP390
2025-06-17 21:42:41,658 [INFO] Lectura LTR390
2025-06-17 21:42:43,661 [WARNING] Lectura serial fallida o formato incorrecto
2025-06-17 21:42:46,931 [INFO] Lectura datos climáticos NASA
2025-06-17 21:42:46,934 [INFO] Datos JSON preparados para envío
2025-06-17 21:42:47,988 [INFO] Lectura BMP390
2025-06-17 21:42:48,168 [INFO] Lectura LTR390
2025-06-17 21:42:50,171 [WARNING] Lectura serial fallida o formato incorrecto
2025-06-17 21:42:54,183 [INFO] Lectura datos climáticos NASA
2025-06-17 21:42:54,186 [INFO] Datos JSON preparados para envío
2025-06-17 21:42:55,239 [INFO] Lectura BMP390
2025-06-17 21:42:55,423 [INFO] Lectura LTR390
2025-06-17 21:42:57,426 [WARNING] Lectura serial fallida o formato incorrecto
2025-06-17 21:43:00,727 [INFO] Lectura datos climáticos NASA
2025-06-17 21:43:00,729 [INFO] Datos JSON preparados para envío
2025-06-17 21:43:01,786 [INFO] Lectura BMP390
2025-06-17 21:43:01,962 [INFO] Lectura LTR390
2025-06-17 21:43:03,963 [WARNING] Lectura serial fallida o formato incorrecto
2025-06-17 21:43:08,206 [INFO] Lectura datos climáticos NASA
2025-06-17 21:43:08,209 [INFO] Datos JSON preparados para envío
2025-06-17 21:43:09,261 [INFO] Lectura BMP390
2025-06-17 21:43:09,442 [INFO] Lectura LTR390
2025-06-17 21:43:11,445 [WARNING] Lectura serial fallida o formato incorrecto
2025-06-17 21:43:15,665 [INFO] Lectura datos climáticos NASA
2025-06-17 21:43:15,666 [INFO] Datos JSON preparados para envío
2025-06-17 21:43:16,719 [INFO] Lectura BMP390
2025-06-17 21:43:16,905 [INFO] Lectura LTR390
2025-06-17 21:43:18,908 [WARNING] Lectura serial fallida o formato incorrecto
2025-06-17 21:43:22,079 [INFO] Lectura datos climáticos NASA
2025-06-17 21:43:22,082 [INFO] Datos JSON preparados para envío
2025-06-17 21:43:23,134 [INFO] Lectura BMP390
2025-06-17 21:43:23,314 [INFO] Lectura LTR390
2025-06-17 21:43:25,316 [WARNING] Lectura serial fallida o formato incorrecto
2025-06-17 21:43:29,368 [INFO] Lectura datos climáticos NASA
2025-06-17 21:43:29,373 [INFO] Datos JSON preparados para envío
2025-06-17 21:43:30,425 [INFO] Lectura BMP390
2025-06-17 21:43:30,605 [INFO] Lectura LTR390
2025-06-17 21:43:32,609 [WARNING] Lectura serial fallida o formato incorrecto
2025-06-17 21:43:35,942 [INFO] Lectura datos climáticos NASA
2025-06-17 21:43:35,944 [INFO] Datos JSON preparados para envío
2025-06-17 21:43:36,994 [INFO] Lectura BMP390
2025-06-17 21:43:37,173 [INFO] Lectura LTR390
2025-06-17 21:43:39,176 [WARNING] Lectura serial fallida o formato incorrecto
2025-06-17 21:43:43,234 [INFO] Lectura datos climáticos NASA
2025-06-17 21:43:43,238 [INFO] Datos JSON preparados para envío
2025-06-17 21:43:44,290 [INFO] Lectura BMP390
2025-06-17 21:43:44,473 [INFO] Lectura LTR390
2025-06-17 21:43:46,477 [WARNING] Lectura serial fallida o formato incorrecto
2025-06-17 21:43:49,748 [INFO] Lectura datos climáticos NASA
2025-06-17 21:43:49,750 [INFO] Datos JSON preparados para envío
2025-06-17 21:43:50,800 [INFO] Lectura BMP390
2025-06-17 21:43:50,981 [INFO] Lectura LTR390
2025-06-17 21:43:52,984 [WARNING] Lectura serial fallida o formato incorrecto
2025-06-17 21:43:56,734 [INFO] Lectura datos climáticos NASA
2025-06-17 21:43:56,737 [INFO] Datos JSON preparados para envío
2025-06-17 21:43:57,790 [INFO] Lectura BMP390
2025-06-17 21:43:57,970 [INFO] Lectura LTR390
2025-06-17 21:43:59,973 [WARNING] Lectura serial fallida o formato incorrecto
2025-06-17 21:44:03,115 [INFO] Lectura datos climáticos NASA
2025-06-17 21:44:03,117 [INFO] Datos JSON preparados para envío
2025-06-17 21:44:04,167 [INFO] Lectura BMP390
2025-06-17 21:44:04,346 [INFO] Lectura LTR390
2025-06-17 21:44:06,349 [WARNING] Lectura serial fallida o formato incorrecto
2025-06-17 21:44:09,707 [INFO] Lectura datos climáticos NASA
2025-06-17 21:44:09,709 [INFO] Datos JSON preparados para envío
2025-06-17 21:44:10,762 [INFO] Lectura BMP390
2025-06-17 21:44:10,946 [INFO] Lectura LTR390
2025-06-17 21:44:12,949 [WARNING] Lectura serial fallida o formato incorrecto
2025-06-17 21:44:16,304 [INFO] Lectura datos climáticos NASA
2025-06-17 21:44:16,306 [INFO] Datos JSON preparados para envío
2025-06-17 21:44:17,358 [INFO] Lectura BMP390
2025-06-17 21:44:17,539 [INFO] Lectura LTR390
2025-06-17 21:44:19,542 [WARNING] Lectura serial fallida o formato incorrecto
2025-06-17 21:44:23,345 [INFO] Lectura datos climáticos NASA
2025-06-17 21:44:23,348 [INFO] Datos JSON preparados para envío
2025-06-17 21:44:24,407 [INFO] Lectura BMP390
2025-06-17 21:44:24,586 [INFO] Lectura LTR390
2025-06-17 21:44:26,590 [WARNING] Lectura serial fallida o formato incorrecto
2025-06-17 21:44:29,991 [INFO] Lectura datos climáticos NASA
2025-06-17 21:44:29,993 [INFO] Datos JSON preparados para envío
2025-06-17 21:44:31,047 [INFO] Lectura BMP390
2025-06-17 21:44:31,228 [INFO] Lectura LTR390
2025-06-17 21:44:33,232 [WARNING] Lectura serial fallida o formato incorrecto
2025-06-17 21:44:36,470 [INFO] Lectura datos climáticos NASA
2025-06-17 21:44:36,472 [INFO] Datos JSON preparados para envío
2025-06-17 21:44:37,526 [INFO] Lectura BMP390
2025-06-17 21:44:37,706 [INFO] Lectura LTR390
2025-06-17 21:44:39,714 [WARNING] Lectura serial fallida o formato incorrecto
2025-06-17 21:44:42,999 [INFO] Lectura datos climáticos NASA
2025-06-17 21:44:43,002 [INFO] Datos JSON preparados para envío
2025-06-17 21:44:44,056 [INFO] Lectura BMP390
2025-06-17 21:44:44,238 [INFO] Lectura LTR390
2025-06-17 21:44:46,241 [WARNING] Lectura serial fallida o formato incorrecto
2025-06-17 21:44:49,552 [INFO] Lectura datos climáticos NASA
2025-06-17 21:44:49,555 [INFO] Datos JSON preparados para envío
2025-06-17 21:44:50,608 [INFO] Lectura BMP390
2025-06-17 21:44:50,789 [INFO] Lectura LTR390
2025-06-17 21:44:52,792 [WARNING] Lectura serial fallida o formato incorrecto
2025-06-17 21:44:56,709 [INFO] Lectura datos climáticos NASA
2025-06-17 21:44:56,712 [INFO] Datos JSON preparados para envío
2025-06-17 21:44:57,764 [INFO] Lectura BMP390
2025-06-17 21:44:57,945 [INFO] Lectura LTR390
2025-06-17 21:44:59,949 [WARNING] Lectura serial fallida o formato incorrecto
2025-06-17 21:45:03,838 [INFO] Lectura datos climáticos NASA
2025-06-17 21:45:03,840 [INFO] Datos JSON preparados para envío
2025-06-17 21:45:04,895 [INFO] Lectura BMP390
2025-06-17 21:45:05,072 [INFO] Lectura LTR390
2025-06-17 21:45:07,075 [WARNING] Lectura serial fallida o formato incorrecto
2025-06-17 21:45:10,414 [INFO] Lectura datos climáticos NASA
2025-06-17 21:45:10,418 [INFO] Datos JSON preparados para envío
2025-06-17 21:45:11,471 [INFO] Lectura BMP390
2025-06-17 21:45:11,651 [INFO] Lectura LTR390
2025-06-17 21:45:13,654 [WARNING] Lectura serial fallida o formato incorrecto
2025-06-17 21:45:17,698 [INFO] Lectura datos climáticos NASA
2025-06-17 21:45:17,701 [INFO] Datos JSON preparados para envío
2025-06-17 21:45:18,753 [INFO] Lectura BMP390
2025-06-17 21:45:18,936 [INFO] Lectura LTR390
2025-06-17 21:45:20,939 [WARNING] Lectura serial fallida o formato incorrecto
2025-06-17 21:45:25,430 [INFO] Lectura datos climáticos NASA
2025-06-17 21:45:25,432 [INFO] Datos JSON preparados para envío
2025-06-17 21:45:26,485 [INFO] Lectura BMP390
2025-06-17 21:45:26,667 [INFO] Lectura LTR390
2025-06-17 21:45:28,670 [WARNING] Lectura serial fallida o formato incorrecto
2025-06-17 21:45:32,444 [INFO] Lectura datos climáticos NASA
2025-06-17 21:45:32,447 [INFO] Datos JSON preparados para envío
2025-06-17 21:45:33,503 [INFO] Lectura BMP390
2025-06-17 21:45:33,683 [INFO] Lectura LTR390
2025-06-17 21:45:35,686 [WARNING] Lectura serial fallida o formato incorrecto
2025-06-17 21:45:39,033 [INFO] Lectura datos climáticos NASA
2025-06-17 21:45:39,035 [INFO] Datos JSON preparados para envío
2025-06-17 21:45:40,087 [INFO] Lectura BMP390
2025-06-17 21:45:40,264 [INFO] Lectura LTR390
2025-06-17 21:45:42,267 [WARNING] Lectura serial fallida o formato incorrecto
2025-06-17 21:45:45,925 [INFO] Lectura datos climáticos NASA
2025-06-17 21:45:45,928 [INFO] Datos JSON preparados para envío
2025-06-17 21:45:46,982 [INFO] Lectura BMP390
2025-06-17 21:45:47,165 [INFO] Lectura LTR390
2025-06-17 21:45:49,168 [WARNING] Lectura serial fallida o formato incorrecto
2025-06-17 21:45:52,499 [INFO] Lectura datos climáticos NASA
2025-06-17 21:45:52,500 [INFO] Datos JSON preparados para envío
2025-06-17 21:45:53,551 [INFO] Lectura BMP390
2025-06-17 21:45:53,728 [INFO] Lectura LTR390
2025-06-17 21:45:55,731 [WARNING] Lectura serial fallida o formato incorrecto
2025-06-17 21:45:59,503 [INFO] Lectura datos climáticos NASA
2025-06-17 21:45:59,507 [INFO] Datos JSON preparados para envío
2025-06-17 21:46:00,560 [INFO] Lectura BMP390
2025-06-17 21:46:00,739 [INFO] Lectura LTR390
2025-06-17 21:46:02,742 [WARNING] Lectura serial fallida o formato incorrecto
2025-06-17 21:46:06,329 [INFO] Lectura datos climáticos NASA
2025-06-17 21:46:06,331 [INFO] Datos JSON preparados para envío
2025-06-17 21:46:07,385 [INFO] Lectura BMP390
2025-06-17 21:46:07,567 [INFO] Lectura LTR390
2025-06-17 21:46:09,570 [WARNING] Lectura serial fallida o formato incorrecto
2025-06-17 21:46:12,807 [INFO] Lectura datos climáticos NASA
2025-06-17 21:46:12,810 [INFO] Datos JSON preparados para envío
2025-06-17 21:46:13,862 [INFO] Lectura BMP390
2025-06-17 21:46:14,042 [INFO] Lectura LTR390
2025-06-17 21:46:16,045 [WARNING] Lectura serial fallida o formato incorrecto
2025-06-17 21:46:19,264 [INFO] Lectura datos climáticos NASA
2025-06-17 21:46:19,267 [INFO] Datos JSON preparados para envío
2025-06-17 21:46:20,319 [INFO] Lectura BMP390
2025-06-17 21:46:20,500 [INFO] Lectura LTR390
2025-06-17 21:46:22,503 [WARNING] Lectura serial fallida o formato incorrecto
2025-06-17 21:46:26,520 [INFO] Lectura datos climáticos NASA
2025-06-17 21:46:26,523 [INFO] Datos JSON preparados para envío
2025-06-17 21:46:27,580 [INFO] Lectura BMP390
2025-06-17 21:46:27,762 [INFO] Lectura LTR390
2025-06-17 21:46:29,765 [WARNING] Lectura serial fallida o formato incorrecto
2025-06-17 21:46:33,691 [INFO] Lectura datos climáticos NASA
2025-06-17 21:46:33,697 [INFO] Datos JSON preparados para envío
2025-06-17 21:46:34,748 [INFO] Lectura BMP390
2025-06-17 21:46:34,929 [INFO] Lectura LTR390
2025-06-17 21:46:36,932 [WARNING] Lectura serial fallida o formato incorrecto
2025-06-17 21:46:40,472 [INFO] Lectura datos climáticos NASA
2025-06-17 21:46:40,474 [INFO] Datos JSON preparados para envío
2025-06-17 21:46:41,524 [INFO] Lectura BMP390
2025-06-17 21:46:41,703 [INFO] Lectura LTR390
2025-06-17 21:46:43,706 [WARNING] Lectura serial fallida o formato incorrecto
2025-06-17 21:46:46,990 [INFO] Lectura datos climáticos NASA
2025-06-17 21:46:46,993 [INFO] Datos JSON preparados para envío
2025-06-17 21:46:48,046 [INFO] Lectura BMP390
2025-06-17 21:46:48,226 [INFO] Lectura LTR390
2025-06-17 21:46:50,229 [WARNING] Lectura serial fallida o formato incorrecto
2025-06-17 21:46:53,942 [INFO] Lectura datos climáticos NASA
2025-06-17 21:46:53,944 [INFO] Datos JSON preparados para envío
2025-06-17 21:46:54,998 [INFO] Lectura BMP390
2025-06-17 21:46:55,181 [INFO] Lectura LTR390
2025-06-17 21:46:57,184 [WARNING] Lectura serial fallida o formato incorrecto
2025-06-17 21:47:00,713 [INFO] Lectura datos climáticos NASA
2025-06-17 21:47:00,715 [INFO] Datos JSON preparados para envío
2025-06-17 21:47:01,772 [INFO] Lectura BMP390
2025-06-17 21:47:01,951 [INFO] Lectura LTR390
2025-06-17 21:47:03,954 [WARNING] Lectura serial fallida o formato incorrecto
2025-06-17 21:47:07,964 [INFO] Lectura datos climáticos NASA
2025-06-17 21:47:07,967 [INFO] Datos JSON preparados para envío
2025-06-17 21:47:09,021 [INFO] Lectura BMP390
2025-06-17 21:47:09,200 [INFO] Lectura LTR390
2025-06-17 21:47:11,204 [WARNING] Lectura serial fallida o formato incorrecto
2025-06-17 21:47:14,750 [INFO] Lectura datos climáticos NASA
2025-06-17 21:47:14,753 [INFO] Datos JSON preparados para envío
2025-06-17 21:47:15,806 [INFO] Lectura BMP390
2025-06-17 21:47:15,987 [INFO] Lectura LTR390
2025-06-17 21:47:17,990 [WARNING] Lectura serial fallida o formato incorrecto
2025-06-17 21:47:21,474 [INFO] Lectura datos climáticos NASA
2025-06-17 21:47:21,477 [INFO] Datos JSON preparados para envío
2025-06-17 21:47:22,532 [INFO] Lectura BMP390
2025-06-17 21:47:22,713 [INFO] Lectura LTR390
2025-06-17 21:47:24,717 [WARNING] Lectura serial fallida o formato incorrecto
2025-06-17 21:47:28,472 [INFO] Lectura datos climáticos NASA
2025-06-17 21:47:28,477 [INFO] Datos JSON preparados para envío
2025-06-17 21:47:29,527 [INFO] Lectura BMP390
2025-06-17 21:47:29,704 [INFO] Lectura LTR390
2025-06-17 21:47:31,707 [WARNING] Lectura serial fallida o formato incorrecto
2025-06-17 21:47:35,695 [INFO] Lectura datos climáticos NASA
2025-06-17 21:47:35,698 [INFO] Datos JSON preparados para envío
2025-06-17 21:47:36,750 [INFO] Lectura BMP390
2025-06-17 21:47:36,932 [INFO] Lectura LTR390
2025-06-17 21:47:38,933 [WARNING] Lectura serial fallida o formato incorrecto
2025-06-17 21:47:42,814 [INFO] Lectura datos climáticos NASA
2025-06-17 21:47:42,816 [INFO] Datos JSON preparados para envío
2025-06-17 21:47:43,870 [INFO] Lectura BMP390
2025-06-17 21:47:44,049 [INFO] Lectura LTR390
2025-06-17 21:47:46,053 [WARNING] Lectura serial fallida o formato incorrecto
2025-06-17 21:47:49,512 [INFO] Lectura datos climáticos NASA
2025-06-17 21:47:49,515 [INFO] Datos JSON preparados para envío
2025-06-17 21:47:50,569 [INFO] Lectura BMP390
2025-06-17 21:47:50,752 [INFO] Lectura LTR390
2025-06-17 21:47:52,755 [WARNING] Lectura serial fallida o formato incorrecto
2025-06-17 21:47:55,940 [INFO] Lectura datos climáticos NASA
2025-06-17 21:47:55,943 [INFO] Datos JSON preparados para envío
2025-06-17 21:47:56,998 [INFO] Lectura BMP390
2025-06-17 21:47:57,179 [INFO] Lectura LTR390
2025-06-17 21:47:59,182 [WARNING] Lectura serial fallida o formato incorrecto
2025-06-17 21:48:03,737 [INFO] Lectura datos climáticos NASA
2025-06-17 21:48:03,740 [INFO] Datos JSON preparados para envío
2025-06-17 21:48:04,793 [INFO] Lectura BMP390
2025-06-17 21:48:04,975 [INFO] Lectura LTR390
2025-06-17 21:48:06,981 [WARNING] Lectura serial fallida o formato incorrecto
2025-06-17 21:48:10,491 [INFO] Lectura datos climáticos NASA
2025-06-17 21:48:10,494 [INFO] Datos JSON preparados para envío
2025-06-17 21:48:11,546 [INFO] Lectura BMP390
2025-06-17 21:48:11,725 [INFO] Lectura LTR390
2025-06-17 21:48:13,729 [WARNING] Lectura serial fallida o formato incorrecto
2025-06-17 21:48:17,027 [INFO] Lectura datos climáticos NASA
2025-06-17 21:48:17,030 [INFO] Datos JSON preparados para envío
2025-06-17 21:48:18,082 [INFO] Lectura BMP390
2025-06-17 21:48:18,258 [INFO] Lectura LTR390
2025-06-17 21:48:20,261 [WARNING] Lectura serial fallida o formato incorrecto
2025-06-17 21:48:23,588 [INFO] Lectura datos climáticos NASA
2025-06-17 21:48:23,591 [INFO] Datos JSON preparados para envío
2025-06-17 21:48:24,644 [INFO] Lectura BMP390
2025-06-17 21:48:24,825 [INFO] Lectura LTR390
2025-06-17 21:48:26,828 [WARNING] Lectura serial fallida o formato incorrecto
2025-06-17 21:48:30,544 [INFO] Lectura datos climáticos NASA
2025-06-17 21:48:30,546 [INFO] Datos JSON preparados para envío
2025-06-17 21:48:31,596 [INFO] Lectura BMP390
2025-06-17 21:48:31,773 [INFO] Lectura LTR390
2025-06-17 21:48:33,776 [WARNING] Lectura serial fallida o formato incorrecto
2025-06-17 21:48:37,419 [INFO] Lectura datos climáticos NASA
2025-06-17 21:48:37,422 [INFO] Datos JSON preparados para envío
2025-06-17 21:48:38,475 [INFO] Lectura BMP390
2025-06-17 21:48:38,655 [INFO] Lectura LTR390
2025-06-17 21:48:40,658 [WARNING] Lectura serial fallida o formato incorrecto
2025-06-17 21:48:44,670 [INFO] Lectura datos climáticos NASA
2025-06-17 21:48:44,673 [INFO] Datos JSON preparados para envío
2025-06-17 21:48:45,726 [INFO] Lectura BMP390
2025-06-17 21:48:45,910 [INFO] Lectura LTR390
2025-06-17 21:48:47,913 [WARNING] Lectura serial fallida o formato incorrecto
2025-06-17 21:48:51,423 [INFO] Lectura datos climáticos NASA
2025-06-17 21:48:51,426 [INFO] Datos JSON preparados para envío
2025-06-17 21:48:52,478 [INFO] Lectura BMP390
2025-06-17 21:48:52,658 [INFO] Lectura LTR390
2025-06-17 21:48:54,661 [WARNING] Lectura serial fallida o formato incorrecto
2025-06-17 21:48:58,803 [INFO] Lectura datos climáticos NASA
2025-06-17 21:48:58,806 [INFO] Datos JSON preparados para envío
2025-06-17 21:48:59,859 [INFO] Lectura BMP390
2025-06-17 21:49:00,039 [INFO] Lectura LTR390
2025-06-17 21:49:02,042 [WARNING] Lectura serial fallida o formato incorrecto
2025-06-17 21:49:05,350 [INFO] Lectura datos climáticos NASA
2025-06-17 21:49:05,352 [INFO] Datos JSON preparados para envío
2025-06-17 21:49:06,407 [INFO] Lectura BMP390
2025-06-17 21:49:06,584 [INFO] Lectura LTR390
2025-06-17 21:49:08,586 [WARNING] Lectura serial fallida o formato incorrecto
2025-06-17 21:49:11,919 [INFO] Lectura datos climáticos NASA
2025-06-17 21:49:11,922 [INFO] Datos JSON preparados para envío
2025-06-17 21:49:12,975 [INFO] Lectura BMP390
2025-06-17 21:49:13,157 [INFO] Lectura LTR390
2025-06-17 21:49:15,160 [WARNING] Lectura serial fallida o formato incorrecto
2025-06-17 21:49:18,528 [INFO] Lectura datos climáticos NASA
2025-06-17 21:49:18,532 [INFO] Datos JSON preparados para envío
2025-06-17 21:49:19,583 [INFO] Lectura BMP390
2025-06-17 21:49:19,760 [INFO] Lectura LTR390
2025-06-17 21:49:21,762 [WARNING] Lectura serial fallida o formato incorrecto
2025-06-17 21:49:25,413 [INFO] Lectura datos climáticos NASA
2025-06-17 21:49:25,416 [INFO] Datos JSON preparados para envío
2025-06-17 21:49:26,469 [INFO] Lectura BMP390
2025-06-17 21:49:26,651 [INFO] Lectura LTR390
2025-06-17 21:49:28,655 [WARNING] Lectura serial fallida o formato incorrecto
2025-06-17 21:49:32,223 [INFO] Lectura datos climáticos NASA
2025-06-17 21:49:32,224 [INFO] Datos JSON preparados para envío
2025-06-17 21:49:33,275 [INFO] Lectura BMP390
2025-06-17 21:49:33,460 [INFO] Lectura LTR390
2025-06-17 21:49:35,463 [WARNING] Lectura serial fallida o formato incorrecto
2025-06-17 21:49:39,017 [INFO] Lectura datos climáticos NASA
2025-06-17 21:49:39,019 [INFO] Datos JSON preparados para envío
2025-06-17 21:49:40,075 [INFO] Lectura BMP390
2025-06-17 21:49:40,254 [INFO] Lectura LTR390
2025-06-17 21:49:42,257 [WARNING] Lectura serial fallida o formato incorrecto
2025-06-17 21:49:45,455 [INFO] Lectura datos climáticos NASA
2025-06-17 21:49:45,458 [INFO] Datos JSON preparados para envío
2025-06-17 21:49:46,511 [INFO] Lectura BMP390
2025-06-17 21:49:46,690 [INFO] Lectura LTR390
2025-06-17 21:49:48,693 [WARNING] Lectura serial fallida o formato incorrecto
2025-06-17 21:49:52,085 [INFO] Lectura datos climáticos NASA
2025-06-17 21:49:52,088 [INFO] Datos JSON preparados para envío
2025-06-17 21:49:53,141 [INFO] Lectura BMP390
2025-06-17 21:49:53,320 [INFO] Lectura LTR390
2025-06-17 21:49:55,323 [WARNING] Lectura serial fallida o formato incorrecto
2025-06-17 21:49:58,291 [INFO] Lectura datos climáticos NASA
2025-06-17 21:49:58,296 [INFO] Datos JSON preparados para envío
2025-06-17 21:49:59,347 [INFO] Lectura BMP390
2025-06-17 21:49:59,527 [INFO] Lectura LTR390
2025-06-17 21:50:01,529 [WARNING] Lectura serial fallida o formato incorrecto
2025-06-17 21:50:05,051 [INFO] Lectura datos climáticos NASA
2025-06-17 21:50:05,054 [INFO] Datos JSON preparados para envío
2025-06-17 21:50:06,110 [INFO] Lectura BMP390
2025-06-17 21:50:06,291 [INFO] Lectura LTR390
2025-06-17 21:50:08,294 [WARNING] Lectura serial fallida o formato incorrecto
2025-06-17 21:50:12,521 [INFO] Lectura datos climáticos NASA
2025-06-17 21:50:12,524 [INFO] Datos JSON preparados para envío
2025-06-17 21:50:13,576 [INFO] Lectura BMP390
2025-06-17 21:50:13,760 [INFO] Lectura LTR390
2025-06-17 21:50:15,764 [WARNING] Lectura serial fallida o formato incorrecto
2025-06-17 21:50:19,339 [INFO] Lectura datos climáticos NASA
2025-06-17 21:50:19,341 [INFO] Datos JSON preparados para envío
2025-06-17 21:50:20,392 [INFO] Lectura BMP390
2025-06-17 21:50:20,572 [INFO] Lectura LTR390
2025-06-17 21:50:22,574 [WARNING] Lectura serial fallida o formato incorrecto
2025-06-17 21:50:25,917 [INFO] Lectura datos climáticos NASA
2025-06-17 21:50:25,920 [INFO] Datos JSON preparados para envío
2025-06-17 21:50:26,973 [INFO] Lectura BMP390
2025-06-17 21:50:27,156 [INFO] Lectura LTR390
2025-06-17 21:50:29,159 [WARNING] Lectura serial fallida o formato incorrecto
2025-06-17 21:50:32,766 [INFO] Lectura datos climáticos NASA
2025-06-17 21:50:32,768 [INFO] Datos JSON preparados para envío
2025-06-17 21:50:33,821 [INFO] Lectura BMP390
2025-06-17 21:50:34,002 [INFO] Lectura LTR390
2025-06-17 21:50:36,005 [WARNING] Lectura serial fallida o formato incorrecto
2025-06-17 21:50:40,102 [INFO] Lectura datos climáticos NASA
2025-06-17 21:50:40,105 [INFO] Datos JSON preparados para envío
2025-06-17 21:50:41,158 [INFO] Lectura BMP390
2025-06-17 21:50:41,341 [INFO] Lectura LTR390
2025-06-17 21:50:43,344 [WARNING] Lectura serial fallida o formato incorrecto
2025-06-17 21:50:47,302 [INFO] Lectura datos climáticos NASA
2025-06-17 21:50:47,305 [INFO] Datos JSON preparados para envío
2025-06-17 21:50:48,361 [INFO] Lectura BMP390
2025-06-17 21:50:48,541 [INFO] Lectura LTR390
2025-06-17 21:50:50,544 [WARNING] Lectura serial fallida o formato incorrecto
2025-06-17 21:50:54,208 [INFO] Lectura datos climáticos NASA
2025-06-17 21:50:54,211 [INFO] Datos JSON preparados para envío
2025-06-17 21:50:55,263 [INFO] Lectura BMP390
2025-06-17 21:50:55,443 [INFO] Lectura LTR390
2025-06-17 21:50:57,446 [WARNING] Lectura serial fallida o formato incorrecto
2025-06-17 21:51:01,512 [INFO] Lectura datos climáticos NASA
2025-06-17 21:51:01,515 [INFO] Datos JSON preparados para envío
2025-06-17 21:51:02,568 [INFO] Lectura BMP390
2025-06-17 21:51:02,746 [INFO] Lectura LTR390
2025-06-17 21:51:04,749 [WARNING] Lectura serial fallida o formato incorrecto
2025-06-17 21:51:08,403 [INFO] Lectura datos climáticos NASA
2025-06-17 21:51:08,405 [INFO] Datos JSON preparados para envío
2025-06-17 21:51:09,469 [INFO] Lectura BMP390
2025-06-17 21:51:09,649 [INFO] Lectura LTR390
2025-06-17 21:51:11,652 [WARNING] Lectura serial fallida o formato incorrecto
2025-06-17 21:51:15,304 [INFO] Lectura datos climáticos NASA
2025-06-17 21:51:15,306 [INFO] Datos JSON preparados para envío
2025-06-17 21:51:16,359 [INFO] Lectura BMP390
2025-06-17 21:51:16,539 [INFO] Lectura LTR390
2025-06-17 21:51:18,542 [WARNING] Lectura serial fallida o formato incorrecto
2025-06-17 21:51:22,378 [INFO] Lectura datos climáticos NASA
2025-06-17 21:51:22,380 [INFO] Datos JSON preparados para envío
2025-06-17 21:51:23,433 [INFO] Lectura BMP390
2025-06-17 21:51:23,613 [INFO] Lectura LTR390
2025-06-17 21:51:25,616 [WARNING] Lectura serial fallida o formato incorrecto
2025-06-17 21:51:29,733 [INFO] Lectura datos climáticos NASA
2025-06-17 21:51:29,736 [INFO] Datos JSON preparados para envío
2025-06-17 21:51:30,789 [INFO] Lectura BMP390
2025-06-17 21:51:30,968 [INFO] Lectura LTR390
2025-06-17 21:51:32,971 [WARNING] Lectura serial fallida o formato incorrecto
2025-06-17 21:51:36,771 [INFO] Lectura datos climáticos NASA
2025-06-17 21:51:36,773 [INFO] Datos JSON preparados para envío
2025-06-17 21:51:37,826 [INFO] Lectura BMP390
2025-06-17 21:51:38,006 [INFO] Lectura LTR390
2025-06-17 21:51:40,009 [WARNING] Lectura serial fallida o formato incorrecto
2025-06-17 21:51:43,647 [INFO] Lectura datos climáticos NASA
2025-06-17 21:51:43,649 [INFO] Datos JSON preparados para envío
2025-06-17 21:51:44,701 [INFO] Lectura BMP390
2025-06-17 21:51:44,879 [INFO] Lectura LTR390
2025-06-17 21:51:46,882 [WARNING] Lectura serial fallida o formato incorrecto
2025-06-17 21:51:50,509 [INFO] Lectura datos climáticos NASA
2025-06-17 21:51:50,515 [INFO] Datos JSON preparados para envío
2025-06-17 21:51:51,568 [INFO] Lectura BMP390
2025-06-17 21:51:51,748 [INFO] Lectura LTR390
2025-06-17 21:51:53,750 [WARNING] Lectura serial fallida o formato incorrecto
2025-06-17 21:51:57,578 [INFO] Lectura datos climáticos NASA
2025-06-17 21:51:57,585 [INFO] Datos JSON preparados para envío
2025-06-17 21:51:58,638 [INFO] Lectura BMP390
2025-06-17 21:51:58,819 [INFO] Lectura LTR390
2025-06-17 21:52:00,820 [WARNING] Lectura serial fallida o formato incorrecto
2025-06-17 21:52:04,427 [INFO] Lectura datos climáticos NASA
2025-06-17 21:52:04,430 [INFO] Datos JSON preparados para envío
2025-06-17 21:52:05,484 [INFO] Lectura BMP390
2025-06-17 21:52:05,664 [INFO] Lectura LTR390
2025-06-17 21:52:07,667 [WARNING] Lectura serial fallida o formato incorrecto
2025-06-17 21:52:11,753 [INFO] Lectura datos climáticos NASA
2025-06-17 21:52:11,755 [INFO] Datos JSON preparados para envío
2025-06-17 21:52:12,808 [INFO] Lectura BMP390
2025-06-17 21:52:12,990 [INFO] Lectura LTR390
2025-06-17 21:52:14,993 [WARNING] Lectura serial fallida o formato incorrecto
2025-06-17 21:52:18,436 [INFO] Lectura datos climáticos NASA
2025-06-17 21:52:18,439 [INFO] Datos JSON preparados para envío
2025-06-17 21:52:19,492 [INFO] Lectura BMP390
2025-06-17 21:52:19,672 [INFO] Lectura LTR390
2025-06-17 21:52:21,675 [WARNING] Lectura serial fallida o formato incorrecto
2025-06-17 21:52:25,301 [INFO] Lectura datos climáticos NASA
2025-06-17 21:52:25,303 [INFO] Datos JSON preparados para envío
2025-06-17 21:52:26,356 [INFO] Lectura BMP390
2025-06-17 21:52:26,539 [INFO] Lectura LTR390
2025-06-17 21:52:28,542 [WARNING] Lectura serial fallida o formato incorrecto
2025-06-17 21:52:32,267 [INFO] Lectura datos climáticos NASA
2025-06-17 21:52:32,269 [INFO] Datos JSON preparados para envío
2025-06-17 21:52:33,319 [INFO] Lectura BMP390
2025-06-17 21:52:33,496 [INFO] Lectura LTR390
2025-06-17 21:52:35,499 [WARNING] Lectura serial fallida o formato incorrecto
2025-06-17 21:52:39,116 [INFO] Lectura datos climáticos NASA
2025-06-17 21:52:39,119 [INFO] Datos JSON preparados para envío
2025-06-17 21:52:40,172 [INFO] Lectura BMP390
2025-06-17 21:52:40,356 [INFO] Lectura LTR390
2025-06-17 21:52:42,359 [WARNING] Lectura serial fallida o formato incorrecto
2025-06-17 21:52:46,322 [INFO] Lectura datos climáticos NASA
2025-06-17 21:52:46,324 [INFO] Datos JSON preparados para envío
2025-06-17 21:52:47,373 [INFO] Lectura BMP390
2025-06-17 21:52:47,550 [INFO] Lectura LTR390
2025-06-17 21:52:49,553 [WARNING] Lectura serial fallida o formato incorrecto
2025-06-17 21:52:53,422 [INFO] Lectura datos climáticos NASA
2025-06-17 21:52:53,425 [INFO] Datos JSON preparados para envío
2025-06-17 21:52:54,479 [INFO] Lectura BMP390
2025-06-17 21:52:54,663 [INFO] Lectura LTR390
2025-06-17 21:52:56,666 [WARNING] Lectura serial fallida o formato incorrecto
2025-06-17 21:53:00,183 [INFO] Lectura datos climáticos NASA
2025-06-17 21:53:00,187 [INFO] Datos JSON preparados para envío
2025-06-17 21:53:01,241 [INFO] Lectura BMP390
2025-06-17 21:53:01,421 [INFO] Lectura LTR390
2025-06-17 21:53:03,424 [WARNING] Lectura serial fallida o formato incorrecto
2025-06-17 21:53:06,955 [INFO] Lectura datos climáticos NASA
2025-06-17 21:53:06,958 [INFO] Datos JSON preparados para envío
2025-06-17 21:53:08,009 [INFO] Lectura BMP390
2025-06-17 21:53:08,186 [INFO] Lectura LTR390
2025-06-17 21:53:10,189 [WARNING] Lectura serial fallida o formato incorrecto
2025-06-17 21:53:14,247 [INFO] Lectura datos climáticos NASA
2025-06-17 21:53:14,249 [INFO] Datos JSON preparados para envío
2025-06-17 21:53:15,303 [INFO] Lectura BMP390
2025-06-17 21:53:15,482 [INFO] Lectura LTR390
2025-06-17 21:53:17,485 [WARNING] Lectura serial fallida o formato incorrecto
2025-06-17 21:53:21,841 [INFO] Lectura datos climáticos NASA
2025-06-17 21:53:21,843 [INFO] Datos JSON preparados para envío
2025-06-17 21:53:22,895 [INFO] Lectura BMP390
2025-06-17 21:53:23,073 [INFO] Lectura LTR390
2025-06-17 21:53:25,075 [WARNING] Lectura serial fallida o formato incorrecto
2025-06-17 21:53:29,566 [INFO] Lectura datos climáticos NASA
2025-06-17 21:53:29,569 [INFO] Datos JSON preparados para envío
2025-06-17 21:53:30,624 [INFO] Lectura BMP390
2025-06-17 21:53:30,804 [INFO] Lectura LTR390
2025-06-17 21:53:32,806 [WARNING] Lectura serial fallida o formato incorrecto
2025-06-17 21:53:36,843 [INFO] Lectura datos climáticos NASA
2025-06-17 21:53:36,846 [INFO] Datos JSON preparados para envío
2025-06-17 21:53:37,902 [INFO] Lectura BMP390
2025-06-17 21:53:38,082 [INFO] Lectura LTR390
2025-06-17 21:53:40,085 [WARNING] Lectura serial fallida o formato incorrecto
2025-06-17 21:53:44,407 [INFO] Lectura datos climáticos NASA
2025-06-17 21:53:44,410 [INFO] Datos JSON preparados para envío
2025-06-17 21:53:45,463 [INFO] Lectura BMP390
2025-06-17 21:53:45,644 [INFO] Lectura LTR390
2025-06-17 21:53:47,646 [WARNING] Lectura serial fallida o formato incorrecto
2025-06-17 21:53:51,055 [INFO] Lectura datos climáticos NASA
2025-06-17 21:53:51,058 [INFO] Datos JSON preparados para envío
2025-06-17 21:53:52,111 [INFO] Lectura BMP390
2025-06-17 21:53:52,291 [INFO] Lectura LTR390
2025-06-17 21:53:54,294 [WARNING] Lectura serial fallida o formato incorrecto
2025-06-17 21:53:58,627 [INFO] Lectura datos climáticos NASA
2025-06-17 21:53:58,629 [INFO] Datos JSON preparados para envío
2025-06-17 21:53:59,680 [INFO] Lectura BMP390
2025-06-17 21:53:59,857 [INFO] Lectura LTR390
2025-06-17 21:54:01,860 [WARNING] Lectura serial fallida o formato incorrecto
2025-06-17 21:54:05,797 [INFO] Lectura datos climáticos NASA
2025-06-17 21:54:05,800 [INFO] Datos JSON preparados para envío
2025-06-17 21:54:06,855 [INFO] Lectura BMP390
2025-06-17 21:54:07,035 [INFO] Lectura LTR390
2025-06-17 21:54:09,038 [WARNING] Lectura serial fallida o formato incorrecto
2025-06-17 21:54:12,413 [INFO] Lectura datos climáticos NASA
2025-06-17 21:54:12,415 [INFO] Datos JSON preparados para envío
2025-06-17 21:54:13,468 [INFO] Lectura BMP390
2025-06-17 21:54:13,648 [INFO] Lectura LTR390
2025-06-17 21:54:15,651 [WARNING] Lectura serial fallida o formato incorrecto
2025-06-17 21:54:18,934 [INFO] Lectura datos climáticos NASA
2025-06-17 21:54:18,937 [INFO] Datos JSON preparados para envío
2025-06-17 21:54:19,990 [INFO] Lectura BMP390
2025-06-17 21:54:20,170 [INFO] Lectura LTR390
2025-06-17 21:54:22,173 [WARNING] Lectura serial fallida o formato incorrecto
2025-06-17 21:54:26,159 [INFO] Lectura datos climáticos NASA
2025-06-17 21:54:26,161 [INFO] Datos JSON preparados para envío
2025-06-17 21:54:27,213 [INFO] Lectura BMP390
2025-06-17 21:54:27,395 [INFO] Lectura LTR390
2025-06-17 21:54:29,398 [WARNING] Lectura serial fallida o formato incorrecto
2025-06-17 21:54:33,329 [INFO] Lectura datos climáticos NASA
2025-06-17 21:54:33,332 [INFO] Datos JSON preparados para envío
2025-06-17 21:54:34,389 [INFO] Lectura BMP390
2025-06-17 21:54:34,569 [INFO] Lectura LTR390
2025-06-17 21:54:36,572 [WARNING] Lectura serial fallida o formato incorrecto
2025-06-17 21:54:40,486 [INFO] Lectura datos climáticos NASA
2025-06-17 21:54:40,489 [INFO] Datos JSON preparados para envío
2025-06-17 21:54:41,542 [INFO] Lectura BMP390
2025-06-17 21:54:41,722 [INFO] Lectura LTR390
2025-06-17 21:54:43,725 [WARNING] Lectura serial fallida o formato incorrecto
2025-06-17 21:54:47,354 [INFO] Lectura datos climáticos NASA
2025-06-17 21:54:47,355 [INFO] Datos JSON preparados para envío
2025-06-17 21:54:48,406 [INFO] Lectura BMP390
2025-06-17 21:54:48,582 [INFO] Lectura LTR390
2025-06-17 21:54:50,585 [WARNING] Lectura serial fallida o formato incorrecto
2025-06-17 21:54:53,926 [INFO] Lectura datos climáticos NASA
2025-06-17 21:54:53,929 [INFO] Datos JSON preparados para envío
2025-06-17 21:54:54,981 [INFO] Lectura BMP390
2025-06-17 21:54:55,163 [INFO] Lectura LTR390
2025-06-17 21:54:57,167 [WARNING] Lectura serial fallida o formato incorrecto
2025-06-17 21:55:00,954 [INFO] Lectura datos climáticos NASA
2025-06-17 21:55:00,957 [INFO] Datos JSON preparados para envío
2025-06-17 21:55:02,008 [INFO] Lectura BMP390
2025-06-17 21:55:02,194 [INFO] Lectura LTR390
2025-06-17 21:55:04,197 [WARNING] Lectura serial fallida o formato incorrecto
2025-06-17 21:55:08,628 [INFO] Lectura datos climáticos NASA
2025-06-17 21:55:08,630 [INFO] Datos JSON preparados para envío
2025-06-17 21:55:09,683 [INFO] Lectura BMP390
2025-06-17 21:55:09,867 [INFO] Lectura LTR390
2025-06-17 21:55:11,870 [WARNING] Lectura serial fallida o formato incorrecto
2025-06-17 21:55:15,381 [INFO] Lectura datos climáticos NASA
2025-06-17 21:55:15,383 [INFO] Datos JSON preparados para envío
2025-06-17 21:55:16,437 [INFO] Lectura BMP390
2025-06-17 21:55:16,617 [INFO] Lectura LTR390
2025-06-17 21:55:18,620 [WARNING] Lectura serial fallida o formato incorrecto
2025-06-17 21:55:21,892 [INFO] Lectura datos climáticos NASA
2025-06-17 21:55:21,895 [INFO] Datos JSON preparados para envío
2025-06-17 21:55:22,952 [INFO] Lectura BMP390
2025-06-17 21:55:23,136 [INFO] Lectura LTR390
2025-06-17 21:55:25,139 [WARNING] Lectura serial fallida o formato incorrecto
2025-06-17 21:55:29,401 [INFO] Lectura datos climáticos NASA
2025-06-17 21:55:29,404 [INFO] Datos JSON preparados para envío
2025-06-17 21:55:30,456 [INFO] Lectura BMP390
2025-06-17 21:55:30,640 [INFO] Lectura LTR390
2025-06-17 21:55:32,643 [WARNING] Lectura serial fallida o formato incorrecto
2025-06-17 21:55:36,617 [INFO] Lectura datos climáticos NASA
2025-06-17 21:55:36,619 [INFO] Datos JSON preparados para envío
2025-06-17 21:55:37,671 [INFO] Lectura BMP390
2025-06-17 21:55:37,854 [INFO] Lectura LTR390
2025-06-17 21:55:39,857 [WARNING] Lectura serial fallida o formato incorrecto
2025-06-17 21:55:43,199 [INFO] Lectura datos climáticos NASA
2025-06-17 21:55:43,202 [INFO] Datos JSON preparados para envío
2025-06-17 21:55:44,257 [INFO] Lectura BMP390
2025-06-17 21:55:44,440 [INFO] Lectura LTR390
2025-06-17 21:55:46,443 [WARNING] Lectura serial fallida o formato incorrecto
2025-06-17 21:55:50,106 [INFO] Lectura datos climáticos NASA
2025-06-17 21:55:50,109 [INFO] Datos JSON preparados para envío
2025-06-17 21:55:51,162 [INFO] Lectura BMP390
2025-06-17 21:55:51,342 [INFO] Lectura LTR390
2025-06-17 21:55:53,345 [WARNING] Lectura serial fallida o formato incorrecto
2025-06-17 21:55:56,994 [INFO] Lectura datos climáticos NASA
2025-06-17 21:55:56,997 [INFO] Datos JSON preparados para envío
2025-06-17 21:55:58,052 [INFO] Lectura BMP390
2025-06-17 21:55:58,237 [INFO] Lectura LTR390
2025-06-17 21:56:00,240 [WARNING] Lectura serial fallida o formato incorrecto
2025-06-17 21:56:03,785 [INFO] Lectura datos climáticos NASA
2025-06-17 21:56:03,788 [INFO] Datos JSON preparados para envío
2025-06-17 21:56:04,842 [INFO] Lectura BMP390
2025-06-17 21:56:05,023 [INFO] Lectura LTR390
2025-06-17 21:56:07,027 [WARNING] Lectura serial fallida o formato incorrecto
2025-06-17 21:56:11,254 [INFO] Lectura datos climáticos NASA
2025-06-17 21:56:11,257 [INFO] Datos JSON preparados para envío
2025-06-17 21:56:12,307 [INFO] Lectura BMP390
2025-06-17 21:56:12,483 [INFO] Lectura LTR390
2025-06-17 21:56:14,484 [WARNING] Lectura serial fallida o formato incorrecto
2025-06-17 21:56:18,621 [INFO] Lectura datos climáticos NASA
2025-06-17 21:56:18,624 [INFO] Datos JSON preparados para envío
2025-06-17 21:56:19,677 [INFO] Lectura BMP390
2025-06-17 21:56:19,856 [INFO] Lectura LTR390
2025-06-17 21:56:21,859 [WARNING] Lectura serial fallida o formato incorrecto
2025-06-17 21:56:25,197 [INFO] Lectura datos climáticos NASA
2025-06-17 21:56:25,199 [INFO] Datos JSON preparados para envío
2025-06-17 21:56:26,251 [INFO] Lectura BMP390
2025-06-17 21:56:26,432 [INFO] Lectura LTR390
2025-06-17 21:56:28,435 [WARNING] Lectura serial fallida o formato incorrecto
2025-06-17 21:56:31,631 [INFO] Lectura datos climáticos NASA
2025-06-17 21:56:31,634 [INFO] Datos JSON preparados para envío
2025-06-17 21:56:32,687 [INFO] Lectura BMP390
2025-06-17 21:56:32,866 [INFO] Lectura LTR390
2025-06-17 21:56:34,870 [WARNING] Lectura serial fallida o formato incorrecto
2025-06-17 21:56:38,730 [INFO] Lectura datos climáticos NASA
2025-06-17 21:56:38,732 [INFO] Datos JSON preparados para envío
2025-06-17 21:56:39,788 [INFO] Lectura BMP390
2025-06-17 21:56:39,969 [INFO] Lectura LTR390
2025-06-17 21:56:41,972 [WARNING] Lectura serial fallida o formato incorrecto
2025-06-17 21:56:45,362 [INFO] Lectura datos climáticos NASA
2025-06-17 21:56:45,364 [INFO] Datos JSON preparados para envío
2025-06-17 21:56:46,420 [INFO] Lectura BMP390
2025-06-17 21:56:46,600 [INFO] Lectura LTR390
2025-06-17 21:56:48,603 [WARNING] Lectura serial fallida o formato incorrecto
2025-06-17 21:56:52,876 [INFO] Lectura datos climáticos NASA
2025-06-17 21:56:52,879 [INFO] Datos JSON preparados para envío
2025-06-17 21:56:53,934 [INFO] Lectura BMP390
2025-06-17 21:56:54,118 [INFO] Lectura LTR390
2025-06-17 21:56:56,121 [WARNING] Lectura serial fallida o formato incorrecto
2025-06-17 21:56:59,232 [INFO] Lectura datos climáticos NASA
2025-06-17 21:56:59,234 [INFO] Datos JSON preparados para envío
2025-06-17 21:57:00,291 [INFO] Lectura BMP390
2025-06-17 21:57:00,474 [INFO] Lectura LTR390
2025-06-17 21:57:02,476 [WARNING] Lectura serial fallida o formato incorrecto
2025-06-17 21:57:06,187 [INFO] Lectura datos climáticos NASA
2025-06-17 21:57:06,194 [INFO] Datos JSON preparados para envío
2025-06-17 21:57:07,247 [INFO] Lectura BMP390
2025-06-17 21:57:07,427 [INFO] Lectura LTR390
2025-06-17 21:57:09,430 [WARNING] Lectura serial fallida o formato incorrecto
2025-06-17 21:57:13,429 [INFO] Lectura datos climáticos NASA
2025-06-17 21:57:13,432 [INFO] Datos JSON preparados para envío
2025-06-17 21:57:14,481 [INFO] Lectura BMP390
2025-06-17 21:57:14,660 [INFO] Lectura LTR390
2025-06-17 21:57:16,663 [WARNING] Lectura serial fallida o formato incorrecto
2025-06-17 21:57:20,176 [INFO] Lectura datos climáticos NASA
2025-06-17 21:57:20,179 [INFO] Datos JSON preparados para envío
2025-06-17 21:57:21,231 [INFO] Lectura BMP390
2025-06-17 21:57:21,411 [INFO] Lectura LTR390
2025-06-17 21:57:23,414 [WARNING] Lectura serial fallida o formato incorrecto
2025-06-17 21:57:26,986 [INFO] Lectura datos climáticos NASA
2025-06-17 21:57:26,988 [INFO] Datos JSON preparados para envío
2025-06-17 21:57:28,040 [INFO] Lectura BMP390
2025-06-17 21:57:28,223 [INFO] Lectura LTR390
2025-06-17 21:57:30,226 [WARNING] Lectura serial fallida o formato incorrecto
2025-06-17 21:57:33,652 [INFO] Lectura datos climáticos NASA
2025-06-17 21:57:33,655 [INFO] Datos JSON preparados para envío
2025-06-17 21:57:34,708 [INFO] Lectura BMP390
2025-06-17 21:57:34,887 [INFO] Lectura LTR390
2025-06-17 21:57:36,890 [WARNING] Lectura serial fallida o formato incorrecto
2025-06-17 21:57:40,332 [INFO] Lectura datos climáticos NASA
2025-06-17 21:57:40,334 [INFO] Datos JSON preparados para envío
2025-06-17 21:57:41,386 [INFO] Lectura BMP390
2025-06-17 21:57:41,574 [INFO] Lectura LTR390
2025-06-17 21:57:43,577 [WARNING] Lectura serial fallida o formato incorrecto
2025-06-17 21:57:47,757 [INFO] Lectura datos climáticos NASA
2025-06-17 21:57:47,760 [INFO] Datos JSON preparados para envío
2025-06-17 21:57:48,813 [INFO] Lectura BMP390
2025-06-17 21:57:48,995 [INFO] Lectura LTR390
2025-06-17 21:57:50,998 [WARNING] Lectura serial fallida o formato incorrecto
2025-06-17 21:57:54,521 [INFO] Lectura datos climáticos NASA
2025-06-17 21:57:54,524 [INFO] Datos JSON preparados para envío
2025-06-17 21:57:55,580 [INFO] Lectura BMP390
2025-06-17 21:57:55,760 [INFO] Lectura LTR390
2025-06-17 21:57:57,763 [WARNING] Lectura serial fallida o formato incorrecto
2025-06-17 21:58:01,373 [INFO] Lectura datos climáticos NASA
2025-06-17 21:58:01,375 [INFO] Datos JSON preparados para envío
2025-06-17 21:58:02,425 [INFO] Lectura BMP390
2025-06-17 21:58:02,603 [INFO] Lectura LTR390
2025-06-17 21:58:04,606 [WARNING] Lectura serial fallida o formato incorrecto
2025-06-17 21:58:08,443 [INFO] Lectura datos climáticos NASA
2025-06-17 21:58:08,446 [INFO] Datos JSON preparados para envío
2025-06-17 21:58:09,500 [INFO] Lectura BMP390
2025-06-17 21:58:09,680 [INFO] Lectura LTR390
2025-06-17 21:58:11,684 [WARNING] Lectura serial fallida o formato incorrecto
2025-06-17 21:58:15,897 [INFO] Lectura datos climáticos NASA
2025-06-17 21:58:15,903 [INFO] Datos JSON preparados para envío
2025-06-17 21:58:16,957 [INFO] Lectura BMP390
2025-06-17 21:58:17,139 [INFO] Lectura LTR390
2025-06-17 21:58:19,142 [WARNING] Lectura serial fallida o formato incorrecto
2025-06-17 21:58:22,577 [INFO] Lectura datos climáticos NASA
2025-06-17 21:58:22,580 [INFO] Datos JSON preparados para envío
2025-06-17 21:58:23,634 [INFO] Lectura BMP390
2025-06-17 21:58:23,815 [INFO] Lectura LTR390
2025-06-17 21:58:25,818 [WARNING] Lectura serial fallida o formato incorrecto
2025-06-17 21:58:30,018 [INFO] Lectura datos climáticos NASA
2025-06-17 21:58:30,021 [INFO] Datos JSON preparados para envío
2025-06-17 21:58:31,075 [INFO] Lectura BMP390
2025-06-17 21:58:31,257 [INFO] Lectura LTR390
2025-06-17 21:58:33,260 [WARNING] Lectura serial fallida o formato incorrecto
2025-06-17 21:58:37,167 [INFO] Lectura datos climáticos NASA
2025-06-17 21:58:37,170 [INFO] Datos JSON preparados para envío
2025-06-17 21:58:38,221 [INFO] Lectura BMP390
2025-06-17 21:58:38,401 [INFO] Lectura LTR390
2025-06-17 21:58:40,403 [WARNING] Lectura serial fallida o formato incorrecto
2025-06-17 21:58:44,016 [INFO] Lectura datos climáticos NASA
2025-06-17 21:58:44,019 [INFO] Datos JSON preparados para envío
2025-06-17 21:58:45,071 [INFO] Lectura BMP390
2025-06-17 21:58:45,252 [INFO] Lectura LTR390
2025-06-17 21:58:47,255 [WARNING] Lectura serial fallida o formato incorrecto
2025-06-17 21:58:50,592 [INFO] Lectura datos climáticos NASA
2025-06-17 21:58:50,598 [INFO] Datos JSON preparados para envío
2025-06-17 21:58:51,648 [INFO] Lectura BMP390
2025-06-17 21:58:51,829 [INFO] Lectura LTR390
2025-06-17 21:58:53,832 [WARNING] Lectura serial fallida o formato incorrecto
2025-06-17 21:58:58,016 [INFO] Lectura datos climáticos NASA
2025-06-17 21:58:58,019 [INFO] Datos JSON preparados para envío
2025-06-17 21:58:59,072 [INFO] Lectura BMP390
2025-06-17 21:58:59,252 [INFO] Lectura LTR390
2025-06-17 21:59:01,255 [WARNING] Lectura serial fallida o formato incorrecto
2025-06-17 21:59:04,505 [INFO] Lectura datos climáticos NASA
2025-06-17 21:59:04,508 [INFO] Datos JSON preparados para envío
2025-06-17 21:59:05,560 [INFO] Lectura BMP390
2025-06-17 21:59:05,742 [INFO] Lectura LTR390
2025-06-17 21:59:07,745 [WARNING] Lectura serial fallida o formato incorrecto
2025-06-17 21:59:12,088 [INFO] Lectura datos climáticos NASA
2025-06-17 21:59:12,091 [INFO] Datos JSON preparados para envío
2025-06-17 21:59:13,144 [INFO] Lectura BMP390
2025-06-17 21:59:13,325 [INFO] Lectura LTR390
2025-06-17 21:59:15,328 [WARNING] Lectura serial fallida o formato incorrecto
2025-06-17 21:59:18,732 [INFO] Lectura datos climáticos NASA
2025-06-17 21:59:18,735 [INFO] Datos JSON preparados para envío
2025-06-17 21:59:19,788 [INFO] Lectura BMP390
2025-06-17 21:59:19,969 [INFO] Lectura LTR390
2025-06-17 21:59:21,972 [WARNING] Lectura serial fallida o formato incorrecto
2025-06-17 21:59:25,019 [INFO] Lectura datos climáticos NASA
2025-06-17 21:59:25,022 [INFO] Datos JSON preparados para envío
2025-06-17 21:59:26,077 [INFO] Lectura BMP390
2025-06-17 21:59:26,257 [INFO] Lectura LTR390
2025-06-17 21:59:28,260 [WARNING] Lectura serial fallida o formato incorrecto
2025-06-17 21:59:31,215 [INFO] Lectura datos climáticos NASA
2025-06-17 21:59:31,219 [INFO] Datos JSON preparados para envío
2025-06-17 21:59:32,271 [INFO] Lectura BMP390
2025-06-17 21:59:32,451 [INFO] Lectura LTR390
2025-06-17 21:59:34,455 [WARNING] Lectura serial fallida o formato incorrecto
2025-06-17 21:59:38,112 [INFO] Lectura datos climáticos NASA
2025-06-17 21:59:38,118 [INFO] Datos JSON preparados para envío
2025-06-17 21:59:39,172 [INFO] Lectura BMP390
2025-06-17 21:59:39,349 [INFO] Lectura LTR390
2025-06-17 21:59:41,352 [WARNING] Lectura serial fallida o formato incorrecto
2025-06-17 21:59:44,868 [INFO] Lectura datos climáticos NASA
2025-06-17 21:59:44,871 [INFO] Datos JSON preparados para envío
2025-06-17 21:59:45,931 [INFO] Lectura BMP390
2025-06-17 21:59:46,110 [INFO] Lectura LTR390
2025-06-17 21:59:48,113 [WARNING] Lectura serial fallida o formato incorrecto
2025-06-17 21:59:51,064 [INFO] Lectura datos climáticos NASA
2025-06-17 21:59:51,065 [INFO] Datos JSON preparados para envío
2025-06-17 21:59:52,119 [INFO] Lectura BMP390
2025-06-17 21:59:52,301 [INFO] Lectura LTR390
2025-06-17 21:59:54,304 [WARNING] Lectura serial fallida o formato incorrecto
2025-06-17 21:59:57,861 [INFO] Lectura datos climáticos NASA
2025-06-17 21:59:57,864 [INFO] Datos JSON preparados para envío
2025-06-17 21:59:58,919 [INFO] Lectura BMP390
2025-06-17 21:59:59,101 [INFO] Lectura LTR390
2025-06-17 22:00:01,104 [WARNING] Lectura serial fallida o formato incorrecto
2025-06-17 22:00:04,777 [INFO] Lectura datos climáticos NASA
2025-06-17 22:00:04,779 [INFO] Datos JSON preparados para envío
2025-06-17 22:00:05,831 [INFO] Lectura BMP390
2025-06-17 22:00:06,016 [INFO] Lectura LTR390
2025-06-17 22:00:08,019 [WARNING] Lectura serial fallida o formato incorrecto
2025-06-17 22:00:12,035 [INFO] Lectura datos climáticos NASA
2025-06-17 22:00:12,042 [INFO] Datos JSON preparados para envío
2025-06-17 22:00:13,095 [INFO] Lectura BMP390
2025-06-17 22:00:13,277 [INFO] Lectura LTR390
2025-06-17 22:00:15,280 [WARNING] Lectura serial fallida o formato incorrecto
2025-06-17 22:00:18,957 [INFO] Lectura datos climáticos NASA
2025-06-17 22:00:18,962 [INFO] Datos JSON preparados para envío
2025-06-17 22:00:20,015 [INFO] Lectura BMP390
2025-06-17 22:00:20,196 [INFO] Lectura LTR390
2025-06-17 22:00:22,199 [WARNING] Lectura serial fallida o formato incorrecto
2025-06-17 22:00:25,388 [INFO] Lectura datos climáticos NASA
2025-06-17 22:00:25,394 [INFO] Datos JSON preparados para envío
2025-06-17 22:00:26,446 [INFO] Lectura BMP390
2025-06-17 22:00:26,626 [INFO] Lectura LTR390
2025-06-17 22:00:28,629 [WARNING] Lectura serial fallida o formato incorrecto
2025-06-17 22:00:32,155 [INFO] Lectura datos climáticos NASA
2025-06-17 22:00:32,158 [INFO] Datos JSON preparados para envío
2025-06-17 22:00:33,210 [INFO] Lectura BMP390
2025-06-17 22:00:33,396 [INFO] Lectura LTR390
2025-06-17 22:00:35,398 [WARNING] Lectura serial fallida o formato incorrecto
2025-06-17 22:00:39,883 [INFO] Lectura datos climáticos NASA
2025-06-17 22:00:39,885 [INFO] Datos JSON preparados para envío
2025-06-17 22:00:40,934 [INFO] Lectura BMP390
2025-06-17 22:00:41,117 [INFO] Lectura LTR390
2025-06-17 22:00:43,119 [WARNING] Lectura serial fallida o formato incorrecto
2025-06-17 22:00:46,393 [INFO] Lectura datos climáticos NASA
2025-06-17 22:00:46,396 [INFO] Datos JSON preparados para envío
2025-06-17 22:00:47,449 [INFO] Lectura BMP390
2025-06-17 22:00:47,635 [INFO] Lectura LTR390
2025-06-17 22:00:49,638 [WARNING] Lectura serial fallida o formato incorrecto
2025-06-17 22:00:53,077 [INFO] Lectura datos climáticos NASA
2025-06-17 22:00:53,079 [INFO] Datos JSON preparados para envío
2025-06-17 22:00:54,134 [INFO] Lectura BMP390
2025-06-17 22:00:54,314 [INFO] Lectura LTR390
2025-06-17 22:00:56,317 [WARNING] Lectura serial fallida o formato incorrecto
2025-06-17 22:00:59,984 [INFO] Lectura datos climáticos NASA
2025-06-17 22:00:59,987 [INFO] Datos JSON preparados para envío
2025-06-17 22:01:01,039 [INFO] Lectura BMP390
2025-06-17 22:01:01,219 [INFO] Lectura LTR390
2025-06-17 22:01:03,222 [WARNING] Lectura serial fallida o formato incorrecto
2025-06-17 22:01:06,779 [INFO] Lectura datos climáticos NASA
2025-06-17 22:01:06,781 [INFO] Datos JSON preparados para envío
2025-06-17 22:01:07,836 [INFO] Lectura BMP390
2025-06-17 22:01:08,015 [INFO] Lectura LTR390
2025-06-17 22:01:10,018 [WARNING] Lectura serial fallida o formato incorrecto
2025-06-17 22:01:13,384 [INFO] Lectura datos climáticos NASA
2025-06-17 22:01:13,387 [INFO] Datos JSON preparados para envío
2025-06-17 22:01:14,439 [INFO] Lectura BMP390
2025-06-17 22:01:14,619 [INFO] Lectura LTR390
2025-06-17 22:01:16,622 [WARNING] Lectura serial fallida o formato incorrecto
2025-06-17 22:01:20,096 [INFO] Lectura datos climáticos NASA
2025-06-17 22:01:20,106 [INFO] Datos JSON preparados para envío
2025-06-17 22:01:21,163 [INFO] Lectura BMP390
2025-06-17 22:01:21,343 [INFO] Lectura LTR390
2025-06-17 22:01:23,346 [WARNING] Lectura serial fallida o formato incorrecto
2025-06-17 22:01:26,528 [INFO] Lectura datos climáticos NASA
2025-06-17 22:01:26,531 [INFO] Datos JSON preparados para envío
2025-06-17 22:01:27,583 [INFO] Lectura BMP390
2025-06-17 22:01:27,764 [INFO] Lectura LTR390
2025-06-17 22:01:29,767 [WARNING] Lectura serial fallida o formato incorrecto
2025-06-17 22:01:33,789 [INFO] Lectura datos climáticos NASA
2025-06-17 22:01:33,792 [INFO] Datos JSON preparados para envío
2025-06-17 22:01:34,843 [INFO] Lectura BMP390
2025-06-17 22:01:35,024 [INFO] Lectura LTR390
2025-06-17 22:01:37,028 [WARNING] Lectura serial fallida o formato incorrecto
2025-06-17 22:01:40,300 [INFO] Lectura datos climáticos NASA
2025-06-17 22:01:40,302 [INFO] Datos JSON preparados para envío
2025-06-17 22:01:41,353 [INFO] Lectura BMP390
2025-06-17 22:01:41,531 [INFO] Lectura LTR390
2025-06-17 22:01:43,533 [WARNING] Lectura serial fallida o formato incorrecto
2025-06-17 22:01:47,286 [INFO] Lectura datos climáticos NASA
2025-06-17 22:01:47,289 [INFO] Datos JSON preparados para envío
2025-06-17 22:01:48,341 [INFO] Lectura BMP390
2025-06-17 22:01:48,522 [INFO] Lectura LTR390
2025-06-17 22:01:50,525 [WARNING] Lectura serial fallida o formato incorrecto
2025-06-17 22:01:54,175 [INFO] Lectura datos climáticos NASA
2025-06-17 22:01:54,177 [INFO] Datos JSON preparados para envío
2025-06-17 22:01:55,232 [INFO] Lectura BMP390
2025-06-17 22:01:55,411 [INFO] Lectura LTR390
2025-06-17 22:01:57,414 [WARNING] Lectura serial fallida o formato incorrecto
2025-06-17 22:02:01,508 [INFO] Lectura datos climáticos NASA
2025-06-17 22:02:01,511 [INFO] Datos JSON preparados para envío
2025-06-17 22:02:02,563 [INFO] Lectura BMP390
2025-06-17 22:02:02,749 [INFO] Lectura LTR390
2025-06-17 22:02:04,752 [WARNING] Lectura serial fallida o formato incorrecto
2025-06-17 22:02:08,309 [INFO] Lectura datos climáticos NASA
2025-06-17 22:02:08,312 [INFO] Datos JSON preparados para envío
2025-06-17 22:02:09,364 [INFO] Lectura BMP390
2025-06-17 22:02:09,546 [INFO] Lectura LTR390
2025-06-17 22:02:11,550 [WARNING] Lectura serial fallida o formato incorrecto
2025-06-17 22:02:15,436 [INFO] Lectura datos climáticos NASA
2025-06-17 22:02:15,439 [INFO] Datos JSON preparados para envío
2025-06-17 22:02:16,491 [INFO] Lectura BMP390
2025-06-17 22:02:16,673 [INFO] Lectura LTR390
2025-06-17 22:02:18,676 [WARNING] Lectura serial fallida o formato incorrecto
2025-06-17 22:02:22,113 [INFO] Lectura datos climáticos NASA
2025-06-17 22:02:22,116 [INFO] Datos JSON preparados para envío
2025-06-17 22:02:23,169 [INFO] Lectura BMP390
2025-06-17 22:02:23,348 [INFO] Lectura LTR390
2025-06-17 22:02:25,351 [WARNING] Lectura serial fallida o formato incorrecto
2025-06-17 22:02:29,594 [INFO] Lectura datos climáticos NASA
2025-06-17 22:02:29,595 [INFO] Datos JSON preparados para envío
2025-06-17 22:02:30,652 [INFO] Lectura BMP390
2025-06-17 22:02:30,835 [INFO] Lectura LTR390
2025-06-17 22:02:32,836 [WARNING] Lectura serial fallida o formato incorrecto
2025-06-17 22:02:35,924 [INFO] Lectura datos climáticos NASA
2025-06-17 22:02:35,927 [INFO] Datos JSON preparados para envío
2025-06-17 22:02:36,980 [INFO] Lectura BMP390
2025-06-17 22:02:37,166 [INFO] Lectura LTR390
2025-06-17 22:02:39,169 [WARNING] Lectura serial fallida o formato incorrecto
2025-06-17 22:02:43,156 [INFO] Lectura datos climáticos NASA
2025-06-17 22:02:43,159 [INFO] Datos JSON preparados para envío
2025-06-17 22:02:44,215 [INFO] Lectura BMP390
2025-06-17 22:02:44,394 [INFO] Lectura LTR390
2025-06-17 22:02:46,396 [WARNING] Lectura serial fallida o formato incorrecto
2025-06-17 22:02:50,405 [INFO] Lectura datos climáticos NASA
2025-06-17 22:02:50,408 [INFO] Datos JSON preparados para envío
2025-06-17 22:02:51,461 [INFO] Lectura BMP390
2025-06-17 22:02:51,640 [INFO] Lectura LTR390
2025-06-17 22:02:53,643 [WARNING] Lectura serial fallida o formato incorrecto
2025-06-17 22:02:57,008 [INFO] Lectura datos climáticos NASA
2025-06-17 22:02:57,012 [INFO] Datos JSON preparados para envío
2025-06-17 22:02:58,065 [INFO] Lectura BMP390
2025-06-17 22:02:58,245 [INFO] Lectura LTR390
2025-06-17 22:03:00,248 [WARNING] Lectura serial fallida o formato incorrecto
2025-06-17 22:03:03,689 [INFO] Lectura datos climáticos NASA
2025-06-17 22:03:03,691 [INFO] Datos JSON preparados para envío
2025-06-17 22:03:04,744 [INFO] Lectura BMP390
2025-06-17 22:03:04,925 [INFO] Lectura LTR390
2025-06-17 22:03:06,928 [WARNING] Lectura serial fallida o formato incorrecto
2025-06-17 22:03:10,760 [INFO] Lectura datos climáticos NASA
2025-06-17 22:03:10,762 [INFO] Datos JSON preparados para envío
2025-06-17 22:03:11,827 [INFO] Lectura BMP390
2025-06-17 22:03:12,004 [INFO] Lectura LTR390
2025-06-17 22:03:14,007 [WARNING] Lectura serial fallida o formato incorrecto
2025-06-17 22:03:17,587 [INFO] Lectura datos climáticos NASA
2025-06-17 22:03:17,589 [INFO] Datos JSON preparados para envío
2025-06-17 22:03:18,645 [INFO] Lectura BMP390
2025-06-17 22:03:18,822 [INFO] Lectura LTR390
2025-06-17 22:03:20,825 [WARNING] Lectura serial fallida o formato incorrecto
2025-06-17 22:03:24,524 [INFO] Lectura datos climáticos NASA
2025-06-17 22:03:24,526 [INFO] Datos JSON preparados para envío
2025-06-17 22:03:25,579 [INFO] Lectura BMP390
2025-06-17 22:03:25,759 [INFO] Lectura LTR390
2025-06-17 22:03:27,762 [WARNING] Lectura serial fallida o formato incorrecto
2025-06-17 22:03:31,255 [INFO] Lectura datos climáticos NASA
2025-06-17 22:03:31,257 [INFO] Datos JSON preparados para envío
2025-06-17 22:03:32,308 [INFO] Lectura BMP390
2025-06-17 22:03:32,491 [INFO] Lectura LTR390
2025-06-17 22:03:34,494 [WARNING] Lectura serial fallida o formato incorrecto
2025-06-17 22:03:38,568 [INFO] Lectura datos climáticos NASA
2025-06-17 22:03:38,571 [INFO] Datos JSON preparados para envío
2025-06-17 22:03:39,623 [INFO] Lectura BMP390
2025-06-17 22:03:39,804 [INFO] Lectura LTR390
2025-06-17 22:03:41,806 [WARNING] Lectura serial fallida o formato incorrecto
2025-06-17 22:03:44,710 [INFO] Lectura datos climáticos NASA
2025-06-17 22:03:44,714 [INFO] Datos JSON preparados para envío
2025-06-17 22:03:45,766 [INFO] Lectura BMP390
2025-06-17 22:03:45,946 [INFO] Lectura LTR390
2025-06-17 22:03:47,949 [WARNING] Lectura serial fallida o formato incorrecto
2025-06-17 22:03:51,071 [INFO] Lectura datos climáticos NASA
2025-06-17 22:03:51,074 [INFO] Datos JSON preparados para envío
2025-06-17 22:03:52,127 [INFO] Lectura BMP390
2025-06-17 22:03:52,310 [INFO] Lectura LTR390
2025-06-17 22:03:54,316 [WARNING] Lectura serial fallida o formato incorrecto
2025-06-17 22:03:58,377 [INFO] Lectura datos climáticos NASA
2025-06-17 22:03:58,380 [INFO] Datos JSON preparados para envío
2025-06-17 22:03:59,432 [INFO] Lectura BMP390
2025-06-17 22:03:59,620 [INFO] Lectura LTR390
2025-06-17 22:04:01,624 [WARNING] Lectura serial fallida o formato incorrecto
2025-06-17 22:04:05,366 [INFO] Lectura datos climáticos NASA
2025-06-17 22:04:05,368 [INFO] Datos JSON preparados para envío
2025-06-17 22:04:06,418 [INFO] Lectura BMP390
2025-06-17 22:04:06,599 [INFO] Lectura LTR390
2025-06-17 22:04:08,602 [WARNING] Lectura serial fallida o formato incorrecto
2025-06-17 22:04:12,768 [INFO] Lectura datos climáticos NASA
2025-06-17 22:04:12,770 [INFO] Datos JSON preparados para envío
2025-06-17 22:04:13,824 [INFO] Lectura BMP390
2025-06-17 22:04:14,004 [INFO] Lectura LTR390
2025-06-17 22:04:16,006 [WARNING] Lectura serial fallida o formato incorrecto
2025-06-17 22:04:19,188 [INFO] Lectura datos climáticos NASA
2025-06-17 22:04:19,190 [INFO] Datos JSON preparados para envío
2025-06-17 22:04:20,243 [INFO] Lectura BMP390
2025-06-17 22:04:20,421 [INFO] Lectura LTR390
2025-06-17 22:04:22,424 [WARNING] Lectura serial fallida o formato incorrecto
2025-06-17 22:04:25,632 [INFO] Lectura datos climáticos NASA
2025-06-17 22:04:25,637 [INFO] Datos JSON preparados para envío
2025-06-17 22:04:26,690 [INFO] Lectura BMP390
2025-06-17 22:04:26,873 [INFO] Lectura LTR390
2025-06-17 22:04:28,876 [WARNING] Lectura serial fallida o formato incorrecto
2025-06-17 22:04:32,938 [INFO] Lectura datos climáticos NASA
2025-06-17 22:04:32,941 [INFO] Datos JSON preparados para envío
2025-06-17 22:04:33,995 [INFO] Lectura BMP390
2025-06-17 22:04:34,181 [INFO] Lectura LTR390
2025-06-17 22:04:36,184 [WARNING] Lectura serial fallida o formato incorrecto
2025-06-17 22:04:40,752 [INFO] Lectura datos climáticos NASA
2025-06-17 22:04:40,755 [INFO] Datos JSON preparados para envío
2025-06-17 22:04:41,807 [INFO] Lectura BMP390
2025-06-17 22:04:41,997 [INFO] Lectura LTR390
2025-06-17 22:04:44,000 [WARNING] Lectura serial fallida o formato incorrecto
2025-06-17 22:04:48,294 [INFO] Lectura datos climáticos NASA
2025-06-17 22:04:48,296 [INFO] Datos JSON preparados para envío
2025-06-17 22:04:49,349 [INFO] Lectura BMP390
2025-06-17 22:04:49,532 [INFO] Lectura LTR390
2025-06-17 22:04:51,536 [WARNING] Lectura serial fallida o formato incorrecto
2025-06-17 22:04:55,187 [INFO] Lectura datos climáticos NASA
2025-06-17 22:04:55,189 [INFO] Datos JSON preparados para envío
2025-06-17 22:04:56,240 [INFO] Lectura BMP390
2025-06-17 22:04:56,422 [INFO] Lectura LTR390
2025-06-17 22:04:58,424 [WARNING] Lectura serial fallida o formato incorrecto
2025-06-17 22:05:01,631 [INFO] Lectura datos climáticos NASA
2025-06-17 22:05:01,635 [INFO] Datos JSON preparados para envío
2025-06-17 22:05:02,688 [INFO] Lectura BMP390
2025-06-17 22:05:02,868 [INFO] Lectura LTR390
2025-06-17 22:05:04,871 [WARNING] Lectura serial fallida o formato incorrecto
2025-06-17 22:05:08,817 [INFO] Lectura datos climáticos NASA
2025-06-17 22:05:08,820 [INFO] Datos JSON preparados para envío
2025-06-17 22:05:09,875 [INFO] Lectura BMP390
2025-06-17 22:05:10,055 [INFO] Lectura LTR390
2025-06-17 22:05:12,058 [WARNING] Lectura serial fallida o formato incorrecto
2025-06-17 22:05:16,080 [INFO] Lectura datos climáticos NASA
2025-06-17 22:05:16,083 [INFO] Datos JSON preparados para envío
2025-06-17 22:05:17,136 [INFO] Lectura BMP390
2025-06-17 22:05:17,319 [INFO] Lectura LTR390
2025-06-17 22:05:19,322 [WARNING] Lectura serial fallida o formato incorrecto
2025-06-17 22:05:22,863 [INFO] Lectura datos climáticos NASA
2025-06-17 22:05:22,866 [INFO] Datos JSON preparados para envío
2025-06-17 22:05:23,918 [INFO] Lectura BMP390
2025-06-17 22:05:24,098 [INFO] Lectura LTR390
2025-06-17 22:05:26,102 [WARNING] Lectura serial fallida o formato incorrecto
2025-06-17 22:05:30,301 [INFO] Lectura datos climáticos NASA
2025-06-17 22:05:30,304 [INFO] Datos JSON preparados para envío
2025-06-17 22:05:31,354 [INFO] Lectura BMP390
2025-06-17 22:05:31,531 [INFO] Lectura LTR390
2025-06-17 22:05:33,534 [WARNING] Lectura serial fallida o formato incorrecto
2025-06-17 22:05:37,821 [INFO] Lectura datos climáticos NASA
2025-06-17 22:05:37,826 [INFO] Datos JSON preparados para envío
2025-06-17 22:05:38,879 [INFO] Lectura BMP390
2025-06-17 22:05:39,059 [INFO] Lectura LTR390
2025-06-17 22:05:41,062 [WARNING] Lectura serial fallida o formato incorrecto
2025-06-17 22:05:44,422 [INFO] Lectura datos climáticos NASA
2025-06-17 22:05:44,424 [INFO] Datos JSON preparados para envío
2025-06-17 22:05:45,476 [INFO] Lectura BMP390
2025-06-17 22:05:45,658 [INFO] Lectura LTR390
2025-06-17 22:05:47,661 [WARNING] Lectura serial fallida o formato incorrecto
2025-06-17 22:05:50,717 [INFO] Lectura datos climáticos NASA
2025-06-17 22:05:50,720 [INFO] Datos JSON preparados para envío
2025-06-17 22:05:51,773 [INFO] Lectura BMP390
2025-06-17 22:05:51,956 [INFO] Lectura LTR390
2025-06-17 22:05:53,960 [WARNING] Lectura serial fallida o formato incorrecto
2025-06-17 22:05:58,036 [INFO] Lectura datos climáticos NASA
2025-06-17 22:05:58,039 [INFO] Datos JSON preparados para envío
2025-06-17 22:05:59,093 [INFO] Lectura BMP390
2025-06-17 22:05:59,273 [INFO] Lectura LTR390
2025-06-17 22:06:01,276 [WARNING] Lectura serial fallida o formato incorrecto
2025-06-17 22:06:04,879 [INFO] Lectura datos climáticos NASA
2025-06-17 22:06:04,882 [INFO] Datos JSON preparados para envío
2025-06-17 22:06:05,935 [INFO] Lectura BMP390
2025-06-17 22:06:06,115 [INFO] Lectura LTR390
2025-06-17 22:06:08,118 [WARNING] Lectura serial fallida o formato incorrecto
2025-06-17 22:06:11,774 [INFO] Lectura datos climáticos NASA
2025-06-17 22:06:11,778 [INFO] Datos JSON preparados para envío
2025-06-17 22:06:12,830 [INFO] Lectura BMP390
2025-06-17 22:06:13,013 [INFO] Lectura LTR390
2025-06-17 22:06:15,016 [WARNING] Lectura serial fallida o formato incorrecto
2025-06-17 22:06:18,815 [INFO] Lectura datos climáticos NASA
2025-06-17 22:06:18,818 [INFO] Datos JSON preparados para envío
2025-06-17 22:06:19,871 [INFO] Lectura BMP390
2025-06-17 22:06:20,059 [INFO] Lectura LTR390
2025-06-17 22:06:22,062 [WARNING] Lectura serial fallida o formato incorrecto
2025-06-17 22:06:25,667 [INFO] Lectura datos climáticos NASA
2025-06-17 22:06:25,672 [INFO] Datos JSON preparados para envío
2025-06-17 22:06:26,725 [INFO] Lectura BMP390
2025-06-17 22:06:26,905 [INFO] Lectura LTR390
2025-06-17 22:06:28,908 [WARNING] Lectura serial fallida o formato incorrecto
2025-06-17 22:06:32,415 [INFO] Lectura datos climáticos NASA
2025-06-17 22:06:32,417 [INFO] Datos JSON preparados para envío
2025-06-17 22:06:33,467 [INFO] Lectura BMP390
2025-06-17 22:06:33,645 [INFO] Lectura LTR390
2025-06-17 22:06:35,648 [WARNING] Lectura serial fallida o formato incorrecto
2025-06-17 22:06:39,889 [INFO] Lectura datos climáticos NASA
2025-06-17 22:06:39,893 [INFO] Datos JSON preparados para envío
2025-06-17 22:06:40,945 [INFO] Lectura BMP390
2025-06-17 22:06:41,129 [INFO] Lectura LTR390
2025-06-17 22:06:43,132 [WARNING] Lectura serial fallida o formato incorrecto
2025-06-17 22:06:46,516 [INFO] Lectura datos climáticos NASA
2025-06-17 22:06:46,519 [INFO] Datos JSON preparados para envío
2025-06-17 22:06:47,571 [INFO] Lectura BMP390
2025-06-17 22:06:47,751 [INFO] Lectura LTR390
2025-06-17 22:06:49,754 [WARNING] Lectura serial fallida o formato incorrecto
2025-06-17 22:06:53,399 [INFO] Lectura datos climáticos NASA
2025-06-17 22:06:53,402 [INFO] Datos JSON preparados para envío
2025-06-17 22:06:54,460 [INFO] Lectura BMP390
2025-06-17 22:06:54,640 [INFO] Lectura LTR390
2025-06-17 22:06:56,643 [WARNING] Lectura serial fallida o formato incorrecto
2025-06-17 22:06:59,956 [INFO] Lectura datos climáticos NASA
2025-06-17 22:06:59,959 [INFO] Datos JSON preparados para envío
2025-06-17 22:07:01,012 [INFO] Lectura BMP390
2025-06-17 22:07:01,194 [INFO] Lectura LTR390
2025-06-17 22:07:03,197 [WARNING] Lectura serial fallida o formato incorrecto
2025-06-17 22:07:06,724 [INFO] Lectura datos climáticos NASA
2025-06-17 22:07:06,727 [INFO] Datos JSON preparados para envío
2025-06-17 22:07:07,779 [INFO] Lectura BMP390
2025-06-17 22:07:07,960 [INFO] Lectura LTR390
2025-06-17 22:07:09,963 [WARNING] Lectura serial fallida o formato incorrecto
2025-06-17 22:07:13,966 [INFO] Lectura datos climáticos NASA
2025-06-17 22:07:13,970 [INFO] Datos JSON preparados para envío
2025-06-17 22:07:15,022 [INFO] Lectura BMP390
2025-06-17 22:07:15,202 [INFO] Lectura LTR390
2025-06-17 22:07:17,205 [WARNING] Lectura serial fallida o formato incorrecto
2025-06-17 22:07:20,736 [INFO] Lectura datos climáticos NASA
2025-06-17 22:07:20,739 [INFO] Datos JSON preparados para envío
2025-06-17 22:07:21,789 [INFO] Lectura BMP390
2025-06-17 22:07:21,971 [INFO] Lectura LTR390
2025-06-17 22:07:23,974 [WARNING] Lectura serial fallida o formato incorrecto
2025-06-17 22:07:27,299 [INFO] Lectura datos climáticos NASA
2025-06-17 22:07:27,301 [INFO] Datos JSON preparados para envío
2025-06-17 22:07:28,353 [INFO] Lectura BMP390
2025-06-17 22:07:28,533 [INFO] Lectura LTR390
2025-06-17 22:07:30,536 [WARNING] Lectura serial fallida o formato incorrecto
2025-06-17 22:07:34,226 [INFO] Lectura datos climáticos NASA
2025-06-17 22:07:34,228 [INFO] Datos JSON preparados para envío
2025-06-17 22:07:35,279 [INFO] Lectura BMP390
2025-06-17 22:07:35,455 [INFO] Lectura LTR390
2025-06-17 22:07:37,459 [WARNING] Lectura serial fallida o formato incorrecto
2025-06-17 22:07:40,744 [INFO] Lectura datos climáticos NASA
2025-06-17 22:07:40,747 [INFO] Datos JSON preparados para envío
2025-06-17 22:07:41,798 [INFO] Lectura BMP390
2025-06-17 22:07:41,981 [INFO] Lectura LTR390
2025-06-17 22:07:43,984 [WARNING] Lectura serial fallida o formato incorrecto
2025-06-17 22:07:47,913 [INFO] Lectura datos climáticos NASA
2025-06-17 22:07:47,916 [INFO] Datos JSON preparados para envío
2025-06-17 22:07:48,970 [INFO] Lectura BMP390
2025-06-17 22:07:49,153 [INFO] Lectura LTR390
2025-06-17 22:07:51,156 [WARNING] Lectura serial fallida o formato incorrecto
2025-06-17 22:07:54,514 [INFO] Lectura datos climáticos NASA
2025-06-17 22:07:54,517 [INFO] Datos JSON preparados para envío
2025-06-17 22:07:55,573 [INFO] Lectura BMP390
2025-06-17 22:07:55,755 [INFO] Lectura LTR390
2025-06-17 22:07:57,758 [WARNING] Lectura serial fallida o formato incorrecto
2025-06-17 22:08:01,064 [INFO] Lectura datos climáticos NASA
2025-06-17 22:08:01,067 [INFO] Datos JSON preparados para envío
2025-06-17 22:08:02,119 [INFO] Lectura BMP390
2025-06-17 22:08:02,301 [INFO] Lectura LTR390
2025-06-17 22:08:04,304 [WARNING] Lectura serial fallida o formato incorrecto
2025-06-17 22:08:08,087 [INFO] Lectura datos climáticos NASA
2025-06-17 22:08:08,090 [INFO] Datos JSON preparados para envío
2025-06-17 22:08:09,143 [INFO] Lectura BMP390
2025-06-17 22:08:09,323 [INFO] Lectura LTR390
2025-06-17 22:08:11,325 [WARNING] Lectura serial fallida o formato incorrecto
2025-06-17 22:08:14,802 [INFO] Lectura datos climáticos NASA
2025-06-17 22:08:14,805 [INFO] Datos JSON preparados para envío
2025-06-17 22:08:15,858 [INFO] Lectura BMP390
2025-06-17 22:08:16,037 [INFO] Lectura LTR390
2025-06-17 22:08:18,041 [WARNING] Lectura serial fallida o formato incorrecto
2025-06-17 22:08:21,521 [INFO] Lectura datos climáticos NASA
2025-06-17 22:08:21,523 [INFO] Datos JSON preparados para envío
2025-06-17 22:08:22,577 [INFO] Lectura BMP390
2025-06-17 22:08:22,757 [INFO] Lectura LTR390
2025-06-17 22:08:24,760 [WARNING] Lectura serial fallida o formato incorrecto
2025-06-17 22:08:28,450 [INFO] Lectura datos climáticos NASA
2025-06-17 22:08:28,453 [INFO] Datos JSON preparados para envío
2025-06-17 22:08:29,506 [INFO] Lectura BMP390
2025-06-17 22:08:29,685 [INFO] Lectura LTR390
2025-06-17 22:08:31,688 [WARNING] Lectura serial fallida o formato incorrecto
2025-06-17 22:08:35,537 [INFO] Lectura datos climáticos NASA
2025-06-17 22:08:35,539 [INFO] Datos JSON preparados para envío
2025-06-17 22:08:36,590 [INFO] Lectura BMP390
2025-06-17 22:08:36,771 [INFO] Lectura LTR390
2025-06-17 22:08:38,774 [WARNING] Lectura serial fallida o formato incorrecto
2025-06-17 22:08:42,395 [INFO] Lectura datos climáticos NASA
2025-06-17 22:08:42,397 [INFO] Datos JSON preparados para envío
2025-06-17 22:08:43,452 [INFO] Lectura BMP390
2025-06-17 22:08:43,632 [INFO] Lectura LTR390
2025-06-17 22:08:45,635 [WARNING] Lectura serial fallida o formato incorrecto
2025-06-17 22:08:49,651 [INFO] Lectura datos climáticos NASA
2025-06-17 22:08:49,654 [INFO] Datos JSON preparados para envío
2025-06-17 22:08:50,708 [INFO] Lectura BMP390
2025-06-17 22:08:50,891 [INFO] Lectura LTR390
2025-06-17 22:08:52,894 [WARNING] Lectura serial fallida o formato incorrecto
2025-06-17 22:08:56,609 [INFO] Lectura datos climáticos NASA
2025-06-17 22:08:56,612 [INFO] Datos JSON preparados para envío
2025-06-17 22:08:57,669 [INFO] Lectura BMP390
2025-06-17 22:08:57,854 [INFO] Lectura LTR390
2025-06-17 22:08:59,856 [WARNING] Lectura serial fallida o formato incorrecto
2025-06-17 22:09:03,873 [INFO] Lectura datos climáticos NASA
2025-06-17 22:09:03,877 [INFO] Datos JSON preparados para envío
2025-06-17 22:09:04,931 [INFO] Lectura BMP390
2025-06-17 22:09:05,110 [INFO] Lectura LTR390
2025-06-17 22:09:07,113 [WARNING] Lectura serial fallida o formato incorrecto
2025-06-17 22:09:10,640 [INFO] Lectura datos climáticos NASA
2025-06-17 22:09:10,641 [INFO] Datos JSON preparados para envío
2025-06-17 22:09:11,692 [INFO] Lectura BMP390
2025-06-17 22:09:11,873 [INFO] Lectura LTR390
2025-06-17 22:09:13,875 [WARNING] Lectura serial fallida o formato incorrecto
2025-06-17 22:09:17,921 [INFO] Lectura datos climáticos NASA
2025-06-17 22:09:17,924 [INFO] Datos JSON preparados para envío
2025-06-17 22:09:18,979 [INFO] Lectura BMP390
2025-06-17 22:09:19,159 [INFO] Lectura LTR390
2025-06-17 22:09:21,162 [WARNING] Lectura serial fallida o formato incorrecto
2025-06-17 22:09:25,354 [INFO] Lectura datos climáticos NASA
2025-06-17 22:09:25,357 [INFO] Datos JSON preparados para envío
2025-06-17 22:09:26,410 [INFO] Lectura BMP390
2025-06-17 22:09:26,590 [INFO] Lectura LTR390
2025-06-17 22:09:28,593 [WARNING] Lectura serial fallida o formato incorrecto
2025-06-17 22:09:32,938 [INFO] Lectura datos climáticos NASA
2025-06-17 22:09:32,941 [INFO] Datos JSON preparados para envío
2025-06-17 22:09:33,994 [INFO] Lectura BMP390
2025-06-17 22:09:34,175 [INFO] Lectura LTR390
2025-06-17 22:09:36,179 [WARNING] Lectura serial fallida o formato incorrecto
2025-06-17 22:09:40,227 [INFO] Lectura datos climáticos NASA
2025-06-17 22:09:40,230 [INFO] Datos JSON preparados para envío
2025-06-17 22:09:41,282 [INFO] Lectura BMP390
2025-06-17 22:09:41,462 [INFO] Lectura LTR390
2025-06-17 22:09:43,465 [WARNING] Lectura serial fallida o formato incorrecto
2025-06-17 22:09:46,560 [INFO] Lectura datos climáticos NASA
2025-06-17 22:09:46,562 [INFO] Datos JSON preparados para envío
2025-06-17 22:09:47,613 [INFO] Lectura BMP390
2025-06-17 22:09:47,790 [INFO] Lectura LTR390
2025-06-17 22:09:49,793 [WARNING] Lectura serial fallida o formato incorrecto
2025-06-17 22:09:53,105 [INFO] Lectura datos climáticos NASA
2025-06-17 22:09:53,108 [INFO] Datos JSON preparados para envío
2025-06-17 22:09:54,160 [INFO] Lectura BMP390
2025-06-17 22:09:54,343 [INFO] Lectura LTR390
2025-06-17 22:09:56,346 [WARNING] Lectura serial fallida o formato incorrecto
2025-06-17 22:10:00,159 [INFO] Lectura datos climáticos NASA
2025-06-17 22:10:00,161 [INFO] Datos JSON preparados para envío
2025-06-17 22:10:01,212 [INFO] Lectura BMP390
2025-06-17 22:10:01,395 [INFO] Lectura LTR390
2025-06-17 22:10:03,398 [WARNING] Lectura serial fallida o formato incorrecto
2025-06-17 22:10:07,099 [INFO] Lectura datos climáticos NASA
2025-06-17 22:10:07,102 [INFO] Datos JSON preparados para envío
2025-06-17 22:10:08,157 [INFO] Lectura BMP390
2025-06-17 22:10:08,336 [INFO] Lectura LTR390
2025-06-17 22:10:10,339 [WARNING] Lectura serial fallida o formato incorrecto
2025-06-17 22:10:14,933 [INFO] Lectura datos climáticos NASA
2025-06-17 22:10:14,936 [INFO] Datos JSON preparados para envío
2025-06-17 22:10:15,987 [INFO] Lectura BMP390
2025-06-17 22:10:16,167 [INFO] Lectura LTR390
2025-06-17 22:10:18,170 [WARNING] Lectura serial fallida o formato incorrecto
2025-06-17 22:10:21,759 [INFO] Lectura datos climáticos NASA
2025-06-17 22:10:21,762 [INFO] Datos JSON preparados para envío
2025-06-17 22:10:22,815 [INFO] Lectura BMP390
2025-06-17 22:10:22,995 [INFO] Lectura LTR390
2025-06-17 22:10:24,998 [WARNING] Lectura serial fallida o formato incorrecto
2025-06-17 22:10:28,286 [INFO] Lectura datos climáticos NASA
2025-06-17 22:10:28,288 [INFO] Datos JSON preparados para envío
2025-06-17 22:10:29,342 [INFO] Lectura BMP390
2025-06-17 22:10:29,527 [INFO] Lectura LTR390
2025-06-17 22:10:31,530 [WARNING] Lectura serial fallida o formato incorrecto
2025-06-17 22:10:35,989 [INFO] Lectura datos climáticos NASA
2025-06-17 22:10:35,991 [INFO] Datos JSON preparados para envío
2025-06-17 22:10:37,043 [INFO] Lectura BMP390
2025-06-17 22:10:37,223 [INFO] Lectura LTR390
2025-06-17 22:10:39,226 [WARNING] Lectura serial fallida o formato incorrecto
2025-06-17 22:10:42,998 [INFO] Lectura datos climáticos NASA
2025-06-17 22:10:43,001 [INFO] Datos JSON preparados para envío
2025-06-17 22:10:44,054 [INFO] Lectura BMP390
2025-06-17 22:10:44,235 [INFO] Lectura LTR390
2025-06-17 22:10:46,238 [WARNING] Lectura serial fallida o formato incorrecto
2025-06-17 22:10:49,729 [INFO] Lectura datos climáticos NASA
2025-06-17 22:10:49,731 [INFO] Datos JSON preparados para envío
2025-06-17 22:10:50,783 [INFO] Lectura BMP390
2025-06-17 22:10:50,962 [INFO] Lectura LTR390
2025-06-17 22:10:52,965 [WARNING] Lectura serial fallida o formato incorrecto
2025-06-17 22:10:56,173 [INFO] Lectura datos climáticos NASA
2025-06-17 22:10:56,176 [INFO] Datos JSON preparados para envío
2025-06-17 22:10:57,228 [INFO] Lectura BMP390
2025-06-17 22:10:57,409 [INFO] Lectura LTR390
2025-06-17 22:10:59,412 [WARNING] Lectura serial fallida o formato incorrecto
2025-06-17 22:11:03,259 [INFO] Lectura datos climáticos NASA
2025-06-17 22:11:03,262 [INFO] Datos JSON preparados para envío
2025-06-17 22:11:04,315 [INFO] Lectura BMP390
2025-06-17 22:11:04,494 [INFO] Lectura LTR390
2025-06-17 22:11:06,497 [WARNING] Lectura serial fallida o formato incorrecto
2025-06-17 22:11:09,998 [INFO] Lectura datos climáticos NASA
2025-06-17 22:11:10,001 [INFO] Datos JSON preparados para envío
2025-06-17 22:11:11,053 [INFO] Lectura BMP390
2025-06-17 22:11:11,235 [INFO] Lectura LTR390
2025-06-17 22:11:13,237 [WARNING] Lectura serial fallida o formato incorrecto
2025-06-17 22:11:17,696 [INFO] Lectura datos climáticos NASA
2025-06-17 22:11:17,699 [INFO] Datos JSON preparados para envío
2025-06-17 22:11:18,757 [INFO] Lectura BMP390
2025-06-17 22:11:18,942 [INFO] Lectura LTR390
2025-06-17 22:11:20,945 [WARNING] Lectura serial fallida o formato incorrecto
2025-06-17 22:11:24,497 [INFO] Lectura datos climáticos NASA
2025-06-17 22:11:24,499 [INFO] Datos JSON preparados para envío
2025-06-17 22:11:25,549 [INFO] Lectura BMP390
2025-06-17 22:11:25,725 [INFO] Lectura LTR390
2025-06-17 22:11:27,728 [WARNING] Lectura serial fallida o formato incorrecto
2025-06-17 22:11:31,483 [INFO] Lectura datos climáticos NASA
2025-06-17 22:11:31,485 [INFO] Datos JSON preparados para envío
2025-06-17 22:11:32,538 [INFO] Lectura BMP390
2025-06-17 22:11:32,720 [INFO] Lectura LTR390
2025-06-17 22:11:34,723 [WARNING] Lectura serial fallida o formato incorrecto
2025-06-17 22:11:38,292 [INFO] Lectura datos climáticos NASA
2025-06-17 22:11:38,295 [INFO] Datos JSON preparados para envío
2025-06-17 22:11:39,346 [INFO] Lectura BMP390
2025-06-17 22:11:39,533 [INFO] Lectura LTR390
2025-06-17 22:11:41,536 [WARNING] Lectura serial fallida o formato incorrecto
2025-06-17 22:11:45,158 [INFO] Lectura datos climáticos NASA
2025-06-17 22:11:45,161 [INFO] Datos JSON preparados para envío
2025-06-17 22:11:46,214 [INFO] Lectura BMP390
2025-06-17 22:11:46,394 [INFO] Lectura LTR390
2025-06-17 22:11:48,398 [WARNING] Lectura serial fallida o formato incorrecto
2025-06-17 22:11:51,674 [INFO] Lectura datos climáticos NASA
2025-06-17 22:11:51,677 [INFO] Datos JSON preparados para envío
2025-06-17 22:11:52,732 [INFO] Lectura BMP390
2025-06-17 22:11:52,916 [INFO] Lectura LTR390
2025-06-17 22:11:54,919 [WARNING] Lectura serial fallida o formato incorrecto
2025-06-17 22:11:59,407 [INFO] Lectura datos climáticos NASA
2025-06-17 22:11:59,409 [INFO] Datos JSON preparados para envío
2025-06-17 22:12:00,466 [INFO] Lectura BMP390
2025-06-17 22:12:00,645 [INFO] Lectura LTR390
2025-06-17 22:12:02,648 [WARNING] Lectura serial fallida o formato incorrecto
2025-06-17 22:12:06,294 [INFO] Lectura datos climáticos NASA
2025-06-17 22:12:06,297 [INFO] Datos JSON preparados para envío
2025-06-17 22:12:07,348 [INFO] Lectura BMP390
2025-06-17 22:12:07,530 [INFO] Lectura LTR390
2025-06-17 22:12:09,533 [WARNING] Lectura serial fallida o formato incorrecto
2025-06-17 22:12:13,497 [INFO] Lectura datos climáticos NASA
2025-06-17 22:12:13,499 [INFO] Datos JSON preparados para envío
2025-06-17 22:12:14,549 [INFO] Lectura BMP390
2025-06-17 22:12:14,733 [INFO] Lectura LTR390
2025-06-17 22:12:16,736 [WARNING] Lectura serial fallida o formato incorrecto
2025-06-17 22:12:20,454 [INFO] Lectura datos climáticos NASA
2025-06-17 22:12:20,457 [INFO] Datos JSON preparados para envío
2025-06-17 22:12:21,510 [INFO] Lectura BMP390
2025-06-17 22:12:21,689 [INFO] Lectura LTR390
2025-06-17 22:12:23,692 [WARNING] Lectura serial fallida o formato incorrecto
2025-06-17 22:12:27,807 [INFO] Lectura datos climáticos NASA
2025-06-17 22:12:27,810 [INFO] Datos JSON preparados para envío
2025-06-17 22:12:28,864 [INFO] Lectura BMP390
2025-06-17 22:12:29,044 [INFO] Lectura LTR390
2025-06-17 22:12:31,047 [WARNING] Lectura serial fallida o formato incorrecto
2025-06-17 22:12:34,687 [INFO] Lectura datos climáticos NASA
2025-06-17 22:12:34,690 [INFO] Datos JSON preparados para envío
2025-06-17 22:12:35,742 [INFO] Lectura BMP390
2025-06-17 22:12:35,922 [INFO] Lectura LTR390
2025-06-17 22:12:37,925 [WARNING] Lectura serial fallida o formato incorrecto
2025-06-17 22:12:41,434 [INFO] Lectura datos climáticos NASA
2025-06-17 22:12:41,437 [INFO] Datos JSON preparados para envío
2025-06-17 22:12:42,490 [INFO] Lectura BMP390
2025-06-17 22:12:42,671 [INFO] Lectura LTR390
2025-06-17 22:12:44,674 [WARNING] Lectura serial fallida o formato incorrecto
2025-06-17 22:12:49,231 [INFO] Lectura datos climáticos NASA
2025-06-17 22:12:49,232 [INFO] Datos JSON preparados para envío
2025-06-17 22:12:50,283 [INFO] Lectura BMP390
2025-06-17 22:12:50,466 [INFO] Lectura LTR390
2025-06-17 22:12:52,469 [WARNING] Lectura serial fallida o formato incorrecto
2025-06-17 22:12:56,475 [INFO] Lectura datos climáticos NASA
2025-06-17 22:12:56,478 [INFO] Datos JSON preparados para envío
2025-06-17 22:12:57,529 [INFO] Lectura BMP390
2025-06-17 22:12:57,713 [INFO] Lectura LTR390
2025-06-17 22:12:59,716 [WARNING] Lectura serial fallida o formato incorrecto
2025-06-17 22:13:03,467 [INFO] Lectura datos climáticos NASA
2025-06-17 22:13:03,469 [INFO] Datos JSON preparados para envío
2025-06-17 22:13:04,521 [INFO] Lectura BMP390
2025-06-17 22:13:04,701 [INFO] Lectura LTR390
2025-06-17 22:13:06,704 [WARNING] Lectura serial fallida o formato incorrecto
2025-06-17 22:13:10,122 [INFO] Lectura datos climáticos NASA
2025-06-17 22:13:10,125 [INFO] Datos JSON preparados para envío
2025-06-17 22:13:11,176 [INFO] Lectura BMP390
2025-06-17 22:13:11,355 [INFO] Lectura LTR390
2025-06-17 22:13:13,357 [WARNING] Lectura serial fallida o formato incorrecto
2025-06-17 22:13:17,048 [INFO] Lectura datos climáticos NASA
2025-06-17 22:13:17,051 [INFO] Datos JSON preparados para envío
2025-06-17 22:13:18,108 [INFO] Lectura BMP390
2025-06-17 22:13:18,292 [INFO] Lectura LTR390
2025-06-17 22:13:20,295 [WARNING] Lectura serial fallida o formato incorrecto
2025-06-17 22:13:24,301 [INFO] Lectura datos climáticos NASA
2025-06-17 22:13:24,304 [INFO] Datos JSON preparados para envío
2025-06-17 22:13:25,356 [INFO] Lectura BMP390
2025-06-17 22:13:25,545 [INFO] Lectura LTR390
2025-06-17 22:13:27,548 [WARNING] Lectura serial fallida o formato incorrecto
2025-06-17 22:13:31,073 [INFO] Lectura datos climáticos NASA
2025-06-17 22:13:31,078 [INFO] Datos JSON preparados para envío
2025-06-17 22:13:32,133 [INFO] Lectura BMP390
2025-06-17 22:13:32,312 [INFO] Lectura LTR390
2025-06-17 22:13:34,315 [WARNING] Lectura serial fallida o formato incorrecto
2025-06-17 22:13:37,919 [INFO] Lectura datos climáticos NASA
2025-06-17 22:13:37,921 [INFO] Datos JSON preparados para envío
2025-06-17 22:13:38,975 [INFO] Lectura BMP390
2025-06-17 22:13:39,151 [INFO] Lectura LTR390
2025-06-17 22:13:41,153 [WARNING] Lectura serial fallida o formato incorrecto
2025-06-17 22:13:45,289 [INFO] Lectura datos climáticos NASA
2025-06-17 22:13:45,291 [INFO] Datos JSON preparados para envío
2025-06-17 22:13:46,343 [INFO] Lectura BMP390
2025-06-17 22:13:46,523 [INFO] Lectura LTR390
2025-06-17 22:13:48,526 [WARNING] Lectura serial fallida o formato incorrecto
2025-06-17 22:13:52,460 [INFO] Lectura datos climáticos NASA
2025-06-17 22:13:52,463 [INFO] Datos JSON preparados para envío
2025-06-17 22:13:53,516 [INFO] Lectura BMP390
2025-06-17 22:13:53,699 [INFO] Lectura LTR390
2025-06-17 22:13:55,702 [WARNING] Lectura serial fallida o formato incorrecto
2025-06-17 22:13:59,104 [INFO] Lectura datos climáticos NASA
2025-06-17 22:13:59,108 [INFO] Datos JSON preparados para envío
2025-06-17 22:14:00,159 [INFO] Lectura BMP390
2025-06-17 22:14:00,339 [INFO] Lectura LTR390
2025-06-17 22:14:02,342 [WARNING] Lectura serial fallida o formato incorrecto
2025-06-17 22:14:05,884 [INFO] Lectura datos climáticos NASA
2025-06-17 22:14:05,889 [INFO] Datos JSON preparados para envío
2025-06-17 22:14:06,941 [INFO] Lectura BMP390
2025-06-17 22:14:07,122 [INFO] Lectura LTR390
2025-06-17 22:14:09,125 [WARNING] Lectura serial fallida o formato incorrecto
2025-06-17 22:14:13,418 [INFO] Lectura datos climáticos NASA
2025-06-17 22:14:13,421 [INFO] Datos JSON preparados para envío
2025-06-17 22:14:14,471 [INFO] Lectura BMP390
2025-06-17 22:14:14,647 [INFO] Lectura LTR390
2025-06-17 22:14:16,650 [WARNING] Lectura serial fallida o formato incorrecto
2025-06-17 22:14:19,993 [INFO] Lectura datos climáticos NASA
2025-06-17 22:14:19,996 [INFO] Datos JSON preparados para envío
2025-06-17 22:14:21,051 [INFO] Lectura BMP390
2025-06-17 22:14:21,231 [INFO] Lectura LTR390
2025-06-17 22:14:23,234 [WARNING] Lectura serial fallida o formato incorrecto
2025-06-17 22:14:26,636 [INFO] Lectura datos climáticos NASA
2025-06-17 22:14:26,637 [INFO] Datos JSON preparados para envío
2025-06-17 22:14:27,686 [INFO] Lectura BMP390
2025-06-17 22:14:27,869 [INFO] Lectura LTR390
2025-06-17 22:14:29,872 [WARNING] Lectura serial fallida o formato incorrecto
2025-06-17 22:14:33,375 [INFO] Lectura datos climáticos NASA
2025-06-17 22:14:33,377 [INFO] Datos JSON preparados para envío
2025-06-17 22:14:34,430 [INFO] Lectura BMP390
2025-06-17 22:14:34,610 [INFO] Lectura LTR390
2025-06-17 22:14:36,613 [WARNING] Lectura serial fallida o formato incorrecto
2025-06-17 22:14:41,030 [INFO] Lectura datos climáticos NASA
2025-06-17 22:14:41,033 [INFO] Datos JSON preparados para envío
2025-06-17 22:14:42,093 [INFO] Lectura BMP390
2025-06-17 22:14:42,273 [INFO] Lectura LTR390
2025-06-17 22:14:44,276 [WARNING] Lectura serial fallida o formato incorrecto
2025-06-17 22:14:48,163 [INFO] Lectura datos climáticos NASA
2025-06-17 22:14:48,166 [INFO] Datos JSON preparados para envío
2025-06-17 22:14:49,219 [INFO] Lectura BMP390
2025-06-17 22:14:49,397 [INFO] Lectura LTR390
2025-06-17 22:14:51,400 [WARNING] Lectura serial fallida o formato incorrecto
2025-06-17 22:14:54,849 [INFO] Lectura datos climáticos NASA
2025-06-17 22:14:54,854 [INFO] Datos JSON preparados para envío
2025-06-17 22:14:55,910 [INFO] Lectura BMP390
2025-06-17 22:14:56,090 [INFO] Lectura LTR390
2025-06-17 22:14:58,093 [WARNING] Lectura serial fallida o formato incorrecto
2025-06-17 22:15:01,371 [INFO] Lectura datos climáticos NASA
2025-06-17 22:15:01,374 [INFO] Datos JSON preparados para envío
2025-06-17 22:15:02,426 [INFO] Lectura BMP390
2025-06-17 22:15:02,607 [INFO] Lectura LTR390
2025-06-17 22:15:04,610 [WARNING] Lectura serial fallida o formato incorrecto
2025-06-17 22:15:08,282 [INFO] Lectura datos climáticos NASA
2025-06-17 22:15:08,285 [INFO] Datos JSON preparados para envío
2025-06-17 22:15:09,338 [INFO] Lectura BMP390
2025-06-17 22:15:09,517 [INFO] Lectura LTR390
2025-06-17 22:15:11,520 [WARNING] Lectura serial fallida o formato incorrecto
2025-06-17 22:15:16,364 [INFO] Lectura datos climáticos NASA
2025-06-17 22:15:16,365 [INFO] Datos JSON preparados para envío
2025-06-17 22:15:17,418 [INFO] Lectura BMP390
2025-06-17 22:15:17,597 [INFO] Lectura LTR390
2025-06-17 22:15:19,600 [WARNING] Lectura serial fallida o formato incorrecto
2025-06-17 22:15:23,132 [INFO] Lectura datos climáticos NASA
2025-06-17 22:15:23,135 [INFO] Datos JSON preparados para envío
2025-06-17 22:15:24,188 [INFO] Lectura BMP390
2025-06-17 22:15:24,368 [INFO] Lectura LTR390
2025-06-17 22:15:26,371 [WARNING] Lectura serial fallida o formato incorrecto
2025-06-17 22:15:30,038 [INFO] Lectura datos climáticos NASA
2025-06-17 22:15:30,041 [INFO] Datos JSON preparados para envío
2025-06-17 22:15:31,093 [INFO] Lectura BMP390
2025-06-17 22:15:31,273 [INFO] Lectura LTR390
2025-06-17 22:15:33,276 [WARNING] Lectura serial fallida o formato incorrecto
2025-06-17 22:15:37,764 [INFO] Lectura datos climáticos NASA
2025-06-17 22:15:37,767 [INFO] Datos JSON preparados para envío
2025-06-17 22:15:38,820 [INFO] Lectura BMP390
2025-06-17 22:15:39,000 [INFO] Lectura LTR390
2025-06-17 22:15:41,003 [WARNING] Lectura serial fallida o formato incorrecto
2025-06-17 22:15:45,209 [INFO] Lectura datos climáticos NASA
2025-06-17 22:15:45,212 [INFO] Datos JSON preparados para envío
2025-06-17 22:15:46,269 [INFO] Lectura BMP390
2025-06-17 22:15:46,449 [INFO] Lectura LTR390
2025-06-17 22:15:48,452 [WARNING] Lectura serial fallida o formato incorrecto
2025-06-17 22:15:51,681 [INFO] Lectura datos climáticos NASA
2025-06-17 22:15:51,682 [INFO] Datos JSON preparados para envío
2025-06-17 22:15:52,732 [INFO] Lectura BMP390
2025-06-17 22:15:52,912 [INFO] Lectura LTR390
2025-06-17 22:15:54,915 [WARNING] Lectura serial fallida o formato incorrecto
2025-06-17 22:15:59,242 [INFO] Lectura datos climáticos NASA
2025-06-17 22:15:59,244 [INFO] Datos JSON preparados para envío
2025-06-17 22:16:00,300 [INFO] Lectura BMP390
2025-06-17 22:16:00,480 [INFO] Lectura LTR390
2025-06-17 22:16:02,482 [WARNING] Lectura serial fallida o formato incorrecto
2025-06-17 22:16:06,007 [INFO] Lectura datos climáticos NASA
2025-06-17 22:16:06,009 [INFO] Datos JSON preparados para envío
2025-06-17 22:16:07,060 [INFO] Lectura BMP390
2025-06-17 22:16:07,241 [INFO] Lectura LTR390
2025-06-17 22:16:09,244 [WARNING] Lectura serial fallida o formato incorrecto
2025-06-17 22:16:13,809 [INFO] Lectura datos climáticos NASA
2025-06-17 22:16:13,812 [INFO] Datos JSON preparados para envío
2025-06-17 22:16:14,865 [INFO] Lectura BMP390
2025-06-17 22:16:15,049 [INFO] Lectura LTR390
2025-06-17 22:16:17,052 [WARNING] Lectura serial fallida o formato incorrecto
2025-06-17 22:16:20,355 [INFO] Lectura datos climáticos NASA
2025-06-17 22:16:20,358 [INFO] Datos JSON preparados para envío
2025-06-17 22:16:21,411 [INFO] Lectura BMP390
2025-06-17 22:16:21,595 [INFO] Lectura LTR390
2025-06-17 22:16:23,598 [WARNING] Lectura serial fallida o formato incorrecto
2025-06-17 22:16:27,796 [INFO] Lectura datos climáticos NASA
2025-06-17 22:16:27,799 [INFO] Datos JSON preparados para envío
2025-06-17 22:16:28,850 [INFO] Lectura BMP390
2025-06-17 22:16:29,027 [INFO] Lectura LTR390
2025-06-17 22:16:31,030 [WARNING] Lectura serial fallida o formato incorrecto
2025-06-17 22:16:34,652 [INFO] Lectura datos climáticos NASA
2025-06-17 22:16:34,655 [INFO] Datos JSON preparados para envío
2025-06-17 22:16:35,712 [INFO] Lectura BMP390
2025-06-17 22:16:35,895 [INFO] Lectura LTR390
2025-06-17 22:16:37,898 [WARNING] Lectura serial fallida o formato incorrecto
2025-06-17 22:16:41,503 [INFO] Lectura datos climáticos NASA
2025-06-17 22:16:41,505 [INFO] Datos JSON preparados para envío
2025-06-17 22:16:42,558 [INFO] Lectura BMP390
2025-06-17 22:16:42,739 [INFO] Lectura LTR390
2025-06-17 22:16:44,742 [WARNING] Lectura serial fallida o formato incorrecto
2025-06-17 22:16:48,507 [INFO] Lectura datos climáticos NASA
2025-06-17 22:16:48,510 [INFO] Datos JSON preparados para envío
2025-06-17 22:16:49,563 [INFO] Lectura BMP390
2025-06-17 22:16:49,743 [INFO] Lectura LTR390
2025-06-17 22:16:51,746 [WARNING] Lectura serial fallida o formato incorrecto
2025-06-17 22:16:55,634 [INFO] Lectura datos climáticos NASA
2025-06-17 22:16:55,637 [INFO] Datos JSON preparados para envío
2025-06-17 22:16:56,688 [INFO] Lectura BMP390
2025-06-17 22:16:56,868 [INFO] Lectura LTR390
2025-06-17 22:16:58,871 [WARNING] Lectura serial fallida o formato incorrecto
2025-06-17 22:17:02,295 [INFO] Lectura datos climáticos NASA
2025-06-17 22:17:02,298 [INFO] Datos JSON preparados para envío
2025-06-17 22:17:03,351 [INFO] Lectura BMP390
2025-06-17 22:17:03,534 [INFO] Lectura LTR390
2025-06-17 22:17:05,537 [WARNING] Lectura serial fallida o formato incorrecto
2025-06-17 22:17:09,856 [INFO] Lectura datos climáticos NASA
2025-06-17 22:17:09,859 [INFO] Datos JSON preparados para envío
2025-06-17 22:17:10,912 [INFO] Lectura BMP390
2025-06-17 22:17:11,094 [INFO] Lectura LTR390
2025-06-17 22:17:13,096 [WARNING] Lectura serial fallida o formato incorrecto
2025-06-17 22:17:16,657 [INFO] Lectura datos climáticos NASA
2025-06-17 22:17:16,658 [INFO] Datos JSON preparados para envío
2025-06-17 22:17:17,709 [INFO] Lectura BMP390
2025-06-17 22:17:17,887 [INFO] Lectura LTR390
2025-06-17 22:17:19,889 [WARNING] Lectura serial fallida o formato incorrecto
2025-06-17 22:17:23,476 [INFO] Lectura datos climáticos NASA
2025-06-17 22:17:23,479 [INFO] Datos JSON preparados para envío
2025-06-17 22:17:24,533 [INFO] Lectura BMP390
2025-06-17 22:17:24,716 [INFO] Lectura LTR390
2025-06-17 22:17:26,720 [WARNING] Lectura serial fallida o formato incorrecto
2025-06-17 22:17:30,303 [INFO] Lectura datos climáticos NASA
2025-06-17 22:17:30,304 [INFO] Datos JSON preparados para envío
2025-06-17 22:17:31,356 [INFO] Lectura BMP390
2025-06-17 22:17:31,536 [INFO] Lectura LTR390
2025-06-17 22:17:33,540 [WARNING] Lectura serial fallida o formato incorrecto
2025-06-17 22:17:36,870 [INFO] Lectura datos climáticos NASA
2025-06-17 22:17:36,873 [INFO] Datos JSON preparados para envío
2025-06-17 22:17:37,924 [INFO] Lectura BMP390
2025-06-17 22:17:38,104 [INFO] Lectura LTR390
2025-06-17 22:17:40,107 [WARNING] Lectura serial fallida o formato incorrecto
2025-06-17 22:17:44,225 [INFO] Lectura datos climáticos NASA
2025-06-17 22:17:44,228 [INFO] Datos JSON preparados para envío
2025-06-17 22:17:45,281 [INFO] Lectura BMP390
2025-06-17 22:17:45,461 [INFO] Lectura LTR390
2025-06-17 22:17:47,464 [WARNING] Lectura serial fallida o formato incorrecto
2025-06-17 22:17:51,457 [INFO] Lectura datos climáticos NASA
2025-06-17 22:17:51,460 [INFO] Datos JSON preparados para envío
2025-06-17 22:17:52,512 [INFO] Lectura BMP390
2025-06-17 22:17:52,701 [INFO] Lectura LTR390
2025-06-17 22:17:54,704 [WARNING] Lectura serial fallida o formato incorrecto
2025-06-17 22:17:58,273 [INFO] Lectura datos climáticos NASA
2025-06-17 22:17:58,276 [INFO] Datos JSON preparados para envío
2025-06-17 22:17:59,329 [INFO] Lectura BMP390
2025-06-17 22:17:59,509 [INFO] Lectura LTR390
2025-06-17 22:18:01,512 [WARNING] Lectura serial fallida o formato incorrecto
2025-06-17 22:18:04,852 [INFO] Lectura datos climáticos NASA
2025-06-17 22:18:04,855 [INFO] Datos JSON preparados para envío
2025-06-17 22:18:05,907 [INFO] Lectura BMP390
2025-06-17 22:18:06,084 [INFO] Lectura LTR390
2025-06-17 22:18:08,087 [WARNING] Lectura serial fallida o formato incorrecto
2025-06-17 22:18:11,522 [INFO] Lectura datos climáticos NASA
2025-06-17 22:18:11,525 [INFO] Datos JSON preparados para envío
2025-06-17 22:18:12,577 [INFO] Lectura BMP390
2025-06-17 22:18:12,758 [INFO] Lectura LTR390
2025-06-17 22:18:14,761 [WARNING] Lectura serial fallida o formato incorrecto
2025-06-17 22:18:19,335 [INFO] Lectura datos climáticos NASA
2025-06-17 22:18:19,337 [INFO] Datos JSON preparados para envío
2025-06-17 22:18:20,389 [INFO] Lectura BMP390
2025-06-17 22:18:20,573 [INFO] Lectura LTR390
2025-06-17 22:18:22,576 [WARNING] Lectura serial fallida o formato incorrecto
2025-06-17 22:18:26,196 [INFO] Lectura datos climáticos NASA
2025-06-17 22:18:26,200 [INFO] Datos JSON preparados para envío
2025-06-17 22:18:27,253 [INFO] Lectura BMP390
2025-06-17 22:18:27,432 [INFO] Lectura LTR390
2025-06-17 22:18:29,435 [WARNING] Lectura serial fallida o formato incorrecto
2025-06-17 22:18:32,950 [INFO] Lectura datos climáticos NASA
2025-06-17 22:18:32,953 [INFO] Datos JSON preparados para envío
2025-06-17 22:18:34,006 [INFO] Lectura BMP390
2025-06-17 22:18:34,189 [INFO] Lectura LTR390
2025-06-17 22:18:36,192 [WARNING] Lectura serial fallida o formato incorrecto
2025-06-17 22:18:40,521 [INFO] Lectura datos climáticos NASA
2025-06-17 22:18:40,523 [INFO] Datos JSON preparados para envío
2025-06-17 22:18:41,576 [INFO] Lectura BMP390
2025-06-17 22:18:41,755 [INFO] Lectura LTR390
2025-06-17 22:18:43,758 [WARNING] Lectura serial fallida o formato incorrecto
2025-06-17 22:18:47,686 [INFO] Lectura datos climáticos NASA
2025-06-17 22:18:47,689 [INFO] Datos JSON preparados para envío
2025-06-17 22:18:48,742 [INFO] Lectura BMP390
2025-06-17 22:18:48,925 [INFO] Lectura LTR390
2025-06-17 22:18:50,928 [WARNING] Lectura serial fallida o formato incorrecto
2025-06-17 22:18:54,467 [INFO] Lectura datos climáticos NASA
2025-06-17 22:18:54,468 [INFO] Datos JSON preparados para envío
2025-06-17 22:18:55,518 [INFO] Lectura BMP390
2025-06-17 22:18:55,695 [INFO] Lectura LTR390
2025-06-17 22:18:57,698 [WARNING] Lectura serial fallida o formato incorrecto
2025-06-17 22:19:02,018 [INFO] Lectura datos climáticos NASA
2025-06-17 22:19:02,021 [INFO] Datos JSON preparados para envío
2025-06-17 22:19:03,075 [INFO] Lectura BMP390
2025-06-17 22:19:03,255 [INFO] Lectura LTR390
2025-06-17 22:19:05,258 [WARNING] Lectura serial fallida o formato incorrecto
2025-06-17 22:19:08,970 [INFO] Lectura datos climáticos NASA
2025-06-17 22:19:08,975 [INFO] Datos JSON preparados para envío
2025-06-17 22:19:10,026 [INFO] Lectura BMP390
2025-06-17 22:19:10,211 [INFO] Lectura LTR390
2025-06-17 22:19:12,214 [WARNING] Lectura serial fallida o formato incorrecto
2025-06-17 22:19:15,690 [INFO] Lectura datos climáticos NASA
2025-06-17 22:19:15,693 [INFO] Datos JSON preparados para envío
2025-06-17 22:19:16,748 [INFO] Lectura BMP390
2025-06-17 22:19:16,928 [INFO] Lectura LTR390
2025-06-17 22:19:18,931 [WARNING] Lectura serial fallida o formato incorrecto
2025-06-17 22:19:23,044 [INFO] Lectura datos climáticos NASA
2025-06-17 22:19:23,046 [INFO] Datos JSON preparados para envío
2025-06-17 22:19:24,099 [INFO] Lectura BMP390
2025-06-17 22:19:24,282 [INFO] Lectura LTR390
2025-06-17 22:19:26,285 [WARNING] Lectura serial fallida o formato incorrecto
2025-06-17 22:19:29,579 [INFO] Lectura datos climáticos NASA
2025-06-17 22:19:29,582 [INFO] Datos JSON preparados para envío
2025-06-17 22:19:30,633 [INFO] Lectura BMP390
2025-06-17 22:19:30,809 [INFO] Lectura LTR390
2025-06-17 22:19:32,812 [WARNING] Lectura serial fallida o formato incorrecto
2025-06-17 22:19:36,803 [INFO] Lectura datos climáticos NASA
2025-06-17 22:19:36,807 [INFO] Datos JSON preparados para envío
2025-06-17 22:19:37,861 [INFO] Lectura BMP390
2025-06-17 22:19:38,041 [INFO] Lectura LTR390
2025-06-17 22:19:40,044 [WARNING] Lectura serial fallida o formato incorrecto
2025-06-17 22:19:43,433 [INFO] Lectura datos climáticos NASA
2025-06-17 22:19:43,435 [INFO] Datos JSON preparados para envío
2025-06-17 22:19:44,486 [INFO] Lectura BMP390
2025-06-17 22:19:44,670 [INFO] Lectura LTR390
2025-06-17 22:19:46,673 [WARNING] Lectura serial fallida o formato incorrecto
2025-06-17 22:19:50,262 [INFO] Lectura datos climáticos NASA
2025-06-17 22:19:50,264 [INFO] Datos JSON preparados para envío
2025-06-17 22:19:51,316 [INFO] Lectura BMP390
2025-06-17 22:19:51,496 [INFO] Lectura LTR390
2025-06-17 22:19:53,499 [WARNING] Lectura serial fallida o formato incorrecto
2025-06-17 22:19:57,073 [INFO] Lectura datos climáticos NASA
2025-06-17 22:19:57,075 [INFO] Datos JSON preparados para envío
2025-06-17 22:19:58,128 [INFO] Lectura BMP390
2025-06-17 22:19:58,313 [INFO] Lectura LTR390
2025-06-17 22:20:00,316 [WARNING] Lectura serial fallida o formato incorrecto
2025-06-17 22:20:04,229 [INFO] Lectura datos climáticos NASA
2025-06-17 22:20:04,231 [INFO] Datos JSON preparados para envío
2025-06-17 22:20:05,284 [INFO] Lectura BMP390
2025-06-17 22:20:05,463 [INFO] Lectura LTR390
2025-06-17 22:20:07,466 [WARNING] Lectura serial fallida o formato incorrecto
2025-06-17 22:20:11,808 [INFO] Lectura datos climáticos NASA
2025-06-17 22:20:11,811 [INFO] Datos JSON preparados para envío
2025-06-17 22:20:12,863 [INFO] Lectura BMP390
2025-06-17 22:20:13,043 [INFO] Lectura LTR390
2025-06-17 22:20:15,046 [WARNING] Lectura serial fallida o formato incorrecto
2025-06-17 22:20:18,721 [INFO] Lectura datos climáticos NASA
2025-06-17 22:20:18,725 [INFO] Datos JSON preparados para envío
2025-06-17 22:20:19,775 [INFO] Lectura BMP390
2025-06-17 22:20:19,952 [INFO] Lectura LTR390
2025-06-17 22:20:21,953 [WARNING] Lectura serial fallida o formato incorrecto
2025-06-17 22:20:26,467 [INFO] Lectura datos climáticos NASA
2025-06-17 22:20:26,470 [INFO] Datos JSON preparados para envío
2025-06-17 22:20:27,523 [INFO] Lectura BMP390
2025-06-17 22:20:27,703 [INFO] Lectura LTR390
2025-06-17 22:20:29,707 [WARNING] Lectura serial fallida o formato incorrecto
2025-06-17 22:20:33,413 [INFO] Lectura datos climáticos NASA
2025-06-17 22:20:33,416 [INFO] Datos JSON preparados para envío
2025-06-17 22:20:34,469 [INFO] Lectura BMP390
2025-06-17 22:20:34,649 [INFO] Lectura LTR390
2025-06-17 22:20:36,652 [WARNING] Lectura serial fallida o formato incorrecto
2025-06-17 22:20:39,914 [INFO] Lectura datos climáticos NASA
2025-06-17 22:20:39,917 [INFO] Datos JSON preparados para envío
2025-06-17 22:20:40,970 [INFO] Lectura BMP390
2025-06-17 22:20:41,156 [INFO] Lectura LTR390
2025-06-17 22:20:43,160 [WARNING] Lectura serial fallida o formato incorrecto
2025-06-17 22:20:46,685 [INFO] Lectura datos climáticos NASA
2025-06-17 22:20:46,688 [INFO] Datos JSON preparados para envío
2025-06-17 22:20:47,742 [INFO] Lectura BMP390
2025-06-17 22:20:47,921 [INFO] Lectura LTR390
2025-06-17 22:20:49,924 [WARNING] Lectura serial fallida o formato incorrecto
2025-06-17 22:20:54,133 [INFO] Lectura datos climáticos NASA
2025-06-17 22:20:54,136 [INFO] Datos JSON preparados para envío
2025-06-17 22:20:55,190 [INFO] Lectura BMP390
2025-06-17 22:20:55,369 [INFO] Lectura LTR390
2025-06-17 22:20:57,372 [WARNING] Lectura serial fallida o formato incorrecto
2025-06-17 22:21:01,743 [INFO] Lectura datos climáticos NASA
2025-06-17 22:21:01,747 [INFO] Datos JSON preparados para envío
2025-06-17 22:21:02,799 [INFO] Lectura BMP390
2025-06-17 22:21:02,980 [INFO] Lectura LTR390
2025-06-17 22:21:04,983 [WARNING] Lectura serial fallida o formato incorrecto
2025-06-17 22:21:08,733 [INFO] Lectura datos climáticos NASA
2025-06-17 22:21:08,735 [INFO] Datos JSON preparados para envío
2025-06-17 22:21:09,787 [INFO] Lectura BMP390
2025-06-17 22:21:09,967 [INFO] Lectura LTR390
2025-06-17 22:21:11,970 [WARNING] Lectura serial fallida o formato incorrecto
2025-06-17 22:21:15,564 [INFO] Lectura datos climáticos NASA
2025-06-17 22:21:15,566 [INFO] Datos JSON preparados para envío
2025-06-17 22:21:16,619 [INFO] Lectura BMP390
2025-06-17 22:21:16,798 [INFO] Lectura LTR390
2025-06-17 22:21:18,801 [WARNING] Lectura serial fallida o formato incorrecto
2025-06-17 22:21:22,106 [INFO] Lectura datos climáticos NASA
2025-06-17 22:21:22,109 [INFO] Datos JSON preparados para envío
2025-06-17 22:21:23,163 [INFO] Lectura BMP390
2025-06-17 22:21:23,342 [INFO] Lectura LTR390
2025-06-17 22:21:25,346 [WARNING] Lectura serial fallida o formato incorrecto
2025-06-17 22:21:28,960 [INFO] Lectura datos climáticos NASA
2025-06-17 22:21:28,963 [INFO] Datos JSON preparados para envío
2025-06-17 22:21:30,014 [INFO] Lectura BMP390
2025-06-17 22:21:30,194 [INFO] Lectura LTR390
2025-06-17 22:21:32,197 [WARNING] Lectura serial fallida o formato incorrecto
2025-06-17 22:21:35,518 [INFO] Lectura datos climáticos NASA
2025-06-17 22:21:35,521 [INFO] Datos JSON preparados para envío
2025-06-17 22:21:36,573 [INFO] Lectura BMP390
2025-06-17 22:21:36,755 [INFO] Lectura LTR390
2025-06-17 22:21:38,758 [WARNING] Lectura serial fallida o formato incorrecto
2025-06-17 22:21:42,683 [INFO] Lectura datos climáticos NASA
2025-06-17 22:21:42,686 [INFO] Datos JSON preparados para envío
2025-06-17 22:21:42,886 [INFO] 192.168.95.154 - - [17/Jun/2025 22:21:42] "[33mGET /favicon.ico HTTP/1.1[0m" 404 -
2025-06-17 22:21:43,739 [INFO] Lectura BMP390
2025-06-17 22:21:43,920 [INFO] Lectura LTR390
2025-06-17 22:21:45,923 [WARNING] Lectura serial fallida o formato incorrecto
2025-06-17 22:21:49,461 [INFO] Lectura datos climáticos NASA
2025-06-17 22:21:49,464 [INFO] Datos JSON preparados para envío
2025-06-17 22:21:50,521 [INFO] Lectura BMP390
2025-06-17 22:21:50,700 [INFO] Lectura LTR390
2025-06-17 22:21:52,703 [WARNING] Lectura serial fallida o formato incorrecto
2025-06-17 22:21:56,895 [INFO] Lectura datos climáticos NASA
2025-06-17 22:21:56,897 [INFO] Datos JSON preparados para envío
2025-06-17 22:21:57,947 [INFO] Lectura BMP390
2025-06-17 22:21:58,129 [INFO] Lectura LTR390
2025-06-17 22:22:00,132 [WARNING] Lectura serial fallida o formato incorrecto
2025-06-17 22:22:04,291 [INFO] Lectura datos climáticos NASA
2025-06-17 22:22:04,293 [INFO] Datos JSON preparados para envío
2025-06-17 22:22:05,345 [INFO] Lectura BMP390
2025-06-17 22:22:05,530 [INFO] Lectura LTR390
2025-06-17 22:22:07,533 [WARNING] Lectura serial fallida o formato incorrecto
2025-06-17 22:22:12,139 [INFO] Lectura datos climáticos NASA
2025-06-17 22:22:12,143 [INFO] Datos JSON preparados para envío
2025-06-17 22:22:13,197 [INFO] Lectura BMP390
2025-06-17 22:22:13,379 [INFO] Lectura LTR390
2025-06-17 22:22:15,382 [WARNING] Lectura serial fallida o formato incorrecto
2025-06-17 22:22:19,264 [INFO] Lectura datos climáticos NASA
2025-06-17 22:22:19,266 [INFO] Datos JSON preparados para envío
2025-06-17 22:22:20,319 [INFO] Lectura BMP390
2025-06-17 22:22:20,500 [INFO] Lectura LTR390
2025-06-17 22:22:22,504 [WARNING] Lectura serial fallida o formato incorrecto
2025-06-17 22:22:26,244 [INFO] Lectura datos climáticos NASA
2025-06-17 22:22:26,247 [INFO] Datos JSON preparados para envío
2025-06-17 22:22:27,299 [INFO] Lectura BMP390
2025-06-17 22:22:27,484 [INFO] Lectura LTR390
2025-06-17 22:22:29,487 [WARNING] Lectura serial fallida o formato incorrecto
2025-06-17 22:22:33,416 [INFO] Lectura datos climáticos NASA
2025-06-17 22:22:33,418 [INFO] Datos JSON preparados para envío
2025-06-17 22:22:34,468 [INFO] Lectura BMP390
2025-06-17 22:22:34,651 [INFO] Lectura LTR390
2025-06-17 22:22:36,654 [WARNING] Lectura serial fallida o formato incorrecto
2025-06-17 22:22:40,136 [INFO] Lectura datos climáticos NASA
2025-06-17 22:22:40,139 [INFO] Datos JSON preparados para envío
2025-06-17 22:22:41,192 [INFO] Lectura BMP390
2025-06-17 22:22:41,371 [INFO] Lectura LTR390
2025-06-17 22:22:43,375 [WARNING] Lectura serial fallida o formato incorrecto
2025-06-17 22:22:46,821 [INFO] Lectura datos climáticos NASA
2025-06-17 22:22:46,823 [INFO] Datos JSON preparados para envío
2025-06-17 22:22:47,876 [INFO] Lectura BMP390
2025-06-17 22:22:48,056 [INFO] Lectura LTR390
2025-06-17 22:22:50,060 [WARNING] Lectura serial fallida o formato incorrecto
2025-06-17 22:22:53,194 [INFO] 10.42.0.248 - - [17/Jun/2025 22:22:53] "GET / HTTP/1.1" 200 -
2025-06-17 22:22:53,423 [INFO] 10.42.0.248 - - [17/Jun/2025 22:22:53] "[33mGET /favicon.ico HTTP/1.1[0m" 404 -
2025-06-17 22:22:54,521 [INFO] Lectura datos climáticos NASA
2025-06-17 22:22:54,525 [INFO] Datos JSON preparados para envío
2025-06-17 22:22:55,577 [INFO] Lectura BMP390
2025-06-17 22:22:55,757 [INFO] Lectura LTR390
2025-06-17 22:22:57,761 [WARNING] Lectura serial fallida o formato incorrecto
2025-06-17 22:23:01,368 [INFO] Lectura datos climáticos NASA
2025-06-17 22:23:01,371 [INFO] Datos JSON preparados para envío
2025-06-17 22:23:02,155 [INFO] Movimiento hacia adelante
2025-06-17 22:23:02,170 [INFO] 10.42.0.248 - - [17/Jun/2025 22:23:02] "POST /mover HTTP/1.1" 200 -
2025-06-17 22:23:02,429 [INFO] Lectura BMP390
2025-06-17 22:23:02,625 [INFO] Lectura LTR390
2025-06-17 22:23:03,605 [INFO] 10.42.0.248 - - [17/Jun/2025 22:23:03] "GET /datos HTTP/1.1" 200 -
2025-06-17 22:23:04,628 [WARNING] Lectura serial fallida o formato incorrecto
2025-06-17 22:23:05,352 [INFO] Movimiento hacia adelante
2025-06-17 22:23:08,497 [INFO] Movimiento hacia adelante
2025-06-17 22:23:09,254 [INFO] Lectura datos climáticos NASA
2025-06-17 22:23:09,257 [INFO] Datos JSON preparados para envío
2025-06-17 22:23:10,314 [INFO] Lectura BMP390
2025-06-17 22:23:10,506 [INFO] Lectura LTR390
2025-06-17 22:23:11,601 [INFO] Movimiento hacia adelante
2025-06-17 22:23:12,508 [WARNING] Lectura serial fallida o formato incorrecto
2025-06-17 22:23:14,772 [INFO] Movimiento hacia adelante
2025-06-17 22:23:16,108 [INFO] Lectura datos climáticos NASA
2025-06-17 22:23:16,111 [INFO] Datos JSON preparados para envío
2025-06-17 22:23:17,168 [INFO] Lectura BMP390
2025-06-17 22:23:17,363 [INFO] Lectura LTR390
2025-06-17 22:23:17,949 [INFO] Movimiento hacia adelante
2025-06-17 22:23:19,366 [WARNING] Lectura serial fallida o formato incorrecto
2025-06-17 22:23:21,105 [INFO] Movimiento hacia adelante
2025-06-17 22:23:23,232 [INFO] Lectura datos climáticos NASA
2025-06-17 22:23:23,234 [INFO] Datos JSON preparados para envío
2025-06-17 22:23:24,193 [INFO] Movimiento hacia adelante
2025-06-17 22:23:24,290 [INFO] Lectura BMP390
2025-06-17 22:23:24,474 [INFO] Lectura LTR390
2025-06-17 22:23:26,479 [WARNING] Lectura serial fallida o formato incorrecto
2025-06-17 22:23:27,379 [INFO] Movimiento hacia adelante
2025-06-17 22:23:29,759 [INFO] Lectura datos climáticos NASA
2025-06-17 22:23:29,762 [INFO] Datos JSON preparados para envío
2025-06-17 22:23:30,539 [INFO] Movimiento hacia adelante
2025-06-17 22:23:30,818 [INFO] Lectura BMP390
2025-06-17 22:23:31,015 [INFO] Lectura LTR390
2025-06-17 22:23:33,018 [WARNING] Lectura serial fallida o formato incorrecto
2025-06-17 22:23:33,721 [INFO] Movimiento hacia adelante
2025-06-17 22:23:36,741 [INFO] Lectura datos climáticos NASA
2025-06-17 22:23:36,743 [INFO] Datos JSON preparados para envío
2025-06-17 22:23:36,803 [INFO] Movimiento hacia adelante
2025-06-17 22:23:37,801 [INFO] Lectura BMP390
2025-06-17 22:23:37,997 [INFO] Lectura LTR390
2025-06-17 22:23:39,983 [INFO] Movimiento hacia adelante
2025-06-17 22:23:40,000 [WARNING] Lectura serial fallida o formato incorrecto
2025-06-17 22:23:43,143 [INFO] Movimiento hacia adelante
2025-06-17 22:23:43,455 [INFO] Lectura datos climáticos NASA
2025-06-17 22:23:43,458 [INFO] Datos JSON preparados para envío
2025-06-17 22:23:44,517 [INFO] Lectura BMP390
2025-06-17 22:23:44,706 [INFO] Lectura LTR390
2025-06-17 22:23:46,295 [INFO] Movimiento hacia adelante
2025-06-17 22:23:46,708 [WARNING] Lectura serial fallida o formato incorrecto
2025-06-17 22:23:49,416 [INFO] Movimiento hacia adelante
2025-06-17 22:23:50,142 [INFO] Lectura datos climáticos NASA
2025-06-17 22:23:50,147 [INFO] Datos JSON preparados para envío
2025-06-17 22:23:51,202 [INFO] Lectura BMP390
2025-06-17 22:23:51,398 [INFO] Lectura LTR390
2025-06-17 22:23:52,599 [INFO] Movimiento hacia adelante
2025-06-17 22:23:53,401 [WARNING] Lectura serial fallida o formato incorrecto
2025-06-17 22:23:55,756 [INFO] Movimiento hacia adelante
2025-06-17 22:23:57,549 [INFO] Lectura datos climáticos NASA
2025-06-17 22:23:57,553 [INFO] Datos JSON preparados para envío
2025-06-17 22:23:58,607 [INFO] Lectura BMP390
2025-06-17 22:23:58,799 [INFO] Lectura LTR390
2025-06-17 22:23:58,897 [INFO] Movimiento hacia adelante
2025-06-17 22:24:00,802 [WARNING] Lectura serial fallida o formato incorrecto
2025-06-17 22:24:02,018 [INFO] Movimiento hacia adelante
2025-06-17 22:24:04,715 [INFO] Lectura datos climáticos NASA
2025-06-17 22:24:04,717 [INFO] Datos JSON preparados para envío
2025-06-17 22:24:05,171 [INFO] Movimiento hacia adelante
2025-06-17 22:24:05,776 [INFO] Lectura BMP390
2025-06-17 22:24:05,963 [INFO] Lectura LTR390
2025-06-17 22:24:07,966 [WARNING] Lectura serial fallida o formato incorrecto
2025-06-17 22:24:08,358 [INFO] Movimiento hacia adelante
2025-06-17 22:24:11,473 [INFO] Movimiento hacia adelante
2025-06-17 22:24:12,357 [INFO] Lectura datos climáticos NASA
2025-06-17 22:24:12,360 [INFO] Datos JSON preparados para envío
2025-06-17 22:24:13,419 [INFO] Lectura BMP390
2025-06-17 22:24:13,605 [INFO] Lectura LTR390
2025-06-17 22:24:14,658 [INFO] Movimiento hacia adelante
2025-06-17 22:24:15,608 [WARNING] Lectura serial fallida o formato incorrecto
2025-06-17 22:24:17,824 [INFO] Movimiento hacia adelante
2025-06-17 22:24:19,142 [INFO] Lectura datos climáticos NASA
2025-06-17 22:24:19,147 [INFO] Datos JSON preparados para envío
2025-06-17 22:24:20,205 [INFO] Lectura BMP390
2025-06-17 22:24:20,393 [INFO] Lectura LTR390
2025-06-17 22:24:21,006 [INFO] Movimiento hacia adelante
2025-06-17 22:24:22,396 [WARNING] Lectura serial fallida o formato incorrecto
2025-06-17 22:24:24,095 [INFO] Movimiento hacia adelante
2025-06-17 22:24:25,900 [INFO] Lectura datos climáticos NASA
2025-06-17 22:24:25,903 [INFO] Datos JSON preparados para envío
2025-06-17 22:24:26,958 [INFO] Lectura BMP390
2025-06-17 22:24:27,143 [INFO] Lectura LTR390
2025-06-17 22:24:27,266 [INFO] Movimiento hacia adelante
2025-06-17 22:24:29,146 [WARNING] Lectura serial fallida o formato incorrecto
2025-06-17 22:24:30,437 [INFO] Movimiento hacia adelante
2025-06-17 22:24:33,592 [INFO] Movimiento hacia adelante
2025-06-17 22:24:33,901 [INFO] Lectura datos climáticos NASA
2025-06-17 22:24:33,903 [INFO] Datos JSON preparados para envío
2025-06-17 22:24:34,962 [INFO] Lectura BMP390
2025-06-17 22:24:35,154 [INFO] Lectura LTR390
2025-06-17 22:24:36,712 [INFO] Movimiento hacia adelante
2025-06-17 22:24:37,156 [WARNING] Lectura serial fallida o formato incorrecto
2025-06-17 22:24:39,873 [INFO] Movimiento hacia adelante
2025-06-17 22:24:41,041 [INFO] Lectura datos climáticos NASA
2025-06-17 22:24:41,043 [INFO] Datos JSON preparados para envío
2025-06-17 22:24:42,098 [INFO] Lectura BMP390
2025-06-17 22:24:42,294 [INFO] Lectura LTR390
2025-06-17 22:24:43,060 [INFO] Movimiento hacia adelante
2025-06-17 22:24:44,298 [WARNING] Lectura serial fallida o formato incorrecto
2025-06-17 22:24:46,224 [INFO] Movimiento hacia adelante
2025-06-17 22:24:48,266 [INFO] Lectura datos climáticos NASA
2025-06-17 22:24:48,268 [INFO] Datos JSON preparados para envío
2025-06-17 22:24:49,293 [INFO] Movimiento hacia adelante
2025-06-17 22:24:49,325 [INFO] Lectura BMP390
2025-06-17 22:24:49,523 [INFO] Lectura LTR390
2025-06-17 22:24:51,526 [WARNING] Lectura serial fallida o formato incorrecto
2025-06-17 22:24:52,493 [INFO] Movimiento hacia adelante
2025-06-17 22:24:55,647 [INFO] Movimiento hacia adelante
2025-06-17 22:24:55,783 [INFO] Lectura datos climáticos NASA
2025-06-17 22:24:55,786 [INFO] Datos JSON preparados para envío
2025-06-17 22:24:56,844 [INFO] Lectura BMP390
2025-06-17 22:24:57,039 [INFO] Lectura LTR390
2025-06-17 22:24:58,829 [INFO] Movimiento hacia adelante
2025-06-17 22:24:59,042 [WARNING] Lectura serial fallida o formato incorrecto
2025-06-17 22:25:01,887 [INFO] Movimiento hacia adelante
2025-06-17 22:25:02,876 [INFO] Lectura datos climáticos NASA
2025-06-17 22:25:02,879 [INFO] Datos JSON preparados para envío
2025-06-17 22:25:03,936 [INFO] Lectura BMP390
2025-06-17 22:25:04,120 [INFO] Lectura LTR390
2025-06-17 22:25:05,059 [INFO] Movimiento hacia adelante
2025-06-17 22:25:06,123 [WARNING] Lectura serial fallida o formato incorrecto
2025-06-17 22:25:08,227 [INFO] Movimiento hacia adelante
2025-06-17 22:25:09,867 [INFO] Lectura datos climáticos NASA
2025-06-17 22:25:09,870 [INFO] Datos JSON preparados para envío
2025-06-17 22:25:10,926 [INFO] Lectura BMP390
2025-06-17 22:25:11,121 [INFO] Lectura LTR390
2025-06-17 22:25:11,395 [INFO] Movimiento hacia adelante
2025-06-17 22:25:13,124 [WARNING] Lectura serial fallida o formato incorrecto
2025-06-17 22:25:14,504 [INFO] Movimiento hacia adelante
2025-06-17 22:25:16,654 [INFO] Lectura datos climáticos NASA
2025-06-17 22:25:16,657 [INFO] Datos JSON preparados para envío
2025-06-17 22:25:17,664 [INFO] Movimiento hacia adelante
2025-06-17 22:25:17,720 [INFO] Lectura BMP390
2025-06-17 22:25:17,908 [INFO] Lectura LTR390
2025-06-17 22:25:18,161 [INFO] 192.168.95.154 - - [17/Jun/2025 22:25:18] "GET /datos HTTP/1.1" 200 -
2025-06-17 22:25:19,911 [WARNING] Lectura serial fallida o formato incorrecto
2025-06-17 22:25:20,193 [INFO] 192.168.95.154 - - [17/Jun/2025 22:25:20] "GET /datos HTTP/1.1" 200 -
2025-06-17 22:25:20,861 [INFO] Movimiento hacia adelante
2025-06-17 22:25:23,987 [INFO] Movimiento hacia adelante
2025-06-17 22:25:24,022 [INFO] Lectura datos climáticos NASA
2025-06-17 22:25:24,023 [INFO] Datos JSON preparados para envío
2025-06-17 22:25:25,078 [INFO] Lectura BMP390
2025-06-17 22:25:25,270 [INFO] Lectura LTR390
2025-06-17 22:25:27,102 [INFO] Movimiento hacia adelante
2025-06-17 22:25:27,273 [WARNING] Lectura serial fallida o formato incorrecto
2025-06-17 22:25:30,253 [INFO] Movimiento hacia adelante
2025-06-17 22:25:31,700 [INFO] Lectura datos climáticos NASA
2025-06-17 22:25:31,705 [INFO] Datos JSON preparados para envío
2025-06-17 22:25:32,764 [INFO] Lectura BMP390
2025-06-17 22:25:32,960 [INFO] Lectura LTR390
2025-06-17 22:25:33,424 [INFO] Movimiento hacia adelante
2025-06-17 22:25:34,963 [WARNING] Lectura serial fallida o formato incorrecto
2025-06-17 22:25:36,541 [INFO] Movimiento hacia adelante
2025-06-17 22:25:38,348 [INFO] Lectura datos climáticos NASA
2025-06-17 22:25:38,351 [INFO] Datos JSON preparados para envío
2025-06-17 22:25:39,414 [INFO] Lectura BMP390
2025-06-17 22:25:39,600 [INFO] Lectura LTR390
2025-06-17 22:25:39,684 [INFO] Movimiento hacia adelante
2025-06-17 22:25:41,603 [WARNING] Lectura serial fallida o formato incorrecto
2025-06-17 22:25:42,850 [INFO] Movimiento hacia adelante
2025-06-17 22:25:43,705 [INFO] 192.168.95.154 - - [17/Jun/2025 22:25:43] "GET /datos HTTP/1.1" 200 -
2025-06-17 22:25:46,008 [INFO] Movimiento hacia adelante
2025-06-17 22:25:46,845 [INFO] Lectura datos climáticos NASA
2025-06-17 22:25:46,848 [INFO] Datos JSON preparados para envío
2025-06-17 22:25:46,907 [INFO] 192.168.95.154 - - [17/Jun/2025 22:25:46] "GET /datos HTTP/1.1" 200 -
2025-06-17 22:25:47,906 [INFO] Lectura BMP390
2025-06-17 22:25:48,097 [INFO] Lectura LTR390
2025-06-17 22:25:49,131 [INFO] Movimiento hacia adelante
2025-06-17 22:25:50,100 [WARNING] Lectura serial fallida o formato incorrecto
2025-06-17 22:25:52,267 [INFO] Movimiento hacia adelante
2025-06-17 22:25:53,741 [INFO] Lectura datos climáticos NASA
2025-06-17 22:25:53,743 [INFO] Datos JSON preparados para envío
2025-06-17 22:25:54,800 [INFO] Lectura BMP390
2025-06-17 22:25:54,996 [INFO] Lectura LTR390
2025-06-17 22:25:55,455 [INFO] Movimiento hacia adelante
2025-06-17 22:25:56,999 [WARNING] Lectura serial fallida o formato incorrecto
2025-06-17 22:25:58,616 [INFO] Movimiento hacia adelante
2025-06-17 22:25:59,120 [INFO] 192.168.95.154 - - [17/Jun/2025 22:25:59] "GET /datos HTTP/1.1" 200 -
2025-06-17 22:26:00,308 [INFO] Lectura datos climáticos NASA
2025-06-17 22:26:00,310 [INFO] Datos JSON preparados para envío
2025-06-17 22:26:01,368 [INFO] Lectura BMP390
2025-06-17 22:26:01,563 [INFO] Lectura LTR390
2025-06-17 22:26:01,731 [INFO] Movimiento hacia adelante
2025-06-17 22:26:03,565 [WARNING] Lectura serial fallida o formato incorrecto
2025-06-17 22:26:04,887 [INFO] Movimiento hacia adelante
2025-06-17 22:26:07,820 [INFO] Lectura datos climáticos NASA
2025-06-17 22:26:07,823 [INFO] Datos JSON preparados para envío
2025-06-17 22:26:08,048 [INFO] Movimiento hacia adelante
2025-06-17 22:26:08,883 [INFO] Lectura BMP390
2025-06-17 22:26:09,072 [INFO] Lectura LTR390
2025-06-17 22:26:11,075 [WARNING] Lectura serial fallida o formato incorrecto
2025-06-17 22:26:11,226 [INFO] Movimiento hacia adelante
2025-06-17 22:26:14,284 [INFO] Movimiento hacia adelante
2025-06-17 22:26:15,668 [INFO] Lectura datos climáticos NASA
2025-06-17 22:26:15,671 [INFO] Datos JSON preparados para envío
2025-06-17 22:26:16,731 [INFO] Lectura BMP390
2025-06-17 22:26:16,916 [INFO] Lectura LTR390
2025-06-17 22:26:17,464 [INFO] Movimiento hacia adelante
2025-06-17 22:26:18,919 [WARNING] Lectura serial fallida o formato incorrecto
2025-06-17 22:26:20,629 [INFO] Movimiento hacia adelante
2025-06-17 22:26:22,760 [INFO] Lectura datos climáticos NASA
2025-06-17 22:26:22,763 [INFO] Datos JSON preparados para envío
2025-06-17 22:26:23,782 [INFO] Movimiento hacia adelante
2025-06-17 22:26:23,821 [INFO] Lectura BMP390
2025-06-17 22:26:24,018 [INFO] Lectura LTR390
2025-06-17 22:26:26,020 [WARNING] Lectura serial fallida o formato incorrecto
2025-06-17 22:26:26,894 [INFO] Movimiento hacia adelante
2025-06-17 22:26:30,044 [INFO] Movimiento hacia adelante
2025-06-17 22:26:30,281 [INFO] Lectura datos climáticos NASA
2025-06-17 22:26:30,283 [INFO] Datos JSON preparados para envío
2025-06-17 22:26:31,344 [INFO] Lectura BMP390
2025-06-17 22:26:31,531 [INFO] Lectura LTR390
2025-06-17 22:26:33,220 [INFO] Movimiento hacia adelante
2025-06-17 22:26:33,535 [WARNING] Lectura serial fallida o formato incorrecto
2025-06-17 22:26:36,392 [INFO] Movimiento hacia adelante
2025-06-17 22:26:37,342 [INFO] Lectura datos climáticos NASA
2025-06-17 22:26:37,344 [INFO] Datos JSON preparados para envío
2025-06-17 22:26:38,402 [INFO] Lectura BMP390
2025-06-17 22:26:38,597 [INFO] Lectura LTR390
2025-06-17 22:26:39,548 [INFO] Movimiento hacia adelante
2025-06-17 22:26:40,600 [WARNING] Lectura serial fallida o formato incorrecto
2025-06-17 22:26:42,713 [INFO] Movimiento hacia adelante
2025-06-17 22:26:44,508 [INFO] Lectura datos climáticos NASA
2025-06-17 22:26:44,512 [INFO] Datos JSON preparados para envío
2025-06-17 22:26:45,573 [INFO] Lectura BMP390
2025-06-17 22:26:45,760 [INFO] Lectura LTR390
2025-06-17 22:26:45,897 [INFO] Movimiento hacia adelante
2025-06-17 22:26:47,764 [WARNING] Lectura serial fallida o formato incorrecto
2025-06-17 22:26:49,025 [INFO] Movimiento hacia adelante
2025-06-17 22:26:51,456 [INFO] Lectura datos climáticos NASA
2025-06-17 22:26:51,459 [INFO] Datos JSON preparados para envío
2025-06-17 22:26:52,113 [INFO] Movimiento hacia adelante
2025-06-17 22:26:52,513 [INFO] Lectura BMP390
2025-06-17 22:26:52,698 [INFO] Lectura LTR390
2025-06-17 22:26:54,701 [WARNING] Lectura serial fallida o formato incorrecto
2025-06-17 22:26:55,291 [INFO] Movimiento hacia adelante
2025-06-17 22:26:58,275 [INFO] Lectura datos climáticos NASA
2025-06-17 22:26:58,282 [INFO] Datos JSON preparados para envío
2025-06-17 22:26:58,445 [INFO] Movimiento hacia adelante
2025-06-17 22:26:59,340 [INFO] Lectura BMP390
2025-06-17 22:26:59,528 [INFO] Lectura LTR390
2025-06-17 22:27:01,536 [WARNING] Lectura serial fallida o formato incorrecto
2025-06-17 22:27:01,571 [INFO] Movimiento hacia adelante
2025-06-17 22:27:04,696 [INFO] Movimiento hacia adelante
2025-06-17 22:27:05,337 [INFO] Lectura datos climáticos NASA
2025-06-17 22:27:05,342 [INFO] Datos JSON preparados para envío
2025-06-17 22:27:06,402 [INFO] Lectura BMP390
2025-06-17 22:27:06,589 [INFO] Lectura LTR390
2025-06-17 22:27:07,883 [INFO] Movimiento hacia adelante
2025-06-17 22:27:08,592 [WARNING] Lectura serial fallida o formato incorrecto
2025-06-17 22:27:11,042 [INFO] Movimiento hacia adelante
2025-06-17 22:27:13,005 [INFO] Lectura datos climáticos NASA
2025-06-17 22:27:13,007 [INFO] Datos JSON preparados para envío
2025-06-17 22:27:14,064 [INFO] Lectura BMP390
2025-06-17 22:27:14,142 [INFO] Movimiento hacia adelante
2025-06-17 22:27:14,248 [INFO] Lectura LTR390
2025-06-17 22:27:16,249 [WARNING] Lectura serial fallida o formato incorrecto
2025-06-17 22:27:17,319 [INFO] Movimiento hacia adelante
2025-06-17 22:27:20,082 [INFO] Lectura datos climáticos NASA
2025-06-17 22:27:20,084 [INFO] Datos JSON preparados para envío
2025-06-17 22:27:20,464 [INFO] Movimiento hacia adelante
2025-06-17 22:27:21,144 [INFO] Lectura BMP390
2025-06-17 22:27:21,330 [INFO] Lectura LTR390
2025-06-17 22:27:23,338 [WARNING] Lectura serial fallida o formato incorrecto
2025-06-17 22:27:23,646 [INFO] Movimiento hacia adelante
2025-06-17 22:27:26,722 [INFO] Movimiento hacia adelante
2025-06-17 22:27:27,128 [INFO] Lectura datos climáticos NASA
2025-06-17 22:27:27,131 [INFO] Datos JSON preparados para envío
2025-06-17 22:27:28,188 [INFO] Lectura BMP390
2025-06-17 22:27:28,388 [INFO] Lectura LTR390
2025-06-17 22:27:29,912 [INFO] Movimiento hacia adelante
2025-06-17 22:27:30,390 [WARNING] Lectura serial fallida o formato incorrecto
2025-06-17 22:27:33,067 [INFO] Movimiento hacia adelante
2025-06-17 22:27:34,300 [INFO] Lectura datos climáticos NASA
2025-06-17 22:27:34,303 [INFO] Datos JSON preparados para envío
2025-06-17 22:27:35,361 [INFO] Lectura BMP390
2025-06-17 22:27:35,549 [INFO] Lectura LTR390
2025-06-17 22:27:36,252 [INFO] Movimiento hacia adelante
2025-06-17 22:27:37,552 [WARNING] Lectura serial fallida o formato incorrecto
2025-06-17 22:27:39,335 [INFO] Movimiento hacia adelante
2025-06-17 22:27:42,482 [INFO] Movimiento hacia adelante
2025-06-17 22:27:43,658 [INFO] Lectura datos climáticos NASA
2025-06-17 22:27:43,660 [INFO] Datos JSON preparados para envío
2025-06-17 22:27:44,715 [INFO] Lectura BMP390
2025-06-17 22:27:44,912 [INFO] Lectura LTR390
2025-06-17 22:27:45,658 [INFO] Movimiento hacia adelante
2025-06-17 22:27:46,915 [WARNING] Lectura serial fallida o formato incorrecto
2025-06-17 22:27:48,826 [INFO] Movimiento hacia adelante
2025-06-17 22:27:51,585 [INFO] Lectura datos climáticos NASA
2025-06-17 22:27:51,588 [INFO] Datos JSON preparados para envío
2025-06-17 22:27:51,895 [INFO] Movimiento hacia adelante
2025-06-17 22:27:52,649 [INFO] Lectura BMP390
2025-06-17 22:27:52,835 [INFO] Lectura LTR390
2025-06-17 22:27:53,117 [INFO] 192.168.95.154 - - [17/Jun/2025 22:27:53] "GET /datos HTTP/1.1" 200 -
2025-06-17 22:27:54,838 [WARNING] Lectura serial fallida o formato incorrecto
2025-06-17 22:27:55,078 [INFO] Movimiento hacia adelante
2025-06-17 22:27:58,219 [INFO] Movimiento hacia adelante
2025-06-17 22:27:58,854 [INFO] Lectura datos climáticos NASA
2025-06-17 22:27:58,856 [INFO] Datos JSON preparados para envío
2025-06-17 22:27:59,913 [INFO] Lectura BMP390
2025-06-17 22:28:00,099 [INFO] Lectura LTR390
2025-06-17 22:28:01,388 [INFO] Movimiento hacia adelante
2025-06-17 22:28:02,102 [WARNING] Lectura serial fallida o formato incorrecto
2025-06-17 22:28:04,455 [INFO] Movimiento hacia adelante
2025-06-17 22:28:06,428 [INFO] Lectura datos climáticos NASA
2025-06-17 22:28:06,431 [INFO] Datos JSON preparados para envío
2025-06-17 22:28:07,488 [INFO] Lectura BMP390
2025-06-17 22:28:07,616 [INFO] Movimiento hacia adelante
2025-06-17 22:28:07,677 [INFO] Lectura LTR390
2025-06-17 22:28:09,681 [WARNING] Lectura serial fallida o formato incorrecto
2025-06-17 22:28:10,777 [INFO] Movimiento hacia adelante
2025-06-17 22:28:13,909 [INFO] Movimiento hacia adelante
2025-06-17 22:28:14,004 [INFO] Lectura datos climáticos NASA
2025-06-17 22:28:14,005 [INFO] Datos JSON preparados para envío
2025-06-17 22:28:15,061 [INFO] Lectura BMP390
2025-06-17 22:28:15,258 [INFO] Lectura LTR390
2025-06-17 22:28:17,041 [INFO] Movimiento hacia adelante
2025-06-17 22:28:17,261 [WARNING] Lectura serial fallida o formato incorrecto
2025-06-17 22:28:20,203 [INFO] Movimiento hacia adelante
2025-06-17 22:28:20,637 [INFO] Lectura datos climáticos NASA
2025-06-17 22:28:20,640 [INFO] Datos JSON preparados para envío
2025-06-17 22:28:21,699 [INFO] Lectura BMP390
2025-06-17 22:28:21,888 [INFO] Lectura LTR390
2025-06-17 22:28:23,377 [INFO] Movimiento hacia adelante
2025-06-17 22:28:23,891 [WARNING] Lectura serial fallida o formato incorrecto
2025-06-17 22:28:26,509 [INFO] Movimiento hacia adelante
2025-06-17 22:28:28,225 [INFO] Lectura datos climáticos NASA
2025-06-17 22:28:28,228 [INFO] Datos JSON preparados para envío
2025-06-17 22:28:29,290 [INFO] Lectura BMP390
2025-06-17 22:28:29,480 [INFO] Lectura LTR390
2025-06-17 22:28:29,652 [INFO] Movimiento hacia adelante
2025-06-17 22:28:31,483 [WARNING] Lectura serial fallida o formato incorrecto
2025-06-17 22:28:32,810 [INFO] Movimiento hacia adelante
2025-06-17 22:28:35,148 [INFO] Lectura datos climáticos NASA
2025-06-17 22:28:35,153 [INFO] Datos JSON preparados para envío
2025-06-17 22:28:35,963 [INFO] Movimiento hacia adelante
2025-06-17 22:28:36,215 [INFO] Lectura BMP390
2025-06-17 22:28:36,400 [INFO] Lectura LTR390
2025-06-17 22:28:38,403 [WARNING] Lectura serial fallida o formato incorrecto
2025-06-17 22:28:39,094 [INFO] Movimiento hacia adelante
2025-06-17 22:28:42,206 [INFO] Movimiento hacia adelante
2025-06-17 22:28:42,242 [INFO] Lectura datos climáticos NASA
2025-06-17 22:28:42,244 [INFO] Datos JSON preparados para envío
2025-06-17 22:28:43,305 [INFO] Lectura BMP390
2025-06-17 22:28:43,501 [INFO] Lectura LTR390
2025-06-17 22:28:45,381 [INFO] Movimiento hacia adelante
2025-06-17 22:28:45,504 [WARNING] Lectura serial fallida o formato incorrecto
2025-06-17 22:28:48,535 [INFO] Movimiento hacia adelante
2025-06-17 22:28:48,926 [INFO] Lectura datos climáticos NASA
2025-06-17 22:28:48,929 [INFO] Datos JSON preparados para envío
2025-06-17 22:28:49,983 [INFO] Lectura BMP390
2025-06-17 22:28:50,175 [INFO] Lectura LTR390
2025-06-17 22:28:51,643 [INFO] Movimiento hacia adelante
2025-06-17 22:28:52,178 [WARNING] Lectura serial fallida o formato incorrecto
2025-06-17 22:28:54,789 [INFO] Movimiento hacia adelante
2025-06-17 22:28:56,577 [INFO] Lectura datos climáticos NASA
2025-06-17 22:28:56,580 [INFO] Datos JSON preparados para envío
2025-06-17 22:28:57,639 [INFO] Lectura BMP390
2025-06-17 22:28:57,822 [INFO] Lectura LTR390
2025-06-17 22:28:57,957 [INFO] Movimiento hacia adelante
2025-06-17 22:28:59,825 [WARNING] Lectura serial fallida o formato incorrecto
2025-06-17 22:29:01,107 [INFO] Movimiento hacia adelante
2025-06-17 22:29:04,193 [INFO] Movimiento hacia adelante
2025-06-17 22:29:07,342 [INFO] Movimiento hacia adelante
2025-06-17 22:29:07,374 [INFO] Lectura datos climáticos NASA
2025-06-17 22:29:07,377 [INFO] Datos JSON preparados para envío
2025-06-17 22:29:08,438 [INFO] Lectura BMP390
2025-06-17 22:29:08,627 [INFO] Lectura LTR390
2025-06-17 22:29:10,518 [INFO] Movimiento hacia adelante
2025-06-17 22:29:10,629 [WARNING] Lectura serial fallida o formato incorrecto
2025-06-17 22:29:13,669 [INFO] Movimiento hacia adelante
2025-06-17 22:29:14,475 [INFO] Lectura datos climáticos NASA
2025-06-17 22:29:14,477 [INFO] Datos JSON preparados para envío
2025-06-17 22:29:15,539 [INFO] Lectura BMP390
2025-06-17 22:29:15,736 [INFO] Lectura LTR390
2025-06-17 22:29:16,759 [INFO] Movimiento hacia adelante
2025-06-17 22:29:17,740 [WARNING] Lectura serial fallida o formato incorrecto
2025-06-17 22:29:19,924 [INFO] Movimiento hacia adelante
2025-06-17 22:29:21,058 [INFO] Lectura datos climáticos NASA
2025-06-17 22:29:21,062 [INFO] Datos JSON preparados para envío
2025-06-17 22:29:22,117 [INFO] Lectura BMP390
2025-06-17 22:29:22,313 [INFO] Lectura LTR390
2025-06-17 22:29:23,105 [INFO] Movimiento hacia adelante
2025-06-17 22:29:24,316 [WARNING] Lectura serial fallida o formato incorrecto
2025-06-17 22:29:26,264 [INFO] Movimiento hacia adelante
2025-06-17 22:29:28,093 [INFO] Lectura datos climáticos NASA
2025-06-17 22:29:28,095 [INFO] Datos JSON preparados para envío
2025-06-17 22:29:29,155 [INFO] Lectura BMP390
2025-06-17 22:29:29,343 [INFO] Lectura LTR390
2025-06-17 22:29:29,357 [INFO] Movimiento hacia adelante
2025-06-17 22:29:31,347 [WARNING] Lectura serial fallida o formato incorrecto
2025-06-17 22:29:32,511 [INFO] Movimiento hacia adelante
2025-06-17 22:29:35,393 [INFO] Lectura datos climáticos NASA
2025-06-17 22:29:35,396 [INFO] Datos JSON preparados para envío
2025-06-17 22:29:35,660 [INFO] Movimiento hacia adelante
2025-06-17 22:29:36,458 [INFO] Lectura BMP390
2025-06-17 22:29:36,645 [INFO] Lectura LTR390
2025-06-17 22:29:38,648 [WARNING] Lectura serial fallida o formato incorrecto
2025-06-17 22:29:38,831 [INFO] Movimiento hacia adelante
2025-06-17 22:29:41,920 [INFO] Movimiento hacia adelante
2025-06-17 22:29:42,670 [INFO] Lectura datos climáticos NASA
2025-06-17 22:29:42,673 [INFO] Datos JSON preparados para envío
2025-06-17 22:29:43,735 [INFO] Lectura BMP390
2025-06-17 22:29:43,919 [INFO] Lectura LTR390
2025-06-17 22:29:45,101 [INFO] Movimiento hacia adelante
2025-06-17 22:29:45,922 [WARNING] Lectura serial fallida o formato incorrecto
2025-06-17 22:29:48,258 [INFO] Movimiento hacia adelante
2025-06-17 22:29:51,375 [INFO] Movimiento hacia adelante
2025-06-17 22:29:52,909 [INFO] Lectura datos climáticos NASA
2025-06-17 22:29:52,912 [INFO] Datos JSON preparados para envío
2025-06-17 22:29:53,968 [INFO] Lectura BMP390
2025-06-17 22:29:54,156 [INFO] Lectura LTR390
2025-06-17 22:29:54,511 [INFO] Movimiento hacia adelante
2025-06-17 22:29:56,159 [WARNING] Lectura serial fallida o formato incorrecto
2025-06-17 22:29:57,666 [INFO] Movimiento hacia adelante
2025-06-17 22:29:59,611 [INFO] Lectura datos climáticos NASA
2025-06-17 22:29:59,615 [INFO] Datos JSON preparados para envío
2025-06-17 22:30:00,674 [INFO] Lectura BMP390
2025-06-17 22:30:00,832 [INFO] Movimiento hacia adelante
2025-06-17 22:30:00,862 [INFO] Lectura LTR390
2025-06-17 22:30:02,865 [WARNING] Lectura serial fallida o formato incorrecto
2025-06-17 22:30:03,943 [INFO] Movimiento hacia adelante
2025-06-17 22:30:06,350 [INFO] Lectura datos climáticos NASA
2025-06-17 22:30:06,352 [INFO] Datos JSON preparados para envío
2025-06-17 22:30:07,070 [INFO] Movimiento hacia adelante
2025-06-17 22:30:07,412 [INFO] Lectura BMP390
2025-06-17 22:30:07,599 [INFO] Lectura LTR390
2025-06-17 22:30:09,602 [WARNING] Lectura serial fallida o formato incorrecto
2025-06-17 22:30:10,260 [INFO] Movimiento hacia adelante
2025-06-17 22:30:13,406 [INFO] Movimiento hacia adelante
2025-06-17 22:30:13,943 [INFO] Lectura datos climáticos NASA
2025-06-17 22:30:13,947 [INFO] Datos JSON preparados para envío
2025-06-17 22:30:15,004 [INFO] Lectura BMP390
2025-06-17 22:30:15,187 [INFO] Lectura LTR390
2025-06-17 22:30:16,538 [INFO] Movimiento hacia adelante
2025-06-17 22:30:17,190 [WARNING] Lectura serial fallida o formato incorrecto
2025-06-17 22:30:19,691 [INFO] Movimiento hacia adelante
2025-06-17 22:30:20,790 [INFO] Lectura datos climáticos NASA
2025-06-17 22:30:20,793 [INFO] Datos JSON preparados para envío
2025-06-17 22:30:21,855 [INFO] Lectura BMP390
2025-06-17 22:30:22,046 [INFO] Lectura LTR390
2025-06-17 22:30:22,878 [INFO] Movimiento hacia adelante
2025-06-17 22:30:24,049 [WARNING] Lectura serial fallida o formato incorrecto
2025-06-17 22:30:26,041 [INFO] Movimiento hacia adelante
2025-06-17 22:30:27,925 [INFO] Lectura datos climáticos NASA
2025-06-17 22:30:27,928 [INFO] Datos JSON preparados para envío
2025-06-17 22:30:28,985 [INFO] Lectura BMP390
2025-06-17 22:30:29,141 [INFO] Movimiento hacia adelante
2025-06-17 22:30:29,172 [INFO] Lectura LTR390
2025-06-17 22:30:31,175 [WARNING] Lectura serial fallida o formato incorrecto
2025-06-17 22:30:32,308 [INFO] Movimiento hacia adelante
2025-06-17 22:30:35,122 [INFO] Lectura datos climáticos NASA
2025-06-17 22:30:35,125 [INFO] Datos JSON preparados para envío
2025-06-17 22:30:35,467 [INFO] Movimiento hacia adelante
2025-06-17 22:30:35,587 [INFO] 192.168.95.154 - - [17/Jun/2025 22:30:35] "GET /datos HTTP/1.1" 200 -
2025-06-17 22:30:36,186 [INFO] Lectura BMP390
2025-06-17 22:30:36,381 [INFO] Lectura LTR390
2025-06-17 22:30:37,183 [INFO] 192.168.95.154 - - [17/Jun/2025 22:30:37] "GET /datos HTTP/1.1" 200 -
2025-06-17 22:30:38,385 [WARNING] Lectura serial fallida o formato incorrecto
2025-06-17 22:30:38,669 [INFO] Movimiento hacia adelante
2025-06-17 22:30:39,058 [INFO] 192.168.95.154 - - [17/Jun/2025 22:30:39] "GET /datos HTTP/1.1" 200 -
2025-06-17 22:30:41,722 [INFO] Movimiento hacia adelante
2025-06-17 22:30:42,028 [INFO] Lectura datos climáticos NASA
2025-06-17 22:30:42,030 [INFO] Datos JSON preparados para envío
2025-06-17 22:30:43,089 [INFO] Lectura BMP390
2025-06-17 22:30:43,285 [INFO] Lectura LTR390
2025-06-17 22:30:44,898 [INFO] Movimiento hacia adelante
2025-06-17 22:30:45,288 [WARNING] Lectura serial fallida o formato incorrecto
2025-06-17 22:30:48,052 [INFO] Movimiento hacia adelante
2025-06-17 22:30:49,002 [INFO] Lectura datos climáticos NASA
2025-06-17 22:30:49,006 [INFO] Datos JSON preparados para envío
2025-06-17 22:30:50,066 [INFO] Lectura BMP390
2025-06-17 22:30:50,256 [INFO] Lectura LTR390
2025-06-17 22:30:51,240 [INFO] Movimiento hacia adelante
2025-06-17 22:30:52,259 [WARNING] Lectura serial fallida o formato incorrecto
2025-06-17 22:30:54,327 [INFO] Movimiento hacia adelante
2025-06-17 22:30:56,214 [INFO] Lectura datos climáticos NASA
2025-06-17 22:30:56,217 [INFO] Datos JSON preparados para envío
2025-06-17 22:30:57,275 [INFO] Lectura BMP390
2025-06-17 22:30:57,463 [INFO] Lectura LTR390
2025-06-17 22:30:57,508 [INFO] Movimiento hacia adelante
2025-06-17 22:30:59,466 [WARNING] Lectura serial fallida o formato incorrecto
2025-06-17 22:31:00,665 [INFO] Movimiento hacia adelante
2025-06-17 22:31:03,808 [INFO] Movimiento hacia adelante
2025-06-17 22:31:03,972 [INFO] Lectura datos climáticos NASA
2025-06-17 22:31:03,973 [INFO] Datos JSON preparados para envío
2025-06-17 22:31:05,033 [INFO] Lectura BMP390
2025-06-17 22:31:05,229 [INFO] Lectura LTR390
2025-06-17 22:31:06,895 [INFO] Movimiento hacia adelante
2025-06-17 22:31:07,232 [WARNING] Lectura serial fallida o formato incorrecto
2025-06-17 22:31:10,051 [INFO] Movimiento hacia adelante
2025-06-17 22:31:11,328 [INFO] Lectura datos climáticos NASA
2025-06-17 22:31:11,330 [INFO] Datos JSON preparados para envío
2025-06-17 22:31:12,390 [INFO] Lectura BMP390
2025-06-17 22:31:12,585 [INFO] Lectura LTR390
2025-06-17 22:31:13,232 [INFO] Movimiento hacia adelante
2025-06-17 22:31:14,588 [WARNING] Lectura serial fallida o formato incorrecto
2025-06-17 22:31:16,371 [INFO] Movimiento hacia adelante
2025-06-17 22:31:19,473 [INFO] Movimiento hacia adelante
2025-06-17 22:31:22,611 [INFO] Movimiento hacia adelante
2025-06-17 22:31:24,050 [INFO] Lectura datos climáticos NASA
2025-06-17 22:31:24,052 [INFO] Datos JSON preparados para envío
2025-06-17 22:31:25,112 [INFO] Lectura BMP390
2025-06-17 22:31:25,307 [INFO] Lectura LTR390
2025-06-17 22:31:25,792 [INFO] Movimiento hacia adelante
2025-06-17 22:31:27,310 [WARNING] Lectura serial fallida o formato incorrecto
2025-06-17 22:31:28,915 [INFO] Movimiento hacia adelante
2025-06-17 22:31:31,612 [INFO] Lectura datos climáticos NASA
2025-06-17 22:31:31,617 [INFO] Datos JSON preparados para envío
2025-06-17 22:31:32,015 [INFO] Movimiento hacia adelante
2025-06-17 22:31:32,672 [INFO] Lectura BMP390
2025-06-17 22:31:32,858 [INFO] Lectura LTR390
2025-06-17 22:31:34,862 [WARNING] Lectura serial fallida o formato incorrecto
2025-06-17 22:31:35,198 [INFO] Movimiento hacia adelante
2025-06-17 22:31:38,340 [INFO] Movimiento hacia adelante
2025-06-17 22:31:38,579 [INFO] Lectura datos climáticos NASA
2025-06-17 22:31:38,583 [INFO] Datos JSON preparados para envío
2025-06-17 22:31:39,645 [INFO] Lectura BMP390
2025-06-17 22:31:39,834 [INFO] Lectura LTR390
2025-06-17 22:31:41,481 [INFO] Movimiento hacia adelante
2025-06-17 22:31:41,837 [WARNING] Lectura serial fallida o formato incorrecto
2025-06-17 22:31:44,613 [INFO] Movimiento hacia adelante
2025-06-17 22:31:47,765 [INFO] Movimiento hacia adelante
2025-06-17 22:31:50,923 [INFO] Movimiento hacia adelante
2025-06-17 22:31:52,731 [INFO] Lectura datos climáticos NASA
2025-06-17 22:31:52,733 [INFO] Datos JSON preparados para envío
2025-06-17 22:31:53,789 [INFO] Lectura BMP390
2025-06-17 22:31:53,976 [INFO] Lectura LTR390
2025-06-17 22:31:54,029 [INFO] Movimiento hacia adelante
2025-06-17 22:31:55,979 [WARNING] Lectura serial fallida o formato incorrecto
2025-06-17 22:31:57,168 [INFO] Movimiento hacia adelante
2025-06-17 22:32:00,318 [INFO] Movimiento hacia adelante
2025-06-17 22:32:03,469 [INFO] Movimiento hacia adelante
2025-06-17 22:32:05,127 [INFO] Lectura datos climáticos NASA
2025-06-17 22:32:05,129 [INFO] Datos JSON preparados para envío
2025-06-17 22:32:06,189 [INFO] Lectura BMP390
2025-06-17 22:32:06,372 [INFO] Lectura LTR390
2025-06-17 22:32:06,563 [INFO] Movimiento hacia adelante
2025-06-17 22:32:08,375 [WARNING] Lectura serial fallida o formato incorrecto
2025-06-17 22:32:09,718 [INFO] Movimiento hacia adelante
2025-06-17 22:32:12,435 [INFO] Lectura datos climáticos NASA
2025-06-17 22:32:12,438 [INFO] Datos JSON preparados para envío
2025-06-17 22:32:12,866 [INFO] Movimiento hacia adelante
2025-06-17 22:32:13,498 [INFO] Lectura BMP390
2025-06-17 22:32:13,683 [INFO] Lectura LTR390
2025-06-17 22:32:15,686 [WARNING] Lectura serial fallida o formato incorrecto
2025-06-17 22:32:16,059 [INFO] Movimiento hacia adelante
2025-06-17 22:32:19,176 [INFO] Movimiento hacia adelante
2025-06-17 22:32:19,394 [INFO] Lectura datos climáticos NASA
2025-06-17 22:32:19,397 [INFO] Datos JSON preparados para envío
2025-06-17 22:32:20,458 [INFO] Lectura BMP390
2025-06-17 22:32:20,642 [INFO] Lectura LTR390
2025-06-17 22:32:22,351 [INFO] Movimiento hacia adelante
2025-06-17 22:32:22,645 [WARNING] Lectura serial fallida o formato incorrecto
2025-06-17 22:32:25,510 [INFO] Movimiento hacia adelante
2025-06-17 22:32:26,790 [INFO] Lectura datos climáticos NASA
2025-06-17 22:32:26,794 [INFO] Datos JSON preparados para envío
2025-06-17 22:32:27,849 [INFO] Lectura BMP390
2025-06-17 22:32:28,043 [INFO] Lectura LTR390
2025-06-17 22:32:28,662 [INFO] Movimiento hacia adelante
2025-06-17 22:32:30,044 [WARNING] Lectura serial fallida o formato incorrecto
2025-06-17 22:32:31,714 [INFO] 10.42.0.248 - - [17/Jun/2025 22:32:31] "GET /datos HTTP/1.1" 200 -
2025-06-17 22:32:31,823 [INFO] Movimiento hacia adelante
2025-06-17 22:32:34,968 [INFO] Movimiento hacia adelante
2025-06-17 22:32:38,114 [INFO] Movimiento hacia adelante
2025-06-17 22:32:38,951 [INFO] Lectura datos climáticos NASA
2025-06-17 22:32:38,953 [INFO] Datos JSON preparados para envío
2025-06-17 22:32:40,011 [INFO] Lectura BMP390
2025-06-17 22:32:40,199 [INFO] Lectura LTR390
2025-06-17 22:32:41,253 [INFO] Movimiento hacia adelante
2025-06-17 22:32:42,202 [WARNING] Lectura serial fallida o formato incorrecto
2025-06-17 22:32:44,408 [INFO] Movimiento hacia adelante
2025-06-17 22:32:46,232 [INFO] Lectura datos climáticos NASA
2025-06-17 22:32:46,235 [INFO] Datos JSON preparados para envío
2025-06-17 22:32:47,294 [INFO] Lectura BMP390
2025-06-17 22:32:47,481 [INFO] Lectura LTR390
2025-06-17 22:32:47,580 [INFO] Movimiento hacia adelante
2025-06-17 22:32:49,484 [WARNING] Lectura serial fallida o formato incorrecto
2025-06-17 22:32:50,704 [INFO] Movimiento hacia adelante
2025-06-17 22:32:53,065 [INFO] Lectura datos climáticos NASA
2025-06-17 22:32:53,068 [INFO] Datos JSON preparados para envío
2025-06-17 22:32:53,860 [INFO] Movimiento hacia adelante
2025-06-17 22:32:54,127 [INFO] Lectura BMP390
2025-06-17 22:32:54,326 [INFO] Lectura LTR390
2025-06-17 22:32:56,329 [WARNING] Lectura serial fallida o formato incorrecto
2025-06-17 22:32:57,051 [INFO] Movimiento hacia adelante
2025-06-17 22:33:00,147 [INFO] Lectura datos climáticos NASA
2025-06-17 22:33:00,150 [INFO] Datos JSON preparados para envío
2025-06-17 22:33:00,195 [INFO] Movimiento hacia adelante
2025-06-17 22:33:01,209 [INFO] Lectura BMP390
2025-06-17 22:33:01,404 [INFO] Lectura LTR390
2025-06-17 22:33:03,341 [INFO] Movimiento hacia adelante
2025-06-17 22:33:03,408 [WARNING] Lectura serial fallida o formato incorrecto
2025-06-17 22:33:06,506 [INFO] Movimiento hacia adelante
2025-06-17 22:33:08,172 [INFO] Lectura datos climáticos NASA
2025-06-17 22:33:08,175 [INFO] Datos JSON preparados para envío
2025-06-17 22:33:09,232 [INFO] Lectura BMP390
2025-06-17 22:33:09,427 [INFO] Lectura LTR390
2025-06-17 22:33:09,672 [INFO] Movimiento hacia adelante
2025-06-17 22:33:11,430 [WARNING] Lectura serial fallida o formato incorrecto
2025-06-17 22:33:12,797 [INFO] Movimiento hacia adelante
2025-06-17 22:33:15,026 [INFO] Lectura datos climáticos NASA
2025-06-17 22:33:15,029 [INFO] Datos JSON preparados para envío
2025-06-17 22:33:15,945 [INFO] Movimiento hacia adelante
2025-06-17 22:33:16,087 [INFO] Lectura BMP390
2025-06-17 22:33:16,283 [INFO] Lectura LTR390
2025-06-17 22:33:18,286 [WARNING] Lectura serial fallida o formato incorrecto
2025-06-17 22:33:19,139 [INFO] Movimiento hacia adelante
2025-06-17 22:33:22,303 [INFO] Movimiento hacia adelante
2025-06-17 22:33:25,406 [INFO] Movimiento hacia adelante
2025-06-17 22:33:27,086 [INFO] Lectura datos climáticos NASA
2025-06-17 22:33:27,089 [INFO] Datos JSON preparados para envío
2025-06-17 22:33:28,146 [INFO] Lectura BMP390
2025-06-17 22:33:28,329 [INFO] Lectura LTR390
2025-06-17 22:33:28,574 [INFO] Movimiento hacia adelante
2025-06-17 22:33:30,332 [WARNING] Lectura serial fallida o formato incorrecto
2025-06-17 22:33:31,733 [INFO] Movimiento hacia adelante
2025-06-17 22:33:33,924 [INFO] Lectura datos climáticos NASA
2025-06-17 22:33:33,926 [INFO] Datos JSON preparados para envío
2025-06-17 22:33:34,829 [INFO] Movimiento hacia adelante
2025-06-17 22:33:34,986 [INFO] Lectura BMP390
2025-06-17 22:33:35,183 [INFO] Lectura LTR390
2025-06-17 22:33:37,186 [WARNING] Lectura serial fallida o formato incorrecto
2025-06-17 22:33:38,012 [INFO] Movimiento hacia adelante
2025-06-17 22:33:40,761 [INFO] Lectura datos climáticos NASA
2025-06-17 22:33:40,764 [INFO] Datos JSON preparados para envío
2025-06-17 22:33:41,161 [INFO] Movimiento hacia adelante
2025-06-17 22:33:41,823 [INFO] Lectura BMP390
2025-06-17 22:33:42,018 [INFO] Lectura LTR390
2025-06-17 22:33:44,021 [WARNING] Lectura serial fallida o formato incorrecto
2025-06-17 22:33:44,342 [INFO] Movimiento hacia adelante
2025-06-17 22:33:47,421 [INFO] Movimiento hacia adelante
2025-06-17 22:33:48,681 [INFO] Lectura datos climáticos NASA
2025-06-17 22:33:48,684 [INFO] Datos JSON preparados para envío
2025-06-17 22:33:49,743 [INFO] Lectura BMP390
2025-06-17 22:33:49,930 [INFO] Lectura LTR390
2025-06-17 22:33:50,603 [INFO] Movimiento hacia adelante
2025-06-17 22:33:51,933 [WARNING] Lectura serial fallida o formato incorrecto
2025-06-17 22:33:53,762 [INFO] Movimiento hacia adelante
2025-06-17 22:33:55,694 [INFO] Lectura datos climáticos NASA
2025-06-17 22:33:55,697 [INFO] Datos JSON preparados para envío
2025-06-17 22:33:56,756 [INFO] Lectura BMP390
2025-06-17 22:33:56,932 [INFO] Movimiento hacia adelante
2025-06-17 22:33:56,947 [INFO] Lectura LTR390
2025-06-17 22:33:58,950 [WARNING] Lectura serial fallida o formato incorrecto
2025-06-17 22:34:00,031 [INFO] Movimiento hacia adelante
2025-06-17 22:34:03,178 [INFO] Movimiento hacia adelante
2025-06-17 22:34:04,185 [INFO] Lectura datos climáticos NASA
2025-06-17 22:34:04,187 [INFO] Datos JSON preparados para envío
2025-06-17 22:34:05,246 [INFO] Lectura BMP390
2025-06-17 22:34:05,441 [INFO] Lectura LTR390
2025-06-17 22:34:06,360 [INFO] Movimiento hacia adelante
2025-06-17 22:34:07,444 [WARNING] Lectura serial fallida o formato incorrecto
2025-06-17 22:34:09,523 [INFO] Movimiento hacia adelante
2025-06-17 22:34:11,189 [INFO] Lectura datos climáticos NASA
2025-06-17 22:34:11,191 [INFO] Datos JSON preparados para envío
2025-06-17 22:34:12,249 [INFO] Lectura BMP390
2025-06-17 22:34:12,446 [INFO] Lectura LTR390
2025-06-17 22:34:12,606 [INFO] Movimiento hacia adelante
2025-06-17 22:34:14,449 [WARNING] Lectura serial fallida o formato incorrecto
2025-06-17 22:34:15,767 [INFO] Movimiento hacia adelante
2025-06-17 22:34:18,387 [INFO] Lectura datos climáticos NASA
2025-06-17 22:34:18,392 [INFO] Datos JSON preparados para envío
2025-06-17 22:34:18,923 [INFO] Movimiento hacia adelante
2025-06-17 22:34:19,447 [INFO] Lectura BMP390
2025-06-17 22:34:19,647 [INFO] Lectura LTR390
2025-06-17 22:34:21,650 [WARNING] Lectura serial fallida o formato incorrecto
2025-06-17 22:34:22,117 [INFO] Movimiento hacia adelante
2025-06-17 22:34:25,206 [INFO] Movimiento hacia adelante
2025-06-17 22:34:26,294 [INFO] Lectura datos climáticos NASA
2025-06-17 22:34:26,297 [INFO] Datos JSON preparados para envío
2025-06-17 22:34:27,354 [INFO] Lectura BMP390
2025-06-17 22:34:27,549 [INFO] Lectura LTR390
2025-06-17 22:34:28,378 [INFO] Movimiento hacia adelante
2025-06-17 22:34:29,552 [WARNING] Lectura serial fallida o formato incorrecto
2025-06-17 22:34:31,534 [INFO] Movimiento hacia adelante
2025-06-17 22:34:33,556 [INFO] Lectura datos climáticos NASA
2025-06-17 22:34:33,559 [INFO] Datos JSON preparados para envío
2025-06-17 22:34:34,609 [INFO] Lectura BMP390
2025-06-17 22:34:34,678 [INFO] Movimiento hacia adelante
2025-06-17 22:34:34,793 [INFO] Lectura LTR390
2025-06-17 22:34:36,795 [WARNING] Lectura serial fallida o formato incorrecto
2025-06-17 22:34:37,794 [INFO] Movimiento hacia adelante
2025-06-17 22:34:40,392 [INFO] Lectura datos climáticos NASA
2025-06-17 22:34:40,394 [INFO] Datos JSON preparados para envío
2025-06-17 22:34:40,942 [INFO] Movimiento hacia adelante
2025-06-17 22:34:41,453 [INFO] Lectura BMP390
2025-06-17 22:34:41,649 [INFO] Lectura LTR390
2025-06-17 22:34:43,652 [WARNING] Lectura serial fallida o formato incorrecto
2025-06-17 22:34:44,114 [INFO] Movimiento hacia adelante
2025-06-17 22:34:46,139 [INFO] 10.42.0.248 - - [17/Jun/2025 22:34:46] "GET /datos HTTP/1.1" 200 -
2025-06-17 22:34:47,235 [INFO] Movimiento hacia adelante
2025-06-17 22:34:47,386 [INFO] Lectura datos climáticos NASA
2025-06-17 22:34:47,389 [INFO] Datos JSON preparados para envío
2025-06-17 22:34:48,448 [INFO] Lectura BMP390
2025-06-17 22:34:48,642 [INFO] Lectura LTR390
2025-06-17 22:34:50,415 [INFO] Movimiento hacia adelante
2025-06-17 22:34:50,646 [WARNING] Lectura serial fallida o formato incorrecto
2025-06-17 22:34:53,568 [INFO] Movimiento hacia adelante
2025-06-17 22:34:54,375 [INFO] Lectura datos climáticos NASA
2025-06-17 22:34:54,377 [INFO] Datos JSON preparados para envío
2025-06-17 22:34:55,436 [INFO] Lectura BMP390
2025-06-17 22:34:55,624 [INFO] Lectura LTR390
2025-06-17 22:34:56,746 [INFO] Movimiento hacia adelante
2025-06-17 22:34:57,627 [WARNING] Lectura serial fallida o formato incorrecto
2025-06-17 22:34:59,880 [INFO] Movimiento hacia adelante
2025-06-17 22:35:02,518 [INFO] Lectura datos climáticos NASA
2025-06-17 22:35:02,521 [INFO] Datos JSON preparados para envío
2025-06-17 22:35:03,030 [INFO] Movimiento hacia adelante
2025-06-17 22:35:03,578 [INFO] Lectura BMP390
2025-06-17 22:35:03,764 [INFO] Lectura LTR390
2025-06-17 22:35:05,767 [WARNING] Lectura serial fallida o formato incorrecto
2025-06-17 22:35:06,209 [INFO] Movimiento hacia adelante
2025-06-17 22:35:09,328 [INFO] Movimiento hacia adelante
2025-06-17 22:35:10,320 [INFO] Lectura datos climáticos NASA
2025-06-17 22:35:10,323 [INFO] Datos JSON preparados para envío
2025-06-17 22:35:11,381 [INFO] Lectura BMP390
2025-06-17 22:35:11,565 [INFO] Lectura LTR390
2025-06-17 22:35:12,491 [INFO] Movimiento hacia adelante
2025-06-17 22:35:13,568 [WARNING] Lectura serial fallida o formato incorrecto
2025-06-17 22:35:15,645 [INFO] Movimiento hacia adelante
2025-06-17 22:35:18,801 [INFO] Movimiento hacia adelante
2025-06-17 22:35:21,936 [INFO] Movimiento hacia adelante
2025-06-17 22:35:25,091 [INFO] Movimiento hacia adelante
2025-06-17 22:35:27,029 [INFO] Lectura datos climáticos NASA
2025-06-17 22:35:27,033 [INFO] Datos JSON preparados para envío
2025-06-17 22:35:28,088 [INFO] Lectura BMP390
2025-06-17 22:35:28,259 [INFO] Movimiento hacia adelante
2025-06-17 22:35:28,277 [INFO] Lectura LTR390
2025-06-17 22:35:30,280 [WARNING] Lectura serial fallida o formato incorrecto
2025-06-17 22:35:31,384 [INFO] Movimiento hacia adelante
2025-06-17 22:35:34,533 [INFO] Movimiento hacia adelante
2025-06-17 22:35:34,551 [INFO] Lectura datos climáticos NASA
2025-06-17 22:35:34,554 [INFO] Datos JSON preparados para envío
2025-06-17 22:35:35,615 [INFO] Lectura BMP390
2025-06-17 22:35:35,817 [INFO] Lectura LTR390
2025-06-17 22:35:37,729 [INFO] Movimiento hacia adelante
2025-06-17 22:35:37,820 [WARNING] Lectura serial fallida o formato incorrecto
2025-06-17 22:35:40,894 [INFO] Movimiento hacia adelante
2025-06-17 22:35:42,228 [INFO] Lectura datos climáticos NASA
2025-06-17 22:35:42,231 [INFO] Datos JSON preparados para envío
2025-06-17 22:35:43,289 [INFO] Lectura BMP390
2025-06-17 22:35:43,484 [INFO] Lectura LTR390
2025-06-17 22:35:44,045 [INFO] Movimiento hacia adelante
2025-06-17 22:35:45,488 [WARNING] Lectura serial fallida o formato incorrecto
2025-06-17 22:35:47,202 [INFO] Movimiento hacia adelante
2025-06-17 22:35:50,312 [INFO] Lectura datos climáticos NASA
2025-06-17 22:35:50,314 [INFO] Datos JSON preparados para envío
2025-06-17 22:35:50,345 [INFO] Movimiento hacia adelante
2025-06-17 22:35:51,375 [INFO] Lectura BMP390
2025-06-17 22:35:51,558 [INFO] Lectura LTR390
2025-06-17 22:35:53,484 [INFO] Movimiento hacia adelante
2025-06-17 22:35:53,561 [WARNING] Lectura serial fallida o formato incorrecto
2025-06-17 22:35:56,630 [INFO] Movimiento hacia adelante
2025-06-17 22:35:57,089 [INFO] Lectura datos climáticos NASA
2025-06-17 22:35:57,093 [INFO] Datos JSON preparados para envío
2025-06-17 22:35:58,156 [INFO] Lectura BMP390
2025-06-17 22:35:58,347 [INFO] Lectura LTR390
2025-06-17 22:35:59,808 [INFO] Movimiento hacia adelante
2025-06-17 22:36:00,350 [WARNING] Lectura serial fallida o formato incorrecto
2025-06-17 22:36:02,962 [INFO] Movimiento hacia adelante
2025-06-17 22:36:05,311 [INFO] Lectura datos climáticos NASA
2025-06-17 22:36:05,314 [INFO] Datos JSON preparados para envío
2025-06-17 22:36:06,101 [INFO] Movimiento hacia adelante
2025-06-17 22:36:06,375 [INFO] Lectura BMP390
2025-06-17 22:36:06,564 [INFO] Lectura LTR390
2025-06-17 22:36:08,567 [WARNING] Lectura serial fallida o formato incorrecto
2025-06-17 22:36:09,278 [INFO] Movimiento hacia adelante
2025-06-17 22:36:12,083 [INFO] Lectura datos climáticos NASA
2025-06-17 22:36:12,088 [INFO] Datos JSON preparados para envío
2025-06-17 22:36:12,430 [INFO] Movimiento hacia adelante
2025-06-17 22:36:13,148 [INFO] Lectura BMP390
2025-06-17 22:36:13,340 [INFO] Lectura LTR390
2025-06-17 22:36:15,343 [WARNING] Lectura serial fallida o formato incorrecto
2025-06-17 22:36:15,588 [INFO] Movimiento hacia adelante
2025-06-17 22:36:18,743 [INFO] Movimiento hacia adelante
2025-06-17 22:36:18,963 [INFO] Lectura datos climáticos NASA
2025-06-17 22:36:18,966 [INFO] Datos JSON preparados para envío
2025-06-17 22:36:20,024 [INFO] Lectura BMP390
2025-06-17 22:36:20,223 [INFO] Lectura LTR390
2025-06-17 22:36:21,926 [INFO] Movimiento hacia adelante
2025-06-17 22:36:22,226 [WARNING] Lectura serial fallida o formato incorrecto
2025-06-17 22:36:25,084 [INFO] Movimiento hacia adelante
2025-06-17 22:36:26,288 [INFO] Lectura datos climáticos NASA
2025-06-17 22:36:26,290 [INFO] Datos JSON preparados para envío
2025-06-17 22:36:27,350 [INFO] Lectura BMP390
2025-06-17 22:36:27,534 [INFO] Lectura LTR390
2025-06-17 22:36:28,229 [INFO] Movimiento hacia adelante
2025-06-17 22:36:29,537 [WARNING] Lectura serial fallida o formato incorrecto
2025-06-17 22:36:31,383 [INFO] Movimiento hacia adelante
2025-06-17 22:36:33,894 [INFO] Lectura datos climáticos NASA
2025-06-17 22:36:33,897 [INFO] Datos JSON preparados para envío
2025-06-17 22:36:34,532 [INFO] Movimiento hacia adelante
2025-06-17 22:36:34,958 [INFO] Lectura BMP390
2025-06-17 22:36:35,154 [INFO] Lectura LTR390
2025-06-17 22:36:37,157 [WARNING] Lectura serial fallida o formato incorrecto
2025-06-17 22:36:37,686 [INFO] Movimiento hacia adelante
2025-06-17 22:36:40,828 [INFO] Movimiento hacia adelante
2025-06-17 22:36:40,863 [INFO] Lectura datos climáticos NASA
2025-06-17 22:36:40,866 [INFO] Datos JSON preparados para envío
2025-06-17 22:36:41,925 [INFO] Lectura BMP390
2025-06-17 22:36:42,121 [INFO] Lectura LTR390
2025-06-17 22:36:44,002 [INFO] Movimiento hacia adelante
2025-06-17 22:36:44,124 [WARNING] Lectura serial fallida o formato incorrecto
2025-06-17 22:36:47,159 [INFO] Movimiento hacia adelante
2025-06-17 22:36:48,337 [INFO] Lectura datos climáticos NASA
2025-06-17 22:36:48,340 [INFO] Datos JSON preparados para envío
2025-06-17 22:36:49,397 [INFO] Lectura BMP390
2025-06-17 22:36:49,581 [INFO] Lectura LTR390
2025-06-17 22:36:50,325 [INFO] Movimiento hacia adelante
2025-06-17 22:36:51,584 [WARNING] Lectura serial fallida o formato incorrecto
2025-06-17 22:36:53,480 [INFO] Movimiento hacia adelante
2025-06-17 22:36:55,448 [INFO] Lectura datos climáticos NASA
2025-06-17 22:36:55,451 [INFO] Datos JSON preparados para envío
2025-06-17 22:36:56,504 [INFO] Lectura BMP390
2025-06-17 22:36:56,631 [INFO] Movimiento hacia adelante
2025-06-17 22:36:56,691 [INFO] Lectura LTR390
2025-06-17 22:36:58,694 [WARNING] Lectura serial fallida o formato incorrecto
2025-06-17 22:36:59,707 [INFO] Movimiento hacia adelante
2025-06-17 22:37:02,857 [INFO] Movimiento hacia adelante
2025-06-17 22:37:03,100 [INFO] Lectura datos climáticos NASA
2025-06-17 22:37:03,104 [INFO] Datos JSON preparados para envío
2025-06-17 22:37:04,166 [INFO] Lectura BMP390
2025-06-17 22:37:04,361 [INFO] Lectura LTR390
2025-06-17 22:37:06,038 [INFO] Movimiento hacia adelante
2025-06-17 22:37:06,364 [WARNING] Lectura serial fallida o formato incorrecto
2025-06-17 22:37:09,193 [INFO] Movimiento hacia adelante
2025-06-17 22:37:09,891 [INFO] Lectura datos climáticos NASA
2025-06-17 22:37:09,893 [INFO] Datos JSON preparados para envío
2025-06-17 22:37:10,953 [INFO] Lectura BMP390
2025-06-17 22:37:11,148 [INFO] Lectura LTR390
2025-06-17 22:37:12,289 [INFO] Movimiento hacia adelante
2025-06-17 22:37:13,151 [WARNING] Lectura serial fallida o formato incorrecto
2025-06-17 22:37:15,451 [INFO] Movimiento hacia adelante
2025-06-17 22:37:17,293 [INFO] Lectura datos climáticos NASA
2025-06-17 22:37:17,295 [INFO] Datos JSON preparados para envío
2025-06-17 22:37:18,353 [INFO] Lectura BMP390
2025-06-17 22:37:18,546 [INFO] Lectura LTR390
2025-06-17 22:37:18,621 [INFO] Movimiento hacia adelante
2025-06-17 22:37:20,549 [WARNING] Lectura serial fallida o formato incorrecto
2025-06-17 22:37:21,098 [INFO] 10.42.0.248 - - [17/Jun/2025 22:37:21] "GET /datos HTTP/1.1" 200 -
2025-06-17 22:37:21,790 [INFO] Movimiento hacia adelante
2025-06-17 22:37:24,133 [INFO] Lectura datos climáticos NASA
2025-06-17 22:37:24,134 [INFO] Datos JSON preparados para envío
2025-06-17 22:37:24,915 [INFO] Movimiento hacia adelante
2025-06-17 22:37:25,195 [INFO] Lectura BMP390
2025-06-17 22:37:25,394 [INFO] Lectura LTR390
2025-06-17 22:37:27,397 [WARNING] Lectura serial fallida o formato incorrecto
2025-06-17 22:37:28,102 [INFO] Movimiento hacia adelante
2025-06-17 22:37:31,244 [INFO] Movimiento hacia adelante
2025-06-17 22:37:31,738 [INFO] Lectura datos climáticos NASA
2025-06-17 22:37:31,741 [INFO] Datos JSON preparados para envío
2025-06-17 22:37:32,798 [INFO] Lectura BMP390
2025-06-17 22:37:32,989 [INFO] Lectura LTR390
2025-06-17 22:37:34,359 [INFO] Movimiento hacia adelante
2025-06-17 22:37:34,992 [WARNING] Lectura serial fallida o formato incorrecto
2025-06-17 22:37:37,494 [INFO] Movimiento hacia adelante
2025-06-17 22:37:38,540 [INFO] Lectura datos climáticos NASA
2025-06-17 22:37:38,543 [INFO] Datos JSON preparados para envío
2025-06-17 22:37:39,600 [INFO] Lectura BMP390
2025-06-17 22:37:39,796 [INFO] Lectura LTR390
2025-06-17 22:37:40,679 [INFO] Movimiento hacia adelante
2025-06-17 22:37:41,799 [WARNING] Lectura serial fallida o formato incorrecto
2025-06-17 22:37:43,841 [INFO] Movimiento hacia adelante
2025-06-17 22:37:45,434 [INFO] Lectura datos climáticos NASA
2025-06-17 22:37:45,436 [INFO] Datos JSON preparados para envío
2025-06-17 22:37:46,490 [INFO] Lectura BMP390
2025-06-17 22:37:46,686 [INFO] Lectura LTR390
2025-06-17 22:37:46,991 [INFO] Movimiento hacia adelante
2025-06-17 22:37:48,689 [WARNING] Lectura serial fallida o formato incorrecto
2025-06-17 22:37:50,145 [INFO] Movimiento hacia adelante
2025-06-17 22:37:52,581 [INFO] Lectura datos climáticos NASA
2025-06-17 22:37:52,584 [INFO] Datos JSON preparados para envío
2025-06-17 22:37:53,299 [INFO] Movimiento hacia adelante
2025-06-17 22:37:53,645 [INFO] Lectura BMP390
2025-06-17 22:37:53,831 [INFO] Lectura LTR390
2025-06-17 22:37:55,834 [WARNING] Lectura serial fallida o formato incorrecto
2025-06-17 22:37:56,456 [INFO] Movimiento hacia adelante
2025-06-17 22:37:59,563 [INFO] Movimiento hacia adelante
2025-06-17 22:38:00,177 [INFO] Lectura datos climáticos NASA
2025-06-17 22:38:00,180 [INFO] Datos JSON preparados para envío
2025-06-17 22:38:01,236 [INFO] Lectura BMP390
2025-06-17 22:38:01,420 [INFO] Lectura LTR390
2025-06-17 22:38:02,736 [INFO] Movimiento hacia adelante
2025-06-17 22:38:03,423 [WARNING] Lectura serial fallida o formato incorrecto
2025-06-17 22:38:05,896 [INFO] Movimiento hacia adelante
2025-06-17 22:38:07,028 [INFO] Lectura datos climáticos NASA
2025-06-17 22:38:07,031 [INFO] Datos JSON preparados para envío
2025-06-17 22:38:08,088 [INFO] Lectura BMP390
2025-06-17 22:38:08,275 [INFO] Lectura LTR390
2025-06-17 22:38:09,048 [INFO] Movimiento hacia adelante
2025-06-17 22:38:10,277 [WARNING] Lectura serial fallida o formato incorrecto
2025-06-17 22:38:12,176 [INFO] Movimiento hacia adelante
2025-06-17 22:38:15,214 [INFO] Lectura datos climáticos NASA
2025-06-17 22:38:15,218 [INFO] Datos JSON preparados para envío
2025-06-17 22:38:15,328 [INFO] Movimiento hacia adelante
2025-06-17 22:38:16,277 [INFO] Lectura BMP390
2025-06-17 22:38:16,464 [INFO] Lectura LTR390
2025-06-17 22:38:18,467 [WARNING] Lectura serial fallida o formato incorrecto
2025-06-17 22:38:18,515 [INFO] Movimiento hacia adelante
2025-06-17 22:38:21,612 [INFO] Movimiento hacia adelante
2025-06-17 22:38:22,583 [INFO] Lectura datos climáticos NASA
2025-06-17 22:38:22,586 [INFO] Datos JSON preparados para envío
2025-06-17 22:38:23,641 [INFO] Lectura BMP390
2025-06-17 22:38:23,839 [INFO] Lectura LTR390
2025-06-17 22:38:24,763 [INFO] Movimiento hacia adelante
2025-06-17 22:38:25,842 [WARNING] Lectura serial fallida o formato incorrecto
2025-06-17 22:38:27,925 [INFO] Movimiento hacia adelante
2025-06-17 22:38:28,827 [INFO] Lectura datos climáticos NASA
2025-06-17 22:38:28,830 [INFO] Datos JSON preparados para envío
2025-06-17 22:38:29,892 [INFO] Lectura BMP390
2025-06-17 22:38:30,075 [INFO] Lectura LTR390
2025-06-17 22:38:31,100 [INFO] Movimiento hacia adelante
2025-06-17 22:38:32,078 [WARNING] Lectura serial fallida o formato incorrecto
2025-06-17 22:38:34,255 [INFO] Movimiento hacia adelante
2025-06-17 22:38:35,989 [INFO] Lectura datos climáticos NASA
2025-06-17 22:38:35,992 [INFO] Datos JSON preparados para envío
2025-06-17 22:38:37,051 [INFO] Lectura BMP390
2025-06-17 22:38:37,236 [INFO] Lectura LTR390
2025-06-17 22:38:37,431 [INFO] Movimiento hacia adelante
2025-06-17 22:38:39,239 [WARNING] Lectura serial fallida o formato incorrecto
2025-06-17 22:38:40,588 [INFO] Movimiento hacia adelante
2025-06-17 22:38:42,842 [INFO] Lectura datos climáticos NASA
2025-06-17 22:38:42,843 [INFO] Datos JSON preparados para envío
2025-06-17 22:38:43,706 [INFO] Movimiento hacia adelante
2025-06-17 22:38:43,899 [INFO] Lectura BMP390
2025-06-17 22:38:44,095 [INFO] Lectura LTR390
2025-06-17 22:38:46,098 [WARNING] Lectura serial fallida o formato incorrecto
2025-06-17 22:38:46,895 [INFO] Movimiento hacia adelante
2025-06-17 22:38:49,972 [INFO] Lectura datos climáticos NASA
2025-06-17 22:38:49,974 [INFO] Datos JSON preparados para envío
2025-06-17 22:38:50,049 [INFO] Movimiento hacia adelante
2025-06-17 22:38:51,033 [INFO] Lectura BMP390
2025-06-17 22:38:51,228 [INFO] Lectura LTR390
2025-06-17 22:38:53,224 [INFO] Movimiento hacia adelante
2025-06-17 22:38:53,231 [WARNING] Lectura serial fallida o formato incorrecto
2025-06-17 22:38:56,364 [INFO] Movimiento hacia adelante
2025-06-17 22:38:56,761 [INFO] Lectura datos climáticos NASA
2025-06-17 22:38:56,764 [INFO] Datos JSON preparados para envío
2025-06-17 22:38:57,819 [INFO] Lectura BMP390
2025-06-17 22:38:58,014 [INFO] Lectura LTR390
2025-06-17 22:38:59,542 [INFO] Movimiento hacia adelante
2025-06-17 22:39:00,017 [WARNING] Lectura serial fallida o formato incorrecto
2025-06-17 22:39:02,700 [INFO] Movimiento hacia adelante
2025-06-17 22:39:03,729 [INFO] Lectura datos climáticos NASA
2025-06-17 22:39:03,732 [INFO] Datos JSON preparados para envío
2025-06-17 22:39:04,787 [INFO] Lectura BMP390
2025-06-17 22:39:04,984 [INFO] Lectura LTR390
2025-06-17 22:39:05,880 [INFO] Movimiento hacia adelante
2025-06-17 22:39:06,987 [WARNING] Lectura serial fallida o formato incorrecto
2025-06-17 22:39:08,764 [INFO] 10.42.0.248 - - [17/Jun/2025 22:39:08] "GET /datos HTTP/1.1" 200 -
2025-06-17 22:39:09,022 [INFO] Movimiento hacia adelante
2025-06-17 22:39:10,461 [INFO] Lectura datos climáticos NASA
2025-06-17 22:39:10,465 [INFO] Datos JSON preparados para envío
2025-06-17 22:39:11,527 [INFO] Lectura BMP390
2025-06-17 22:39:11,713 [INFO] Lectura LTR390
2025-06-17 22:39:12,212 [INFO] Movimiento hacia adelante
2025-06-17 22:39:13,717 [WARNING] Lectura serial fallida o formato incorrecto
2025-06-17 22:39:15,332 [INFO] Movimiento hacia adelante
2025-06-17 22:39:18,480 [INFO] Movimiento hacia adelante
2025-06-17 22:39:21,604 [INFO] Movimiento hacia adelante
2025-06-17 22:39:23,373 [INFO] Lectura datos climáticos NASA
2025-06-17 22:39:23,376 [INFO] Datos JSON preparados para envío
2025-06-17 22:39:24,434 [INFO] Lectura BMP390
2025-06-17 22:39:24,630 [INFO] Lectura LTR390
2025-06-17 22:39:24,795 [INFO] Movimiento hacia adelante
2025-06-17 22:39:26,632 [WARNING] Lectura serial fallida o formato incorrecto
2025-06-17 22:39:27,898 [INFO] Movimiento hacia adelante
2025-06-17 22:39:31,044 [INFO] Movimiento hacia adelante
2025-06-17 22:39:34,195 [INFO] Movimiento hacia adelante
2025-06-17 22:39:35,313 [INFO] Lectura datos climáticos NASA
2025-06-17 22:39:35,315 [INFO] Datos JSON preparados para envío
2025-06-17 22:39:36,370 [INFO] Lectura BMP390
2025-06-17 22:39:36,566 [INFO] Lectura LTR390
2025-06-17 22:39:37,359 [INFO] Movimiento hacia adelante
2025-06-17 22:39:38,569 [WARNING] Lectura serial fallida o formato incorrecto
2025-06-17 22:39:40,511 [INFO] Movimiento hacia adelante
2025-06-17 22:39:42,353 [INFO] Lectura datos climáticos NASA
2025-06-17 22:39:42,358 [INFO] Datos JSON preparados para envío
2025-06-17 22:39:43,420 [INFO] Lectura BMP390
2025-06-17 22:39:43,606 [INFO] Lectura LTR390
2025-06-17 22:39:43,681 [INFO] Movimiento hacia adelante
2025-06-17 22:39:45,609 [WARNING] Lectura serial fallida o formato incorrecto
2025-06-17 22:39:46,836 [INFO] Movimiento hacia adelante
2025-06-17 22:39:49,751 [INFO] Lectura datos climáticos NASA
2025-06-17 22:39:49,754 [INFO] Datos JSON preparados para envío
2025-06-17 22:39:49,966 [INFO] Movimiento hacia adelante
2025-06-17 22:39:50,815 [INFO] Lectura BMP390
2025-06-17 22:39:50,998 [INFO] Lectura LTR390
2025-06-17 22:39:53,001 [WARNING] Lectura serial fallida o formato incorrecto
2025-06-17 22:39:53,138 [INFO] Movimiento hacia adelante
2025-06-17 22:39:56,282 [INFO] Movimiento hacia adelante
2025-06-17 22:39:57,214 [INFO] Lectura datos climáticos NASA
2025-06-17 22:39:57,217 [INFO] Datos JSON preparados para envío
2025-06-17 22:39:58,275 [INFO] Lectura BMP390
2025-06-17 22:39:58,470 [INFO] Lectura LTR390
2025-06-17 22:39:59,444 [INFO] Movimiento hacia adelante
2025-06-17 22:40:00,473 [WARNING] Lectura serial fallida o formato incorrecto
2025-06-17 22:40:02,604 [INFO] Movimiento hacia adelante
2025-06-17 22:40:04,218 [INFO] Lectura datos climáticos NASA
2025-06-17 22:40:04,220 [INFO] Datos JSON preparados para envío
2025-06-17 22:40:05,280 [INFO] Lectura BMP390
2025-06-17 22:40:05,467 [INFO] Lectura LTR390
2025-06-17 22:40:05,780 [INFO] Movimiento hacia adelante
2025-06-17 22:40:07,470 [WARNING] Lectura serial fallida o formato incorrecto
2025-06-17 22:40:08,941 [INFO] Movimiento hacia adelante
2025-06-17 22:40:11,200 [INFO] Lectura datos climáticos NASA
2025-06-17 22:40:11,203 [INFO] Datos JSON preparados para envío
2025-06-17 22:40:12,068 [INFO] Movimiento hacia adelante
2025-06-17 22:40:12,261 [INFO] Lectura BMP390
2025-06-17 22:40:12,444 [INFO] Lectura LTR390
2025-06-17 22:40:14,447 [WARNING] Lectura serial fallida o formato incorrecto
2025-06-17 22:40:15,246 [INFO] Movimiento hacia adelante
2025-06-17 22:40:18,396 [INFO] Movimiento hacia adelante
2025-06-17 22:40:18,982 [INFO] Lectura datos climáticos NASA
2025-06-17 22:40:18,985 [INFO] Datos JSON preparados para envío
2025-06-17 22:40:20,041 [INFO] Lectura BMP390
2025-06-17 22:40:20,240 [INFO] Lectura LTR390
2025-06-17 22:40:21,556 [INFO] Movimiento hacia adelante
2025-06-17 22:40:22,244 [WARNING] Lectura serial fallida o formato incorrecto
2025-06-17 22:40:24,713 [INFO] Movimiento hacia adelante
2025-06-17 22:40:25,902 [INFO] Lectura datos climáticos NASA
2025-06-17 22:40:25,905 [INFO] Datos JSON preparados para envío
2025-06-17 22:40:26,963 [INFO] Lectura BMP390
2025-06-17 22:40:27,151 [INFO] Lectura LTR390
2025-06-17 22:40:27,893 [INFO] Movimiento hacia adelante
2025-06-17 22:40:29,154 [WARNING] Lectura serial fallida o formato incorrecto
2025-06-17 22:40:31,059 [INFO] Movimiento hacia adelante
2025-06-17 22:40:33,063 [INFO] Lectura datos climáticos NASA
2025-06-17 22:40:33,066 [INFO] Datos JSON preparados para envío
2025-06-17 22:40:34,125 [INFO] Lectura BMP390
2025-06-17 22:40:34,228 [INFO] Movimiento hacia adelante
2025-06-17 22:40:34,309 [INFO] Lectura LTR390
2025-06-17 22:40:36,312 [WARNING] Lectura serial fallida o formato incorrecto
2025-06-17 22:40:37,388 [INFO] Movimiento hacia adelante
2025-06-17 22:40:37,768 [INFO] 10.42.0.248 - - [17/Jun/2025 22:40:37] "GET /datos HTTP/1.1" 200 -
2025-06-17 22:40:39,946 [INFO] Lectura datos climáticos NASA
2025-06-17 22:40:39,949 [INFO] Datos JSON preparados para envío
2025-06-17 22:40:40,541 [INFO] Movimiento hacia adelante
2025-06-17 22:40:41,003 [INFO] Lectura BMP390
2025-06-17 22:40:41,199 [INFO] Lectura LTR390
2025-06-17 22:40:43,202 [WARNING] Lectura serial fallida o formato incorrecto
2025-06-17 22:40:43,709 [INFO] Movimiento hacia adelante
2025-06-17 22:40:46,569 [INFO] Lectura datos climáticos NASA
2025-06-17 22:40:46,573 [INFO] Datos JSON preparados para envío
2025-06-17 22:40:46,857 [INFO] Movimiento hacia adelante
2025-06-17 22:40:47,635 [INFO] Lectura BMP390
2025-06-17 22:40:47,819 [INFO] Lectura LTR390
2025-06-17 22:40:49,822 [WARNING] Lectura serial fallida o formato incorrecto
2025-06-17 22:40:50,035 [INFO] Movimiento hacia adelante
2025-06-17 22:40:53,152 [INFO] Movimiento hacia adelante
2025-06-17 22:40:53,432 [INFO] Lectura datos climáticos NASA
2025-06-17 22:40:53,434 [INFO] Datos JSON preparados para envío
2025-06-17 22:40:54,490 [INFO] Lectura BMP390
2025-06-17 22:40:54,686 [INFO] Lectura LTR390
2025-06-17 22:40:56,282 [INFO] Movimiento hacia adelante
2025-06-17 22:40:56,689 [WARNING] Lectura serial fallida o formato incorrecto
2025-06-17 22:40:59,437 [INFO] Movimiento hacia adelante
2025-06-17 22:41:00,382 [INFO] Lectura datos climáticos NASA
2025-06-17 22:41:00,387 [INFO] Datos JSON preparados para envío
2025-06-17 22:41:01,445 [INFO] Lectura BMP390
2025-06-17 22:41:01,634 [INFO] Lectura LTR390
2025-06-17 22:41:02,610 [INFO] Movimiento hacia adelante
2025-06-17 22:41:03,637 [WARNING] Lectura serial fallida o formato incorrecto
2025-06-17 22:41:05,728 [INFO] Movimiento hacia adelante
2025-06-17 22:41:07,544 [INFO] Lectura datos climáticos NASA
2025-06-17 22:41:07,547 [INFO] Datos JSON preparados para envío
2025-06-17 22:41:08,605 [INFO] Lectura BMP390
2025-06-17 22:41:08,794 [INFO] Lectura LTR390
2025-06-17 22:41:08,850 [INFO] Movimiento hacia adelante
2025-06-17 22:41:10,797 [WARNING] Lectura serial fallida o formato incorrecto
2025-06-17 22:41:12,011 [INFO] Movimiento hacia adelante
2025-06-17 22:41:14,608 [INFO] Lectura datos climáticos NASA
2025-06-17 22:41:14,610 [INFO] Datos JSON preparados para envío
2025-06-17 22:41:15,164 [INFO] Movimiento hacia adelante
2025-06-17 22:41:15,670 [INFO] Lectura BMP390
2025-06-17 22:41:15,858 [INFO] Lectura LTR390
2025-06-17 22:41:17,862 [WARNING] Lectura serial fallida o formato incorrecto
2025-06-17 22:41:18,301 [INFO] Movimiento hacia adelante
2025-06-17 22:41:21,416 [INFO] Movimiento hacia adelante
2025-06-17 22:41:22,264 [INFO] Lectura datos climáticos NASA
2025-06-17 22:41:22,267 [INFO] Datos JSON preparados para envío
2025-06-17 22:41:23,321 [INFO] Lectura BMP390
2025-06-17 22:41:23,518 [INFO] Lectura LTR390
2025-06-17 22:41:24,590 [INFO] Movimiento hacia adelante
2025-06-17 22:41:25,521 [WARNING] Lectura serial fallida o formato incorrecto
2025-06-17 22:41:27,725 [INFO] Movimiento hacia adelante
2025-06-17 22:41:29,413 [INFO] Lectura datos climáticos NASA
2025-06-17 22:41:29,415 [INFO] Datos JSON preparados para envío
2025-06-17 22:41:30,473 [INFO] Lectura BMP390
2025-06-17 22:41:30,667 [INFO] Lectura LTR390
2025-06-17 22:41:30,849 [INFO] Movimiento hacia adelante
2025-06-17 22:41:32,670 [WARNING] Lectura serial fallida o formato incorrecto
2025-06-17 22:41:34,010 [INFO] Movimiento hacia adelante
2025-06-17 22:41:36,721 [INFO] Lectura datos climáticos NASA
2025-06-17 22:41:36,723 [INFO] Datos JSON preparados para envío
2025-06-17 22:41:37,162 [INFO] Movimiento hacia adelante
2025-06-17 22:41:37,780 [INFO] Lectura BMP390
2025-06-17 22:41:37,976 [INFO] Lectura LTR390
2025-06-17 22:41:39,979 [WARNING] Lectura serial fallida o formato incorrecto
2025-06-17 22:41:40,336 [INFO] Movimiento hacia adelante
2025-06-17 22:41:43,389 [INFO] Movimiento hacia adelante
2025-06-17 22:41:43,671 [INFO] Lectura datos climáticos NASA
2025-06-17 22:41:43,674 [INFO] Datos JSON preparados para envío
2025-06-17 22:41:44,732 [INFO] Lectura BMP390
2025-06-17 22:41:44,929 [INFO] Lectura LTR390
2025-06-17 22:41:46,560 [INFO] Movimiento hacia adelante
2025-06-17 22:41:46,933 [WARNING] Lectura serial fallida o formato incorrecto
2025-06-17 22:41:49,716 [INFO] Movimiento hacia adelante
2025-06-17 22:41:51,448 [INFO] Lectura datos climáticos NASA
2025-06-17 22:41:51,450 [INFO] Datos JSON preparados para envío
2025-06-17 22:41:52,510 [INFO] Lectura BMP390
2025-06-17 22:41:52,704 [INFO] Lectura LTR390
2025-06-17 22:41:52,905 [INFO] Movimiento hacia adelante
2025-06-17 22:41:54,707 [WARNING] Lectura serial fallida o formato incorrecto
2025-06-17 22:41:55,972 [INFO] Movimiento hacia adelante
2025-06-17 22:41:58,416 [INFO] Lectura datos climáticos NASA
2025-06-17 22:41:58,418 [INFO] Datos JSON preparados para envío
2025-06-17 22:41:59,121 [INFO] Movimiento hacia adelante
2025-06-17 22:41:59,475 [INFO] Lectura BMP390
2025-06-17 22:41:59,670 [INFO] Lectura LTR390
2025-06-17 22:42:01,673 [WARNING] Lectura serial fallida o formato incorrecto
2025-06-17 22:42:02,312 [INFO] Movimiento hacia adelante
2025-06-17 22:42:05,455 [INFO] Movimiento hacia adelante
2025-06-17 22:42:06,080 [INFO] Lectura datos climáticos NASA
2025-06-17 22:42:06,083 [INFO] Datos JSON preparados para envío
2025-06-17 22:42:07,141 [INFO] Lectura BMP390
2025-06-17 22:42:07,338 [INFO] Lectura LTR390
2025-06-17 22:42:08,569 [INFO] Movimiento hacia adelante
2025-06-17 22:42:09,341 [WARNING] Lectura serial fallida o formato incorrecto
2025-06-17 22:42:11,721 [INFO] Movimiento hacia adelante
2025-06-17 22:42:13,040 [INFO] Lectura datos climáticos NASA
2025-06-17 22:42:13,044 [INFO] Datos JSON preparados para envío
2025-06-17 22:42:14,101 [INFO] Lectura BMP390
2025-06-17 22:42:14,284 [INFO] Lectura LTR390
2025-06-17 22:42:14,895 [INFO] Movimiento hacia adelante
2025-06-17 22:42:16,287 [WARNING] Lectura serial fallida o formato incorrecto
2025-06-17 22:42:18,037 [INFO] Movimiento hacia adelante
2025-06-17 22:42:19,951 [INFO] Lectura datos climáticos NASA
2025-06-17 22:42:19,955 [INFO] Datos JSON preparados para envío
2025-06-17 22:42:21,012 [INFO] Lectura BMP390
2025-06-17 22:42:21,171 [INFO] Movimiento hacia adelante
2025-06-17 22:42:21,203 [INFO] Lectura LTR390
2025-06-17 22:42:23,206 [WARNING] Lectura serial fallida o formato incorrecto
2025-06-17 22:42:24,330 [INFO] Movimiento hacia adelante
2025-06-17 22:42:27,472 [INFO] Movimiento hacia adelante
2025-06-17 22:42:27,672 [INFO] Lectura datos climáticos NASA
2025-06-17 22:42:27,674 [INFO] Datos JSON preparados para envío
2025-06-17 22:42:28,730 [INFO] Lectura BMP390
2025-06-17 22:42:28,925 [INFO] Lectura LTR390
2025-06-17 22:42:30,607 [INFO] Movimiento hacia adelante
2025-06-17 22:42:30,928 [WARNING] Lectura serial fallida o formato incorrecto
2025-06-17 22:42:33,695 [INFO] Movimiento hacia adelante
2025-06-17 22:42:34,532 [INFO] Lectura datos climáticos NASA
2025-06-17 22:42:34,535 [INFO] Datos JSON preparados para envío
2025-06-17 22:42:35,596 [INFO] Lectura BMP390
2025-06-17 22:42:35,779 [INFO] Lectura LTR390
2025-06-17 22:42:36,865 [INFO] Movimiento hacia adelante
2025-06-17 22:42:37,782 [WARNING] Lectura serial fallida o formato incorrecto
2025-06-17 22:42:40,020 [INFO] Movimiento hacia adelante
2025-06-17 22:42:41,697 [INFO] Lectura datos climáticos NASA
2025-06-17 22:42:41,700 [INFO] Datos JSON preparados para envío
2025-06-17 22:42:42,759 [INFO] Lectura BMP390
2025-06-17 22:42:42,950 [INFO] Lectura LTR390
2025-06-17 22:42:43,153 [INFO] Movimiento hacia adelante
2025-06-17 22:42:44,953 [WARNING] Lectura serial fallida o formato incorrecto
2025-06-17 22:42:46,291 [INFO] Movimiento hacia adelante
2025-06-17 22:42:48,984 [INFO] Lectura datos climáticos NASA
2025-06-17 22:42:48,987 [INFO] Datos JSON preparados para envío
2025-06-17 22:42:49,442 [INFO] Movimiento hacia adelante
2025-06-17 22:42:50,047 [INFO] Lectura BMP390
2025-06-17 22:42:50,243 [INFO] Lectura LTR390
2025-06-17 22:42:52,246 [WARNING] Lectura serial fallida o formato incorrecto
2025-06-17 22:42:52,626 [INFO] Movimiento hacia adelante
2025-06-17 22:42:55,708 [INFO] Movimiento hacia adelante
2025-06-17 22:42:55,808 [INFO] Lectura datos climáticos NASA
2025-06-17 22:42:55,809 [INFO] Datos JSON preparados para envío
2025-06-17 22:42:56,865 [INFO] Lectura BMP390
2025-06-17 22:42:57,060 [INFO] Lectura LTR390
2025-06-17 22:42:58,865 [INFO] Movimiento hacia adelante
2025-06-17 22:42:59,063 [WARNING] Lectura serial fallida o formato incorrecto
2025-06-17 22:43:02,028 [INFO] Movimiento hacia adelante
2025-06-17 22:43:03,008 [INFO] Lectura datos climáticos NASA
2025-06-17 22:43:03,011 [INFO] Datos JSON preparados para envío
2025-06-17 22:43:04,070 [INFO] Lectura BMP390
2025-06-17 22:43:04,255 [INFO] Lectura LTR390
2025-06-17 22:43:05,208 [INFO] Movimiento hacia adelante
2025-06-17 22:43:06,256 [WARNING] Lectura serial fallida o formato incorrecto
2025-06-17 22:43:08,294 [INFO] Movimiento hacia adelante
2025-06-17 22:43:10,666 [INFO] Lectura datos climáticos NASA
2025-06-17 22:43:10,669 [INFO] Datos JSON preparados para envío
2025-06-17 22:43:11,436 [INFO] Movimiento hacia adelante
2025-06-17 22:43:11,727 [INFO] Lectura BMP390
2025-06-17 22:43:11,923 [INFO] Lectura LTR390
2025-06-17 22:43:13,926 [WARNING] Lectura serial fallida o formato incorrecto
2025-06-17 22:43:14,620 [INFO] Movimiento hacia adelante
2025-06-17 22:43:17,246 [INFO] Lectura datos climáticos NASA
2025-06-17 22:43:17,248 [INFO] Datos JSON preparados para envío
2025-06-17 22:43:17,768 [INFO] Movimiento hacia adelante
2025-06-17 22:43:18,305 [INFO] Lectura BMP390
2025-06-17 22:43:18,499 [INFO] Lectura LTR390
2025-06-17 22:43:20,502 [WARNING] Lectura serial fallida o formato incorrecto
2025-06-17 22:43:20,869 [INFO] Movimiento hacia adelante
2025-06-17 22:43:24,019 [INFO] Movimiento hacia adelante
2025-06-17 22:43:24,137 [INFO] Lectura datos climáticos NASA
2025-06-17 22:43:24,142 [INFO] Datos JSON preparados para envío
2025-06-17 22:43:25,196 [INFO] Lectura BMP390
2025-06-17 22:43:25,384 [INFO] Lectura LTR390
2025-06-17 22:43:27,217 [INFO] Movimiento hacia adelante
2025-06-17 22:43:27,387 [WARNING] Lectura serial fallida o formato incorrecto
2025-06-17 22:43:30,379 [INFO] Movimiento hacia adelante
2025-06-17 22:43:30,787 [INFO] Lectura datos climáticos NASA
2025-06-17 22:43:30,789 [INFO] Datos JSON preparados para envío
2025-06-17 22:43:31,845 [INFO] Lectura BMP390
2025-06-17 22:43:32,035 [INFO] Lectura LTR390
2025-06-17 22:43:33,474 [INFO] Movimiento hacia adelante
2025-06-17 22:43:34,038 [WARNING] Lectura serial fallida o formato incorrecto
2025-06-17 22:43:36,630 [INFO] Movimiento hacia adelante
2025-06-17 22:43:37,697 [INFO] Lectura datos climáticos NASA
2025-06-17 22:43:37,700 [INFO] Datos JSON preparados para envío
2025-06-17 22:43:38,758 [INFO] Lectura BMP390
2025-06-17 22:43:38,947 [INFO] Lectura LTR390
2025-06-17 22:43:39,800 [INFO] Movimiento hacia adelante
2025-06-17 22:43:40,950 [WARNING] Lectura serial fallida o formato incorrecto
2025-06-17 22:43:42,951 [INFO] Movimiento hacia adelante
2025-06-17 22:43:45,445 [INFO] Lectura datos climáticos NASA
2025-06-17 22:43:45,448 [INFO] Datos JSON preparados para envío
2025-06-17 22:43:46,022 [INFO] Movimiento hacia adelante
2025-06-17 22:43:46,509 [INFO] Lectura BMP390
2025-06-17 22:43:46,694 [INFO] Lectura LTR390
2025-06-17 22:43:48,697 [WARNING] Lectura serial fallida o formato incorrecto
2025-06-17 22:43:49,214 [INFO] Movimiento hacia adelante
2025-06-17 22:43:52,004 [INFO] Lectura datos climáticos NASA
2025-06-17 22:43:52,007 [INFO] Datos JSON preparados para envío
2025-06-17 22:43:52,361 [INFO] Movimiento hacia adelante
2025-06-17 22:43:53,065 [INFO] Lectura BMP390
2025-06-17 22:43:53,261 [INFO] Lectura LTR390
2025-06-17 22:43:55,264 [WARNING] Lectura serial fallida o formato incorrecto
2025-06-17 22:43:55,513 [INFO] Movimiento hacia adelante
2025-06-17 22:43:58,597 [INFO] Movimiento hacia adelante
2025-06-17 22:43:59,057 [INFO] Lectura datos climáticos NASA
2025-06-17 22:43:59,060 [INFO] Datos JSON preparados para envío
2025-06-17 22:44:00,115 [INFO] Lectura BMP390
2025-06-17 22:44:00,312 [INFO] Lectura LTR390
2025-06-17 22:44:01,546 [INFO] 10.42.0.248 - - [17/Jun/2025 22:44:01] "GET /datos HTTP/1.1" 200 -
2025-06-17 22:44:01,780 [INFO] Movimiento hacia adelante
2025-06-17 22:44:02,319 [WARNING] Lectura serial fallida o formato incorrecto
2025-06-17 22:44:04,939 [INFO] Movimiento hacia adelante
2025-06-17 22:44:06,218 [INFO] Lectura datos climáticos NASA
2025-06-17 22:44:06,221 [INFO] Datos JSON preparados para envío
2025-06-17 22:44:07,277 [INFO] Lectura BMP390
2025-06-17 22:44:07,471 [INFO] Lectura LTR390
2025-06-17 22:44:08,073 [INFO] Movimiento hacia adelante
2025-06-17 22:44:09,474 [WARNING] Lectura serial fallida o formato incorrecto
2025-06-17 22:44:11,182 [INFO] Movimiento hacia adelante
2025-06-17 22:44:12,749 [INFO] Lectura datos climáticos NASA
2025-06-17 22:44:12,753 [INFO] Datos JSON preparados para envío
2025-06-17 22:44:13,815 [INFO] Lectura BMP390
2025-06-17 22:44:14,011 [INFO] Lectura LTR390
2025-06-17 22:44:14,368 [INFO] Movimiento hacia adelante
2025-06-17 22:44:16,014 [WARNING] Lectura serial fallida o formato incorrecto
2025-06-17 22:44:17,533 [INFO] Movimiento hacia adelante
2025-06-17 22:44:19,315 [INFO] Lectura datos climáticos NASA
2025-06-17 22:44:19,317 [INFO] Datos JSON preparados para envío
2025-06-17 22:44:20,373 [INFO] Lectura BMP390
2025-06-17 22:44:20,563 [INFO] Lectura LTR390
2025-06-17 22:44:20,661 [INFO] Movimiento hacia adelante
2025-06-17 22:44:22,565 [WARNING] Lectura serial fallida o formato incorrecto
2025-06-17 22:44:23,797 [INFO] Movimiento hacia adelante
2025-06-17 22:44:26,277 [INFO] Lectura datos climáticos NASA
2025-06-17 22:44:26,280 [INFO] Datos JSON preparados para envío
2025-06-17 22:44:26,944 [INFO] Movimiento hacia adelante
2025-06-17 22:44:27,339 [INFO] Lectura BMP390
2025-06-17 22:44:27,528 [INFO] Lectura LTR390
2025-06-17 22:44:29,531 [WARNING] Lectura serial fallida o formato incorrecto
2025-06-17 22:44:30,118 [INFO] Movimiento hacia adelante
2025-06-17 22:44:33,202 [INFO] Movimiento hacia adelante
2025-06-17 22:44:33,646 [INFO] Lectura datos climáticos NASA
2025-06-17 22:44:33,649 [INFO] Datos JSON preparados para envío
2025-06-17 22:44:34,704 [INFO] Lectura BMP390
2025-06-17 22:44:34,889 [INFO] Lectura LTR390
2025-06-17 22:44:36,379 [INFO] Movimiento hacia adelante
2025-06-17 22:44:36,892 [WARNING] Lectura serial fallida o formato incorrecto
2025-06-17 22:44:39,539 [INFO] Movimiento hacia adelante
2025-06-17 22:44:40,809 [INFO] Lectura datos climáticos NASA
2025-06-17 22:44:40,812 [INFO] Datos JSON preparados para envío
2025-06-17 22:44:41,871 [INFO] Lectura BMP390
2025-06-17 22:44:42,054 [INFO] Lectura LTR390
2025-06-17 22:44:42,712 [INFO] Movimiento hacia adelante
2025-06-17 22:44:44,057 [WARNING] Lectura serial fallida o formato incorrecto
2025-06-17 22:44:45,799 [INFO] Movimiento hacia adelante
2025-06-17 22:44:47,364 [INFO] Lectura datos climáticos NASA
2025-06-17 22:44:47,367 [INFO] Datos JSON preparados para envío
2025-06-17 22:44:48,430 [INFO] Lectura BMP390
2025-06-17 22:44:48,613 [INFO] Lectura LTR390
2025-06-17 22:44:48,967 [INFO] Movimiento hacia adelante
2025-06-17 22:44:50,616 [WARNING] Lectura serial fallida o formato incorrecto
2025-06-17 22:44:52,123 [INFO] Movimiento hacia adelante
2025-06-17 22:44:54,215 [INFO] Lectura datos climáticos NASA
2025-06-17 22:44:54,218 [INFO] Datos JSON preparados para envío
2025-06-17 22:44:55,270 [INFO] Lectura BMP390
2025-06-17 22:44:55,272 [INFO] Movimiento hacia adelante
2025-06-17 22:44:55,466 [INFO] Lectura LTR390
2025-06-17 22:44:57,469 [WARNING] Lectura serial fallida o formato incorrecto
2025-06-17 22:44:58,349 [INFO] Movimiento hacia adelante
2025-06-17 22:45:01,491 [INFO] Movimiento hacia adelante
2025-06-17 22:45:01,737 [INFO] Lectura datos climáticos NASA
2025-06-17 22:45:01,739 [INFO] Datos JSON preparados para envío
2025-06-17 22:45:02,799 [INFO] Lectura BMP390
2025-06-17 22:45:02,994 [INFO] Lectura LTR390
2025-06-17 22:45:04,668 [INFO] Movimiento hacia adelante
2025-06-17 22:45:04,996 [WARNING] Lectura serial fallida o formato incorrecto
2025-06-17 22:45:07,825 [INFO] Movimiento hacia adelante
2025-06-17 22:45:08,474 [INFO] Lectura datos climáticos NASA
2025-06-17 22:45:08,476 [INFO] Datos JSON preparados para envío
2025-06-17 22:45:09,533 [INFO] Lectura BMP390
2025-06-17 22:45:09,723 [INFO] Lectura LTR390
2025-06-17 22:45:10,909 [INFO] Movimiento hacia adelante
2025-06-17 22:45:11,726 [WARNING] Lectura serial fallida o formato incorrecto
2025-06-17 22:45:14,075 [INFO] Movimiento hacia adelante
2025-06-17 22:45:15,302 [INFO] Lectura datos climáticos NASA
2025-06-17 22:45:15,305 [INFO] Datos JSON preparados para envío
2025-06-17 22:45:16,365 [INFO] Lectura BMP390
2025-06-17 22:45:16,553 [INFO] Lectura LTR390
2025-06-17 22:45:17,254 [INFO] Movimiento hacia adelante
2025-06-17 22:45:18,556 [WARNING] Lectura serial fallida o formato incorrecto
2025-06-17 22:45:20,397 [INFO] Movimiento hacia adelante
2025-06-17 22:45:22,361 [INFO] Lectura datos climáticos NASA
2025-06-17 22:45:22,363 [INFO] Datos JSON preparados para envío
2025-06-17 22:45:23,418 [INFO] Lectura BMP390
2025-06-17 22:45:23,493 [INFO] Movimiento hacia adelante
2025-06-17 22:45:23,609 [INFO] Lectura LTR390
2025-06-17 22:45:25,612 [WARNING] Lectura serial fallida o formato incorrecto
2025-06-17 22:45:26,658 [INFO] Movimiento hacia adelante
2025-06-17 22:45:29,416 [INFO] Lectura datos climáticos NASA
2025-06-17 22:45:29,419 [INFO] Datos JSON preparados para envío
2025-06-17 22:45:29,791 [INFO] Movimiento hacia adelante
2025-06-17 22:45:30,478 [INFO] Lectura BMP390
2025-06-17 22:45:30,667 [INFO] Lectura LTR390
2025-06-17 22:45:32,670 [WARNING] Lectura serial fallida o formato incorrecto
2025-06-17 22:45:32,933 [INFO] Movimiento hacia adelante
2025-06-17 22:45:36,038 [INFO] Movimiento hacia adelante
2025-06-17 22:45:36,591 [INFO] Lectura datos climáticos NASA
2025-06-17 22:45:36,594 [INFO] Datos JSON preparados para envío
2025-06-17 22:45:37,649 [INFO] Lectura BMP390
2025-06-17 22:45:37,845 [INFO] Lectura LTR390
2025-06-17 22:45:39,212 [INFO] Movimiento hacia adelante
2025-06-17 22:45:39,848 [WARNING] Lectura serial fallida o formato incorrecto
2025-06-17 22:45:42,368 [INFO] Movimiento hacia adelante
2025-06-17 22:45:43,042 [INFO] Lectura datos climáticos NASA
2025-06-17 22:45:43,045 [INFO] Datos JSON preparados para envío
2025-06-17 22:45:44,100 [INFO] Lectura BMP390
2025-06-17 22:45:44,295 [INFO] Lectura LTR390
2025-06-17 22:45:45,494 [INFO] Movimiento hacia adelante
2025-06-17 22:45:46,298 [WARNING] Lectura serial fallida o formato incorrecto
2025-06-17 22:45:48,631 [INFO] Movimiento hacia adelante
2025-06-17 22:45:49,790 [INFO] Lectura datos climáticos NASA
2025-06-17 22:45:49,793 [INFO] Datos JSON preparados para envío
2025-06-17 22:45:50,856 [INFO] Lectura BMP390
2025-06-17 22:45:51,051 [INFO] Lectura LTR390
2025-06-17 22:45:51,822 [INFO] Movimiento hacia adelante
2025-06-17 22:45:53,054 [WARNING] Lectura serial fallida o formato incorrecto
2025-06-17 22:45:54,987 [INFO] Movimiento hacia adelante
2025-06-17 22:45:56,740 [INFO] Lectura datos climáticos NASA
2025-06-17 22:45:56,741 [INFO] Datos JSON preparados para envío
2025-06-17 22:45:57,799 [INFO] Lectura BMP390
2025-06-17 22:45:57,995 [INFO] Lectura LTR390
2025-06-17 22:45:58,105 [INFO] Movimiento hacia adelante
2025-06-17 22:45:59,998 [WARNING] Lectura serial fallida o formato incorrecto
2025-06-17 22:46:01,232 [INFO] Movimiento hacia adelante
2025-06-17 22:46:03,188 [INFO] Lectura datos climáticos NASA
2025-06-17 22:46:03,191 [INFO] Datos JSON preparados para envío
2025-06-17 22:46:04,250 [INFO] Lectura BMP390
2025-06-17 22:46:04,408 [INFO] Movimiento hacia adelante
2025-06-17 22:46:04,439 [INFO] Lectura LTR390
2025-06-17 22:46:06,442 [WARNING] Lectura serial fallida o formato incorrecto
2025-06-17 22:46:07,569 [INFO] Movimiento hacia adelante
2025-06-17 22:46:10,050 [INFO] Lectura datos climáticos NASA
2025-06-17 22:46:10,051 [INFO] Datos JSON preparados para envío
2025-06-17 22:46:10,645 [INFO] Movimiento hacia adelante
2025-06-17 22:46:11,106 [INFO] Lectura BMP390
2025-06-17 22:46:11,290 [INFO] Lectura LTR390
2025-06-17 22:46:13,293 [WARNING] Lectura serial fallida o formato incorrecto
2025-06-17 22:46:13,820 [INFO] Movimiento hacia adelante
2025-06-17 22:46:16,697 [INFO] Lectura datos climáticos NASA
2025-06-17 22:46:16,700 [INFO] Datos JSON preparados para envío
2025-06-17 22:46:16,968 [INFO] Movimiento hacia adelante
2025-06-17 22:46:17,757 [INFO] Lectura BMP390
2025-06-17 22:46:17,952 [INFO] Lectura LTR390
2025-06-17 22:46:19,955 [WARNING] Lectura serial fallida o formato incorrecto
2025-06-17 22:46:20,154 [INFO] Movimiento hacia adelante
2025-06-17 22:46:23,205 [INFO] Movimiento hacia adelante
2025-06-17 22:46:23,653 [INFO] Lectura datos climáticos NASA
2025-06-17 22:46:23,656 [INFO] Datos JSON preparados para envío
2025-06-17 22:46:24,715 [INFO] Lectura BMP390
2025-06-17 22:46:24,909 [INFO] Lectura LTR390
2025-06-17 22:46:26,383 [INFO] Movimiento hacia adelante
2025-06-17 22:46:26,911 [WARNING] Lectura serial fallida o formato incorrecto
2025-06-17 22:46:29,555 [INFO] Movimiento hacia adelante
2025-06-17 22:46:30,512 [INFO] Lectura datos climáticos NASA
2025-06-17 22:46:30,515 [INFO] Datos JSON preparados para envío
2025-06-17 22:46:31,574 [INFO] Lectura BMP390
2025-06-17 22:46:31,770 [INFO] Lectura LTR390
2025-06-17 22:46:32,738 [INFO] Movimiento hacia adelante
2025-06-17 22:46:33,773 [WARNING] Lectura serial fallida o formato incorrecto
2025-06-17 22:46:35,797 [INFO] Movimiento hacia adelante
2025-06-17 22:46:37,003 [INFO] Lectura datos climáticos NASA
2025-06-17 22:46:37,006 [INFO] Datos JSON preparados para envío
2025-06-17 22:46:38,061 [INFO] Lectura BMP390
2025-06-17 22:46:38,257 [INFO] Lectura LTR390
2025-06-17 22:46:38,984 [INFO] Movimiento hacia adelante
2025-06-17 22:46:40,260 [WARNING] Lectura serial fallida o formato incorrecto
2025-06-17 22:46:42,135 [INFO] Movimiento hacia adelante
2025-06-17 22:46:43,618 [INFO] Lectura datos climáticos NASA
2025-06-17 22:46:43,620 [INFO] Datos JSON preparados para envío
2025-06-17 22:46:44,677 [INFO] Lectura BMP390
2025-06-17 22:46:44,873 [INFO] Lectura LTR390
2025-06-17 22:46:45,302 [INFO] Movimiento hacia adelante
2025-06-17 22:46:46,876 [WARNING] Lectura serial fallida o formato incorrecto
2025-06-17 22:46:48,373 [INFO] Movimiento hacia adelante
2025-06-17 22:46:49,861 [INFO] Lectura datos climáticos NASA
2025-06-17 22:46:49,865 [INFO] Datos JSON preparados para envío
2025-06-17 22:46:50,919 [INFO] Lectura BMP390
2025-06-17 22:46:51,115 [INFO] Lectura LTR390
2025-06-17 22:46:51,542 [INFO] Movimiento hacia adelante
2025-06-17 22:46:53,119 [WARNING] Lectura serial fallida o formato incorrecto
2025-06-17 22:46:54,694 [INFO] Movimiento hacia adelante
2025-06-17 22:46:56,502 [INFO] Lectura datos climáticos NASA
2025-06-17 22:46:56,504 [INFO] Datos JSON preparados para envío
2025-06-17 22:46:57,574 [INFO] Lectura BMP390
2025-06-17 22:46:57,764 [INFO] Lectura LTR390
2025-06-17 22:46:57,850 [INFO] Movimiento hacia adelante
2025-06-17 22:46:59,766 [WARNING] Lectura serial fallida o formato incorrecto
2025-06-17 22:47:00,948 [INFO] Movimiento hacia adelante
2025-06-17 22:47:03,464 [INFO] Lectura datos climáticos NASA
2025-06-17 22:47:03,467 [INFO] Datos JSON preparados para envío
2025-06-17 22:47:04,100 [INFO] Movimiento hacia adelante
2025-06-17 22:47:04,525 [INFO] Lectura BMP390
2025-06-17 22:47:04,721 [INFO] Lectura LTR390
2025-06-17 22:47:06,724 [WARNING] Lectura serial fallida o formato incorrecto
2025-06-17 22:47:07,282 [INFO] Movimiento hacia adelante
2025-06-17 22:47:10,018 [INFO] Lectura datos climáticos NASA
2025-06-17 22:47:10,020 [INFO] Datos JSON preparados para envío
2025-06-17 22:47:10,395 [INFO] Movimiento hacia adelante
2025-06-17 22:47:11,073 [INFO] Lectura BMP390
2025-06-17 22:47:11,265 [INFO] Lectura LTR390
2025-06-17 22:47:13,268 [WARNING] Lectura serial fallida o formato incorrecto
2025-06-17 22:47:13,535 [INFO] Movimiento hacia adelante
2025-06-17 22:47:16,680 [INFO] Movimiento hacia adelante
2025-06-17 22:47:19,837 [INFO] Movimiento hacia adelante
2025-06-17 22:47:21,784 [INFO] Lectura datos climáticos NASA
2025-06-17 22:47:21,785 [INFO] Datos JSON preparados para envío
2025-06-17 22:47:22,844 [INFO] Lectura BMP390
2025-06-17 22:47:22,954 [INFO] Movimiento hacia adelante
2025-06-17 22:47:23,031 [INFO] Lectura LTR390
2025-06-17 22:47:25,034 [WARNING] Lectura serial fallida o formato incorrecto
2025-06-17 22:47:26,080 [INFO] Movimiento hacia adelante
2025-06-17 22:47:28,229 [INFO] Lectura datos climáticos NASA
2025-06-17 22:47:28,231 [INFO] Datos JSON preparados para envío
2025-06-17 22:47:29,215 [INFO] Movimiento hacia adelante
2025-06-17 22:47:29,285 [INFO] Lectura BMP390
2025-06-17 22:47:29,481 [INFO] Lectura LTR390
2025-06-17 22:47:31,484 [WARNING] Lectura serial fallida o formato incorrecto
2025-06-17 22:47:32,391 [INFO] Movimiento hacia adelante
2025-06-17 22:47:34,723 [INFO] Lectura datos climáticos NASA
2025-06-17 22:47:34,725 [INFO] Datos JSON preparados para envío
2025-06-17 22:47:35,476 [INFO] Movimiento hacia adelante
2025-06-17 22:47:35,779 [INFO] Lectura BMP390
2025-06-17 22:47:35,976 [INFO] Lectura LTR390
2025-06-17 22:47:37,979 [WARNING] Lectura serial fallida o formato incorrecto
2025-06-17 22:47:38,671 [INFO] Movimiento hacia adelante
2025-06-17 22:47:41,631 [INFO] Lectura datos climáticos NASA
2025-06-17 22:47:41,636 [INFO] Datos JSON preparados para envío
2025-06-17 22:47:41,829 [INFO] Movimiento hacia adelante
2025-06-17 22:47:42,692 [INFO] Lectura BMP390
2025-06-17 22:47:42,887 [INFO] Lectura LTR390
2025-06-17 22:47:44,890 [WARNING] Lectura serial fallida o formato incorrecto
2025-06-17 22:47:45,013 [INFO] Movimiento hacia adelante
2025-06-17 22:47:48,095 [INFO] Movimiento hacia adelante
2025-06-17 22:47:48,187 [INFO] Lectura datos climáticos NASA
2025-06-17 22:47:48,189 [INFO] Datos JSON preparados para envío
2025-06-17 22:47:49,245 [INFO] Lectura BMP390
2025-06-17 22:47:49,440 [INFO] Lectura LTR390
2025-06-17 22:47:51,273 [INFO] Movimiento hacia adelante
2025-06-17 22:47:51,443 [WARNING] Lectura serial fallida o formato incorrecto
2025-06-17 22:47:54,431 [INFO] Movimiento hacia adelante
2025-06-17 22:47:55,387 [INFO] Lectura datos climáticos NASA
2025-06-17 22:47:55,390 [INFO] Datos JSON preparados para envío
2025-06-17 22:47:56,449 [INFO] Lectura BMP390
2025-06-17 22:47:56,638 [INFO] Lectura LTR390
2025-06-17 22:47:57,601 [INFO] Movimiento hacia adelante
2025-06-17 22:47:58,641 [WARNING] Lectura serial fallida o formato incorrecto
2025-06-17 22:48:00,681 [INFO] Movimiento hacia adelante
2025-06-17 22:48:01,911 [INFO] Lectura datos climáticos NASA
2025-06-17 22:48:01,913 [INFO] Datos JSON preparados para envío
2025-06-17 22:48:02,976 [INFO] Lectura BMP390
2025-06-17 22:48:03,174 [INFO] Lectura LTR390
2025-06-17 22:48:03,865 [INFO] Movimiento hacia adelante
2025-06-17 22:48:05,177 [WARNING] Lectura serial fallida o formato incorrecto
2025-06-17 22:48:07,020 [INFO] Movimiento hacia adelante
2025-06-17 22:48:09,171 [INFO] Lectura datos climáticos NASA
2025-06-17 22:48:09,174 [INFO] Datos JSON preparados para envío
2025-06-17 22:48:10,168 [INFO] Movimiento hacia adelante
2025-06-17 22:48:10,232 [INFO] Lectura BMP390
2025-06-17 22:48:10,428 [INFO] Lectura LTR390
2025-06-17 22:48:12,431 [WARNING] Lectura serial fallida o formato incorrecto
2025-06-17 22:48:13,254 [INFO] Movimiento hacia adelante
2025-06-17 22:48:15,722 [INFO] Lectura datos climáticos NASA
2025-06-17 22:48:15,725 [INFO] Datos JSON preparados para envío
2025-06-17 22:48:16,403 [INFO] Movimiento hacia adelante
2025-06-17 22:48:16,780 [INFO] Lectura BMP390
2025-06-17 22:48:16,969 [INFO] Lectura LTR390
2025-06-17 22:48:18,972 [WARNING] Lectura serial fallida o formato incorrecto
2025-06-17 22:48:19,599 [INFO] Movimiento hacia adelante
2025-06-17 22:48:22,740 [INFO] Movimiento hacia adelante
2025-06-17 22:48:22,745 [INFO] Lectura datos climáticos NASA
2025-06-17 22:48:22,747 [INFO] Datos JSON preparados para envío
2025-06-17 22:48:23,804 [INFO] Lectura BMP390
2025-06-17 22:48:23,998 [INFO] Lectura LTR390
2025-06-17 22:48:25,835 [INFO] Movimiento hacia adelante
2025-06-17 22:48:26,001 [WARNING] Lectura serial fallida o formato incorrecto
2025-06-17 22:48:28,988 [INFO] Movimiento hacia adelante
2025-06-17 22:48:30,140 [INFO] Lectura datos climáticos NASA
2025-06-17 22:48:30,143 [INFO] Datos JSON preparados para envío
2025-06-17 22:48:31,203 [INFO] Lectura BMP390
2025-06-17 22:48:31,389 [INFO] Lectura LTR390
2025-06-17 22:48:32,165 [INFO] Movimiento hacia adelante
2025-06-17 22:48:33,392 [WARNING] Lectura serial fallida o formato incorrecto
2025-06-17 22:48:35,301 [INFO] Movimiento hacia adelante
2025-06-17 22:48:37,609 [INFO] Lectura datos climáticos NASA
2025-06-17 22:48:37,612 [INFO] Datos JSON preparados para envío
2025-06-17 22:48:38,393 [INFO] Movimiento hacia adelante
2025-06-17 22:48:38,670 [INFO] Lectura BMP390
2025-06-17 22:48:38,853 [INFO] Lectura LTR390
2025-06-17 22:48:40,856 [WARNING] Lectura serial fallida o formato incorrecto
2025-06-17 22:48:41,571 [INFO] Movimiento hacia adelante
2025-06-17 22:48:44,638 [INFO] Lectura datos climáticos NASA
2025-06-17 22:48:44,640 [INFO] Datos JSON preparados para envío
2025-06-17 22:48:44,723 [INFO] Movimiento hacia adelante
2025-06-17 22:48:45,701 [INFO] Lectura BMP390
2025-06-17 22:48:45,889 [INFO] Lectura LTR390
2025-06-17 22:48:47,847 [INFO] Movimiento hacia adelante
2025-06-17 22:48:47,892 [WARNING] Lectura serial fallida o formato incorrecto
2025-06-17 22:48:50,983 [INFO] Movimiento hacia adelante
2025-06-17 22:48:51,180 [INFO] Lectura datos climáticos NASA
2025-06-17 22:48:51,185 [INFO] Datos JSON preparados para envío
2025-06-17 22:48:52,243 [INFO] Lectura BMP390
2025-06-17 22:48:52,438 [INFO] Lectura LTR390
2025-06-17 22:48:54,167 [INFO] Movimiento hacia adelante
2025-06-17 22:48:54,441 [WARNING] Lectura serial fallida o formato incorrecto
2025-06-17 22:48:57,323 [INFO] Movimiento hacia adelante
2025-06-17 22:48:57,666 [INFO] Lectura datos climáticos NASA
2025-06-17 22:48:57,669 [INFO] Datos JSON preparados para envío
2025-06-17 22:48:58,730 [INFO] Lectura BMP390
2025-06-17 22:48:58,915 [INFO] Lectura LTR390
2025-06-17 22:49:00,448 [INFO] Movimiento hacia adelante
2025-06-17 22:49:00,918 [WARNING] Lectura serial fallida o formato incorrecto
2025-06-17 22:49:03,592 [INFO] Movimiento hacia adelante
2025-06-17 22:49:04,119 [INFO] Lectura datos climáticos NASA
2025-06-17 22:49:04,122 [INFO] Datos JSON preparados para envío
2025-06-17 22:49:05,182 [INFO] Lectura BMP390
2025-06-17 22:49:05,376 [INFO] Lectura LTR390
2025-06-17 22:49:06,770 [INFO] Movimiento hacia adelante
2025-06-17 22:49:07,379 [WARNING] Lectura serial fallida o formato incorrecto
2025-06-17 22:49:09,928 [INFO] Movimiento hacia adelante
2025-06-17 22:49:10,872 [INFO] Lectura datos climáticos NASA
2025-06-17 22:49:10,874 [INFO] Datos JSON preparados para envío
2025-06-17 22:49:11,931 [INFO] Lectura BMP390
2025-06-17 22:49:12,125 [INFO] Lectura LTR390
2025-06-17 22:49:13,039 [INFO] Movimiento hacia adelante
2025-06-17 22:49:14,128 [WARNING] Lectura serial fallida o formato incorrecto
2025-06-17 22:49:16,210 [INFO] Movimiento hacia adelante
2025-06-17 22:49:17,830 [INFO] Lectura datos climáticos NASA
2025-06-17 22:49:17,833 [INFO] Datos JSON preparados para envío
2025-06-17 22:49:18,894 [INFO] Lectura BMP390
2025-06-17 22:49:19,078 [INFO] Lectura LTR390
2025-06-17 22:49:19,385 [INFO] Movimiento hacia adelante
2025-06-17 22:49:21,081 [WARNING] Lectura serial fallida o formato incorrecto
2025-06-17 22:49:22,545 [INFO] Movimiento hacia adelante
2025-06-17 22:49:24,734 [INFO] Lectura datos climáticos NASA
2025-06-17 22:49:24,736 [INFO] Datos JSON preparados para envío
2025-06-17 22:49:25,618 [INFO] Movimiento hacia adelante
2025-06-17 22:49:25,797 [INFO] Lectura BMP390
2025-06-17 22:49:25,996 [INFO] Lectura LTR390
2025-06-17 22:49:28,001 [WARNING] Lectura serial fallida o formato incorrecto
2025-06-17 22:49:28,818 [INFO] Movimiento hacia adelante
2025-06-17 22:49:31,539 [INFO] Lectura datos climáticos NASA
2025-06-17 22:49:31,544 [INFO] Datos JSON preparados para envío
2025-06-17 22:49:31,972 [INFO] Movimiento hacia adelante
2025-06-17 22:49:32,603 [INFO] Lectura BMP390
2025-06-17 22:49:32,798 [INFO] Lectura LTR390
2025-06-17 22:49:34,801 [WARNING] Lectura serial fallida o formato incorrecto
2025-06-17 22:49:35,153 [INFO] Movimiento hacia adelante
2025-06-17 22:49:38,223 [INFO] Movimiento hacia adelante
2025-06-17 22:49:38,404 [INFO] Lectura datos climáticos NASA
2025-06-17 22:49:38,407 [INFO] Datos JSON preparados para envío
2025-06-17 22:49:39,468 [INFO] Lectura BMP390
2025-06-17 22:49:39,652 [INFO] Lectura LTR390
2025-06-17 22:49:41,400 [INFO] Movimiento hacia adelante
2025-06-17 22:49:41,655 [WARNING] Lectura serial fallida o formato incorrecto
2025-06-17 22:49:44,563 [INFO] Movimiento hacia adelante
2025-06-17 22:49:45,353 [INFO] Lectura datos climáticos NASA
2025-06-17 22:49:45,356 [INFO] Datos JSON preparados para envío
2025-06-17 22:49:46,418 [INFO] Lectura BMP390
2025-06-17 22:49:46,606 [INFO] Lectura LTR390
2025-06-17 22:49:47,733 [INFO] Movimiento hacia adelante
2025-06-17 22:49:48,609 [WARNING] Lectura serial fallida o formato incorrecto
2025-06-17 22:49:50,839 [INFO] Movimiento hacia adelante
2025-06-17 22:49:53,251 [INFO] Lectura datos climáticos NASA
2025-06-17 22:49:53,254 [INFO] Datos JSON preparados para envío
2025-06-17 22:49:53,995 [INFO] Movimiento hacia adelante
2025-06-17 22:49:54,311 [INFO] Lectura BMP390
2025-06-17 22:49:54,498 [INFO] Lectura LTR390
2025-06-17 22:49:56,501 [WARNING] Lectura serial fallida o formato incorrecto
2025-06-17 22:49:57,176 [INFO] Movimiento hacia adelante
2025-06-17 22:50:00,293 [INFO] Movimiento hacia adelante
2025-06-17 22:50:00,601 [INFO] Lectura datos climáticos NASA
2025-06-17 22:50:00,603 [INFO] Datos JSON preparados para envío
2025-06-17 22:50:01,666 [INFO] Lectura BMP390
2025-06-17 22:50:01,858 [INFO] Lectura LTR390
2025-06-17 22:50:03,438 [INFO] Movimiento hacia adelante
2025-06-17 22:50:03,861 [WARNING] Lectura serial fallida o formato incorrecto
2025-06-17 22:50:06,595 [INFO] Movimiento hacia adelante
2025-06-17 22:50:07,573 [INFO] Lectura datos climáticos NASA
2025-06-17 22:50:07,575 [INFO] Datos JSON preparados para envío
2025-06-17 22:50:08,638 [INFO] Lectura BMP390
2025-06-17 22:50:08,826 [INFO] Lectura LTR390
2025-06-17 22:50:09,764 [INFO] Movimiento hacia adelante
2025-06-17 22:50:10,829 [WARNING] Lectura serial fallida o formato incorrecto
2025-06-17 22:50:12,892 [INFO] Movimiento hacia adelante
2025-06-17 22:50:14,519 [INFO] Lectura datos climáticos NASA
2025-06-17 22:50:14,522 [INFO] Datos JSON preparados para envío
2025-06-17 22:50:15,579 [INFO] Lectura BMP390
2025-06-17 22:50:15,775 [INFO] Lectura LTR390
2025-06-17 22:50:16,048 [INFO] Movimiento hacia adelante
2025-06-17 22:50:17,779 [WARNING] Lectura serial fallida o formato incorrecto
2025-06-17 22:50:19,210 [INFO] Movimiento hacia adelante
2025-06-17 22:50:21,317 [INFO] Lectura datos climáticos NASA
2025-06-17 22:50:21,320 [INFO] Datos JSON preparados para envío
2025-06-17 22:50:22,359 [INFO] Movimiento hacia adelante
2025-06-17 22:50:22,374 [INFO] Lectura BMP390
2025-06-17 22:50:22,558 [INFO] Lectura LTR390
2025-06-17 22:50:24,561 [WARNING] Lectura serial fallida o formato incorrecto
2025-06-17 22:50:25,469 [INFO] Movimiento hacia adelante
2025-06-17 22:50:28,286 [INFO] Lectura datos climáticos NASA
2025-06-17 22:50:28,289 [INFO] Datos JSON preparados para envío
2025-06-17 22:50:28,618 [INFO] Movimiento hacia adelante
2025-06-17 22:50:29,346 [INFO] Lectura BMP390
2025-06-17 22:50:29,529 [INFO] Lectura LTR390
2025-06-17 22:50:31,532 [WARNING] Lectura serial fallida o formato incorrecto
2025-06-17 22:50:31,793 [INFO] Movimiento hacia adelante
2025-06-17 22:50:34,933 [INFO] Movimiento hacia adelante
2025-06-17 22:50:35,810 [INFO] Lectura datos climáticos NASA
2025-06-17 22:50:35,813 [INFO] Datos JSON preparados para envío
2025-06-17 22:50:36,874 [INFO] Lectura BMP390
2025-06-17 22:50:37,060 [INFO] Lectura LTR390
2025-06-17 22:50:38,043 [INFO] Movimiento hacia adelante
2025-06-17 22:50:39,063 [WARNING] Lectura serial fallida o formato incorrecto
2025-06-17 22:50:41,184 [INFO] Movimiento hacia adelante
2025-06-17 22:50:43,081 [INFO] Lectura datos climáticos NASA
2025-06-17 22:50:43,085 [INFO] Datos JSON preparados para envío
2025-06-17 22:50:44,141 [INFO] Lectura BMP390
2025-06-17 22:50:44,328 [INFO] Lectura LTR390
2025-06-17 22:50:44,347 [INFO] Movimiento hacia adelante
2025-06-17 22:50:46,331 [WARNING] Lectura serial fallida o formato incorrecto
2025-06-17 22:50:47,511 [INFO] Movimiento hacia adelante
2025-06-17 22:50:49,943 [INFO] Lectura datos climáticos NASA
2025-06-17 22:50:49,945 [INFO] Datos JSON preparados para envío
2025-06-17 22:50:50,606 [INFO] Movimiento hacia adelante
2025-06-17 22:50:51,007 [INFO] Lectura BMP390
2025-06-17 22:50:51,205 [INFO] Lectura LTR390
2025-06-17 22:50:53,208 [WARNING] Lectura serial fallida o formato incorrecto
2025-06-17 22:50:53,796 [INFO] Movimiento hacia adelante
2025-06-17 22:50:56,782 [INFO] Lectura datos climáticos NASA
2025-06-17 22:50:56,785 [INFO] Datos JSON preparados para envío
2025-06-17 22:50:56,951 [INFO] Movimiento hacia adelante
2025-06-17 22:50:57,846 [INFO] Lectura BMP390
2025-06-17 22:50:58,034 [INFO] Lectura LTR390
2025-06-17 22:51:00,036 [WARNING] Lectura serial fallida o formato incorrecto
2025-06-17 22:51:00,120 [INFO] Movimiento hacia adelante
2025-06-17 22:51:03,201 [INFO] Movimiento hacia adelante
2025-06-17 22:51:03,332 [INFO] Lectura datos climáticos NASA
2025-06-17 22:51:03,335 [INFO] Datos JSON preparados para envío
2025-06-17 22:51:04,393 [INFO] Lectura BMP390
2025-06-17 22:51:04,576 [INFO] Lectura LTR390
2025-06-17 22:51:06,365 [INFO] Movimiento hacia adelante
2025-06-17 22:51:06,579 [WARNING] Lectura serial fallida o formato incorrecto
2025-06-17 22:51:09,523 [INFO] Movimiento hacia adelante
2025-06-17 22:51:10,087 [INFO] Lectura datos climáticos NASA
2025-06-17 22:51:10,090 [INFO] Datos JSON preparados para envío
2025-06-17 22:51:11,147 [INFO] Lectura BMP390
2025-06-17 22:51:11,343 [INFO] Lectura LTR390
2025-06-17 22:51:12,692 [INFO] Movimiento hacia adelante
2025-06-17 22:51:13,346 [WARNING] Lectura serial fallida o formato incorrecto
2025-06-17 22:51:15,757 [INFO] Movimiento hacia adelante
2025-06-17 22:51:16,742 [INFO] Lectura datos climáticos NASA
2025-06-17 22:51:16,747 [INFO] Datos JSON preparados para envío
2025-06-17 22:51:17,805 [INFO] Lectura BMP390
2025-06-17 22:51:17,997 [INFO] Lectura LTR390
2025-06-17 22:51:18,934 [INFO] Movimiento hacia adelante
2025-06-17 22:51:20,000 [WARNING] Lectura serial fallida o formato incorrecto
2025-06-17 22:51:22,090 [INFO] Movimiento hacia adelante
2025-06-17 22:51:23,802 [INFO] Lectura datos climáticos NASA
2025-06-17 22:51:23,805 [INFO] Datos JSON preparados para envío
2025-06-17 22:51:24,865 [INFO] Lectura BMP390
2025-06-17 22:51:25,058 [INFO] Lectura LTR390
2025-06-17 22:51:25,250 [INFO] Movimiento hacia adelante
2025-06-17 22:51:27,061 [WARNING] Lectura serial fallida o formato incorrecto
2025-06-17 22:51:28,364 [INFO] Movimiento hacia adelante
2025-06-17 22:51:30,349 [INFO] Lectura datos climáticos NASA
2025-06-17 22:51:30,353 [INFO] Datos JSON preparados para envío
2025-06-17 22:51:31,407 [INFO] Lectura BMP390
2025-06-17 22:51:31,538 [INFO] Movimiento hacia adelante
2025-06-17 22:51:31,598 [INFO] Lectura LTR390
2025-06-17 22:51:33,601 [WARNING] Lectura serial fallida o formato incorrecto
2025-06-17 22:51:34,714 [INFO] Movimiento hacia adelante
2025-06-17 22:51:37,408 [INFO] Lectura datos climáticos NASA
2025-06-17 22:51:37,410 [INFO] Datos JSON preparados para envío
2025-06-17 22:51:37,837 [INFO] Movimiento hacia adelante
2025-06-17 22:51:38,470 [INFO] Lectura BMP390
2025-06-17 22:51:38,665 [INFO] Lectura LTR390
2025-06-17 22:51:40,671 [WARNING] Lectura serial fallida o formato incorrecto
2025-06-17 22:51:40,977 [INFO] Movimiento hacia adelante
2025-06-17 22:51:44,125 [INFO] Movimiento hacia adelante
2025-06-17 22:51:44,164 [INFO] Lectura datos climáticos NASA
2025-06-17 22:51:44,167 [INFO] Datos JSON preparados para envío
2025-06-17 22:51:45,223 [INFO] Lectura BMP390
2025-06-17 22:51:45,418 [INFO] Lectura LTR390
2025-06-17 22:51:47,298 [INFO] Movimiento hacia adelante
2025-06-17 22:51:47,421 [WARNING] Lectura serial fallida o formato incorrecto
2025-06-17 22:51:50,411 [INFO] Movimiento hacia adelante
2025-06-17 22:51:52,046 [INFO] Lectura datos climáticos NASA
2025-06-17 22:51:52,049 [INFO] Datos JSON preparados para envío
2025-06-17 22:51:53,111 [INFO] Lectura BMP390
2025-06-17 22:51:53,306 [INFO] Lectura LTR390
2025-06-17 22:51:53,575 [INFO] Movimiento hacia adelante
2025-06-17 22:51:55,309 [WARNING] Lectura serial fallida o formato incorrecto
2025-06-17 22:51:56,738 [INFO] Movimiento hacia adelante
2025-06-17 22:51:58,800 [INFO] Lectura datos climáticos NASA
2025-06-17 22:51:58,801 [INFO] Datos JSON preparados para envío
2025-06-17 22:51:59,854 [INFO] Lectura BMP390
2025-06-17 22:51:59,922 [INFO] Movimiento hacia adelante
2025-06-17 22:52:00,042 [INFO] Lectura LTR390
2025-06-17 22:52:02,045 [WARNING] Lectura serial fallida o formato incorrecto
2025-06-17 22:52:03,028 [INFO] Movimiento hacia adelante
2025-06-17 22:52:05,758 [INFO] Lectura datos climáticos NASA
2025-06-17 22:52:05,760 [INFO] Datos JSON preparados para envío
2025-06-17 22:52:06,174 [INFO] Movimiento hacia adelante
2025-06-17 22:52:06,815 [INFO] Lectura BMP390
2025-06-17 22:52:07,011 [INFO] Lectura LTR390
2025-06-17 22:52:09,014 [WARNING] Lectura serial fallida o formato incorrecto
2025-06-17 22:52:09,350 [INFO] Movimiento hacia adelante
2025-06-17 22:52:12,500 [INFO] Movimiento hacia adelante
2025-06-17 22:52:12,518 [INFO] Lectura datos climáticos NASA
2025-06-17 22:52:12,521 [INFO] Datos JSON preparados para envío
2025-06-17 22:52:13,577 [INFO] Lectura BMP390
2025-06-17 22:52:13,768 [INFO] Lectura LTR390
2025-06-17 22:52:15,586 [INFO] Movimiento hacia adelante
2025-06-17 22:52:15,771 [WARNING] Lectura serial fallida o formato incorrecto
2025-06-17 22:52:18,739 [INFO] Movimiento hacia adelante
2025-06-17 22:52:19,586 [INFO] Lectura datos climáticos NASA
2025-06-17 22:52:19,590 [INFO] Datos JSON preparados para envío
2025-06-17 22:52:20,650 [INFO] Lectura BMP390
2025-06-17 22:52:20,846 [INFO] Lectura LTR390
2025-06-17 22:52:21,931 [INFO] Movimiento hacia adelante
2025-06-17 22:52:22,849 [WARNING] Lectura serial fallida o formato incorrecto
2025-06-17 22:52:25,090 [INFO] Movimiento hacia adelante
2025-06-17 22:52:26,835 [INFO] Lectura datos climáticos NASA
2025-06-17 22:52:26,837 [INFO] Datos JSON preparados para envío
2025-06-17 22:52:27,896 [INFO] Lectura BMP390
2025-06-17 22:52:28,092 [INFO] Lectura LTR390
2025-06-17 22:52:28,199 [INFO] Movimiento hacia adelante
2025-06-17 22:52:30,095 [WARNING] Lectura serial fallida o formato incorrecto
2025-06-17 22:52:31,360 [INFO] Movimiento hacia adelante
2025-06-17 22:52:34,415 [INFO] Lectura datos climáticos NASA
2025-06-17 22:52:34,418 [INFO] Datos JSON preparados para envío
2025-06-17 22:52:34,510 [INFO] Movimiento hacia adelante
2025-06-17 22:52:35,478 [INFO] Lectura BMP390
2025-06-17 22:52:35,666 [INFO] Lectura LTR390
2025-06-17 22:52:37,669 [WARNING] Lectura serial fallida o formato incorrecto
2025-06-17 22:52:37,687 [INFO] Movimiento hacia adelante
2025-06-17 22:52:40,741 [INFO] Movimiento hacia adelante
2025-06-17 22:52:41,176 [INFO] Lectura datos climáticos NASA
2025-06-17 22:52:41,179 [INFO] Datos JSON preparados para envío
2025-06-17 22:52:42,238 [INFO] Lectura BMP390
2025-06-17 22:52:42,427 [INFO] Lectura LTR390
2025-06-17 22:52:43,930 [INFO] Movimiento hacia adelante
2025-06-17 22:52:44,430 [WARNING] Lectura serial fallida o formato incorrecto
2025-06-17 22:52:47,094 [INFO] Movimiento hacia adelante
2025-06-17 22:52:47,611 [INFO] Lectura datos climáticos NASA
2025-06-17 22:52:47,614 [INFO] Datos JSON preparados para envío
2025-06-17 22:52:48,674 [INFO] Lectura BMP390
2025-06-17 22:52:48,862 [INFO] Lectura LTR390
2025-06-17 22:52:50,262 [INFO] Movimiento hacia adelante
2025-06-17 22:52:50,865 [WARNING] Lectura serial fallida o formato incorrecto
2025-06-17 22:52:53,357 [INFO] Movimiento hacia adelante
2025-06-17 22:52:54,571 [INFO] Lectura datos climáticos NASA
2025-06-17 22:52:54,574 [INFO] Datos JSON preparados para envío
2025-06-17 22:52:55,629 [INFO] Lectura BMP390
2025-06-17 22:52:55,824 [INFO] Lectura LTR390
2025-06-17 22:52:56,538 [INFO] Movimiento hacia adelante
2025-06-17 22:52:57,827 [WARNING] Lectura serial fallida o formato incorrecto
2025-06-17 22:52:59,698 [INFO] Movimiento hacia adelante
2025-06-17 22:53:02,243 [INFO] Lectura datos climáticos NASA
2025-06-17 22:53:02,245 [INFO] Datos JSON preparados para envío
2025-06-17 22:53:02,815 [INFO] Movimiento hacia adelante
2025-06-17 22:53:03,302 [INFO] Lectura BMP390
2025-06-17 22:53:03,495 [INFO] Lectura LTR390
2025-06-17 22:53:05,498 [WARNING] Lectura serial fallida o formato incorrecto
2025-06-17 22:53:05,955 [INFO] Movimiento hacia adelante
2025-06-17 22:53:09,105 [INFO] Movimiento hacia adelante
2025-06-17 22:53:09,718 [INFO] Lectura datos climáticos NASA
2025-06-17 22:53:09,721 [INFO] Datos JSON preparados para envío
2025-06-17 22:53:10,779 [INFO] Lectura BMP390
2025-06-17 22:53:10,975 [INFO] Lectura LTR390
2025-06-17 22:53:12,279 [INFO] Movimiento hacia adelante
2025-06-17 22:53:12,978 [WARNING] Lectura serial fallida o formato incorrecto
2025-06-17 22:53:15,396 [INFO] Movimiento hacia adelante
2025-06-17 22:53:16,784 [INFO] Lectura datos climáticos NASA
2025-06-17 22:53:16,787 [INFO] Datos JSON preparados para envío
2025-06-17 22:53:17,848 [INFO] Lectura BMP390
2025-06-17 22:53:18,039 [INFO] Lectura LTR390
2025-06-17 22:53:18,552 [INFO] Movimiento hacia adelante
2025-06-17 22:53:20,042 [WARNING] Lectura serial fallida o formato incorrecto
2025-06-17 22:53:21,721 [INFO] Movimiento hacia adelante
2025-06-17 22:53:24,687 [INFO] Lectura datos climáticos NASA
2025-06-17 22:53:24,690 [INFO] Datos JSON preparados para envío
2025-06-17 22:53:24,850 [INFO] Movimiento hacia adelante
2025-06-17 22:53:25,748 [INFO] Lectura BMP390
2025-06-17 22:53:25,934 [INFO] Lectura LTR390
2025-06-17 22:53:27,937 [WARNING] Lectura serial fallida o formato incorrecto
2025-06-17 22:53:27,963 [INFO] Movimiento hacia adelante
2025-06-17 22:53:31,114 [INFO] Movimiento hacia adelante
2025-06-17 22:53:31,733 [INFO] Lectura datos climáticos NASA
2025-06-17 22:53:31,737 [INFO] Datos JSON preparados para envío
2025-06-17 22:53:32,797 [INFO] Lectura BMP390
2025-06-17 22:53:32,992 [INFO] Lectura LTR390
2025-06-17 22:53:34,299 [INFO] Movimiento hacia adelante
2025-06-17 22:53:34,995 [WARNING] Lectura serial fallida o formato incorrecto
2025-06-17 22:53:37,456 [INFO] Movimiento hacia adelante
2025-06-17 22:53:38,575 [INFO] Lectura datos climáticos NASA
2025-06-17 22:53:38,577 [INFO] Datos JSON preparados para envío
2025-06-17 22:53:39,636 [INFO] Lectura BMP390
2025-06-17 22:53:39,832 [INFO] Lectura LTR390
2025-06-17 22:53:40,551 [INFO] Movimiento hacia adelante
2025-06-17 22:53:41,835 [WARNING] Lectura serial fallida o formato incorrecto
2025-06-17 22:53:43,697 [INFO] Movimiento hacia adelante
2025-06-17 22:53:46,850 [INFO] Movimiento hacia adelante
2025-06-17 22:53:50,008 [INFO] Movimiento hacia adelante
2025-06-17 22:53:50,802 [INFO] Lectura datos climáticos NASA
2025-06-17 22:53:50,803 [INFO] Datos JSON preparados para envío
2025-06-17 22:53:51,861 [INFO] Lectura BMP390
2025-06-17 22:53:52,053 [INFO] Lectura LTR390
2025-06-17 22:53:53,101 [INFO] Movimiento hacia adelante
2025-06-17 22:53:54,056 [WARNING] Lectura serial fallida o formato incorrecto
2025-06-17 22:53:56,261 [INFO] Movimiento hacia adelante
2025-06-17 22:53:57,641 [INFO] Lectura datos climáticos NASA
2025-06-17 22:53:57,645 [INFO] Datos JSON preparados para envío
2025-06-17 22:53:58,708 [INFO] Lectura BMP390
2025-06-17 22:53:58,895 [INFO] Lectura LTR390
2025-06-17 22:53:59,440 [INFO] Movimiento hacia adelante
2025-06-17 22:54:00,898 [WARNING] Lectura serial fallida o formato incorrecto
2025-06-17 22:54:02,595 [INFO] Movimiento hacia adelante
2025-06-17 22:54:04,331 [INFO] Lectura datos climáticos NASA
2025-06-17 22:54:04,332 [INFO] Datos JSON preparados para envío
2025-06-17 22:54:05,386 [INFO] Lectura BMP390
2025-06-17 22:54:05,568 [INFO] Lectura LTR390
2025-06-17 22:54:05,667 [INFO] Movimiento hacia adelante
2025-06-17 22:54:07,572 [WARNING] Lectura serial fallida o formato incorrecto
2025-06-17 22:54:08,826 [INFO] Movimiento hacia adelante
2025-06-17 22:54:11,973 [INFO] Movimiento hacia adelante
2025-06-17 22:54:12,315 [INFO] Lectura datos climáticos NASA
2025-06-17 22:54:12,318 [INFO] Datos JSON preparados para envío
2025-06-17 22:54:13,381 [INFO] Lectura BMP390
2025-06-17 22:54:13,568 [INFO] Lectura LTR390
2025-06-17 22:54:15,161 [INFO] Movimiento hacia adelante
2025-06-17 22:54:15,571 [WARNING] Lectura serial fallida o formato incorrecto
2025-06-17 22:54:18,234 [INFO] Movimiento hacia adelante
2025-06-17 22:54:18,790 [INFO] Lectura datos climáticos NASA
2025-06-17 22:54:18,793 [INFO] Datos JSON preparados para envío
2025-06-17 22:54:19,847 [INFO] Lectura BMP390
2025-06-17 22:54:20,042 [INFO] Lectura LTR390
2025-06-17 22:54:21,413 [INFO] Movimiento hacia adelante
2025-06-17 22:54:22,045 [WARNING] Lectura serial fallida o formato incorrecto
2025-06-17 22:54:24,571 [INFO] Movimiento hacia adelante
2025-06-17 22:54:25,446 [INFO] Lectura datos climáticos NASA
2025-06-17 22:54:25,448 [INFO] Datos JSON preparados para envío
2025-06-17 22:54:26,502 [INFO] Lectura BMP390
2025-06-17 22:54:26,687 [INFO] Lectura LTR390
2025-06-17 22:54:27,723 [INFO] Movimiento hacia adelante
2025-06-17 22:54:28,690 [WARNING] Lectura serial fallida o formato incorrecto
2025-06-17 22:54:30,817 [INFO] Movimiento hacia adelante
2025-06-17 22:54:32,297 [INFO] Lectura datos climáticos NASA
2025-06-17 22:54:32,300 [INFO] Datos JSON preparados para envío
2025-06-17 22:54:33,358 [INFO] Lectura BMP390
2025-06-17 22:54:33,542 [INFO] Lectura LTR390
2025-06-17 22:54:33,994 [INFO] Movimiento hacia adelante
2025-06-17 22:54:35,545 [WARNING] Lectura serial fallida o formato incorrecto
2025-06-17 22:54:37,146 [INFO] Movimiento hacia adelante
2025-06-17 22:54:39,358 [INFO] Lectura datos climáticos NASA
2025-06-17 22:54:39,359 [INFO] Datos JSON preparados para envío
2025-06-17 22:54:40,254 [INFO] Movimiento hacia adelante
2025-06-17 22:54:40,415 [INFO] Lectura BMP390
2025-06-17 22:54:40,606 [INFO] Lectura LTR390
2025-06-17 22:54:42,608 [WARNING] Lectura serial fallida o formato incorrecto
2025-06-17 22:54:43,380 [INFO] Movimiento hacia adelante
2025-06-17 22:54:45,907 [INFO] Lectura datos climáticos NASA
2025-06-17 22:54:45,910 [INFO] Datos JSON preparados para envío
2025-06-17 22:54:46,528 [INFO] Movimiento hacia adelante
2025-06-17 22:54:46,970 [INFO] Lectura BMP390
2025-06-17 22:54:47,157 [INFO] Lectura LTR390
2025-06-17 22:54:49,160 [WARNING] Lectura serial fallida o formato incorrecto
2025-06-17 22:54:49,703 [INFO] Movimiento hacia adelante
2025-06-17 22:54:52,558 [INFO] Lectura datos climáticos NASA
2025-06-17 22:54:52,560 [INFO] Datos JSON preparados para envío
2025-06-17 22:54:52,809 [INFO] Movimiento hacia adelante
2025-06-17 22:54:53,621 [INFO] Lectura BMP390
2025-06-17 22:54:53,808 [INFO] Lectura LTR390
2025-06-17 22:54:55,811 [WARNING] Lectura serial fallida o formato incorrecto
2025-06-17 22:54:55,974 [INFO] Movimiento hacia adelante
2025-06-17 22:54:59,119 [INFO] Movimiento hacia adelante
2025-06-17 22:55:00,338 [INFO] Lectura datos climáticos NASA
2025-06-17 22:55:00,341 [INFO] Datos JSON preparados para envío
2025-06-17 22:55:01,398 [INFO] Lectura BMP390
2025-06-17 22:55:01,594 [INFO] Lectura LTR390
2025-06-17 22:55:02,299 [INFO] Movimiento hacia adelante
2025-06-17 22:55:03,597 [WARNING] Lectura serial fallida o formato incorrecto
2025-06-17 22:55:05,397 [INFO] Movimiento hacia adelante
2025-06-17 22:55:07,689 [INFO] Lectura datos climáticos NASA
2025-06-17 22:55:07,691 [INFO] Datos JSON preparados para envío
2025-06-17 22:55:08,546 [INFO] Movimiento hacia adelante
2025-06-17 22:55:08,750 [INFO] Lectura BMP390
2025-06-17 22:55:08,933 [INFO] Lectura LTR390
2025-06-17 22:55:10,936 [WARNING] Lectura serial fallida o formato incorrecto
2025-06-17 22:55:11,723 [INFO] Movimiento hacia adelante
2025-06-17 22:55:14,358 [INFO] Lectura datos climáticos NASA
2025-06-17 22:55:14,363 [INFO] Datos JSON preparados para envío
2025-06-17 22:55:14,884 [INFO] Movimiento hacia adelante
2025-06-17 22:55:15,420 [INFO] Lectura BMP390
2025-06-17 22:55:15,603 [INFO] Lectura LTR390
2025-06-17 22:55:17,607 [WARNING] Lectura serial fallida o formato incorrecto
2025-06-17 22:55:18,005 [INFO] Movimiento hacia adelante
2025-06-17 22:55:21,120 [INFO] Lectura datos climáticos NASA
2025-06-17 22:55:21,123 [INFO] Datos JSON preparados para envío
2025-06-17 22:55:21,147 [INFO] Movimiento hacia adelante
2025-06-17 22:55:22,179 [INFO] Lectura BMP390
2025-06-17 22:55:22,374 [INFO] Lectura LTR390
2025-06-17 22:55:24,320 [INFO] Movimiento hacia adelante
2025-06-17 22:55:24,377 [WARNING] Lectura serial fallida o formato incorrecto
2025-06-17 22:55:27,486 [INFO] Movimiento hacia adelante
2025-06-17 22:55:27,764 [INFO] Lectura datos climáticos NASA
2025-06-17 22:55:27,767 [INFO] Datos JSON preparados para envío
2025-06-17 22:55:28,824 [INFO] Lectura BMP390
2025-06-17 22:55:29,017 [INFO] Lectura LTR390
2025-06-17 22:55:30,588 [INFO] Movimiento hacia adelante
2025-06-17 22:55:31,019 [WARNING] Lectura serial fallida o formato incorrecto
2025-06-17 22:55:33,747 [INFO] Movimiento hacia adelante
2025-06-17 22:55:34,316 [INFO] Lectura datos climáticos NASA
2025-06-17 22:55:34,320 [INFO] Datos JSON preparados para envío
2025-06-17 22:55:35,378 [INFO] Lectura BMP390
2025-06-17 22:55:35,566 [INFO] Lectura LTR390
2025-06-17 22:55:36,928 [INFO] Movimiento hacia adelante
2025-06-17 22:55:37,569 [WARNING] Lectura serial fallida o formato incorrecto
2025-06-17 22:55:40,058 [INFO] Movimiento hacia adelante
2025-06-17 22:55:41,388 [INFO] Lectura datos climáticos NASA
2025-06-17 22:55:41,390 [INFO] Datos JSON preparados para envío
2025-06-17 22:55:42,451 [INFO] Lectura BMP390
2025-06-17 22:55:42,635 [INFO] Lectura LTR390
2025-06-17 22:55:43,161 [INFO] Movimiento hacia adelante
2025-06-17 22:55:44,638 [WARNING] Lectura serial fallida o formato incorrecto
2025-06-17 22:55:46,313 [INFO] Movimiento hacia adelante
2025-06-17 22:55:48,744 [INFO] Lectura datos climáticos NASA
2025-06-17 22:55:48,747 [INFO] Datos JSON preparados para envío
2025-06-17 22:55:49,464 [INFO] Movimiento hacia adelante
2025-06-17 22:55:49,803 [INFO] Lectura BMP390
2025-06-17 22:55:49,990 [INFO] Lectura LTR390
2025-06-17 22:55:51,993 [WARNING] Lectura serial fallida o formato incorrecto
2025-06-17 22:55:52,651 [INFO] Movimiento hacia adelante
2025-06-17 22:55:55,804 [INFO] Lectura datos climáticos NASA
2025-06-17 22:55:55,808 [INFO] Datos JSON preparados para envío
2025-06-17 22:55:55,804 [INFO] Movimiento hacia adelante
2025-06-17 22:55:56,868 [INFO] Lectura BMP390
2025-06-17 22:55:57,065 [INFO] Lectura LTR390
2025-06-17 22:55:58,986 [INFO] Movimiento hacia adelante
2025-06-17 22:55:59,068 [WARNING] Lectura serial fallida o formato incorrecto
2025-06-17 22:56:02,141 [INFO] Movimiento hacia adelante
2025-06-17 22:56:03,064 [INFO] Lectura datos climáticos NASA
2025-06-17 22:56:03,066 [INFO] Datos JSON preparados para envío
2025-06-17 22:56:04,127 [INFO] Lectura BMP390
2025-06-17 22:56:04,322 [INFO] Lectura LTR390
2025-06-17 22:56:05,280 [INFO] Movimiento hacia adelante
2025-06-17 22:56:06,325 [WARNING] Lectura serial fallida o formato incorrecto
2025-06-17 22:56:08,436 [INFO] Movimiento hacia adelante
2025-06-17 22:56:10,538 [INFO] Lectura datos climáticos NASA
2025-06-17 22:56:10,541 [INFO] Datos JSON preparados para envío
2025-06-17 22:56:11,588 [INFO] Movimiento hacia adelante
2025-06-17 22:56:11,598 [INFO] Lectura BMP390
2025-06-17 22:56:11,785 [INFO] Lectura LTR390
2025-06-17 22:56:13,788 [WARNING] Lectura serial fallida o formato incorrecto
2025-06-17 22:56:14,724 [INFO] Movimiento hacia adelante
2025-06-17 22:56:17,599 [INFO] Lectura datos climáticos NASA
2025-06-17 22:56:17,601 [INFO] Datos JSON preparados para envío
2025-06-17 22:56:17,875 [INFO] Movimiento hacia adelante
2025-06-17 22:56:18,664 [INFO] Lectura BMP390
2025-06-17 22:56:18,857 [INFO] Lectura LTR390
2025-06-17 22:56:20,860 [WARNING] Lectura serial fallida o formato incorrecto
2025-06-17 22:56:21,061 [INFO] Movimiento hacia adelante
2025-06-17 22:56:24,203 [INFO] Movimiento hacia adelante
2025-06-17 22:56:24,252 [INFO] Lectura datos climáticos NASA
2025-06-17 22:56:24,254 [INFO] Datos JSON preparados para envío
2025-06-17 22:56:25,311 [INFO] Lectura BMP390
2025-06-17 22:56:25,505 [INFO] Lectura LTR390
2025-06-17 22:56:27,382 [INFO] Movimiento hacia adelante
2025-06-17 22:56:27,509 [WARNING] Lectura serial fallida o formato incorrecto
2025-06-17 22:56:30,543 [INFO] Movimiento hacia adelante
2025-06-17 22:56:31,620 [INFO] Lectura datos climáticos NASA
2025-06-17 22:56:31,622 [INFO] Datos JSON preparados para envío
2025-06-17 22:56:32,679 [INFO] Lectura BMP390
2025-06-17 22:56:32,875 [INFO] Lectura LTR390
2025-06-17 22:56:33,720 [INFO] Movimiento hacia adelante
2025-06-17 22:56:34,879 [WARNING] Lectura serial fallida o formato incorrecto
2025-06-17 22:56:36,841 [INFO] Movimiento hacia adelante
2025-06-17 22:56:38,685 [INFO] Lectura datos climáticos NASA
2025-06-17 22:56:38,688 [INFO] Datos JSON preparados para envío
2025-06-17 22:56:39,750 [INFO] Lectura BMP390
2025-06-17 22:56:39,937 [INFO] Lectura LTR390
2025-06-17 22:56:40,012 [INFO] Movimiento hacia adelante
2025-06-17 22:56:41,940 [WARNING] Lectura serial fallida o formato incorrecto
2025-06-17 22:56:43,169 [INFO] Movimiento hacia adelante
2025-06-17 22:56:45,153 [INFO] Lectura datos climáticos NASA
2025-06-17 22:56:45,157 [INFO] Datos JSON preparados para envío
2025-06-17 22:56:46,213 [INFO] Lectura BMP390
2025-06-17 22:56:46,295 [INFO] Movimiento hacia adelante
2025-06-17 22:56:46,400 [INFO] Lectura LTR390
2025-06-17 22:56:48,403 [WARNING] Lectura serial fallida o formato incorrecto
2025-06-17 22:56:49,463 [INFO] Movimiento hacia adelante
2025-06-17 22:56:51,882 [INFO] Lectura datos climáticos NASA
2025-06-17 22:56:51,885 [INFO] Datos JSON preparados para envío
2025-06-17 22:56:52,612 [INFO] Movimiento hacia adelante
2025-06-17 22:56:52,947 [INFO] Lectura BMP390
2025-06-17 22:56:53,136 [INFO] Lectura LTR390
2025-06-17 22:56:55,139 [WARNING] Lectura serial fallida o formato incorrecto
2025-06-17 22:56:55,792 [INFO] Movimiento hacia adelante
2025-06-17 22:56:58,841 [INFO] Lectura datos climáticos NASA
2025-06-17 22:56:58,843 [INFO] Datos JSON preparados para envío
2025-06-17 22:56:58,909 [INFO] Movimiento hacia adelante
2025-06-17 22:56:59,903 [INFO] Lectura BMP390
2025-06-17 22:57:00,086 [INFO] Lectura LTR390
2025-06-17 22:57:02,070 [INFO] Movimiento hacia adelante
2025-06-17 22:57:02,089 [WARNING] Lectura serial fallida o formato incorrecto
2025-06-17 22:57:05,230 [INFO] Movimiento hacia adelante
2025-06-17 22:57:06,105 [INFO] Lectura datos climáticos NASA
2025-06-17 22:57:06,108 [INFO] Datos JSON preparados para envío
2025-06-17 22:57:07,169 [INFO] Lectura BMP390
2025-06-17 22:57:07,364 [INFO] Lectura LTR390
2025-06-17 22:57:08,386 [INFO] Movimiento hacia adelante
2025-06-17 22:57:09,367 [WARNING] Lectura serial fallida o formato incorrecto
2025-06-17 22:57:11,535 [INFO] Movimiento hacia adelante
2025-06-17 22:57:13,113 [INFO] Lectura datos climáticos NASA
2025-06-17 22:57:13,116 [INFO] Datos JSON preparados para envío
2025-06-17 22:57:14,176 [INFO] Lectura BMP390
2025-06-17 22:57:14,361 [INFO] Lectura LTR390
2025-06-17 22:57:14,717 [INFO] Movimiento hacia adelante
2025-06-17 22:57:16,364 [WARNING] Lectura serial fallida o formato incorrecto
2025-06-17 22:57:17,876 [INFO] Movimiento hacia adelante
2025-06-17 22:57:20,991 [INFO] Movimiento hacia adelante
2025-06-17 22:57:21,051 [INFO] Lectura datos climáticos NASA
2025-06-17 22:57:21,056 [INFO] Datos JSON preparados para envío
2025-06-17 22:57:22,117 [INFO] Lectura BMP390
2025-06-17 22:57:22,304 [INFO] Lectura LTR390
2025-06-17 22:57:24,168 [INFO] Movimiento hacia adelante
2025-06-17 22:57:24,306 [WARNING] Lectura serial fallida o formato incorrecto
2025-06-17 22:57:27,343 [INFO] Movimiento hacia adelante
2025-06-17 22:57:28,126 [INFO] Lectura datos climáticos NASA
2025-06-17 22:57:28,130 [INFO] Datos JSON preparados para envío
2025-06-17 22:57:29,192 [INFO] Lectura BMP390
2025-06-17 22:57:29,380 [INFO] Lectura LTR390
2025-06-17 22:57:30,506 [INFO] Movimiento hacia adelante
2025-06-17 22:57:31,383 [WARNING] Lectura serial fallida o formato incorrecto
2025-06-17 22:57:33,642 [INFO] Movimiento hacia adelante
2025-06-17 22:57:34,762 [INFO] Lectura datos climáticos NASA
2025-06-17 22:57:34,765 [INFO] Datos JSON preparados para envío
2025-06-17 22:57:35,831 [INFO] Lectura BMP390
2025-06-17 22:57:36,017 [INFO] Lectura LTR390
2025-06-17 22:57:36,820 [INFO] Movimiento hacia adelante
2025-06-17 22:57:38,020 [WARNING] Lectura serial fallida o formato incorrecto
2025-06-17 22:57:39,977 [INFO] Movimiento hacia adelante
2025-06-17 22:57:41,392 [INFO] Lectura datos climáticos NASA
2025-06-17 22:57:41,395 [INFO] Datos JSON preparados para envío
2025-06-17 22:57:42,451 [INFO] Lectura BMP390
2025-06-17 22:57:42,642 [INFO] Lectura LTR390
2025-06-17 22:57:43,101 [INFO] Movimiento hacia adelante
2025-06-17 22:57:44,645 [WARNING] Lectura serial fallida o formato incorrecto
2025-06-17 22:57:46,215 [INFO] Movimiento hacia adelante
2025-06-17 22:57:48,480 [INFO] Lectura datos climáticos NASA
2025-06-17 22:57:48,483 [INFO] Datos JSON preparados para envío
2025-06-17 22:57:49,370 [INFO] Movimiento hacia adelante
2025-06-17 22:57:49,540 [INFO] Lectura BMP390
2025-06-17 22:57:49,736 [INFO] Lectura LTR390
2025-06-17 22:57:51,740 [WARNING] Lectura serial fallida o formato incorrecto
2025-06-17 22:57:52,563 [INFO] Movimiento hacia adelante
2025-06-17 22:57:55,359 [INFO] Lectura datos climáticos NASA
2025-06-17 22:57:55,362 [INFO] Datos JSON preparados para envío
2025-06-17 22:57:55,682 [INFO] Movimiento hacia adelante
2025-06-17 22:57:56,421 [INFO] Lectura BMP390
2025-06-17 22:57:56,606 [INFO] Lectura LTR390
2025-06-17 22:57:58,609 [WARNING] Lectura serial fallida o formato incorrecto
2025-06-17 22:57:58,858 [INFO] Movimiento hacia adelante
2025-06-17 22:58:02,002 [INFO] Movimiento hacia adelante
2025-06-17 22:58:02,492 [INFO] Lectura datos climáticos NASA
2025-06-17 22:58:02,495 [INFO] Datos JSON preparados para envío
2025-06-17 22:58:03,556 [INFO] Lectura BMP390
2025-06-17 22:58:03,746 [INFO] Lectura LTR390
2025-06-17 22:58:05,170 [INFO] Movimiento hacia adelante
2025-06-17 22:58:05,749 [WARNING] Lectura serial fallida o formato incorrecto
                                                                                                                                                                                                                                                                                                                                                                                                                                                                                    