2025-06-02 21:08:29,147 [INFO] Inicio del sistema
2025-06-02 21:08:30,286 [INFO] Lectura BMP390
2025-06-02 21:08:30,324 [INFO] [31m[1mWARNING: This is a development server. Do not use it in a production deployment. Use a production WSGI server instead.[0m
 * Running on all addresses (0.0.0.0)
 * Running on http://127.0.0.1:8080
 * Running on http://127.0.0.1:8080
2025-06-02 21:08:30,324 [INFO] [33mPress CTRL+C to quit[0m
2025-06-02 21:08:30,498 [INFO] Lectura LTR390
2025-06-02 21:08:30,655 [WARNING] Lectura serial fallida o formato incorrecto
2025-06-02 21:08:30,674 [ERROR] Error al leer datos climáticos NASA
2025-06-02 21:08:30,675 [INFO] Datos JSON preparados para envío
2025-06-02 21:08:31,730 [INFO] Lectura BMP390
2025-06-02 21:08:31,907 [INFO] Lectura LTR390
2025-06-02 21:08:32,832 [INFO] Lectura desde ESP32-S3 por serial
2025-06-02 21:08:32,843 [ERROR] Error al leer datos climáticos NASA
2025-06-02 21:08:32,844 [INFO] Datos JSON preparados para envío
2025-06-02 21:08:33,894 [INFO] Lectura BMP390
2025-06-02 21:08:34,071 [INFO] Lectura LTR390
2025-06-02 21:08:35,011 [INFO] Lectura desde ESP32-S3 por serial
2025-06-02 21:08:42,036 [INFO] Lectura datos climáticos NASA
2025-06-02 21:08:42,038 [INFO] Datos JSON preparados para envío
2025-06-02 21:08:43,087 [INFO] Lectura BMP390
2025-06-02 21:08:43,267 [INFO] Lectura LTR390
2025-06-02 21:08:43,270 [INFO] Lectura desde ESP32-S3 por serial
2025-06-02 21:08:47,258 [INFO] Lectura datos climáticos NASA
2025-06-02 21:08:47,260 [INFO] Datos JSON preparados para envío
2025-06-02 21:08:48,315 [INFO] Lectura BMP390
2025-06-02 21:08:48,497 [INFO] Lectura LTR390
2025-06-02 21:08:48,500 [INFO] Lectura desde ESP32-S3 por serial
2025-06-02 21:08:52,481 [INFO] Lectura datos climáticos NASA
2025-06-02 21:08:52,483 [INFO] Datos JSON preparados para envío
2025-06-02 21:08:53,533 [INFO] Lectura BMP390
2025-06-02 21:08:53,709 [INFO] Lectura LTR390
2025-06-02 21:08:53,712 [INFO] Lectura desde ESP32-S3 por serial
2025-06-03 14:35:29,873 [INFO] Lectura datos climáticos NASA
2025-06-03 14:35:29,875 [INFO] Datos JSON preparados para envío
2025-06-03 14:35:30,925 [INFO] Lectura BMP390
2025-06-03 14:35:31,101 [INFO] Lectura LTR390
2025-06-03 14:35:31,104 [INFO] Lectura desde ESP32-S3 por serial
2025-06-03 14:35:35,098 [INFO] Lectura datos climáticos NASA
2025-06-03 14:35:35,099 [INFO] Datos JSON preparados para envío
2025-06-03 14:35:36,150 [INFO] Lectura BMP390
2025-06-03 14:35:36,326 [INFO] Lectura LTR390
2025-06-03 14:35:36,329 [INFO] Lectura desde ESP32-S3 por serial
2025-06-03 14:35:42,481 [INFO] Lectura datos climáticos NASA
2025-06-03 14:35:42,482 [INFO] Datos JSON preparados para envío
2025-06-03 14:35:43,532 [INFO] Lectura BMP390
2025-06-03 14:35:43,713 [INFO] Lectura LTR390
2025-06-03 14:35:43,716 [INFO] Lectura desde ESP32-S3 por serial
2025-06-03 14:35:48,615 [INFO] Lectura datos climáticos NASA
2025-06-03 14:35:48,623 [INFO] Datos JSON preparados para envío
2025-06-03 14:35:49,680 [INFO] Lectura BMP390
2025-06-03 14:35:49,859 [INFO] Lectura LTR390
2025-06-03 14:35:49,866 [INFO] Lectura desde ESP32-S3 por serial
2025-06-03 14:35:55,065 [INFO] Lectura datos climáticos NASA
2025-06-03 14:35:55,066 [INFO] Datos JSON preparados para envío
2025-06-03 14:35:56,116 [INFO] Lectura BMP390
2025-06-03 14:35:56,295 [INFO] Lectura LTR390
2025-06-03 14:35:56,299 [INFO] Lectura desde ESP32-S3 por serial
2025-06-03 14:35:59,754 [INFO] Lectura datos climáticos NASA
2025-06-03 14:35:59,757 [INFO] Datos JSON preparados para envío
2025-06-03 14:36:00,810 [INFO] Lectura BMP390
2025-06-03 14:36:00,993 [INFO] Lectura LTR390
2025-06-03 14:36:00,999 [INFO] Lectura desde ESP32-S3 por serial
2025-06-03 14:36:04,904 [INFO] Lectura datos climáticos NASA
2025-06-03 14:36:04,907 [INFO] Datos JSON preparados para envío
2025-06-03 14:36:05,958 [INFO] Lectura BMP390
2025-06-03 14:36:06,141 [INFO] Lectura LTR390
2025-06-03 14:36:06,146 [INFO] Lectura desde ESP32-S3 por serial
2025-06-03 14:36:26,180 [ERROR] Error al leer datos climáticos NASA
2025-06-03 14:36:26,182 [INFO] Datos JSON preparados para envío
2025-06-03 14:36:27,236 [INFO] Lectura BMP390
2025-06-03 14:36:27,417 [INFO] Lectura LTR390
2025-06-03 14:36:27,423 [INFO] Lectura desde ESP32-S3 por serial
2025-06-03 14:36:31,224 [INFO] Lectura datos climáticos NASA
2025-06-03 14:36:31,226 [INFO] Datos JSON preparados para envío
2025-06-03 14:36:32,281 [INFO] Lectura BMP390
2025-06-03 14:36:32,458 [INFO] Lectura LTR390
2025-06-03 14:36:32,461 [INFO] Lectura desde ESP32-S3 por serial
2025-06-03 14:36:35,632 [INFO] Lectura datos climáticos NASA
2025-06-03 14:36:35,635 [INFO] Datos JSON preparados para envío
2025-06-03 14:36:36,688 [INFO] Lectura BMP390
2025-06-03 14:36:36,871 [INFO] Lectura LTR390
2025-06-03 14:36:36,876 [INFO] Lectura desde ESP32-S3 por serial
2025-06-03 14:36:40,856 [INFO] Lectura datos climáticos NASA
2025-06-03 14:36:40,859 [INFO] Datos JSON preparados para envío
2025-06-03 14:36:41,913 [INFO] Lectura BMP390
2025-06-03 14:36:42,096 [INFO] Lectura LTR390
2025-06-03 14:36:42,103 [INFO] Lectura desde ESP32-S3 por serial
2025-06-03 14:36:47,001 [INFO] Lectura datos climáticos NASA
2025-06-03 14:36:47,003 [INFO] Datos JSON preparados para envío
2025-06-03 14:36:48,057 [INFO] Lectura BMP390
2025-06-03 14:36:48,239 [INFO] Lectura LTR390
2025-06-03 14:36:48,245 [INFO] Lectura desde ESP32-S3 por serial
2025-06-03 14:36:52,224 [INFO] Lectura datos climáticos NASA
2025-06-03 14:36:52,227 [INFO] Datos JSON preparados para envío
2025-06-03 14:36:53,279 [INFO] Lectura BMP390
2025-06-03 14:36:53,459 [INFO] Lectura LTR390
2025-06-03 14:36:53,465 [INFO] Lectura desde ESP32-S3 por serial
2025-06-03 14:36:57,282 [INFO] Lectura datos climáticos NASA
2025-06-03 14:36:57,283 [INFO] Datos JSON preparados para envío
2025-06-03 14:36:58,334 [INFO] Lectura BMP390
2025-06-03 14:36:58,514 [INFO] Lectura LTR390
2025-06-03 14:36:58,520 [INFO] Lectura desde ESP32-S3 por serial
2025-06-03 14:37:02,053 [INFO] Lectura datos climáticos NASA
2025-06-03 14:37:02,056 [INFO] Datos JSON preparados para envío
2025-06-03 14:37:03,107 [INFO] Lectura BMP390
2025-06-03 14:37:03,287 [INFO] Lectura LTR390
2025-06-03 14:37:03,294 [INFO] Lectura desde ESP32-S3 por serial
2025-06-03 14:37:07,277 [INFO] Lectura datos climáticos NASA
2025-06-03 14:37:07,280 [INFO] Datos JSON preparados para envío
2025-06-03 14:37:08,330 [INFO] Lectura BMP390
2025-06-03 14:37:08,508 [INFO] Lectura LTR390
2025-06-03 14:37:08,511 [INFO] Lectura desde ESP32-S3 por serial
2025-06-03 14:37:13,418 [INFO] Lectura datos climáticos NASA
2025-06-03 14:37:13,420 [INFO] Datos JSON preparados para envío
2025-06-03 14:37:14,473 [INFO] Lectura BMP390
2025-06-03 14:37:14,652 [INFO] Lectura LTR390
2025-06-03 14:37:14,658 [INFO] Lectura desde ESP32-S3 por serial
2025-06-03 14:37:18,330 [INFO] Lectura datos climáticos NASA
2025-06-03 14:37:18,333 [INFO] Datos JSON preparados para envío
2025-06-03 14:37:19,385 [INFO] Lectura BMP390
2025-06-03 14:37:19,568 [INFO] Lectura LTR390
2025-06-03 14:37:19,574 [INFO] Lectura desde ESP32-S3 por serial
2025-06-03 14:37:23,553 [INFO] Lectura datos climáticos NASA
2025-06-03 14:37:23,556 [INFO] Datos JSON preparados para envío
2025-06-03 14:37:24,608 [INFO] Lectura BMP390
2025-06-03 14:37:24,789 [INFO] Lectura LTR390
2025-06-03 14:37:24,795 [INFO] Lectura desde ESP32-S3 por serial
2025-06-03 14:37:28,456 [INFO] Lectura datos climáticos NASA
2025-06-03 14:37:28,459 [INFO] Datos JSON preparados para envío
2025-06-03 14:37:29,512 [INFO] Lectura BMP390
2025-06-03 14:37:29,693 [INFO] Lectura LTR390
2025-06-03 14:37:29,700 [INFO] Lectura desde ESP32-S3 por serial
2025-06-03 14:37:33,602 [INFO] Lectura datos climáticos NASA
2025-06-03 14:37:33,605 [INFO] Datos JSON preparados para envío
2025-06-03 14:37:34,669 [INFO] Lectura BMP390
2025-06-03 14:37:34,848 [INFO] Lectura LTR390
2025-06-03 14:37:34,855 [INFO] Lectura desde ESP32-S3 por serial
2025-06-03 14:37:38,700 [INFO] Lectura datos climáticos NASA
2025-06-03 14:37:38,703 [INFO] Datos JSON preparados para envío
2025-06-03 14:37:39,759 [INFO] Lectura BMP390
2025-06-03 14:37:39,939 [INFO] Lectura LTR390
2025-06-03 14:37:39,945 [INFO] Lectura desde ESP32-S3 por serial
2025-06-03 14:37:43,634 [INFO] Lectura datos climáticos NASA
2025-06-03 14:37:43,637 [INFO] Datos JSON preparados para envío
2025-06-03 14:37:44,687 [INFO] Lectura BMP390
2025-06-03 14:37:44,864 [INFO] Lectura LTR390
2025-06-03 14:37:44,867 [INFO] Lectura desde ESP32-S3 por serial
2025-06-03 14:37:49,156 [INFO] Lectura datos climáticos NASA
2025-06-03 14:37:49,159 [INFO] Datos JSON preparados para envío
2025-06-03 14:37:50,215 [INFO] Lectura BMP390
2025-06-03 14:37:50,399 [INFO] Lectura LTR390
2025-06-03 14:37:50,405 [INFO] Lectura desde ESP32-S3 por serial
2025-06-03 14:37:53,966 [INFO] Lectura datos climáticos NASA
2025-06-03 14:37:53,970 [INFO] Datos JSON preparados para envío
2025-06-03 14:37:55,023 [INFO] Lectura BMP390
2025-06-03 14:37:55,203 [INFO] Lectura LTR390
2025-06-03 14:37:55,210 [INFO] Lectura desde ESP32-S3 por serial
2025-06-03 14:37:59,309 [INFO] Lectura datos climáticos NASA
2025-06-03 14:37:59,312 [INFO] Datos JSON preparados para envío
2025-06-03 14:38:00,367 [INFO] Lectura BMP390
2025-06-03 14:38:00,547 [INFO] Lectura LTR390
2025-06-03 14:38:00,552 [INFO] Lectura desde ESP32-S3 por serial
2025-06-03 14:38:03,995 [INFO] Lectura datos climáticos NASA
2025-06-03 14:38:03,999 [INFO] Datos JSON preparados para envío
2025-06-03 14:38:05,052 [INFO] Lectura BMP390
2025-06-03 14:38:05,232 [INFO] Lectura LTR390
2025-06-03 14:38:05,238 [INFO] Lectura desde ESP32-S3 por serial
2025-06-03 14:38:08,738 [INFO] Lectura datos climáticos NASA
2025-06-03 14:38:08,740 [INFO] Datos JSON preparados para envío
2025-06-03 14:38:09,789 [INFO] Lectura BMP390
2025-06-03 14:38:09,965 [INFO] Lectura LTR390
2025-06-03 14:38:09,968 [INFO] Lectura desde ESP32-S3 por serial
2025-06-03 14:38:14,328 [INFO] Lectura datos climáticos NASA
2025-06-03 14:38:14,331 [INFO] Datos JSON preparados para envío
2025-06-03 14:38:15,387 [INFO] Lectura BMP390
2025-06-03 14:38:15,567 [INFO] Lectura LTR390
2025-06-03 14:38:15,572 [INFO] Lectura desde ESP32-S3 por serial
2025-06-03 14:38:19,654 [INFO] Lectura datos climáticos NASA
2025-06-03 14:38:19,656 [INFO] Datos JSON preparados para envío
2025-06-03 14:38:20,707 [INFO] Lectura BMP390
2025-06-03 14:38:20,885 [INFO] Lectura LTR390
2025-06-03 14:38:20,888 [INFO] Lectura desde ESP32-S3 por serial
2025-06-03 14:38:24,974 [INFO] Lectura datos climáticos NASA
2025-06-03 14:38:24,978 [INFO] Datos JSON preparados para envío
2025-06-03 14:38:26,032 [INFO] Lectura BMP390
2025-06-03 14:38:26,212 [INFO] Lectura LTR390
2025-06-03 14:38:26,218 [INFO] Lectura desde ESP32-S3 por serial
2025-06-03 14:38:30,379 [INFO] Lectura datos climáticos NASA
2025-06-03 14:38:30,382 [INFO] Datos JSON preparados para envío
2025-06-03 14:38:31,435 [INFO] Lectura BMP390
2025-06-03 14:38:31,616 [INFO] Lectura LTR390
2025-06-03 14:38:31,622 [INFO] Lectura desde ESP32-S3 por serial
2025-06-03 14:38:35,822 [INFO] Lectura datos climáticos NASA
2025-06-03 14:38:35,824 [INFO] Datos JSON preparados para envío
2025-06-03 14:38:36,878 [INFO] Lectura BMP390
2025-06-03 14:38:37,058 [INFO] Lectura LTR390
2025-06-03 14:38:37,065 [INFO] Lectura desde ESP32-S3 por serial
2025-06-03 14:38:40,443 [INFO] Lectura datos climáticos NASA
2025-06-03 14:38:40,445 [INFO] Datos JSON preparados para envío
2025-06-03 14:38:41,498 [INFO] Lectura BMP390
2025-06-03 14:38:41,682 [INFO] Lectura LTR390
2025-06-03 14:38:41,688 [INFO] Lectura desde ESP32-S3 por serial
2025-06-03 14:38:45,027 [INFO] Lectura datos climáticos NASA
2025-06-03 14:38:45,029 [INFO] Datos JSON preparados para envío
2025-06-03 14:38:46,082 [INFO] Lectura BMP390
2025-06-03 14:38:46,259 [INFO] Lectura LTR390
2025-06-03 14:38:46,262 [INFO] Lectura desde ESP32-S3 por serial
2025-06-03 14:38:50,758 [INFO] Lectura datos climáticos NASA
2025-06-03 14:38:50,761 [INFO] Datos JSON preparados para envío
2025-06-03 14:38:51,818 [INFO] Lectura BMP390
2025-06-03 14:38:51,998 [INFO] Lectura LTR390
2025-06-03 14:38:52,004 [INFO] Lectura desde ESP32-S3 por serial
2025-06-03 14:38:55,380 [INFO] Lectura datos climáticos NASA
2025-06-03 14:38:55,382 [INFO] Datos JSON preparados para envío
2025-06-03 14:38:56,437 [INFO] Lectura BMP390
2025-06-03 14:38:56,619 [INFO] Lectura LTR390
2025-06-03 14:38:56,625 [INFO] Lectura desde ESP32-S3 por serial
2025-06-03 14:39:01,708 [INFO] Lectura datos climáticos NASA
2025-06-03 14:39:01,711 [INFO] Datos JSON preparados para envío
2025-06-03 14:39:02,761 [INFO] Lectura BMP390
2025-06-03 14:39:02,941 [INFO] Lectura LTR390
2025-06-03 14:39:02,951 [INFO] Lectura desde ESP32-S3 por serial
2025-06-03 14:39:07,250 [INFO] Lectura datos climáticos NASA
2025-06-03 14:39:07,254 [INFO] Datos JSON preparados para envío
2025-06-03 14:39:08,307 [INFO] Lectura BMP390
2025-06-03 14:39:08,487 [INFO] Lectura LTR390
2025-06-03 14:39:08,496 [INFO] Lectura desde ESP32-S3 por serial
2025-06-03 14:39:13,683 [INFO] Lectura datos climáticos NASA
2025-06-03 14:39:13,686 [INFO] Datos JSON preparados para envío
2025-06-03 14:39:14,738 [INFO] Lectura BMP390
2025-06-03 14:39:14,918 [INFO] Lectura LTR390
2025-06-03 14:39:14,927 [INFO] Lectura desde ESP32-S3 por serial
2025-06-03 14:39:19,513 [INFO] Lectura datos climáticos NASA
2025-06-03 14:39:19,516 [INFO] Datos JSON preparados para envío
2025-06-03 14:39:20,569 [INFO] Lectura BMP390
2025-06-03 14:39:20,751 [INFO] Lectura LTR390
2025-06-03 14:39:20,757 [INFO] Lectura desde ESP32-S3 por serial
2025-06-03 14:39:24,236 [INFO] Lectura datos climáticos NASA
2025-06-03 14:39:24,240 [INFO] Datos JSON preparados para envío
2025-06-03 14:39:25,291 [INFO] Lectura BMP390
2025-06-03 14:39:25,470 [INFO] Lectura LTR390
2025-06-03 14:39:25,476 [INFO] Lectura desde ESP32-S3 por serial
2025-06-03 14:39:28,831 [INFO] Lectura datos climáticos NASA
2025-06-03 14:39:28,833 [INFO] Datos JSON preparados para envío
2025-06-03 14:39:29,889 [INFO] Lectura BMP390
2025-06-03 14:39:30,071 [INFO] Lectura LTR390
2025-06-03 14:39:30,077 [INFO] Lectura desde ESP32-S3 por serial
2025-06-03 14:39:33,735 [INFO] Lectura datos climáticos NASA
2025-06-03 14:39:33,737 [INFO] Datos JSON preparados para envío
2025-06-03 14:39:34,788 [INFO] Lectura BMP390
2025-06-03 14:39:34,966 [INFO] Lectura LTR390
2025-06-03 14:39:34,970 [INFO] Lectura desde ESP32-S3 por serial
2025-06-03 14:39:39,573 [INFO] Lectura datos climáticos NASA
2025-06-03 14:39:39,582 [INFO] Datos JSON preparados para envío
2025-06-03 14:39:40,634 [INFO] Lectura BMP390
2025-06-03 14:39:40,815 [INFO] Lectura LTR390
2025-06-03 14:39:40,821 [INFO] Lectura desde ESP32-S3 por serial
2025-06-03 14:39:45,099 [INFO] Lectura datos climáticos NASA
2025-06-03 14:39:45,103 [INFO] Datos JSON preparados para envío
2025-06-03 14:39:46,154 [INFO] Lectura BMP390
2025-06-03 14:39:46,332 [INFO] Lectura LTR390
2025-06-03 14:39:46,335 [INFO] Lectura desde ESP32-S3 por serial
2025-06-03 14:39:50,526 [INFO] Lectura datos climáticos NASA
2025-06-03 14:39:50,531 [INFO] Datos JSON preparados para envío
2025-06-03 14:39:51,584 [INFO] Lectura BMP390
2025-06-03 14:39:51,764 [INFO] Lectura LTR390
2025-06-03 14:39:51,769 [INFO] Lectura desde ESP32-S3 por serial
2025-06-03 14:39:55,442 [INFO] Lectura datos climáticos NASA
2025-06-03 14:39:55,445 [INFO] Datos JSON preparados para envío
2025-06-03 14:39:56,498 [INFO] Lectura BMP390
2025-06-03 14:39:56,678 [INFO] Lectura LTR390
2025-06-03 14:39:56,685 [INFO] Lectura desde ESP32-S3 por serial
2025-06-03 14:40:00,759 [INFO] Lectura datos climáticos NASA
2025-06-03 14:40:00,762 [INFO] Datos JSON preparados para envío
2025-06-03 14:40:01,816 [INFO] Lectura BMP390
2025-06-03 14:40:01,998 [INFO] Lectura LTR390
2025-06-03 14:40:02,004 [INFO] Lectura desde ESP32-S3 por serial
2025-06-03 14:40:06,280 [INFO] Lectura datos climáticos NASA
2025-06-03 14:40:06,283 [INFO] Datos JSON preparados para envío
2025-06-03 14:40:07,337 [INFO] Lectura BMP390
2025-06-03 14:40:07,517 [INFO] Lectura LTR390
2025-06-03 14:40:07,524 [INFO] Lectura desde ESP32-S3 por serial
2025-06-03 14:40:11,598 [INFO] Lectura datos climáticos NASA
2025-06-03 14:40:11,600 [INFO] Datos JSON preparados para envío
2025-06-03 14:40:12,652 [INFO] Lectura BMP390
2025-06-03 14:40:12,835 [INFO] Lectura LTR390
2025-06-03 14:40:12,841 [INFO] Lectura desde ESP32-S3 por serial
2025-06-03 14:40:16,820 [INFO] Lectura datos climáticos NASA
2025-06-03 14:40:16,823 [INFO] Datos JSON preparados para envío
2025-06-03 14:40:17,878 [INFO] Lectura BMP390
2025-06-03 14:40:18,062 [INFO] Lectura LTR390
2025-06-03 14:40:18,068 [INFO] Lectura desde ESP32-S3 por serial
2025-06-03 14:40:21,631 [INFO] Lectura datos climáticos NASA
2025-06-03 14:40:21,634 [INFO] Datos JSON preparados para envío
2025-06-03 14:40:22,684 [INFO] Lectura BMP390
2025-06-03 14:40:22,860 [INFO] Lectura LTR390
2025-06-03 14:40:22,863 [INFO] Lectura desde ESP32-S3 por serial
2025-06-03 14:40:26,647 [INFO] Lectura datos climáticos NASA
2025-06-03 14:40:26,650 [INFO] Datos JSON preparados para envío
2025-06-03 14:40:27,706 [INFO] Lectura BMP390
2025-06-03 14:40:27,886 [INFO] Lectura LTR390
2025-06-03 14:40:27,891 [INFO] Lectura desde ESP32-S3 por serial
2025-06-03 14:40:31,251 [INFO] Lectura datos climáticos NASA
2025-06-03 14:40:31,254 [INFO] Datos JSON preparados para envío
2025-06-03 14:40:32,306 [INFO] Lectura BMP390
2025-06-03 14:40:32,486 [INFO] Lectura LTR390
2025-06-03 14:40:32,492 [INFO] Lectura desde ESP32-S3 por serial
2025-06-03 14:40:37,185 [INFO] Lectura datos climáticos NASA
2025-06-03 14:40:37,187 [INFO] Datos JSON preparados para envío
2025-06-03 14:40:38,239 [INFO] Lectura BMP390
2025-06-03 14:40:38,424 [INFO] Lectura LTR390
2025-06-03 14:40:38,430 [INFO] Lectura desde ESP32-S3 por serial
2025-06-03 14:40:42,203 [INFO] Lectura datos climáticos NASA
2025-06-03 14:40:42,206 [INFO] Datos JSON preparados para envío
2025-06-03 14:40:43,260 [INFO] Lectura BMP390
2025-06-03 14:40:43,440 [INFO] Lectura LTR390
2025-06-03 14:40:43,446 [INFO] Lectura desde ESP32-S3 por serial
2025-06-03 14:40:47,038 [INFO] Lectura datos climáticos NASA
2025-06-03 14:40:47,039 [INFO] Datos JSON preparados para envío
2025-06-03 14:40:48,089 [INFO] Lectura BMP390
2025-06-03 14:40:48,265 [INFO] Lectura LTR390
2025-06-03 14:40:48,268 [INFO] Lectura desde ESP32-S3 por serial
2025-06-03 14:40:52,030 [INFO] Lectura datos climáticos NASA
2025-06-03 14:40:52,033 [INFO] Datos JSON preparados para envío
2025-06-03 14:40:53,089 [INFO] Lectura BMP390
2025-06-03 14:40:53,269 [INFO] Lectura LTR390
2025-06-03 14:40:53,275 [INFO] Lectura desde ESP32-S3 por serial
2025-06-03 14:40:57,549 [INFO] Lectura datos climáticos NASA
2025-06-03 14:40:57,552 [INFO] Datos JSON preparados para envío
2025-06-03 14:40:58,606 [INFO] Lectura BMP390
2025-06-03 14:40:58,784 [INFO] Lectura LTR390
2025-06-03 14:40:58,787 [INFO] Lectura desde ESP32-S3 por serial
2025-06-03 14:41:02,591 [INFO] Lectura datos climáticos NASA
2025-06-03 14:41:02,596 [INFO] Datos JSON preparados para envío
2025-06-03 14:41:03,649 [INFO] Lectura BMP390
2025-06-03 14:41:03,831 [INFO] Lectura LTR390
2025-06-03 14:41:03,836 [INFO] Lectura desde ESP32-S3 por serial
2025-06-03 14:41:08,398 [INFO] Lectura datos climáticos NASA
2025-06-03 14:41:08,401 [INFO] Datos JSON preparados para envío
2025-06-03 14:41:09,453 [INFO] Lectura BMP390
2025-06-03 14:41:09,634 [INFO] Lectura LTR390
2025-06-03 14:41:09,640 [INFO] Lectura desde ESP32-S3 por serial
2025-06-03 14:41:14,640 [INFO] Lectura datos climáticos NASA
2025-06-03 14:41:14,643 [INFO] Datos JSON preparados para envío
2025-06-03 14:41:15,697 [INFO] Lectura BMP390
2025-06-03 14:41:15,877 [INFO] Lectura LTR390
2025-06-03 14:41:15,883 [INFO] Lectura desde ESP32-S3 por serial
2025-06-03 14:41:20,368 [INFO] Lectura datos climáticos NASA
2025-06-03 14:41:20,371 [INFO] Datos JSON preparados para envío
2025-06-03 14:41:21,427 [INFO] Lectura BMP390
2025-06-03 14:41:21,609 [INFO] Lectura LTR390
2025-06-03 14:41:21,615 [INFO] Lectura desde ESP32-S3 por serial
2025-06-03 14:41:25,692 [INFO] Lectura datos climáticos NASA
2025-06-03 14:41:25,694 [INFO] Datos JSON preparados para envío
2025-06-03 14:41:26,749 [INFO] Lectura BMP390
2025-06-03 14:41:26,929 [INFO] Lectura LTR390
2025-06-03 14:41:26,936 [INFO] Lectura desde ESP32-S3 por serial
2025-06-03 14:41:31,119 [INFO] Lectura datos climáticos NASA
2025-06-03 14:41:31,122 [INFO] Datos JSON preparados para envío
2025-06-03 14:41:32,175 [INFO] Lectura BMP390
2025-06-03 14:41:32,359 [INFO] Lectura LTR390
2025-06-03 14:41:32,365 [INFO] Lectura desde ESP32-S3 por serial
2025-06-03 14:41:36,638 [INFO] Lectura datos climáticos NASA
2025-06-03 14:41:36,639 [INFO] Datos JSON preparados para envío
2025-06-03 14:41:37,693 [INFO] Lectura BMP390
2025-06-03 14:41:37,876 [INFO] Lectura LTR390
2025-06-03 14:41:37,882 [INFO] Lectura desde ESP32-S3 por serial
2025-06-03 14:41:41,767 [INFO] Lectura datos climáticos NASA
2025-06-03 14:41:41,770 [INFO] Datos JSON preparados para envío
2025-06-03 14:41:42,823 [INFO] Lectura BMP390
2025-06-03 14:41:43,003 [INFO] Lectura LTR390
2025-06-03 14:41:43,009 [INFO] Lectura desde ESP32-S3 por serial
2025-06-03 14:41:47,588 [INFO] Lectura datos climáticos NASA
2025-06-03 14:41:47,594 [INFO] Datos JSON preparados para envío
2025-06-03 14:41:48,645 [INFO] Lectura BMP390
2025-06-03 14:41:48,830 [INFO] Lectura LTR390
2025-06-03 14:41:48,834 [INFO] Lectura desde ESP32-S3 por serial
2025-06-03 14:41:52,400 [INFO] Lectura datos climáticos NASA
2025-06-03 14:41:52,403 [INFO] Datos JSON preparados para envío
2025-06-03 14:41:53,456 [INFO] Lectura BMP390
2025-06-03 14:41:53,638 [INFO] Lectura LTR390
2025-06-03 14:41:53,644 [INFO] Lectura desde ESP32-S3 por serial
2025-06-03 14:41:57,005 [INFO] Lectura datos climáticos NASA
2025-06-03 14:41:57,008 [INFO] Datos JSON preparados para envío
2025-06-03 14:41:58,061 [INFO] Lectura BMP390
2025-06-03 14:41:58,240 [INFO] Lectura LTR390
2025-06-03 14:41:58,245 [INFO] Lectura desde ESP32-S3 por serial
2025-06-03 14:42:02,429 [INFO] Lectura datos climáticos NASA
2025-06-03 14:42:02,432 [INFO] Datos JSON preparados para envío
2025-06-03 14:42:03,485 [INFO] Lectura BMP390
2025-06-03 14:42:03,665 [INFO] Lectura LTR390
2025-06-03 14:42:03,671 [INFO] Lectura desde ESP32-S3 por serial
2025-06-03 14:42:07,341 [INFO] Lectura datos climáticos NASA
2025-06-03 14:42:07,344 [INFO] Datos JSON preparados para envío
2025-06-03 14:42:08,397 [INFO] Lectura BMP390
2025-06-03 14:42:08,578 [INFO] Lectura LTR390
2025-06-03 14:42:08,584 [INFO] Lectura desde ESP32-S3 por serial
2025-06-03 14:42:12,463 [INFO] Lectura datos climáticos NASA
2025-06-03 14:42:12,467 [INFO] Datos JSON preparados para envío
2025-06-03 14:42:13,521 [INFO] Lectura BMP390
2025-06-03 14:42:13,701 [INFO] Lectura LTR390
2025-06-03 14:42:13,707 [INFO] Lectura desde ESP32-S3 por serial
2025-06-03 14:42:17,166 [INFO] Lectura datos climáticos NASA
2025-06-03 14:42:17,171 [INFO] Datos JSON preparados para envío
2025-06-03 14:42:18,224 [INFO] Lectura BMP390
2025-06-03 14:42:18,403 [INFO] Lectura LTR390
2025-06-03 14:42:18,410 [INFO] Lectura desde ESP32-S3 por serial
2025-06-03 14:42:21,973 [INFO] Lectura datos climáticos NASA
2025-06-03 14:42:21,976 [INFO] Datos JSON preparados para envío
2025-06-03 14:42:23,028 [INFO] Lectura BMP390
2025-06-03 14:42:23,208 [INFO] Lectura LTR390
2025-06-03 14:42:23,214 [INFO] Lectura desde ESP32-S3 por serial
2025-06-03 14:42:27,192 [INFO] Lectura datos climáticos NASA
2025-06-03 14:42:27,194 [INFO] Datos JSON preparados para envío
2025-06-03 14:42:28,248 [INFO] Lectura BMP390
2025-06-03 14:42:28,430 [INFO] Lectura LTR390
2025-06-03 14:42:28,437 [INFO] Lectura desde ESP32-S3 por serial
2025-06-03 14:42:32,830 [INFO] Lectura datos climáticos NASA
2025-06-03 14:42:32,833 [INFO] Datos JSON preparados para envío
2025-06-03 14:42:33,886 [INFO] Lectura BMP390
2025-06-03 14:42:34,069 [INFO] Lectura LTR390
2025-06-03 14:42:34,075 [INFO] Lectura desde ESP32-S3 por serial
2025-06-03 14:42:37,130 [INFO] Lectura datos climáticos NASA
2025-06-03 14:42:37,132 [INFO] Datos JSON preparados para envío
2025-06-03 14:42:38,184 [INFO] Lectura BMP390
2025-06-03 14:42:38,369 [INFO] Lectura LTR390
2025-06-03 14:42:38,375 [INFO] Lectura desde ESP32-S3 por serial
2025-06-03 14:42:42,030 [INFO] Lectura datos climáticos NASA
2025-06-03 14:42:42,033 [INFO] Datos JSON preparados para envío
2025-06-03 14:42:43,085 [INFO] Lectura BMP390
2025-06-03 14:42:43,268 [INFO] Lectura LTR390
2025-06-03 14:42:43,275 [INFO] Lectura desde ESP32-S3 por serial
2025-06-03 14:42:46,634 [INFO] Lectura datos climáticos NASA
2025-06-03 14:42:46,636 [INFO] Datos JSON preparados para envío
2025-06-03 14:42:47,690 [INFO] Lectura BMP390
2025-06-03 14:42:47,873 [INFO] Lectura LTR390
2025-06-03 14:42:47,879 [INFO] Lectura desde ESP32-S3 por serial
2025-06-03 14:42:52,059 [INFO] Lectura datos climáticos NASA
2025-06-03 14:42:52,062 [INFO] Datos JSON preparados para envío
2025-06-03 14:42:53,114 [INFO] Lectura BMP390
2025-06-03 14:42:53,294 [INFO] Lectura LTR390
2025-06-03 14:42:53,299 [INFO] Lectura desde ESP32-S3 por serial
2025-06-03 14:42:58,099 [INFO] Lectura datos climáticos NASA
2025-06-03 14:42:58,102 [INFO] Datos JSON preparados para envío
2025-06-03 14:42:59,153 [INFO] Lectura BMP390
2025-06-03 14:42:59,333 [INFO] Lectura LTR390
2025-06-03 14:42:59,340 [INFO] Lectura desde ESP32-S3 por serial
2025-06-03 14:43:03,109 [INFO] Lectura datos climáticos NASA
2025-06-03 14:43:03,112 [INFO] Datos JSON preparados para envío
2025-06-03 14:43:04,165 [INFO] Lectura BMP390
2025-06-03 14:43:04,350 [INFO] Lectura LTR390
2025-06-03 14:43:04,356 [INFO] Lectura desde ESP32-S3 por serial
2025-06-03 14:43:08,842 [INFO] Lectura datos climáticos NASA
2025-06-03 14:43:08,845 [INFO] Datos JSON preparados para envío
2025-06-03 14:43:09,898 [INFO] Lectura BMP390
2025-06-03 14:43:10,077 [INFO] Lectura LTR390
2025-06-03 14:43:10,084 [INFO] Lectura desde ESP32-S3 por serial
2025-06-03 14:43:13,861 [INFO] Lectura datos climáticos NASA
2025-06-03 14:43:13,868 [INFO] Datos JSON preparados para envío
2025-06-03 14:43:14,920 [INFO] Lectura BMP390
2025-06-03 14:43:15,101 [INFO] Lectura LTR390
2025-06-03 14:43:15,107 [INFO] Lectura desde ESP32-S3 por serial
2025-06-03 14:43:18,667 [INFO] Lectura datos climáticos NASA
2025-06-03 14:43:18,670 [INFO] Datos JSON preparados para envío
2025-06-03 14:43:19,723 [INFO] Lectura BMP390
2025-06-03 14:43:19,902 [INFO] Lectura LTR390
2025-06-03 14:43:19,908 [INFO] Lectura desde ESP32-S3 por serial
2025-06-03 14:43:24,909 [INFO] Lectura datos climáticos NASA
2025-06-03 14:43:24,911 [INFO] Datos JSON preparados para envío
2025-06-03 14:43:25,964 [INFO] Lectura BMP390
2025-06-03 14:43:26,140 [INFO] Lectura LTR390
2025-06-03 14:43:26,143 [INFO] Lectura desde ESP32-S3 por serial
2025-06-03 14:43:30,437 [INFO] Lectura datos climáticos NASA
2025-06-03 14:43:30,440 [INFO] Datos JSON preparados para envío
2025-06-03 14:43:31,497 [INFO] Lectura BMP390
2025-06-03 14:43:31,677 [INFO] Lectura LTR390
2025-06-03 14:43:31,683 [INFO] Lectura desde ESP32-S3 por serial
2025-06-03 14:43:35,244 [INFO] Lectura datos climáticos NASA
2025-06-03 14:43:35,250 [INFO] Datos JSON preparados para envío
2025-06-03 14:43:36,302 [INFO] Lectura BMP390
2025-06-03 14:43:36,487 [INFO] Lectura LTR390
2025-06-03 14:43:36,493 [INFO] Lectura desde ESP32-S3 por serial
2025-06-03 14:43:40,974 [INFO] Lectura datos climáticos NASA
2025-06-03 14:43:40,977 [INFO] Datos JSON preparados para envío
2025-06-03 14:43:42,029 [INFO] Lectura BMP390
2025-06-03 14:43:42,215 [INFO] Lectura LTR390
2025-06-03 14:43:42,221 [INFO] Lectura desde ESP32-S3 por serial
2025-06-03 14:43:45,896 [INFO] Lectura datos climáticos NASA
2025-06-03 14:43:45,899 [INFO] Datos JSON preparados para envío
2025-06-03 14:43:46,956 [INFO] Lectura BMP390
2025-06-03 14:43:47,135 [INFO] Lectura LTR390
2025-06-03 14:43:47,141 [INFO] Lectura desde ESP32-S3 por serial
2025-06-03 14:43:50,907 [INFO] Lectura datos climáticos NASA
2025-06-03 14:43:50,909 [INFO] Datos JSON preparados para envío
2025-06-03 14:43:51,961 [INFO] Lectura BMP390
2025-06-03 14:43:52,143 [INFO] Lectura LTR390
2025-06-03 14:43:52,148 [INFO] Lectura desde ESP32-S3 por serial
2025-06-03 14:43:55,915 [INFO] Lectura datos climáticos NASA
2025-06-03 14:43:55,918 [INFO] Datos JSON preparados para envío
2025-06-03 14:43:56,971 [INFO] Lectura BMP390
2025-06-03 14:43:57,151 [INFO] Lectura LTR390
2025-06-03 14:43:57,158 [INFO] Lectura desde ESP32-S3 por serial
2025-06-03 14:44:00,829 [INFO] Lectura datos climáticos NASA
2025-06-03 14:44:00,832 [INFO] Datos JSON preparados para envío
2025-06-03 14:44:01,883 [INFO] Lectura BMP390
2025-06-03 14:44:02,063 [INFO] Lectura LTR390
2025-06-03 14:44:02,066 [INFO] Lectura desde ESP32-S3 por serial
2025-06-03 14:44:05,443 [INFO] Lectura datos climáticos NASA
2025-06-03 14:44:05,449 [INFO] Datos JSON preparados para envío
2025-06-03 14:44:06,505 [INFO] Lectura BMP390
2025-06-03 14:44:06,686 [INFO] Lectura LTR390
2025-06-03 14:44:06,693 [INFO] Lectura desde ESP32-S3 por serial
2025-06-03 14:44:10,755 [INFO] Lectura datos climáticos NASA
2025-06-03 14:44:10,758 [INFO] Datos JSON preparados para envío
2025-06-03 14:44:11,821 [INFO] Lectura BMP390
2025-06-03 14:44:12,003 [INFO] Lectura LTR390
2025-06-03 14:44:12,009 [INFO] Lectura desde ESP32-S3 por serial
2025-06-03 14:44:15,256 [INFO] Lectura datos climáticos NASA
2025-06-03 14:44:15,260 [INFO] Datos JSON preparados para envío
2025-06-03 14:44:16,319 [INFO] Lectura BMP390
2025-06-03 14:44:16,503 [INFO] Lectura LTR390
2025-06-03 14:44:16,511 [INFO] Lectura desde ESP32-S3 por serial
2025-06-03 14:44:20,068 [INFO] Lectura datos climáticos NASA
2025-06-03 14:44:20,071 [INFO] Datos JSON preparados para envío
2025-06-03 14:44:21,126 [INFO] Lectura BMP390
2025-06-03 14:44:21,306 [INFO] Lectura LTR390
2025-06-03 14:44:21,312 [INFO] Lectura desde ESP32-S3 por serial
2025-06-03 14:44:24,572 [INFO] Lectura datos climáticos NASA
2025-06-03 14:44:24,575 [INFO] Datos JSON preparados para envío
2025-06-03 14:44:25,626 [INFO] Lectura BMP390
2025-06-03 14:44:25,804 [INFO] Lectura LTR390
2025-06-03 14:44:25,808 [INFO] Lectura desde ESP32-S3 por serial
2025-06-03 14:44:29,283 [INFO] Lectura datos climáticos NASA
2025-06-03 14:44:29,290 [INFO] Datos JSON preparados para envío
2025-06-03 14:44:30,342 [INFO] Lectura BMP390
2025-06-03 14:44:30,524 [INFO] Lectura LTR390
2025-06-03 14:44:30,531 [INFO] Lectura desde ESP32-S3 por serial
2025-06-03 14:44:34,293 [INFO] Lectura datos climáticos NASA
2025-06-03 14:44:34,296 [INFO] Datos JSON preparados para envío
2025-06-03 14:44:35,349 [INFO] Lectura BMP390
2025-06-03 14:44:35,535 [INFO] Lectura LTR390
2025-06-03 14:44:35,541 [INFO] Lectura desde ESP32-S3 por serial
2025-06-03 14:44:41,047 [INFO] Lectura datos climáticos NASA
2025-06-03 14:44:41,051 [INFO] Datos JSON preparados para envío
2025-06-03 14:44:42,107 [INFO] Lectura BMP390
2025-06-03 14:44:42,291 [INFO] Lectura LTR390
2025-06-03 14:44:42,297 [INFO] Lectura desde ESP32-S3 por serial
2025-06-03 14:44:46,367 [INFO] Lectura datos climáticos NASA
2025-06-03 14:44:46,370 [INFO] Datos JSON preparados para envío
2025-06-03 14:44:47,424 [INFO] Lectura BMP390
2025-06-03 14:44:47,604 [INFO] Lectura LTR390
2025-06-03 14:44:47,610 [INFO] Lectura desde ESP32-S3 por serial
2025-06-03 14:44:51,277 [INFO] Lectura datos climáticos NASA
2025-06-03 14:44:51,280 [INFO] Datos JSON preparados para envío
2025-06-03 14:44:52,332 [INFO] Lectura BMP390
2025-06-03 14:44:52,518 [INFO] Lectura LTR390
2025-06-03 14:44:52,524 [INFO] Lectura desde ESP32-S3 por serial
2025-06-03 14:44:56,503 [INFO] Lectura datos climáticos NASA
2025-06-03 14:44:56,506 [INFO] Datos JSON preparados para envío
2025-06-03 14:44:57,562 [INFO] Lectura BMP390
2025-06-03 14:44:57,745 [INFO] Lectura LTR390
2025-06-03 14:44:57,751 [INFO] Lectura desde ESP32-S3 por serial
2025-06-03 14:45:01,828 [INFO] Lectura datos climáticos NASA
2025-06-03 14:45:01,831 [INFO] Datos JSON preparados para envío
2025-06-03 14:45:02,889 [INFO] Lectura BMP390
2025-06-03 14:45:03,067 [INFO] Lectura LTR390
2025-06-03 14:45:03,071 [INFO] Lectura desde ESP32-S3 por serial
2025-06-03 14:45:06,327 [INFO] Lectura datos climáticos NASA
2025-06-03 14:45:06,330 [INFO] Datos JSON preparados para envío
2025-06-03 14:45:07,385 [INFO] Lectura BMP390
2025-06-03 14:45:07,569 [INFO] Lectura LTR390
2025-06-03 14:45:07,574 [INFO] Lectura desde ESP32-S3 por serial
2025-06-03 14:45:12,233 [INFO] Lectura datos climáticos NASA
2025-06-03 14:45:12,238 [INFO] Datos JSON preparados para envío
2025-06-03 14:45:13,293 [INFO] Lectura BMP390
2025-06-03 14:45:13,474 [INFO] Lectura LTR390
2025-06-03 14:45:13,480 [INFO] Lectura desde ESP32-S3 por serial
2025-06-03 14:45:17,991 [INFO] Lectura datos climáticos NASA
2025-06-03 14:45:17,994 [INFO] Datos JSON preparados para envío
2025-06-03 14:45:19,046 [INFO] Lectura BMP390
2025-06-03 14:45:19,233 [INFO] Lectura LTR390
2025-06-03 14:45:19,238 [INFO] Lectura desde ESP32-S3 por serial
2025-06-03 14:45:23,005 [INFO] Lectura datos climáticos NASA
2025-06-03 14:45:23,007 [INFO] Datos JSON preparados para envío
2025-06-03 14:45:24,063 [INFO] Lectura BMP390
2025-06-03 14:45:24,245 [INFO] Lectura LTR390
2025-06-03 14:45:24,251 [INFO] Lectura desde ESP32-S3 por serial
2025-06-03 14:45:27,913 [INFO] Lectura datos climáticos NASA
2025-06-03 14:45:27,916 [INFO] Datos JSON preparados para envío
2025-06-03 14:45:28,968 [INFO] Lectura BMP390
2025-06-03 14:45:29,149 [INFO] Lectura LTR390
2025-06-03 14:45:29,155 [INFO] Lectura desde ESP32-S3 por serial
2025-06-03 14:45:33,852 [INFO] Lectura datos climáticos NASA
2025-06-03 14:45:33,860 [INFO] Datos JSON preparados para envío
2025-06-03 14:45:34,913 [INFO] Lectura BMP390
2025-06-03 14:45:35,098 [INFO] Lectura LTR390
2025-06-03 14:45:35,104 [INFO] Lectura desde ESP32-S3 por serial
2025-06-03 14:45:38,965 [INFO] Lectura datos climáticos NASA
2025-06-03 14:45:38,966 [INFO] Datos JSON preparados para envío
2025-06-03 14:45:40,016 [INFO] Lectura BMP390
2025-06-03 14:45:40,199 [INFO] Lectura LTR390
2025-06-03 14:45:40,202 [INFO] Lectura desde ESP32-S3 por serial
2025-06-03 14:45:44,189 [INFO] Lectura datos climáticos NASA
2025-06-03 14:45:44,192 [INFO] Datos JSON preparados para envío
2025-06-03 14:45:45,246 [INFO] Lectura BMP390
2025-06-03 14:45:45,431 [INFO] Lectura LTR390
2025-06-03 14:45:45,437 [INFO] Lectura desde ESP32-S3 por serial
2025-06-03 14:45:50,660 [INFO] Lectura datos climáticos NASA
2025-06-03 14:45:50,662 [INFO] Datos JSON preparados para envío
2025-06-03 14:45:51,712 [INFO] Lectura BMP390
2025-06-03 14:45:51,888 [INFO] Lectura LTR390
2025-06-03 14:45:51,891 [INFO] Lectura desde ESP32-S3 por serial
2025-06-03 14:45:55,757 [INFO] Lectura datos climáticos NASA
2025-06-03 14:45:55,761 [INFO] Datos JSON preparados para envío
2025-06-03 14:45:56,813 [INFO] Lectura BMP390
2025-06-03 14:45:56,994 [INFO] Lectura LTR390
2025-06-03 14:45:56,999 [INFO] Lectura desde ESP32-S3 por serial
2025-06-03 14:46:00,666 [INFO] Lectura datos climáticos NASA
2025-06-03 14:46:00,669 [INFO] Datos JSON preparados para envío
2025-06-03 14:46:01,726 [INFO] Lectura BMP390
2025-06-03 14:46:01,906 [INFO] Lectura LTR390
2025-06-03 14:46:01,912 [INFO] Lectura desde ESP32-S3 por serial
2025-06-03 14:46:05,783 [INFO] Lectura datos climáticos NASA
2025-06-03 14:46:05,786 [INFO] Datos JSON preparados para envío
2025-06-03 14:46:06,839 [INFO] Lectura BMP390
2025-06-03 14:46:07,019 [INFO] Lectura LTR390
2025-06-03 14:46:07,026 [INFO] Lectura desde ESP32-S3 por serial
2025-06-03 14:46:11,088 [INFO] Lectura datos climáticos NASA
2025-06-03 14:46:11,091 [INFO] Datos JSON preparados para envío
2025-06-03 14:46:12,144 [INFO] Lectura BMP390
2025-06-03 14:46:12,326 [INFO] Lectura LTR390
2025-06-03 14:46:12,331 [INFO] Lectura desde ESP32-S3 por serial
2025-06-03 14:46:17,651 [INFO] Lectura datos climáticos NASA
2025-06-03 14:46:17,654 [INFO] Datos JSON preparados para envío
2025-06-03 14:46:18,710 [INFO] Lectura BMP390
2025-06-03 14:46:18,889 [INFO] Lectura LTR390
2025-06-03 14:46:18,895 [INFO] Lectura desde ESP32-S3 por serial
2025-06-03 14:46:22,871 [INFO] Lectura datos climáticos NASA
2025-06-03 14:46:22,873 [INFO] Datos JSON preparados para envío
2025-06-03 14:46:23,928 [INFO] Lectura BMP390
2025-06-03 14:46:24,108 [INFO] Lectura LTR390
2025-06-03 14:46:24,114 [INFO] Lectura desde ESP32-S3 por serial
2025-06-03 14:46:27,780 [INFO] Lectura datos climáticos NASA
2025-06-03 14:46:27,781 [INFO] Datos JSON preparados para envío
2025-06-03 14:46:28,831 [INFO] Lectura BMP390
2025-06-03 14:46:29,014 [INFO] Lectura LTR390
2025-06-03 14:46:29,018 [INFO] Lectura desde ESP32-S3 por serial
2025-06-03 14:46:32,797 [INFO] Lectura datos climáticos NASA
2025-06-03 14:46:32,800 [INFO] Datos JSON preparados para envío
2025-06-03 14:46:33,854 [INFO] Lectura BMP390
2025-06-03 14:46:34,034 [INFO] Lectura LTR390
2025-06-03 14:46:34,041 [INFO] Lectura desde ESP32-S3 por serial
2025-06-03 14:46:37,711 [INFO] Lectura datos climáticos NASA
2025-06-03 14:46:37,714 [INFO] Datos JSON preparados para envío
2025-06-03 14:46:38,767 [INFO] Lectura BMP390
2025-06-03 14:46:38,947 [INFO] Lectura LTR390
2025-06-03 14:46:38,955 [INFO] Lectura desde ESP32-S3 por serial
2025-06-03 14:46:42,519 [INFO] Lectura datos climáticos NASA
2025-06-03 14:46:42,523 [INFO] Datos JSON preparados para envío
2025-06-03 14:46:43,580 [INFO] Lectura BMP390
2025-06-03 14:46:43,761 [INFO] Lectura LTR390
2025-06-03 14:46:43,767 [INFO] Lectura desde ESP32-S3 por serial
2025-06-03 14:46:47,841 [INFO] Lectura datos climáticos NASA
2025-06-03 14:46:47,846 [INFO] Datos JSON preparados para envío
2025-06-03 14:46:48,899 [INFO] Lectura BMP390
2025-06-03 14:46:49,081 [INFO] Lectura LTR390
2025-06-03 14:46:49,089 [INFO] Lectura desde ESP32-S3 por serial
2025-06-03 14:46:54,083 [INFO] Lectura datos climáticos NASA
2025-06-03 14:46:54,090 [INFO] Datos JSON preparados para envío
2025-06-03 14:46:55,147 [INFO] Lectura BMP390
2025-06-03 14:46:55,330 [INFO] Lectura LTR390
2025-06-03 14:46:55,335 [INFO] Lectura desde ESP32-S3 por serial
2025-06-03 14:46:59,813 [INFO] Lectura datos climáticos NASA
2025-06-03 14:46:59,816 [INFO] Datos JSON preparados para envío
2025-06-03 14:47:00,869 [INFO] Lectura BMP390
2025-06-03 14:47:01,050 [INFO] Lectura LTR390
2025-06-03 14:47:01,056 [INFO] Lectura desde ESP32-S3 por serial
2025-06-03 14:47:04,929 [INFO] Lectura datos climáticos NASA
2025-06-03 14:47:04,930 [INFO] Datos JSON preparados para envío
2025-06-03 14:47:05,987 [INFO] Lectura BMP390
2025-06-03 14:47:06,166 [INFO] Lectura LTR390
2025-06-03 14:47:06,172 [INFO] Lectura desde ESP32-S3 por serial
2025-06-03 14:47:10,354 [INFO] Lectura datos climáticos NASA
2025-06-03 14:47:10,357 [INFO] Datos JSON preparados para envío
2025-06-03 14:47:11,410 [INFO] Lectura BMP390
2025-06-03 14:47:11,589 [INFO] Lectura LTR390
2025-06-03 14:47:11,596 [INFO] Lectura desde ESP32-S3 por serial
2025-06-03 14:47:15,273 [INFO] Lectura datos climáticos NASA
2025-06-03 14:47:15,276 [INFO] Datos JSON preparados para envío
2025-06-03 14:47:16,326 [INFO] Lectura BMP390
2025-06-03 14:47:16,502 [INFO] Lectura LTR390
2025-06-03 14:47:16,506 [INFO] Lectura desde ESP32-S3 por serial
2025-06-03 14:47:20,177 [INFO] Lectura datos climáticos NASA
2025-06-03 14:47:20,180 [INFO] Datos JSON preparados para envío
2025-06-03 14:47:21,235 [INFO] Lectura BMP390
2025-06-03 14:47:21,417 [INFO] Lectura LTR390
2025-06-03 14:47:21,424 [INFO] Lectura desde ESP32-S3 por serial
2025-06-03 14:47:25,095 [INFO] Lectura datos climáticos NASA
2025-06-03 14:47:25,098 [INFO] Datos JSON preparados para envío
2025-06-03 14:47:26,151 [INFO] Lectura BMP390
2025-06-03 14:47:26,334 [INFO] Lectura LTR390
2025-06-03 14:47:26,340 [INFO] Lectura desde ESP32-S3 por serial
2025-06-03 14:47:29,795 [INFO] Lectura datos climáticos NASA
2025-06-03 14:47:29,798 [INFO] Datos JSON preparados para envío
2025-06-03 14:47:30,850 [INFO] Lectura BMP390
2025-06-03 14:47:31,030 [INFO] Lectura LTR390
2025-06-03 14:47:31,036 [INFO] Lectura desde ESP32-S3 por serial
2025-06-03 14:47:34,505 [INFO] Lectura datos climáticos NASA
2025-06-03 14:47:34,507 [INFO] Datos JSON preparados para envío
2025-06-03 14:47:35,561 [INFO] Lectura BMP390
2025-06-03 14:47:35,741 [INFO] Lectura LTR390
2025-06-03 14:47:35,747 [INFO] Lectura desde ESP32-S3 por serial
2025-06-03 14:47:40,230 [INFO] Lectura datos climáticos NASA
2025-06-03 14:47:40,232 [INFO] Datos JSON preparados para envío
2025-06-03 14:47:41,285 [INFO] Lectura BMP390
2025-06-03 14:47:41,464 [INFO] Lectura LTR390
2025-06-03 14:47:41,467 [INFO] Lectura desde ESP32-S3 por serial
2025-06-03 14:47:45,148 [INFO] Lectura datos climáticos NASA
2025-06-03 14:47:45,151 [INFO] Datos JSON preparados para envío
2025-06-03 14:47:46,204 [INFO] Lectura BMP390
2025-06-03 14:47:46,383 [INFO] Lectura LTR390
2025-06-03 14:47:46,389 [INFO] Lectura desde ESP32-S3 por serial
2025-06-03 14:47:50,163 [INFO] Lectura datos climáticos NASA
2025-06-03 14:47:50,166 [INFO] Datos JSON preparados para envío
2025-06-03 14:47:51,218 [INFO] Lectura BMP390
2025-06-03 14:47:51,400 [INFO] Lectura LTR390
2025-06-03 14:47:51,407 [INFO] Lectura desde ESP32-S3 por serial
2025-06-03 14:47:55,174 [INFO] Lectura datos climáticos NASA
2025-06-03 14:47:55,177 [INFO] Datos JSON preparados para envío
2025-06-03 14:47:56,233 [INFO] Lectura BMP390
2025-06-03 14:47:56,417 [INFO] Lectura LTR390
2025-06-03 14:47:56,424 [INFO] Lectura desde ESP32-S3 por serial
2025-06-03 14:48:00,500 [INFO] Lectura datos climáticos NASA
2025-06-03 14:48:00,503 [INFO] Datos JSON preparados para envío
2025-06-03 14:48:01,556 [INFO] Lectura BMP390
2025-06-03 14:48:01,737 [INFO] Lectura LTR390
2025-06-03 14:48:01,745 [INFO] Lectura desde ESP32-S3 por serial
2025-06-03 14:48:05,533 [INFO] Lectura datos climáticos NASA
2025-06-03 14:48:05,535 [INFO] Datos JSON preparados para envío
2025-06-03 14:48:06,586 [INFO] Lectura BMP390
2025-06-03 14:48:06,766 [INFO] Lectura LTR390
2025-06-03 14:48:06,772 [INFO] Lectura desde ESP32-S3 por serial
2025-06-03 14:48:10,528 [INFO] Lectura datos climáticos NASA
2025-06-03 14:48:10,531 [INFO] Datos JSON preparados para envío
2025-06-03 14:48:11,584 [INFO] Lectura BMP390
2025-06-03 14:48:11,836 [INFO] Lectura LTR390
2025-06-03 14:48:11,841 [INFO] Lectura desde ESP32-S3 por serial
2025-06-03 14:48:15,440 [INFO] Lectura datos climáticos NASA
2025-06-03 14:48:15,443 [INFO] Datos JSON preparados para envío
2025-06-03 14:48:16,495 [INFO] Lectura BMP390
2025-06-03 14:48:16,672 [INFO] Lectura LTR390
2025-06-03 14:48:16,674 [INFO] Lectura desde ESP32-S3 por serial
2025-06-03 14:48:20,452 [INFO] Lectura datos climáticos NASA
2025-06-03 14:48:20,455 [INFO] Datos JSON preparados para envío
2025-06-03 14:48:21,509 [INFO] Lectura BMP390
2025-06-03 14:48:21,694 [INFO] Lectura LTR390
2025-06-03 14:48:21,704 [INFO] Lectura desde ESP32-S3 por serial
2025-06-03 14:48:25,367 [INFO] Lectura datos climáticos NASA
2025-06-03 14:48:25,370 [INFO] Datos JSON preparados para envío
2025-06-03 14:48:26,422 [INFO] Lectura BMP390
2025-06-03 14:48:26,603 [INFO] Lectura LTR390
2025-06-03 14:48:26,609 [INFO] Lectura desde ESP32-S3 por serial
2025-06-03 14:48:29,970 [INFO] Lectura datos climáticos NASA
2025-06-03 14:48:29,972 [INFO] Datos JSON preparados para envío
2025-06-03 14:48:31,028 [INFO] Lectura BMP390
2025-06-03 14:48:31,208 [INFO] Lectura LTR390
2025-06-03 14:48:31,214 [INFO] Lectura desde ESP32-S3 por serial
2025-06-03 14:48:34,880 [INFO] Lectura datos climáticos NASA
2025-06-03 14:48:34,883 [INFO] Datos JSON preparados para envío
2025-06-03 14:48:35,936 [INFO] Lectura BMP390
2025-06-03 14:48:36,115 [INFO] Lectura LTR390
2025-06-03 14:48:36,120 [INFO] Lectura desde ESP32-S3 por serial
2025-06-03 14:48:39,595 [INFO] Lectura datos climáticos NASA
2025-06-03 14:48:39,597 [INFO] Datos JSON preparados para envío
2025-06-03 14:48:40,652 [INFO] Lectura BMP390
2025-06-03 14:48:40,831 [INFO] Lectura LTR390
2025-06-03 14:48:40,833 [INFO] Lectura desde ESP32-S3 por serial
2025-06-03 14:48:44,398 [INFO] Lectura datos climáticos NASA
2025-06-03 14:48:44,402 [INFO] Datos JSON preparados para envío
2025-06-03 14:48:45,454 [INFO] Lectura BMP390
2025-06-03 14:48:45,634 [INFO] Lectura LTR390
2025-06-03 14:48:45,641 [INFO] Lectura desde ESP32-S3 por serial
2025-06-03 14:48:49,513 [INFO] Lectura datos climáticos NASA
2025-06-03 14:48:49,516 [INFO] Datos JSON preparados para envío
2025-06-03 14:48:50,571 [INFO] Lectura BMP390
2025-06-03 14:48:50,752 [INFO] Lectura LTR390
2025-06-03 14:48:50,758 [INFO] Lectura desde ESP32-S3 por serial
2025-06-03 14:48:55,146 [INFO] Lectura datos climáticos NASA
2025-06-03 14:48:55,149 [INFO] Datos JSON preparados para envío
2025-06-03 14:48:56,206 [INFO] Lectura BMP390
2025-06-03 14:48:56,386 [INFO] Lectura LTR390
2025-06-03 14:48:56,392 [INFO] Lectura desde ESP32-S3 por serial
2025-06-03 14:48:59,544 [INFO] Lectura datos climáticos NASA
2025-06-03 14:48:59,546 [INFO] Datos JSON preparados para envío
2025-06-03 14:49:00,604 [INFO] Lectura BMP390
2025-06-03 14:49:00,786 [INFO] Lectura LTR390
2025-06-03 14:49:00,792 [INFO] Lectura desde ESP32-S3 por serial
2025-06-03 14:49:04,195 [INFO] Lectura datos climáticos NASA
2025-06-03 14:49:04,198 [INFO] Datos JSON preparados para envío
2025-06-03 14:49:05,251 [INFO] Lectura BMP390
2025-06-03 14:49:05,432 [INFO] Lectura LTR390
2025-06-03 14:49:05,435 [INFO] Lectura desde ESP32-S3 por serial
2025-06-03 14:49:09,059 [INFO] Lectura datos climáticos NASA
2025-06-03 14:49:09,062 [INFO] Datos JSON preparados para envío
2025-06-03 14:49:10,113 [INFO] Lectura BMP390
2025-06-03 14:49:10,294 [INFO] Lectura LTR390
2025-06-03 14:49:10,300 [INFO] Lectura desde ESP32-S3 por serial
2025-06-03 14:49:13,665 [INFO] Lectura datos climáticos NASA
2025-06-03 14:49:13,668 [INFO] Datos JSON preparados para envío
2025-06-03 14:49:14,720 [INFO] Lectura BMP390
2025-06-03 14:49:14,900 [INFO] Lectura LTR390
2025-06-03 14:49:14,906 [INFO] Lectura desde ESP32-S3 por serial
2025-06-03 14:49:18,472 [INFO] Lectura datos climáticos NASA
2025-06-03 14:49:18,474 [INFO] Datos JSON preparados para envío
2025-06-03 14:49:19,525 [INFO] Lectura BMP390
2025-06-03 14:49:19,709 [INFO] Lectura LTR390
2025-06-03 14:49:19,715 [INFO] Lectura desde ESP32-S3 por serial
2025-06-03 14:49:23,181 [INFO] Lectura datos climáticos NASA
2025-06-03 14:49:23,185 [INFO] Datos JSON preparados para envío
2025-06-03 14:49:24,241 [INFO] Lectura BMP390
2025-06-03 14:49:24,422 [INFO] Lectura LTR390
2025-06-03 14:49:24,428 [INFO] Lectura desde ESP32-S3 por serial
2025-06-03 14:49:27,889 [INFO] Lectura datos climáticos NASA
2025-06-03 14:49:27,892 [INFO] Datos JSON preparados para envío
2025-06-03 14:49:28,945 [INFO] Lectura BMP390
2025-06-03 14:49:29,124 [INFO] Lectura LTR390
2025-06-03 14:49:29,131 [INFO] Lectura desde ESP32-S3 por serial
2025-06-03 14:49:32,803 [INFO] Lectura datos climáticos NASA
2025-06-03 14:49:32,806 [INFO] Datos JSON preparados para envío
2025-06-03 14:49:33,861 [INFO] Lectura BMP390
2025-06-03 14:49:34,041 [INFO] Lectura LTR390
2025-06-03 14:49:34,047 [INFO] Lectura desde ESP32-S3 por serial
2025-06-03 14:49:38,634 [INFO] Lectura datos climáticos NASA
2025-06-03 14:49:38,637 [INFO] Datos JSON preparados para envío
2025-06-03 14:49:39,690 [INFO] Lectura BMP390
2025-06-03 14:49:39,872 [INFO] Lectura LTR390
2025-06-03 14:49:39,878 [INFO] Lectura desde ESP32-S3 por serial
2025-06-03 14:49:44,161 [INFO] Lectura datos climáticos NASA
2025-06-03 14:49:44,165 [INFO] Datos JSON preparados para envío
2025-06-03 14:49:45,216 [INFO] Lectura BMP390
2025-06-03 14:49:45,396 [INFO] Lectura LTR390
2025-06-03 14:49:45,401 [INFO] Lectura desde ESP32-S3 por serial
2025-06-03 14:49:48,874 [INFO] Lectura datos climáticos NASA
2025-06-03 14:49:48,877 [INFO] Datos JSON preparados para envío
2025-06-03 14:49:49,930 [INFO] Lectura BMP390
2025-06-03 14:49:50,109 [INFO] Lectura LTR390
2025-06-03 14:49:50,115 [INFO] Lectura desde ESP32-S3 por serial
2025-06-03 14:49:54,298 [INFO] Lectura datos climáticos NASA
2025-06-03 14:49:54,300 [INFO] Datos JSON preparados para envío
2025-06-03 14:49:55,351 [INFO] Lectura BMP390
2025-06-03 14:49:55,532 [INFO] Lectura LTR390
2025-06-03 14:49:55,535 [INFO] Lectura desde ESP32-S3 por serial
2025-06-03 14:52:17,352 [INFO] Lectura datos climáticos NASA
2025-06-03 14:52:17,355 [INFO] Datos JSON preparados para envío
2025-06-03 14:52:18,412 [INFO] Lectura BMP390
2025-06-03 14:52:18,591 [INFO] Lectura LTR390
2025-06-03 14:52:18,597 [INFO] Lectura desde ESP32-S3 por serial
2025-06-03 14:52:22,467 [INFO] Lectura datos climáticos NASA
2025-06-03 14:52:22,470 [INFO] Datos JSON preparados para envío
2025-06-03 14:52:23,523 [INFO] Lectura BMP390
2025-06-03 14:52:23,702 [INFO] Lectura LTR390
2025-06-03 14:52:23,709 [INFO] Lectura desde ESP32-S3 por serial
2025-06-03 14:52:27,380 [INFO] Lectura datos climáticos NASA
2025-06-03 14:52:27,383 [INFO] Datos JSON preparados para envío
2025-06-03 14:52:28,440 [INFO] Lectura BMP390
2025-06-03 14:52:28,624 [INFO] Lectura LTR390
2025-06-03 14:52:28,630 [INFO] Lectura desde ESP32-S3 por serial
2025-06-03 14:52:32,406 [INFO] Lectura datos climáticos NASA
2025-06-03 14:52:32,408 [INFO] Datos JSON preparados para envío
2025-06-03 14:52:33,462 [INFO] Lectura BMP390
2025-06-03 14:52:33,642 [INFO] Lectura LTR390
2025-06-03 14:52:33,648 [INFO] Lectura desde ESP32-S3 por serial
2025-06-03 14:52:37,513 [INFO] Lectura datos climáticos NASA
2025-06-03 14:52:37,515 [INFO] Datos JSON preparados para envío
2025-06-03 14:52:38,568 [INFO] Lectura BMP390
2025-06-03 14:52:38,749 [INFO] Lectura LTR390
2025-06-03 14:52:38,755 [INFO] Lectura desde ESP32-S3 por serial
2025-06-03 14:52:42,320 [INFO] Lectura datos climáticos NASA
2025-06-03 14:52:42,323 [INFO] Datos JSON preparados para envío
2025-06-03 14:52:43,374 [INFO] Lectura BMP390
2025-06-03 14:52:43,551 [INFO] Lectura LTR390
2025-06-03 14:52:43,554 [INFO] Lectura desde ESP32-S3 por serial
2025-06-03 14:52:48,255 [INFO] Lectura datos climáticos NASA
2025-06-03 14:52:48,258 [INFO] Datos JSON preparados para envío
2025-06-03 14:52:49,312 [INFO] Lectura BMP390
2025-06-03 14:52:49,492 [INFO] Lectura LTR390
2025-06-03 14:52:49,498 [INFO] Lectura desde ESP32-S3 por serial
2025-06-03 14:52:53,068 [INFO] Lectura datos climáticos NASA
2025-06-03 14:52:53,071 [INFO] Datos JSON preparados para envío
2025-06-03 14:52:54,123 [INFO] Lectura BMP390
2025-06-03 14:52:54,308 [INFO] Lectura LTR390
2025-06-03 14:52:54,314 [INFO] Lectura desde ESP32-S3 por serial
2025-06-03 14:52:58,013 [INFO] Lectura datos climáticos NASA
2025-06-03 14:52:58,016 [INFO] Datos JSON preparados para envío
2025-06-03 14:52:59,069 [INFO] Lectura BMP390
2025-06-03 14:52:59,250 [INFO] Lectura LTR390
2025-06-03 14:52:59,256 [INFO] Lectura desde ESP32-S3 por serial
2025-06-03 14:53:02,626 [INFO] Lectura datos climáticos NASA
2025-06-03 14:53:02,629 [INFO] Datos JSON preparados para envío
2025-06-03 14:53:03,686 [INFO] Lectura BMP390
2025-06-03 14:53:03,865 [INFO] Lectura LTR390
2025-06-03 14:53:03,872 [INFO] Lectura desde ESP32-S3 por serial
2025-06-03 14:53:07,392 [INFO] Lectura datos climáticos NASA
2025-06-03 14:53:07,394 [INFO] Datos JSON preparados para envío
2025-06-03 14:53:08,446 [INFO] Lectura BMP390
2025-06-03 14:53:08,625 [INFO] Lectura LTR390
2025-06-03 14:53:08,632 [INFO] Lectura desde ESP32-S3 por serial
2025-06-03 14:53:14,250 [INFO] Lectura datos climáticos NASA
2025-06-03 14:53:14,253 [INFO] Datos JSON preparados para envío
2025-06-03 14:53:15,304 [INFO] Lectura BMP390
2025-06-03 14:53:15,486 [INFO] Lectura LTR390
2025-06-03 14:53:15,490 [INFO] Lectura desde ESP32-S3 por serial
2025-06-03 14:53:19,265 [INFO] Lectura datos climáticos NASA
2025-06-03 14:53:19,268 [INFO] Datos JSON preparados para envío
2025-06-03 14:53:20,321 [INFO] Lectura BMP390
2025-06-03 14:53:20,500 [INFO] Lectura LTR390
2025-06-03 14:53:20,506 [INFO] Lectura desde ESP32-S3 por serial
2025-06-03 14:53:24,283 [INFO] Lectura datos climáticos NASA
2025-06-03 14:53:24,290 [INFO] Datos JSON preparados para envío
2025-06-03 14:53:25,342 [INFO] Lectura BMP390
2025-06-03 14:53:25,523 [INFO] Lectura LTR390
2025-06-03 14:53:25,530 [INFO] Lectura desde ESP32-S3 por serial
2025-06-03 14:53:29,086 [INFO] Lectura datos climáticos NASA
2025-06-03 14:53:29,089 [INFO] Datos JSON preparados para envío
2025-06-03 14:53:30,142 [INFO] Lectura BMP390
2025-06-03 14:53:30,322 [INFO] Lectura LTR390
2025-06-03 14:53:30,328 [INFO] Lectura desde ESP32-S3 por serial
2025-06-03 14:53:34,510 [INFO] Lectura datos climáticos NASA
2025-06-03 14:53:34,513 [INFO] Datos JSON preparados para envío
2025-06-03 14:53:35,565 [INFO] Lectura BMP390
2025-06-03 14:53:35,749 [INFO] Lectura LTR390
2025-06-03 14:53:35,754 [INFO] Lectura desde ESP32-S3 por serial
2025-06-03 14:53:39,731 [INFO] Lectura datos climáticos NASA
2025-06-03 14:53:39,734 [INFO] Datos JSON preparados para envío
2025-06-03 14:53:40,791 [INFO] Lectura BMP390
2025-06-03 14:53:40,971 [INFO] Lectura LTR390
2025-06-03 14:53:40,977 [INFO] Lectura desde ESP32-S3 por serial
2025-06-03 14:53:44,847 [INFO] Lectura datos climáticos NASA
2025-06-03 14:53:44,850 [INFO] Datos JSON preparados para envío
2025-06-03 14:53:45,902 [INFO] Lectura BMP390
2025-06-03 14:53:46,083 [INFO] Lectura LTR390
2025-06-03 14:53:46,089 [INFO] Lectura desde ESP32-S3 por serial
2025-06-03 14:53:49,868 [INFO] Lectura datos climáticos NASA
2025-06-03 14:53:49,871 [INFO] Datos JSON preparados para envío
2025-06-03 14:53:50,925 [INFO] Lectura BMP390
2025-06-03 14:53:51,109 [INFO] Lectura LTR390
2025-06-03 14:53:51,115 [INFO] Lectura desde ESP32-S3 por serial
2025-06-03 14:53:54,978 [INFO] Lectura datos climáticos NASA
2025-06-03 14:53:54,980 [INFO] Datos JSON preparados para envío
2025-06-03 14:53:56,034 [INFO] Lectura BMP390
2025-06-03 14:53:56,213 [INFO] Lectura LTR390
2025-06-03 14:53:56,219 [INFO] Lectura desde ESP32-S3 por serial
2025-06-03 14:53:59,581 [INFO] Lectura datos climáticos NASA
2025-06-03 14:53:59,584 [INFO] Datos JSON preparados para envío
2025-06-03 14:54:00,637 [INFO] Lectura BMP390
2025-06-03 14:54:00,817 [INFO] Lectura LTR390
2025-06-03 14:54:00,824 [INFO] Lectura desde ESP32-S3 por serial
2025-06-03 14:54:04,595 [INFO] Lectura datos climáticos NASA
2025-06-03 14:54:04,600 [INFO] Datos JSON preparados para envío
2025-06-03 14:54:05,652 [INFO] Lectura BMP390
2025-06-03 14:54:05,835 [INFO] Lectura LTR390
2025-06-03 14:54:05,842 [INFO] Lectura desde ESP32-S3 por serial
2025-06-03 14:54:10,228 [INFO] Lectura datos climáticos NASA
2025-06-03 14:54:10,234 [INFO] Datos JSON preparados para envío
2025-06-03 14:54:11,287 [INFO] Lectura BMP390
2025-06-03 14:54:11,470 [INFO] Lectura LTR390
2025-06-03 14:54:11,477 [INFO] Lectura desde ESP32-S3 por serial
2025-06-03 14:54:15,239 [INFO] Lectura datos climáticos NASA
2025-06-03 14:54:15,242 [INFO] Datos JSON preparados para envío
2025-06-03 14:54:16,296 [INFO] Lectura BMP390
2025-06-03 14:54:16,480 [INFO] Lectura LTR390
2025-06-03 14:54:16,486 [INFO] Lectura desde ESP32-S3 por serial
2025-06-03 14:54:20,764 [INFO] Lectura datos climáticos NASA
2025-06-03 14:54:20,772 [INFO] Datos JSON preparados para envío
2025-06-03 14:54:21,824 [INFO] Lectura BMP390
2025-06-03 14:54:22,004 [INFO] Lectura LTR390
2025-06-03 14:54:22,010 [INFO] Lectura desde ESP32-S3 por serial
2025-06-03 14:54:26,275 [INFO] Lectura datos climáticos NASA
2025-06-03 14:54:26,282 [INFO] Datos JSON preparados para envío
2025-06-03 14:54:27,335 [INFO] Lectura BMP390
2025-06-03 14:54:27,514 [INFO] Lectura LTR390
2025-06-03 14:54:27,520 [INFO] Lectura desde ESP32-S3 por serial
2025-06-03 14:54:31,204 [INFO] Lectura datos climáticos NASA
2025-06-03 14:54:31,206 [INFO] Datos JSON preparados para envío
2025-06-03 14:54:32,258 [INFO] Lectura BMP390
2025-06-03 14:54:32,443 [INFO] Lectura LTR390
2025-06-03 14:54:32,452 [INFO] Lectura desde ESP32-S3 por serial
2025-06-03 14:54:36,526 [INFO] Lectura datos climáticos NASA
2025-06-03 14:54:36,530 [INFO] Datos JSON preparados para envío
2025-06-03 14:54:37,583 [INFO] Lectura BMP390
2025-06-03 14:54:37,763 [INFO] Lectura LTR390
2025-06-03 14:54:37,769 [INFO] Lectura desde ESP32-S3 por serial
2025-06-03 14:54:41,538 [INFO] Lectura datos climáticos NASA
2025-06-03 14:54:41,541 [INFO] Datos JSON preparados para envío
2025-06-03 14:54:42,595 [INFO] Lectura BMP390
2025-06-03 14:54:42,779 [INFO] Lectura LTR390
2025-06-03 14:54:42,784 [INFO] Lectura desde ESP32-S3 por serial
2025-06-03 14:54:46,144 [INFO] Lectura datos climáticos NASA
2025-06-03 14:54:46,147 [INFO] Datos JSON preparados para envío
2025-06-03 14:54:47,200 [INFO] Lectura BMP390
2025-06-03 14:54:47,385 [INFO] Lectura LTR390
2025-06-03 14:54:47,392 [INFO] Lectura desde ESP32-S3 por serial
2025-06-03 14:54:51,261 [INFO] Lectura datos climáticos NASA
2025-06-03 14:54:51,269 [INFO] Datos JSON preparados para envío
2025-06-03 14:54:52,325 [INFO] Lectura BMP390
2025-06-03 14:54:52,504 [INFO] Lectura LTR390
2025-06-03 14:54:52,513 [INFO] Lectura desde ESP32-S3 por serial
2025-06-03 14:54:56,891 [INFO] Lectura datos climáticos NASA
2025-06-03 14:54:56,894 [INFO] Datos JSON preparados para envío
2025-06-03 14:54:57,946 [INFO] Lectura BMP390
2025-06-03 14:54:58,128 [INFO] Lectura LTR390
2025-06-03 14:54:58,133 [INFO] Lectura desde ESP32-S3 por serial
2025-06-03 14:55:01,904 [INFO] Lectura datos climáticos NASA
2025-06-03 14:55:01,907 [INFO] Datos JSON preparados para envío
2025-06-03 14:55:02,961 [INFO] Lectura BMP390
2025-06-03 14:55:03,142 [INFO] Lectura LTR390
2025-06-03 14:55:03,149 [INFO] Lectura desde ESP32-S3 por serial
2025-06-03 14:55:07,939 [INFO] Lectura datos climáticos NASA
2025-06-03 14:55:07,942 [INFO] Datos JSON preparados para envío
2025-06-03 14:55:08,996 [INFO] Lectura BMP390
2025-06-03 14:55:09,180 [INFO] Lectura LTR390
2025-06-03 14:55:09,186 [INFO] Lectura desde ESP32-S3 por serial
2025-06-03 14:55:12,951 [INFO] Lectura datos climáticos NASA
2025-06-03 14:55:12,954 [INFO] Datos JSON preparados para envío
2025-06-03 14:55:14,007 [INFO] Lectura BMP390
2025-06-03 14:55:14,191 [INFO] Lectura LTR390
2025-06-03 14:55:14,198 [INFO] Lectura desde ESP32-S3 por serial
2025-06-03 14:55:18,277 [INFO] Lectura datos climáticos NASA
2025-06-03 14:55:18,281 [INFO] Datos JSON preparados para envío
2025-06-03 14:55:19,334 [INFO] Lectura BMP390
2025-06-03 14:55:19,515 [INFO] Lectura LTR390
2025-06-03 14:55:19,521 [INFO] Lectura desde ESP32-S3 por serial
2025-06-03 14:55:23,865 [INFO] Lectura datos climáticos NASA
2025-06-03 14:55:23,867 [INFO] Datos JSON preparados para envío
2025-06-03 14:55:24,920 [INFO] Lectura BMP390
2025-06-03 14:55:25,100 [INFO] Lectura LTR390
2025-06-03 14:55:25,106 [INFO] Lectura desde ESP32-S3 por serial
2025-06-03 14:55:28,919 [INFO] Lectura datos climáticos NASA
2025-06-03 14:55:28,922 [INFO] Datos JSON preparados para envío
2025-06-03 14:55:29,974 [INFO] Lectura BMP390
2025-06-03 14:55:30,157 [INFO] Lectura LTR390
2025-06-03 14:55:30,163 [INFO] Lectura desde ESP32-S3 por serial
2025-06-03 14:55:34,547 [INFO] Lectura datos climáticos NASA
2025-06-03 14:55:34,550 [INFO] Datos JSON preparados para envío
2025-06-03 14:55:35,603 [INFO] Lectura BMP390
2025-06-03 14:55:35,788 [INFO] Lectura LTR390
2025-06-03 14:55:35,795 [INFO] Lectura desde ESP32-S3 por serial
2025-06-03 14:55:39,404 [INFO] Lectura datos climáticos NASA
2025-06-03 14:55:39,407 [INFO] Datos JSON preparados para envío
2025-06-03 14:55:40,461 [INFO] Lectura BMP390
2025-06-03 14:55:40,644 [INFO] Lectura LTR390
2025-06-03 14:55:40,651 [INFO] Lectura desde ESP32-S3 por serial
2025-06-03 14:55:44,373 [INFO] Lectura datos climáticos NASA
2025-06-03 14:55:44,377 [INFO] Datos JSON preparados para envío
2025-06-03 14:55:45,432 [INFO] Lectura BMP390
2025-06-03 14:55:45,619 [INFO] Lectura LTR390
2025-06-03 14:55:45,625 [INFO] Lectura desde ESP32-S3 por serial
2025-06-03 14:55:49,793 [INFO] Lectura datos climáticos NASA
2025-06-03 14:55:49,796 [INFO] Datos JSON preparados para envío
2025-06-03 14:55:50,853 [INFO] Lectura BMP390
2025-06-03 14:55:51,035 [INFO] Lectura LTR390
2025-06-03 14:55:51,041 [INFO] Lectura desde ESP32-S3 por serial
2025-06-03 14:55:55,624 [INFO] Lectura datos climáticos NASA
2025-06-03 14:55:55,625 [INFO] Datos JSON preparados para envío
2025-06-03 14:55:56,678 [INFO] Lectura BMP390
2025-06-03 14:55:56,860 [INFO] Lectura LTR390
2025-06-03 14:55:56,866 [INFO] Lectura desde ESP32-S3 por serial
2025-06-03 14:56:00,438 [INFO] Lectura datos climáticos NASA
2025-06-03 14:56:00,441 [INFO] Datos JSON preparados para envío
2025-06-03 14:56:01,495 [INFO] Lectura BMP390
2025-06-03 14:56:01,675 [INFO] Lectura LTR390
2025-06-03 14:56:01,681 [INFO] Lectura desde ESP32-S3 por serial
2025-06-03 14:56:05,354 [INFO] Lectura datos climáticos NASA
2025-06-03 14:56:05,357 [INFO] Datos JSON preparados para envío
2025-06-03 14:56:06,414 [INFO] Lectura BMP390
2025-06-03 14:56:06,596 [INFO] Lectura LTR390
2025-06-03 14:56:06,602 [INFO] Lectura desde ESP32-S3 por serial
2025-06-03 14:56:10,056 [INFO] Lectura datos climáticos NASA
2025-06-03 14:56:10,059 [INFO] Datos JSON preparados para envío
2025-06-03 14:56:11,112 [INFO] Lectura BMP390
2025-06-03 14:56:11,292 [INFO] Lectura LTR390
2025-06-03 14:56:11,298 [INFO] Lectura desde ESP32-S3 por serial
2025-06-03 14:56:14,766 [INFO] Lectura datos climáticos NASA
2025-06-03 14:56:14,769 [INFO] Datos JSON preparados para envío
2025-06-03 14:56:15,825 [INFO] Lectura BMP390
2025-06-03 14:56:16,005 [INFO] Lectura LTR390
2025-06-03 14:56:16,011 [INFO] Lectura desde ESP32-S3 por serial
2025-06-03 14:56:19,780 [INFO] Lectura datos climáticos NASA
2025-06-03 14:56:19,783 [INFO] Datos JSON preparados para envío
2025-06-03 14:56:20,834 [INFO] Lectura BMP390
2025-06-03 14:56:21,015 [INFO] Lectura LTR390
2025-06-03 14:56:21,021 [INFO] Lectura desde ESP32-S3 por serial
2025-06-03 14:56:25,307 [INFO] Lectura datos climáticos NASA
2025-06-03 14:56:25,311 [INFO] Datos JSON preparados para envío
2025-06-03 14:56:26,365 [INFO] Lectura BMP390
2025-06-03 14:56:26,545 [INFO] Lectura LTR390
2025-06-03 14:56:26,552 [INFO] Lectura desde ESP32-S3 por serial
2025-06-03 14:56:30,532 [INFO] Lectura datos climáticos NASA
2025-06-03 14:56:30,535 [INFO] Datos JSON preparados para envío
2025-06-03 14:56:31,587 [INFO] Lectura BMP390
2025-06-03 14:56:31,767 [INFO] Lectura LTR390
2025-06-03 14:56:31,772 [INFO] Lectura desde ESP32-S3 por serial
2025-06-03 14:56:36,254 [INFO] Lectura datos climáticos NASA
2025-06-03 14:56:36,256 [INFO] Datos JSON preparados para envío
2025-06-03 14:56:37,308 [INFO] Lectura BMP390
2025-06-03 14:56:37,494 [INFO] Lectura LTR390
2025-06-03 14:56:37,500 [INFO] Lectura desde ESP32-S3 por serial
2025-06-03 14:56:41,175 [INFO] Lectura datos climáticos NASA
2025-06-03 14:56:41,177 [INFO] Datos JSON preparados para envío
2025-06-03 14:56:42,234 [INFO] Lectura BMP390
2025-06-03 14:56:42,414 [INFO] Lectura LTR390
2025-06-03 14:56:42,424 [INFO] Lectura desde ESP32-S3 por serial
2025-06-03 14:56:46,385 [INFO] Lectura datos climáticos NASA
2025-06-03 14:56:46,388 [INFO] Datos JSON preparados para envío
2025-06-03 14:56:47,442 [INFO] Lectura BMP390
2025-06-03 14:56:47,622 [INFO] Lectura LTR390
2025-06-03 14:56:47,628 [INFO] Lectura desde ESP32-S3 por serial
2025-06-03 14:56:51,719 [INFO] Lectura datos climáticos NASA
2025-06-03 14:56:51,722 [INFO] Datos JSON preparados para envío
2025-06-03 14:56:52,775 [INFO] Lectura BMP390
2025-06-03 14:56:52,956 [INFO] Lectura LTR390
2025-06-03 14:56:52,962 [INFO] Lectura desde ESP32-S3 por serial
2025-06-03 14:56:56,413 [INFO] Lectura datos climáticos NASA
2025-06-03 14:56:56,416 [INFO] Datos JSON preparados para envío
2025-06-03 14:56:57,469 [INFO] Lectura BMP390
2025-06-03 14:56:57,648 [INFO] Lectura LTR390
2025-06-03 14:56:57,654 [INFO] Lectura desde ESP32-S3 por serial
2025-06-03 14:57:01,428 [INFO] Lectura datos climáticos NASA
2025-06-03 14:57:01,431 [INFO] Datos JSON preparados para envío
2025-06-03 14:57:02,484 [INFO] Lectura BMP390
2025-06-03 14:57:02,664 [INFO] Lectura LTR390
2025-06-03 14:57:02,670 [INFO] Lectura desde ESP32-S3 por serial
2025-06-03 14:57:06,557 [INFO] Lectura datos climáticos NASA
2025-06-03 14:57:06,560 [INFO] Datos JSON preparados para envío
2025-06-03 14:57:07,618 [INFO] Lectura BMP390
2025-06-03 14:57:07,800 [INFO] Lectura LTR390
2025-06-03 14:57:07,806 [INFO] Lectura desde ESP32-S3 por serial
2025-06-03 14:57:11,863 [INFO] Lectura datos climáticos NASA
2025-06-03 14:57:11,865 [INFO] Datos JSON preparados para envío
2025-06-03 14:57:12,917 [INFO] Lectura BMP390
2025-06-03 14:57:13,097 [INFO] Lectura LTR390
2025-06-03 14:57:13,103 [INFO] Lectura desde ESP32-S3 por serial
2025-06-03 14:57:16,882 [INFO] Lectura datos climáticos NASA
2025-06-03 14:57:16,885 [INFO] Datos JSON preparados para envío
2025-06-03 14:57:17,938 [INFO] Lectura BMP390
2025-06-03 14:57:18,119 [INFO] Lectura LTR390
2025-06-03 14:57:18,125 [INFO] Lectura desde ESP32-S3 por serial
2025-06-03 14:57:21,999 [INFO] Lectura datos climáticos NASA
2025-06-03 14:57:22,002 [INFO] Datos JSON preparados para envío
2025-06-03 14:57:23,052 [INFO] Lectura BMP390
2025-06-03 14:57:23,228 [INFO] Lectura LTR390
2025-06-03 14:57:23,232 [INFO] Lectura desde ESP32-S3 por serial
2025-06-03 14:57:26,704 [INFO] Lectura datos climáticos NASA
2025-06-03 14:57:26,707 [INFO] Datos JSON preparados para envío
2025-06-03 14:57:27,760 [INFO] Lectura BMP390
2025-06-03 14:57:27,940 [INFO] Lectura LTR390
2025-06-03 14:57:27,946 [INFO] Lectura desde ESP32-S3 por serial
2025-06-03 14:57:31,616 [INFO] Lectura datos climáticos NASA
2025-06-03 14:57:31,619 [INFO] Datos JSON preparados para envío
2025-06-03 14:57:32,673 [INFO] Lectura BMP390
2025-06-03 14:57:32,858 [INFO] Lectura LTR390
2025-06-03 14:57:32,864 [INFO] Lectura desde ESP32-S3 por serial
2025-06-03 14:57:37,347 [INFO] Lectura datos climáticos NASA
2025-06-03 14:57:37,350 [INFO] Datos JSON preparados para envío
2025-06-03 14:57:38,403 [INFO] Lectura BMP390
2025-06-03 14:57:38,584 [INFO] Lectura LTR390
2025-06-03 14:57:38,591 [INFO] Lectura desde ESP32-S3 por serial
2025-06-03 14:57:42,973 [INFO] Lectura datos climáticos NASA
2025-06-03 14:57:42,976 [INFO] Datos JSON preparados para envío
2025-06-03 14:57:44,028 [INFO] Lectura BMP390
2025-06-03 14:57:44,208 [INFO] Lectura LTR390
2025-06-03 14:57:44,214 [INFO] Lectura desde ESP32-S3 por serial
2025-06-03 14:57:47,987 [INFO] Lectura datos climáticos NASA
2025-06-03 14:57:47,990 [INFO] Datos JSON preparados para envío
2025-06-03 14:57:49,043 [INFO] Lectura BMP390
2025-06-03 14:57:49,223 [INFO] Lectura LTR390
2025-06-03 14:57:49,230 [INFO] Lectura desde ESP32-S3 por serial
2025-06-03 14:57:53,005 [INFO] Lectura datos climáticos NASA
2025-06-03 14:57:53,008 [INFO] Datos JSON preparados para envío
2025-06-03 14:57:54,060 [INFO] Lectura BMP390
2025-06-03 14:57:54,246 [INFO] Lectura LTR390
2025-06-03 14:57:54,252 [INFO] Lectura desde ESP32-S3 por serial
2025-06-03 14:57:57,915 [INFO] Lectura datos climáticos NASA
2025-06-03 14:57:57,921 [INFO] Datos JSON preparados para envío
2025-06-03 14:57:58,973 [INFO] Lectura BMP390
2025-06-03 14:57:59,153 [INFO] Lectura LTR390
2025-06-03 14:57:59,160 [INFO] Lectura desde ESP32-S3 por serial
2025-06-03 14:58:02,622 [INFO] Lectura datos climáticos NASA
2025-06-03 14:58:02,625 [INFO] Datos JSON preparados para envío
2025-06-03 14:58:03,678 [INFO] Lectura BMP390
2025-06-03 14:58:03,863 [INFO] Lectura LTR390
2025-06-03 14:58:03,870 [INFO] Lectura desde ESP32-S3 por serial
2025-06-03 14:58:07,432 [INFO] Lectura datos climáticos NASA
2025-06-03 14:58:07,437 [INFO] Datos JSON preparados para envío
2025-06-03 14:58:08,488 [INFO] Lectura BMP390
2025-06-03 14:58:08,666 [INFO] Lectura LTR390
2025-06-03 14:58:08,672 [INFO] Lectura desde ESP32-S3 por serial
2025-06-03 14:58:12,446 [INFO] Lectura datos climáticos NASA
2025-06-03 14:58:12,449 [INFO] Datos JSON preparados para envío
2025-06-03 14:58:13,501 [INFO] Lectura BMP390
2025-06-03 14:58:13,683 [INFO] Lectura LTR390
2025-06-03 14:58:13,689 [INFO] Lectura desde ESP32-S3 por serial
2025-06-03 14:58:17,952 [INFO] Lectura datos climáticos NASA
2025-06-03 14:58:17,954 [INFO] Datos JSON preparados para envío
2025-06-03 14:58:19,005 [INFO] Lectura BMP390
2025-06-03 14:58:19,183 [INFO] Lectura LTR390
2025-06-03 14:58:19,186 [INFO] Lectura desde ESP32-S3 por serial
2025-06-03 14:58:22,884 [INFO] Lectura datos climáticos NASA
2025-06-03 14:58:22,887 [INFO] Datos JSON preparados para envío
2025-06-03 14:58:23,940 [INFO] Lectura BMP390
2025-06-03 14:58:24,122 [INFO] Lectura LTR390
2025-06-03 14:58:24,128 [INFO] Lectura desde ESP32-S3 por serial
2025-06-03 14:58:28,513 [INFO] Lectura datos climáticos NASA
2025-06-03 14:58:28,516 [INFO] Datos JSON preparados para envío
2025-06-03 14:58:29,567 [INFO] Lectura BMP390
2025-06-03 14:58:29,748 [INFO] Lectura LTR390
2025-06-03 14:58:29,752 [INFO] Lectura desde ESP32-S3 por serial
2025-06-03 14:58:34,452 [INFO] Lectura datos climáticos NASA
2025-06-03 14:58:34,455 [INFO] Datos JSON preparados para envío
2025-06-03 14:58:35,507 [INFO] Lectura BMP390
2025-06-03 14:58:35,687 [INFO] Lectura LTR390
2025-06-03 14:58:35,693 [INFO] Lectura desde ESP32-S3 por serial
2025-06-03 14:58:39,465 [INFO] Lectura datos climáticos NASA
2025-06-03 14:58:39,468 [INFO] Datos JSON preparados para envío
2025-06-03 14:58:40,522 [INFO] Lectura BMP390
2025-06-03 14:58:40,700 [INFO] Lectura LTR390
2025-06-03 14:58:40,703 [INFO] Lectura desde ESP32-S3 por serial
2025-06-03 14:58:44,375 [INFO] Lectura datos climáticos NASA
2025-06-03 14:58:44,377 [INFO] Datos JSON preparados para envío
2025-06-03 14:58:45,430 [INFO] Lectura BMP390
2025-06-03 14:58:45,614 [INFO] Lectura LTR390
2025-06-03 14:58:45,620 [INFO] Lectura desde ESP32-S3 por serial
2025-06-03 14:58:50,211 [INFO] Lectura datos climáticos NASA
2025-06-03 14:58:50,216 [INFO] Datos JSON preparados para envío
2025-06-03 14:58:51,267 [INFO] Lectura BMP390
2025-06-03 14:58:51,446 [INFO] Lectura LTR390
2025-06-03 14:58:51,450 [INFO] Lectura desde ESP32-S3 por serial
2025-06-03 14:58:54,814 [INFO] Lectura datos climáticos NASA
2025-06-03 14:58:54,818 [INFO] Datos JSON preparados para envío
2025-06-03 14:58:55,869 [INFO] Lectura BMP390
2025-06-03 14:58:56,049 [INFO] Lectura LTR390
2025-06-03 14:58:56,056 [INFO] Lectura desde ESP32-S3 por serial
2025-06-03 14:58:59,521 [INFO] Lectura datos climáticos NASA
2025-06-03 14:58:59,524 [INFO] Datos JSON preparados para envío
2025-06-03 14:59:00,577 [INFO] Lectura BMP390
2025-06-03 14:59:00,759 [INFO] Lectura LTR390
2025-06-03 14:59:00,768 [INFO] Lectura desde ESP32-S3 por serial
2025-06-03 14:59:04,435 [INFO] Lectura datos climáticos NASA
2025-06-03 14:59:04,438 [INFO] Datos JSON preparados para envío
2025-06-03 14:59:05,492 [INFO] Lectura BMP390
2025-06-03 14:59:05,672 [INFO] Lectura LTR390
2025-06-03 14:59:05,678 [INFO] Lectura desde ESP32-S3 por serial
2025-06-03 14:59:09,245 [INFO] Lectura datos climáticos NASA
2025-06-03 14:59:09,248 [INFO] Datos JSON preparados para envío
2025-06-03 14:59:10,303 [INFO] Lectura BMP390
2025-06-03 14:59:10,483 [INFO] Lectura LTR390
2025-06-03 14:59:10,489 [INFO] Lectura desde ESP32-S3 por serial
2025-06-03 14:59:14,561 [INFO] Lectura datos climáticos NASA
2025-06-03 14:59:14,562 [INFO] Datos JSON preparados para envío
2025-06-03 14:59:15,617 [INFO] Lectura BMP390
2025-06-03 14:59:15,793 [INFO] Lectura LTR390
2025-06-03 14:59:15,796 [INFO] Lectura desde ESP32-S3 por serial
2025-06-03 14:59:19,269 [INFO] Lectura datos climáticos NASA
2025-06-03 14:59:19,272 [INFO] Datos JSON preparados para envío
2025-06-03 14:59:20,325 [INFO] Lectura BMP390
2025-06-03 14:59:20,505 [INFO] Lectura LTR390
2025-06-03 14:59:20,512 [INFO] Lectura desde ESP32-S3 por serial
2025-06-03 14:59:25,551 [INFO] Lectura datos climáticos NASA
2025-06-03 14:59:25,554 [INFO] Datos JSON preparados para envío
2025-06-03 14:59:26,606 [INFO] Lectura BMP390
2025-06-03 14:59:26,784 [INFO] Lectura LTR390
2025-06-03 14:59:26,786 [INFO] Lectura desde ESP32-S3 por serial
2025-06-03 14:59:31,242 [INFO] Lectura datos climáticos NASA
2025-06-03 14:59:31,247 [INFO] Datos JSON preparados para envío
2025-06-03 14:59:32,302 [INFO] Lectura BMP390
2025-06-03 14:59:32,481 [INFO] Lectura LTR390
2025-06-03 14:59:32,487 [INFO] Lectura desde ESP32-S3 por serial
2025-06-03 14:59:36,563 [INFO] Lectura datos climáticos NASA
2025-06-03 14:59:36,566 [INFO] Datos JSON preparados para envío
2025-06-03 14:59:37,623 [INFO] Lectura BMP390
2025-06-03 14:59:37,807 [INFO] Lectura LTR390
2025-06-03 14:59:37,815 [INFO] Lectura desde ESP32-S3 por serial
2025-06-03 14:59:41,575 [INFO] Lectura datos climáticos NASA
2025-06-03 14:59:41,581 [INFO] Datos JSON preparados para envío
2025-06-03 14:59:42,636 [INFO] Lectura BMP390
2025-06-03 14:59:42,816 [INFO] Lectura LTR390
2025-06-03 14:59:42,823 [INFO] Lectura desde ESP32-S3 por serial
2025-06-03 14:59:47,615 [INFO] Lectura datos climáticos NASA
2025-06-03 14:59:47,620 [INFO] Datos JSON preparados para envío
2025-06-03 14:59:48,673 [INFO] Lectura BMP390
2025-06-03 14:59:48,854 [INFO] Lectura LTR390
2025-06-03 14:59:48,862 [INFO] Lectura desde ESP32-S3 por serial
2025-06-03 14:59:52,526 [INFO] Lectura datos climáticos NASA
2025-06-03 14:59:52,531 [INFO] Datos JSON preparados para envío
2025-06-03 14:59:53,584 [INFO] Lectura BMP390
2025-06-03 14:59:53,764 [INFO] Lectura LTR390
2025-06-03 14:59:53,771 [INFO] Lectura desde ESP32-S3 por serial
2025-06-03 14:59:58,463 [INFO] Lectura datos climáticos NASA
2025-06-03 14:59:58,465 [INFO] Datos JSON preparados para envío
2025-06-03 14:59:59,517 [INFO] Lectura BMP390
2025-06-03 14:59:59,699 [INFO] Lectura LTR390
2025-06-03 14:59:59,706 [INFO] Lectura desde ESP32-S3 por serial
2025-06-03 15:00:03,277 [INFO] Lectura datos climáticos NASA
2025-06-03 15:00:03,281 [INFO] Datos JSON preparados para envío
2025-06-03 15:00:04,333 [INFO] Lectura BMP390
2025-06-03 15:00:04,514 [INFO] Lectura LTR390
2025-06-03 15:00:04,520 [INFO] Lectura desde ESP32-S3 por serial
2025-06-03 15:00:09,617 [INFO] Lectura datos climáticos NASA
2025-06-03 15:00:09,620 [INFO] Datos JSON preparados para envío
2025-06-03 15:00:10,677 [INFO] Lectura BMP390
2025-06-03 15:00:10,856 [INFO] Lectura LTR390
2025-06-03 15:00:10,862 [INFO] Lectura desde ESP32-S3 por serial
2025-06-03 15:00:14,290 [INFO] Lectura datos climáticos NASA
2025-06-03 15:00:14,293 [INFO] Datos JSON preparados para envío
2025-06-03 15:00:15,345 [INFO] Lectura BMP390
2025-06-03 15:00:15,526 [INFO] Lectura LTR390
2025-06-03 15:00:15,532 [INFO] Lectura desde ESP32-S3 por serial
2025-06-03 15:00:18,827 [INFO] Lectura datos climáticos NASA
2025-06-03 15:00:18,830 [INFO] Datos JSON preparados para envío
2025-06-03 15:00:19,883 [INFO] Lectura BMP390
2025-06-03 15:00:20,062 [INFO] Lectura LTR390
2025-06-03 15:00:20,069 [INFO] Lectura desde ESP32-S3 por serial
2025-06-03 15:00:23,533 [INFO] Lectura datos climáticos NASA
2025-06-03 15:00:23,536 [INFO] Datos JSON preparados para envío
2025-06-03 15:00:24,589 [INFO] Lectura BMP390
2025-06-03 15:00:24,771 [INFO] Lectura LTR390
2025-06-03 15:00:24,777 [INFO] Lectura desde ESP32-S3 por serial
2025-06-03 15:00:28,548 [INFO] Lectura datos climáticos NASA
2025-06-03 15:00:28,552 [INFO] Datos JSON preparados para envío
2025-06-03 15:00:29,605 [INFO] Lectura BMP390
2025-06-03 15:00:29,785 [INFO] Lectura LTR390
2025-06-03 15:00:29,791 [INFO] Lectura desde ESP32-S3 por serial
2025-06-03 15:00:33,562 [INFO] Lectura datos climáticos NASA
2025-06-03 15:00:33,570 [INFO] Datos JSON preparados para envío
2025-06-03 15:00:34,626 [INFO] Lectura BMP390
2025-06-03 15:00:34,808 [INFO] Lectura LTR390
2025-06-03 15:00:34,815 [INFO] Lectura desde ESP32-S3 por serial
2025-06-03 15:00:38,884 [INFO] Lectura datos climáticos NASA
2025-06-03 15:00:38,886 [INFO] Datos JSON preparados para envío
2025-06-03 15:00:39,942 [INFO] Lectura BMP390
2025-06-03 15:00:40,122 [INFO] Lectura LTR390
2025-06-03 15:00:40,129 [INFO] Lectura desde ESP32-S3 por serial
2025-06-03 15:00:44,084 [INFO] Lectura datos climáticos NASA
2025-06-03 15:00:44,085 [INFO] Datos JSON preparados para envío
2025-06-03 15:00:45,143 [INFO] Lectura BMP390
2025-06-03 15:00:45,324 [INFO] Lectura LTR390
2025-06-03 15:00:45,329 [INFO] Lectura desde ESP32-S3 por serial
2025-06-03 15:00:49,322 [INFO] Lectura datos climáticos NASA
2025-06-03 15:00:49,325 [INFO] Datos JSON preparados para envío
2025-06-03 15:00:50,378 [INFO] Lectura BMP390
2025-06-03 15:00:50,559 [INFO] Lectura LTR390
2025-06-03 15:00:50,565 [INFO] Lectura desde ESP32-S3 por serial
2025-06-03 15:00:55,259 [INFO] Lectura datos climáticos NASA
2025-06-03 15:00:55,261 [INFO] Datos JSON preparados para envío
2025-06-03 15:00:56,314 [INFO] Lectura BMP390
2025-06-03 15:00:56,494 [INFO] Lectura LTR390
2025-06-03 15:00:56,501 [INFO] Lectura desde ESP32-S3 por serial
2025-06-03 15:01:00,682 [INFO] Lectura datos climáticos NASA
2025-06-03 15:01:00,685 [INFO] Datos JSON preparados para envío
2025-06-03 15:01:01,741 [INFO] Lectura BMP390
2025-06-03 15:01:01,924 [INFO] Lectura LTR390
2025-06-03 15:01:01,930 [INFO] Lectura desde ESP32-S3 por serial
2025-06-03 15:01:06,513 [INFO] Lectura datos climáticos NASA
2025-06-03 15:01:06,516 [INFO] Datos JSON preparados para envío
2025-06-03 15:01:07,573 [INFO] Lectura BMP390
2025-06-03 15:01:07,752 [INFO] Lectura LTR390
2025-06-03 15:01:07,758 [INFO] Lectura desde ESP32-S3 por serial
2025-06-03 15:01:12,433 [INFO] Lectura datos climáticos NASA
2025-06-03 15:01:12,436 [INFO] Datos JSON preparados para envío
2025-06-03 15:01:13,489 [INFO] Lectura BMP390
2025-06-03 15:01:13,670 [INFO] Lectura LTR390
2025-06-03 15:01:13,676 [INFO] Lectura desde ESP32-S3 por serial
2025-06-03 15:01:18,181 [INFO] Lectura datos climáticos NASA
2025-06-03 15:01:18,184 [INFO] Datos JSON preparados para envío
2025-06-03 15:01:19,237 [INFO] Lectura BMP390
2025-06-03 15:01:19,416 [INFO] Lectura LTR390
2025-06-03 15:01:19,421 [INFO] Lectura desde ESP32-S3 por serial
2025-06-03 15:01:22,785 [INFO] Lectura datos climáticos NASA
2025-06-03 15:01:22,788 [INFO] Datos JSON preparados para envío
2025-06-03 15:01:23,841 [INFO] Lectura BMP390
2025-06-03 15:01:24,021 [INFO] Lectura LTR390
2025-06-03 15:01:24,027 [INFO] Lectura desde ESP32-S3 por serial
2025-06-03 15:01:28,521 [INFO] Lectura datos climáticos NASA
2025-06-03 15:01:28,524 [INFO] Datos JSON preparados para envío
2025-06-03 15:01:29,578 [INFO] Lectura BMP390
2025-06-03 15:01:29,758 [INFO] Lectura LTR390
2025-06-03 15:01:29,764 [INFO] Lectura desde ESP32-S3 por serial
2025-06-03 15:01:34,147 [INFO] Lectura datos climáticos NASA
2025-06-03 15:01:34,151 [INFO] Datos JSON preparados para envío
2025-06-03 15:01:35,203 [INFO] Lectura BMP390
2025-06-03 15:01:35,383 [INFO] Lectura LTR390
2025-06-03 15:01:35,389 [INFO] Lectura desde ESP32-S3 por serial
2025-06-03 15:01:39,261 [INFO] Lectura datos climáticos NASA
2025-06-03 15:01:39,264 [INFO] Datos JSON preparados para envío
2025-06-03 15:01:40,316 [INFO] Lectura BMP390
2025-06-03 15:01:40,495 [INFO] Lectura LTR390
2025-06-03 15:01:40,501 [INFO] Lectura desde ESP32-S3 por serial
2025-06-03 15:01:45,815 [INFO] Lectura datos climáticos NASA
2025-06-03 15:01:45,818 [INFO] Datos JSON preparados para envío
2025-06-03 15:01:46,875 [INFO] Lectura BMP390
2025-06-03 15:01:47,056 [INFO] Lectura LTR390
2025-06-03 15:01:47,063 [INFO] Lectura desde ESP32-S3 por serial
2025-06-03 15:01:51,028 [INFO] Lectura datos climáticos NASA
2025-06-03 15:01:51,032 [INFO] Datos JSON preparados para envío
2025-06-03 15:01:52,086 [INFO] Lectura BMP390
2025-06-03 15:01:52,266 [INFO] Lectura LTR390
2025-06-03 15:01:52,272 [INFO] Lectura desde ESP32-S3 por serial
2025-06-03 15:01:56,551 [INFO] Lectura datos climáticos NASA
2025-06-03 15:01:56,552 [INFO] Datos JSON preparados para envío
2025-06-03 15:01:57,605 [INFO] Lectura BMP390
2025-06-03 15:01:57,785 [INFO] Lectura LTR390
2025-06-03 15:01:57,791 [INFO] Lectura desde ESP32-S3 por serial
2025-06-03 15:02:02,619 [INFO] Lectura datos climáticos NASA
2025-06-03 15:02:02,622 [INFO] Datos JSON preparados para envío
2025-06-03 15:02:03,675 [INFO] Lectura BMP390
2025-06-03 15:02:03,856 [INFO] Lectura LTR390
2025-06-03 15:02:03,862 [INFO] Lectura desde ESP32-S3 por serial
2025-06-03 15:02:07,502 [INFO] Lectura datos climáticos NASA
2025-06-03 15:02:07,505 [INFO] Datos JSON preparados para envío
2025-06-03 15:02:08,556 [INFO] Lectura BMP390
2025-06-03 15:02:08,732 [INFO] Lectura LTR390
2025-06-03 15:02:08,735 [INFO] Lectura desde ESP32-S3 por serial
2025-06-03 15:02:13,949 [INFO] Lectura datos climáticos NASA
2025-06-03 15:02:13,952 [INFO] Datos JSON preparados para envío
2025-06-03 15:02:15,007 [INFO] Lectura BMP390
2025-06-03 15:02:15,187 [INFO] Lectura LTR390
2025-06-03 15:02:15,195 [INFO] Lectura desde ESP32-S3 por serial
2025-06-03 15:02:19,887 [INFO] Lectura datos climáticos NASA
2025-06-03 15:02:19,888 [INFO] Datos JSON preparados para envío
2025-06-03 15:02:20,943 [INFO] Lectura BMP390
2025-06-03 15:02:21,123 [INFO] Lectura LTR390
2025-06-03 15:02:21,131 [INFO] Lectura desde ESP32-S3 por serial
2025-06-03 15:02:24,923 [INFO] Lectura datos climáticos NASA
2025-06-03 15:02:24,927 [INFO] Datos JSON preparados para envío
2025-06-03 15:02:25,979 [INFO] Lectura BMP390
2025-06-03 15:02:26,163 [INFO] Lectura LTR390
2025-06-03 15:02:26,170 [INFO] Lectura desde ESP32-S3 por serial
2025-06-03 15:02:30,119 [INFO] Lectura datos climáticos NASA
2025-06-03 15:02:30,122 [INFO] Datos JSON preparados para envío
2025-06-03 15:02:31,176 [INFO] Lectura BMP390
2025-06-03 15:02:31,356 [INFO] Lectura LTR390
2025-06-03 15:02:31,362 [INFO] Lectura desde ESP32-S3 por serial
2025-06-03 15:02:34,931 [INFO] Lectura datos climáticos NASA
2025-06-03 15:02:34,935 [INFO] Datos JSON preparados para envío
2025-06-03 15:02:35,987 [INFO] Lectura BMP390
2025-06-03 15:02:36,172 [INFO] Lectura LTR390
2025-06-03 15:02:36,179 [INFO] Lectura desde ESP32-S3 por serial
2025-06-03 15:02:40,961 [INFO] Lectura datos climáticos NASA
2025-06-03 15:02:40,964 [INFO] Datos JSON preparados para envío
2025-06-03 15:02:42,017 [INFO] Lectura BMP390
2025-06-03 15:02:42,200 [INFO] Lectura LTR390
2025-06-03 15:02:42,206 [INFO] Lectura desde ESP32-S3 por serial
2025-06-03 15:02:45,979 [INFO] Lectura datos climáticos NASA
2025-06-03 15:02:45,982 [INFO] Datos JSON preparados para envío
2025-06-03 15:02:47,033 [INFO] Lectura BMP390
2025-06-03 15:02:47,217 [INFO] Lectura LTR390
2025-06-03 15:02:47,224 [INFO] Lectura desde ESP32-S3 por serial
2025-06-03 15:02:51,307 [INFO] Lectura datos climáticos NASA
2025-06-03 15:02:51,309 [INFO] Datos JSON preparados para envío
2025-06-03 15:02:52,363 [INFO] Lectura BMP390
2025-06-03 15:02:52,544 [INFO] Lectura LTR390
2025-06-03 15:02:52,550 [INFO] Lectura desde ESP32-S3 por serial
2025-06-03 15:02:56,315 [INFO] Lectura datos climáticos NASA
2025-06-03 15:02:56,318 [INFO] Datos JSON preparados para envío
2025-06-03 15:02:57,372 [INFO] Lectura BMP390
2025-06-03 15:02:57,556 [INFO] Lectura LTR390
2025-06-03 15:02:57,562 [INFO] Lectura desde ESP32-S3 por serial
2025-06-03 15:03:01,227 [INFO] Lectura datos climáticos NASA
2025-06-03 15:03:01,230 [INFO] Datos JSON preparados para envío
2025-06-03 15:03:02,285 [INFO] Lectura BMP390
2025-06-03 15:03:02,469 [INFO] Lectura LTR390
2025-06-03 15:03:02,475 [INFO] Lectura desde ESP32-S3 por serial
2025-06-03 15:03:06,548 [INFO] Lectura datos climáticos NASA
2025-06-03 15:03:06,552 [INFO] Datos JSON preparados para envío
2025-06-03 15:03:07,605 [INFO] Lectura BMP390
2025-06-03 15:03:07,785 [INFO] Lectura LTR390
2025-06-03 15:03:07,791 [INFO] Lectura desde ESP32-S3 por serial
2025-06-03 15:03:12,483 [INFO] Lectura datos climáticos NASA
2025-06-03 15:03:12,485 [INFO] Datos JSON preparados para envío
2025-06-03 15:03:13,537 [INFO] Lectura BMP390
2025-06-03 15:03:13,717 [INFO] Lectura LTR390
2025-06-03 15:03:13,723 [INFO] Lectura desde ESP32-S3 por serial
2025-06-03 15:03:18,324 [INFO] Lectura datos climáticos NASA
2025-06-03 15:03:18,326 [INFO] Datos JSON preparados para envío
2025-06-03 15:03:19,379 [INFO] Lectura BMP390
2025-06-03 15:03:19,558 [INFO] Lectura LTR390
2025-06-03 15:03:19,564 [INFO] Lectura desde ESP32-S3 por serial
2025-06-03 15:03:22,819 [INFO] Lectura datos climáticos NASA
2025-06-03 15:03:22,822 [INFO] Datos JSON preparados para envío
2025-06-03 15:03:23,871 [INFO] Lectura BMP390
2025-06-03 15:03:24,047 [INFO] Lectura LTR390
2025-06-03 15:03:24,050 [INFO] Lectura desde ESP32-S3 por serial
2025-06-03 15:03:28,757 [INFO] Lectura datos climáticos NASA
2025-06-03 15:03:28,761 [INFO] Datos JSON preparados para envío
2025-06-03 15:03:29,813 [INFO] Lectura BMP390
2025-06-03 15:03:29,993 [INFO] Lectura LTR390
2025-06-03 15:03:29,999 [INFO] Lectura desde ESP32-S3 por serial
2025-06-03 15:03:34,087 [INFO] Lectura datos climáticos NASA
2025-06-03 15:03:34,094 [INFO] Datos JSON preparados para envío
2025-06-03 15:03:35,147 [INFO] Lectura BMP390
2025-06-03 15:03:35,328 [INFO] Lectura LTR390
2025-06-03 15:03:35,334 [INFO] Lectura desde ESP32-S3 por serial
2025-06-03 15:03:38,740 [INFO] Lectura datos climáticos NASA
2025-06-03 15:03:38,743 [INFO] Datos JSON preparados para envío
2025-06-03 15:03:39,796 [INFO] Lectura BMP390
2025-06-03 15:03:39,982 [INFO] Lectura LTR390
2025-06-03 15:03:39,988 [INFO] Lectura desde ESP32-S3 por serial
2025-06-03 15:03:43,613 [INFO] Lectura datos climáticos NASA
2025-06-03 15:03:43,618 [INFO] Datos JSON preparados para envío
2025-06-03 15:03:44,669 [INFO] Lectura BMP390
2025-06-03 15:03:44,845 [INFO] Lectura LTR390
2025-06-03 15:03:44,848 [INFO] Lectura desde ESP32-S3 por serial
2025-06-03 15:03:50,249 [INFO] Lectura datos climáticos NASA
2025-06-03 15:03:50,252 [INFO] Datos JSON preparados para envío
2025-06-03 15:03:51,308 [INFO] Lectura BMP390
2025-06-03 15:03:51,487 [INFO] Lectura LTR390
2025-06-03 15:03:51,493 [INFO] Lectura desde ESP32-S3 por serial
2025-06-03 15:03:54,748 [INFO] Lectura datos climáticos NASA
2025-06-03 15:03:54,751 [INFO] Datos JSON preparados para envío
2025-06-03 15:03:55,800 [INFO] Lectura BMP390
2025-06-03 15:03:55,980 [INFO] Lectura LTR390
2025-06-03 15:03:55,983 [INFO] Lectura desde ESP32-S3 por serial
2025-06-03 15:04:00,783 [INFO] Lectura datos climáticos NASA
2025-06-03 15:04:00,784 [INFO] Datos JSON preparados para envío
2025-06-03 15:04:01,837 [INFO] Lectura BMP390
2025-06-03 15:04:02,022 [INFO] Lectura LTR390
2025-06-03 15:04:02,028 [INFO] Lectura desde ESP32-S3 por serial
2025-06-03 15:04:05,418 [INFO] Lectura datos climáticos NASA
2025-06-03 15:04:05,421 [INFO] Datos JSON preparados para envío
2025-06-03 15:04:06,474 [INFO] Lectura BMP390
2025-06-03 15:04:06,654 [INFO] Lectura LTR390
2025-06-03 15:04:06,660 [INFO] Lectura desde ESP32-S3 por serial
2025-06-03 15:04:10,816 [INFO] Lectura datos climáticos NASA
2025-06-03 15:04:10,819 [INFO] Datos JSON preparados para envío
2025-06-03 15:04:11,873 [INFO] Lectura BMP390
2025-06-03 15:04:12,055 [INFO] Lectura LTR390
2025-06-03 15:04:12,061 [INFO] Lectura desde ESP32-S3 por serial
2025-06-03 15:04:16,342 [INFO] Lectura datos climáticos NASA
2025-06-03 15:04:16,345 [INFO] Datos JSON preparados para envío
2025-06-03 15:04:17,397 [INFO] Lectura BMP390
2025-06-03 15:04:17,577 [INFO] Lectura LTR390
2025-06-03 15:04:17,583 [INFO] Lectura desde ESP32-S3 por serial
2025-06-03 15:04:20,949 [INFO] Lectura datos climáticos NASA
2025-06-03 15:04:20,956 [INFO] Datos JSON preparados para envío
2025-06-03 15:04:22,007 [INFO] Lectura BMP390
2025-06-03 15:04:22,187 [INFO] Lectura LTR390
2025-06-03 15:04:22,194 [INFO] Lectura desde ESP32-S3 por serial
2025-06-03 15:04:27,186 [INFO] Lectura datos climáticos NASA
2025-06-03 15:04:27,190 [INFO] Datos JSON preparados para envío
2025-06-03 15:04:28,241 [INFO] Lectura BMP390
2025-06-03 15:04:28,422 [INFO] Lectura LTR390
2025-06-03 15:04:28,427 [INFO] Lectura desde ESP32-S3 por serial
2025-06-03 15:04:32,918 [INFO] Lectura datos climáticos NASA
2025-06-03 15:04:32,921 [INFO] Datos JSON preparados para envío
2025-06-03 15:04:33,976 [INFO] Lectura BMP390
2025-06-03 15:04:34,156 [INFO] Lectura LTR390
2025-06-03 15:04:34,163 [INFO] Lectura desde ESP32-S3 por serial
2025-06-03 15:04:38,862 [INFO] Lectura datos climáticos NASA
2025-06-03 15:04:38,868 [INFO] Datos JSON preparados para envío
2025-06-03 15:04:39,921 [INFO] Lectura BMP390
2025-06-03 15:04:40,103 [INFO] Lectura LTR390
2025-06-03 15:04:40,109 [INFO] Lectura desde ESP32-S3 por serial
2025-06-03 15:04:43,765 [INFO] Lectura datos climáticos NASA
2025-06-03 15:04:43,768 [INFO] Datos JSON preparados para envío
2025-06-03 15:04:44,821 [INFO] Lectura BMP390
2025-06-03 15:04:45,002 [INFO] Lectura LTR390
2025-06-03 15:04:45,008 [INFO] Lectura desde ESP32-S3 por serial
2025-06-03 15:04:48,369 [INFO] Lectura datos climáticos NASA
2025-06-03 15:04:48,372 [INFO] Datos JSON preparados para envío
2025-06-03 15:04:49,424 [INFO] Lectura BMP390
2025-06-03 15:04:49,601 [INFO] Lectura LTR390
2025-06-03 15:04:49,606 [INFO] Lectura desde ESP32-S3 por serial
2025-06-03 15:04:52,974 [INFO] Lectura datos climáticos NASA
2025-06-03 15:04:52,976 [INFO] Datos JSON preparados para envío
2025-06-03 15:04:54,029 [INFO] Lectura BMP390
2025-06-03 15:04:54,212 [INFO] Lectura LTR390
2025-06-03 15:04:54,217 [INFO] Lectura desde ESP32-S3 por serial
2025-06-03 15:04:57,376 [INFO] Lectura datos climáticos NASA
2025-06-03 15:04:57,379 [INFO] Datos JSON preparados para envío
2025-06-03 15:04:58,432 [INFO] Lectura BMP390
2025-06-03 15:04:58,612 [INFO] Lectura LTR390
2025-06-03 15:04:58,618 [INFO] Lectura desde ESP32-S3 por serial
2025-06-03 15:05:02,633 [INFO] Lectura datos climáticos NASA
2025-06-03 15:05:02,636 [INFO] Datos JSON preparados para envío
2025-06-03 15:05:03,689 [INFO] Lectura BMP390
2025-06-03 15:05:03,870 [INFO] Lectura LTR390
2025-06-03 15:05:03,877 [INFO] Lectura desde ESP32-S3 por serial
2025-06-03 15:05:07,505 [INFO] Lectura datos climáticos NASA
2025-06-03 15:05:07,508 [INFO] Datos JSON preparados para envío
2025-06-03 15:05:08,561 [INFO] Lectura BMP390
2025-06-03 15:05:08,742 [INFO] Lectura LTR390
2025-06-03 15:05:08,748 [INFO] Lectura desde ESP32-S3 por serial
2025-06-03 15:05:12,212 [INFO] Lectura datos climáticos NASA
2025-06-03 15:05:12,215 [INFO] Datos JSON preparados para envío
2025-06-03 15:05:13,267 [INFO] Lectura BMP390
2025-06-03 15:05:13,448 [INFO] Lectura LTR390
2025-06-03 15:05:13,454 [INFO] Lectura desde ESP32-S3 por serial
2025-06-03 15:05:17,125 [INFO] Lectura datos climáticos NASA
2025-06-03 15:05:17,130 [INFO] Datos JSON preparados para envío
2025-06-03 15:05:18,182 [INFO] Lectura BMP390
2025-06-03 15:05:18,363 [INFO] Lectura LTR390
2025-06-03 15:05:18,368 [INFO] Lectura desde ESP32-S3 por serial
2025-06-03 15:05:22,036 [INFO] Lectura datos climáticos NASA
2025-06-03 15:05:22,040 [INFO] Datos JSON preparados para envío
2025-06-03 15:05:23,091 [INFO] Lectura BMP390
2025-06-03 15:05:23,271 [INFO] Lectura LTR390
2025-06-03 15:05:23,277 [INFO] Lectura desde ESP32-S3 por serial
2025-06-03 15:05:27,871 [INFO] Lectura datos climáticos NASA
2025-06-03 15:05:27,878 [INFO] Datos JSON preparados para envío
2025-06-03 15:05:28,934 [INFO] Lectura BMP390
2025-06-03 15:05:29,116 [INFO] Lectura LTR390
2025-06-03 15:05:29,122 [INFO] Lectura desde ESP32-S3 por serial
2025-06-03 15:05:32,577 [INFO] Lectura datos climáticos NASA
2025-06-03 15:05:32,581 [INFO] Datos JSON preparados para envío
2025-06-03 15:05:33,634 [INFO] Lectura BMP390
2025-06-03 15:05:33,820 [INFO] Lectura LTR390
2025-06-03 15:05:33,826 [INFO] Lectura desde ESP32-S3 por serial
2025-06-03 15:05:37,393 [INFO] Lectura datos climáticos NASA
2025-06-03 15:05:37,396 [INFO] Datos JSON preparados para envío
2025-06-03 15:05:38,450 [INFO] Lectura BMP390
2025-06-03 15:05:38,631 [INFO] Lectura LTR390
2025-06-03 15:05:38,637 [INFO] Lectura desde ESP32-S3 por serial
2025-06-03 15:05:42,093 [INFO] Lectura datos climáticos NASA
2025-06-03 15:05:42,096 [INFO] Datos JSON preparados para envío
2025-06-03 15:05:43,149 [INFO] Lectura BMP390
2025-06-03 15:05:43,334 [INFO] Lectura LTR390
2025-06-03 15:05:43,339 [INFO] Lectura desde ESP32-S3 por serial
2025-06-03 15:05:46,802 [INFO] Lectura datos climáticos NASA
2025-06-03 15:05:46,805 [INFO] Datos JSON preparados para envío
2025-06-03 15:05:47,858 [INFO] Lectura BMP390
2025-06-03 15:05:48,037 [INFO] Lectura LTR390
2025-06-03 15:05:48,044 [INFO] Lectura desde ESP32-S3 por serial
2025-06-03 15:05:51,612 [INFO] Lectura datos climáticos NASA
2025-06-03 15:05:51,615 [INFO] Datos JSON preparados para envío
2025-06-03 15:05:52,665 [INFO] Lectura BMP390
2025-06-03 15:05:52,845 [INFO] Lectura LTR390
2025-06-03 15:05:52,848 [INFO] Lectura desde ESP32-S3 por serial
2025-06-03 15:05:56,941 [INFO] Lectura datos climáticos NASA
2025-06-03 15:05:56,944 [INFO] Datos JSON preparados para envío
2025-06-03 15:05:58,000 [INFO] Lectura BMP390
2025-06-03 15:05:58,180 [INFO] Lectura LTR390
2025-06-03 15:05:58,185 [INFO] Lectura desde ESP32-S3 por serial
2025-06-03 15:06:02,462 [INFO] Lectura datos climáticos NASA
2025-06-03 15:06:02,465 [INFO] Datos JSON preparados para envío
2025-06-03 15:06:03,521 [INFO] Lectura BMP390
2025-06-03 15:06:03,700 [INFO] Lectura LTR390
2025-06-03 15:06:03,704 [INFO] Lectura desde ESP32-S3 por serial
2025-06-03 15:06:07,062 [INFO] Lectura datos climáticos NASA
2025-06-03 15:06:07,065 [INFO] Datos JSON preparados para envío
2025-06-03 15:06:08,118 [INFO] Lectura BMP390
2025-06-03 15:06:08,299 [INFO] Lectura LTR390
2025-06-03 15:06:08,305 [INFO] Lectura desde ESP32-S3 por serial
2025-06-03 15:06:11,873 [INFO] Lectura datos climáticos NASA
2025-06-03 15:06:11,876 [INFO] Datos JSON preparados para envío
2025-06-03 15:06:12,929 [INFO] Lectura BMP390
2025-06-03 15:06:13,108 [INFO] Lectura LTR390
2025-06-03 15:06:13,115 [INFO] Lectura desde ESP32-S3 por serial
2025-06-03 15:06:16,992 [INFO] Lectura datos climáticos NASA
2025-06-03 15:06:16,995 [INFO] Datos JSON preparados para envío
2025-06-03 15:06:18,047 [INFO] Lectura BMP390
2025-06-03 15:06:18,233 [INFO] Lectura LTR390
2025-06-03 15:06:18,240 [INFO] Lectura desde ESP32-S3 por serial
2025-06-03 15:06:22,207 [INFO] Lectura datos climáticos NASA
2025-06-03 15:06:22,210 [INFO] Datos JSON preparados para envío
2025-06-03 15:06:23,263 [INFO] Lectura BMP390
2025-06-03 15:06:23,442 [INFO] Lectura LTR390
2025-06-03 15:06:23,447 [INFO] Lectura desde ESP32-S3 por serial
2025-06-03 15:06:27,325 [INFO] Lectura datos climáticos NASA
2025-06-03 15:06:27,327 [INFO] Datos JSON preparados para envío
2025-06-03 15:06:28,384 [INFO] Lectura BMP390
2025-06-03 15:06:28,564 [INFO] Lectura LTR390
2025-06-03 15:06:28,571 [INFO] Lectura desde ESP32-S3 por serial
2025-06-03 15:06:32,057 [INFO] Lectura datos climáticos NASA
2025-06-03 15:06:32,060 [INFO] Datos JSON preparados para envío
2025-06-03 15:06:33,117 [INFO] Lectura BMP390
2025-06-03 15:06:33,300 [INFO] Lectura LTR390
2025-06-03 15:06:33,305 [INFO] Lectura desde ESP32-S3 por serial
2025-06-03 15:06:37,970 [INFO] Lectura datos climáticos NASA
2025-06-03 15:06:37,973 [INFO] Datos JSON preparados para envío
2025-06-03 15:06:39,027 [INFO] Lectura BMP390
2025-06-03 15:06:39,207 [INFO] Lectura LTR390
2025-06-03 15:06:39,213 [INFO] Lectura desde ESP32-S3 por serial
2025-06-03 15:06:42,674 [INFO] Lectura datos climáticos NASA
2025-06-03 15:06:42,677 [INFO] Datos JSON preparados para envío
2025-06-03 15:06:43,733 [INFO] Lectura BMP390
2025-06-03 15:06:43,912 [INFO] Lectura LTR390
2025-06-03 15:06:43,918 [INFO] Lectura desde ESP32-S3 por serial
2025-06-03 15:06:49,840 [INFO] Lectura datos climáticos NASA
2025-06-03 15:06:49,843 [INFO] Datos JSON preparados para envío
2025-06-03 15:06:50,896 [INFO] Lectura BMP390
2025-06-03 15:06:51,081 [INFO] Lectura LTR390
2025-06-03 15:06:51,087 [INFO] Lectura desde ESP32-S3 por serial
2025-06-03 15:06:55,059 [INFO] Lectura datos climáticos NASA
2025-06-03 15:06:55,062 [INFO] Datos JSON preparados para envío
2025-06-03 15:06:56,121 [INFO] Lectura BMP390
2025-06-03 15:06:56,301 [INFO] Lectura LTR390
2025-06-03 15:06:56,307 [INFO] Lectura desde ESP32-S3 por serial
2025-06-03 15:06:59,873 [INFO] Lectura datos climáticos NASA
2025-06-03 15:06:59,876 [INFO] Datos JSON preparados para envío
2025-06-03 15:07:00,929 [INFO] Lectura BMP390
2025-06-03 15:07:01,108 [INFO] Lectura LTR390
2025-06-03 15:07:01,114 [INFO] Lectura desde ESP32-S3 por serial
2025-06-03 15:07:04,479 [INFO] Lectura datos climáticos NASA
2025-06-03 15:07:04,483 [INFO] Datos JSON preparados para envío
2025-06-03 15:07:05,538 [INFO] Lectura BMP390
2025-06-03 15:07:05,717 [INFO] Lectura LTR390
2025-06-03 15:07:05,723 [INFO] Lectura desde ESP32-S3 por serial
2025-06-03 15:07:09,895 [INFO] Lectura datos climáticos NASA
2025-06-03 15:07:09,898 [INFO] Datos JSON preparados para envío
2025-06-03 15:07:10,951 [INFO] Lectura BMP390
2025-06-03 15:07:11,131 [INFO] Lectura LTR390
2025-06-03 15:07:11,137 [INFO] Lectura desde ESP32-S3 por serial
2025-06-03 15:07:14,910 [INFO] Lectura datos climáticos NASA
2025-06-03 15:07:14,913 [INFO] Datos JSON preparados para envío
2025-06-03 15:07:15,968 [INFO] Lectura BMP390
2025-06-03 15:07:16,150 [INFO] Lectura LTR390
2025-06-03 15:07:16,155 [INFO] Lectura desde ESP32-S3 por serial
2025-06-03 15:07:20,026 [INFO] Lectura datos climáticos NASA
2025-06-03 15:07:20,029 [INFO] Datos JSON preparados para envío
2025-06-03 15:07:21,082 [INFO] Lectura BMP390
2025-06-03 15:07:21,265 [INFO] Lectura LTR390
2025-06-03 15:07:21,271 [INFO] Lectura desde ESP32-S3 por serial
2025-06-03 15:07:25,862 [INFO] Lectura datos climáticos NASA
2025-06-03 15:07:25,865 [INFO] Datos JSON preparados para envío
2025-06-03 15:07:26,922 [INFO] Lectura BMP390
2025-06-03 15:07:27,102 [INFO] Lectura LTR390
2025-06-03 15:07:27,108 [INFO] Lectura desde ESP32-S3 por serial
2025-06-03 15:07:30,220 [INFO] Lectura datos climáticos NASA
2025-06-03 15:07:30,225 [INFO] Datos JSON preparados para envío
2025-06-03 15:07:31,279 [INFO] Lectura BMP390
2025-06-03 15:07:31,461 [INFO] Lectura LTR390
2025-06-03 15:07:31,467 [INFO] Lectura desde ESP32-S3 por serial
2025-06-03 15:07:35,070 [INFO] Lectura datos climáticos NASA
2025-06-03 15:07:35,073 [INFO] Datos JSON preparados para envío
2025-06-03 15:07:36,127 [INFO] Lectura BMP390
2025-06-03 15:07:36,309 [INFO] Lectura LTR390
2025-06-03 15:07:36,315 [INFO] Lectura desde ESP32-S3 por serial
2025-06-03 15:07:41,312 [INFO] Lectura datos climáticos NASA
2025-06-03 15:07:41,315 [INFO] Datos JSON preparados para envío
2025-06-03 15:07:42,368 [INFO] Lectura BMP390
2025-06-03 15:07:42,548 [INFO] Lectura LTR390
2025-06-03 15:07:42,555 [INFO] Lectura desde ESP32-S3 por serial
2025-06-03 15:07:46,530 [INFO] Lectura datos climáticos NASA
2025-06-03 15:07:46,533 [INFO] Datos JSON preparados para envío
2025-06-03 15:07:47,591 [INFO] Lectura BMP390
2025-06-03 15:07:47,775 [INFO] Lectura LTR390
2025-06-03 15:07:47,783 [INFO] Lectura desde ESP32-S3 por serial
2025-06-03 15:07:52,567 [INFO] Lectura datos climáticos NASA
2025-06-03 15:07:52,571 [INFO] Datos JSON preparados para envío
2025-06-03 15:07:53,625 [INFO] Lectura BMP390
2025-06-03 15:07:53,808 [INFO] Lectura LTR390
2025-06-03 15:07:53,813 [INFO] Lectura desde ESP32-S3 por serial
2025-06-03 15:07:58,093 [INFO] Lectura datos climáticos NASA
2025-06-03 15:07:58,096 [INFO] Datos JSON preparados para envío
2025-06-03 15:07:59,150 [INFO] Lectura BMP390
2025-06-03 15:07:59,331 [INFO] Lectura LTR390
2025-06-03 15:07:59,339 [INFO] Lectura desde ESP32-S3 por serial
2025-06-03 15:08:03,518 [INFO] Lectura datos climáticos NASA
2025-06-03 15:08:03,521 [INFO] Datos JSON preparados para envío
2025-06-03 15:08:04,576 [INFO] Lectura BMP390
2025-06-03 15:08:04,756 [INFO] Lectura LTR390
2025-06-03 15:08:04,762 [INFO] Lectura desde ESP32-S3 por serial
2025-06-03 15:08:08,022 [INFO] Lectura datos climáticos NASA
2025-06-03 15:08:08,024 [INFO] Datos JSON preparados para envío
2025-06-03 15:08:09,077 [INFO] Lectura BMP390
2025-06-03 15:08:09,259 [INFO] Lectura LTR390
2025-06-03 15:08:09,268 [INFO] Lectura desde ESP32-S3 por serial
2025-06-03 15:08:13,136 [INFO] Lectura datos climáticos NASA
2025-06-03 15:08:13,139 [INFO] Datos JSON preparados para envío
2025-06-03 15:08:14,194 [INFO] Lectura BMP390
2025-06-03 15:08:14,373 [INFO] Lectura LTR390
2025-06-03 15:08:14,381 [INFO] Lectura desde ESP32-S3 por serial
2025-06-03 15:08:17,537 [INFO] Lectura datos climáticos NASA
2025-06-03 15:08:17,540 [INFO] Datos JSON preparados para envío
2025-06-03 15:08:18,593 [INFO] Lectura BMP390
2025-06-03 15:08:18,773 [INFO] Lectura LTR390
2025-06-03 15:08:18,780 [INFO] Lectura desde ESP32-S3 por serial
2025-06-03 15:08:22,358 [INFO] Lectura datos climáticos NASA
2025-06-03 15:08:22,361 [INFO] Datos JSON preparados para envío
2025-06-03 15:08:23,413 [INFO] Lectura BMP390
2025-06-03 15:08:23,594 [INFO] Lectura LTR390
2025-06-03 15:08:23,601 [INFO] Lectura desde ESP32-S3 por serial
2025-06-03 15:08:27,361 [INFO] Lectura datos climáticos NASA
2025-06-03 15:08:27,368 [INFO] Datos JSON preparados para envío
2025-06-03 15:08:28,422 [INFO] Lectura BMP390
2025-06-03 15:08:28,601 [INFO] Lectura LTR390
2025-06-03 15:08:28,608 [INFO] Lectura desde ESP32-S3 por serial
2025-06-03 15:08:32,068 [INFO] Lectura datos climáticos NASA
2025-06-03 15:08:32,071 [INFO] Datos JSON preparados para envío
2025-06-03 15:08:33,120 [INFO] Lectura BMP390
2025-06-03 15:08:33,300 [INFO] Lectura LTR390
2025-06-03 15:08:33,303 [INFO] Lectura desde ESP32-S3 por serial
2025-06-03 15:08:37,593 [INFO] Lectura datos climáticos NASA
2025-06-03 15:08:37,596 [INFO] Datos JSON preparados para envío
2025-06-03 15:08:38,649 [INFO] Lectura BMP390
2025-06-03 15:08:38,830 [INFO] Lectura LTR390
2025-06-03 15:08:38,836 [INFO] Lectura desde ESP32-S3 por serial
2025-06-03 15:08:42,304 [INFO] Lectura datos climáticos NASA
2025-06-03 15:08:42,306 [INFO] Datos JSON preparados para envío
2025-06-03 15:08:43,360 [INFO] Lectura BMP390
2025-06-03 15:08:43,538 [INFO] Lectura LTR390
2025-06-03 15:08:43,541 [INFO] Lectura desde ESP32-S3 por serial
2025-06-03 15:08:47,831 [INFO] Lectura datos climáticos NASA
2025-06-03 15:08:47,835 [INFO] Datos JSON preparados para envío
2025-06-03 15:08:48,887 [INFO] Lectura BMP390
2025-06-03 15:08:49,067 [INFO] Lectura LTR390
2025-06-03 15:08:49,074 [INFO] Lectura desde ESP32-S3 por serial
2025-06-03 15:08:52,746 [INFO] Lectura datos climáticos NASA
2025-06-03 15:08:52,749 [INFO] Datos JSON preparados para envío
2025-06-03 15:08:53,802 [INFO] Lectura BMP390
2025-06-03 15:08:53,982 [INFO] Lectura LTR390
2025-06-03 15:08:53,987 [INFO] Lectura desde ESP32-S3 por serial
2025-06-03 15:08:58,981 [INFO] Lectura datos climáticos NASA
2025-06-03 15:08:58,985 [INFO] Datos JSON preparados para envío
2025-06-03 15:09:00,037 [INFO] Lectura BMP390
2025-06-03 15:09:00,218 [INFO] Lectura LTR390
2025-06-03 15:09:00,224 [INFO] Lectura desde ESP32-S3 por serial
2025-06-03 15:09:03,864 [INFO] Lectura datos climáticos NASA
2025-06-03 15:09:03,867 [INFO] Datos JSON preparados para envío
2025-06-03 15:09:04,917 [INFO] Lectura BMP390
2025-06-03 15:09:05,101 [INFO] Lectura LTR390
2025-06-03 15:09:05,104 [INFO] Lectura desde ESP32-S3 por serial
2025-06-03 15:09:08,499 [INFO] Lectura datos climáticos NASA
2025-06-03 15:09:08,502 [INFO] Datos JSON preparados para envío
2025-06-03 15:09:09,554 [INFO] Lectura BMP390
2025-06-03 15:09:09,740 [INFO] Lectura LTR390
2025-06-03 15:09:09,747 [INFO] Lectura desde ESP32-S3 por serial
2025-06-03 15:09:13,616 [INFO] Lectura datos climáticos NASA
2025-06-03 15:09:13,621 [INFO] Datos JSON preparados para envío
2025-06-03 15:09:14,675 [INFO] Lectura BMP390
2025-06-03 15:09:14,859 [INFO] Lectura LTR390
2025-06-03 15:09:14,866 [INFO] Lectura desde ESP32-S3 por serial
2025-06-03 15:09:19,345 [INFO] Lectura datos climáticos NASA
2025-06-03 15:09:19,347 [INFO] Datos JSON preparados para envío
2025-06-03 15:09:20,399 [INFO] Lectura BMP390
2025-06-03 15:09:20,580 [INFO] Lectura LTR390
2025-06-03 15:09:20,585 [INFO] Lectura desde ESP32-S3 por serial
2025-06-03 15:09:24,464 [INFO] Lectura datos climáticos NASA
2025-06-03 15:09:24,467 [INFO] Datos JSON preparados para envío
2025-06-03 15:09:25,521 [INFO] Lectura BMP390
2025-06-03 15:09:25,700 [INFO] Lectura LTR390
2025-06-03 15:09:25,707 [INFO] Lectura desde ESP32-S3 por serial
2025-06-03 15:09:29,383 [INFO] Lectura datos climáticos NASA
2025-06-03 15:09:29,386 [INFO] Datos JSON preparados para envío
2025-06-03 15:09:30,438 [INFO] Lectura BMP390
2025-06-03 15:09:30,624 [INFO] Lectura LTR390
2025-06-03 15:09:30,630 [INFO] Lectura desde ESP32-S3 por serial
2025-06-03 15:09:33,986 [INFO] Lectura datos climáticos NASA
2025-06-03 15:09:33,989 [INFO] Datos JSON preparados para envío
2025-06-03 15:09:35,042 [INFO] Lectura BMP390
2025-06-03 15:09:35,226 [INFO] Lectura LTR390
2025-06-03 15:09:35,233 [INFO] Lectura desde ESP32-S3 por serial
2025-06-03 15:09:39,712 [INFO] Lectura datos climáticos NASA
2025-06-03 15:09:39,715 [INFO] Datos JSON preparados para envío
2025-06-03 15:09:40,775 [INFO] Lectura BMP390
2025-06-03 15:09:40,954 [INFO] Lectura LTR390
2025-06-03 15:09:40,961 [INFO] Lectura desde ESP32-S3 por serial
2025-06-03 15:09:44,216 [INFO] Lectura datos climáticos NASA
2025-06-03 15:09:44,218 [INFO] Datos JSON preparados para envío
2025-06-03 15:09:45,271 [INFO] Lectura BMP390
2025-06-03 15:09:45,452 [INFO] Lectura LTR390
2025-06-03 15:09:45,458 [INFO] Lectura desde ESP32-S3 por serial
2025-06-03 15:09:49,946 [INFO] Lectura datos climáticos NASA
2025-06-03 15:09:49,949 [INFO] Datos JSON preparados para envío
2025-06-03 15:09:51,001 [INFO] Lectura BMP390
2025-06-03 15:09:51,181 [INFO] Lectura LTR390
2025-06-03 15:09:51,187 [INFO] Lectura desde ESP32-S3 por serial
2025-06-03 15:09:54,981 [INFO] Lectura datos climáticos NASA
2025-06-03 15:09:54,983 [INFO] Datos JSON preparados para envío
2025-06-03 15:09:56,036 [INFO] Lectura BMP390
2025-06-03 15:09:56,216 [INFO] Lectura LTR390
2025-06-03 15:09:56,222 [INFO] Lectura desde ESP32-S3 por serial
2025-06-03 15:10:01,097 [INFO] Lectura datos climáticos NASA
2025-06-03 15:10:01,100 [INFO] Datos JSON preparados para envío
2025-06-03 15:10:02,153 [INFO] Lectura BMP390
2025-06-03 15:10:02,334 [INFO] Lectura LTR390
2025-06-03 15:10:02,339 [INFO] Lectura desde ESP32-S3 por serial
2025-06-03 15:10:06,247 [INFO] Lectura datos climáticos NASA
2025-06-03 15:10:06,250 [INFO] Datos JSON preparados para envío
2025-06-03 15:10:07,304 [INFO] Lectura BMP390
2025-06-03 15:10:07,484 [INFO] Lectura LTR390
2025-06-03 15:10:07,490 [INFO] Lectura desde ESP32-S3 por serial
2025-06-03 15:10:11,129 [INFO] Lectura datos climáticos NASA
2025-06-03 15:10:11,132 [INFO] Datos JSON preparados para envío
2025-06-03 15:10:12,184 [INFO] Lectura BMP390
2025-06-03 15:10:12,365 [INFO] Lectura LTR390
2025-06-03 15:10:12,370 [INFO] Lectura desde ESP32-S3 por serial
2025-06-03 15:10:16,555 [INFO] Lectura datos climáticos NASA
2025-06-03 15:10:16,558 [INFO] Datos JSON preparados para envío
2025-06-03 15:10:17,611 [INFO] Lectura BMP390
2025-06-03 15:10:17,794 [INFO] Lectura LTR390
2025-06-03 15:10:17,800 [INFO] Lectura desde ESP32-S3 por serial
2025-06-03 15:10:21,259 [INFO] Lectura datos climáticos NASA
2025-06-03 15:10:21,262 [INFO] Datos JSON preparados para envío
2025-06-03 15:10:22,315 [INFO] Lectura BMP390
2025-06-03 15:10:22,496 [INFO] Lectura LTR390
2025-06-03 15:10:22,502 [INFO] Lectura desde ESP32-S3 por serial
2025-06-03 15:10:26,070 [INFO] Lectura datos climáticos NASA
2025-06-03 15:10:26,073 [INFO] Datos JSON preparados para envío
2025-06-03 15:10:27,126 [INFO] Lectura BMP390
2025-06-03 15:10:27,306 [INFO] Lectura LTR390
2025-06-03 15:10:27,311 [INFO] Lectura desde ESP32-S3 por serial
2025-06-03 15:10:30,470 [INFO] Lectura datos climáticos NASA
2025-06-03 15:10:30,472 [INFO] Datos JSON preparados para envío
2025-06-03 15:10:31,525 [INFO] Lectura BMP390
2025-06-03 15:10:31,708 [INFO] Lectura LTR390
2025-06-03 15:10:31,714 [INFO] Lectura desde ESP32-S3 por serial
2025-06-03 15:10:35,177 [INFO] Lectura datos climáticos NASA
2025-06-03 15:10:35,180 [INFO] Datos JSON preparados para envío
2025-06-03 15:10:36,233 [INFO] Lectura BMP390
2025-06-03 15:10:36,413 [INFO] Lectura LTR390
2025-06-03 15:10:36,419 [INFO] Lectura desde ESP32-S3 por serial
2025-06-03 15:10:39,989 [INFO] Lectura datos climáticos NASA
2025-06-03 15:10:39,992 [INFO] Datos JSON preparados para envío
2025-06-03 15:10:41,042 [INFO] Lectura BMP390
2025-06-03 15:10:41,218 [INFO] Lectura LTR390
2025-06-03 15:10:41,223 [INFO] Lectura desde ESP32-S3 por serial
2025-06-03 15:10:44,695 [INFO] Lectura datos climáticos NASA
2025-06-03 15:10:44,698 [INFO] Datos JSON preparados para envío
2025-06-03 15:10:45,750 [INFO] Lectura BMP390
2025-06-03 15:10:45,930 [INFO] Lectura LTR390
2025-06-03 15:10:45,936 [INFO] Lectura desde ESP32-S3 por serial
2025-06-03 15:10:50,386 [INFO] Lectura datos climáticos NASA
2025-06-03 15:10:50,388 [INFO] Datos JSON preparados para envío
2025-06-03 15:10:51,445 [INFO] Lectura BMP390
2025-06-03 15:10:51,622 [INFO] Lectura LTR390
2025-06-03 15:10:51,626 [INFO] Lectura desde ESP32-S3 por serial
2025-06-03 15:10:55,647 [INFO] Lectura datos climáticos NASA
2025-06-03 15:10:55,651 [INFO] Datos JSON preparados para envío
2025-06-03 15:10:56,703 [INFO] Lectura BMP390
2025-06-03 15:10:56,888 [INFO] Lectura LTR390
2025-06-03 15:10:56,893 [INFO] Lectura desde ESP32-S3 por serial
2025-06-03 15:11:00,457 [INFO] Lectura datos climáticos NASA
2025-06-03 15:11:00,460 [INFO] Datos JSON preparados para envío
2025-06-03 15:11:01,511 [INFO] Lectura BMP390
2025-06-03 15:11:01,692 [INFO] Lectura LTR390
2025-06-03 15:11:01,698 [INFO] Lectura desde ESP32-S3 por serial
2025-06-03 15:11:05,266 [INFO] Lectura datos climáticos NASA
2025-06-03 15:11:05,270 [INFO] Datos JSON preparados para envío
2025-06-03 15:11:06,325 [INFO] Lectura BMP390
2025-06-03 15:11:06,505 [INFO] Lectura LTR390
2025-06-03 15:11:06,511 [INFO] Lectura desde ESP32-S3 por serial
2025-06-03 15:11:10,279 [INFO] Lectura datos climáticos NASA
2025-06-03 15:11:10,282 [INFO] Datos JSON preparados para envío
2025-06-03 15:11:11,335 [INFO] Lectura BMP390
2025-06-03 15:11:11,517 [INFO] Lectura LTR390
2025-06-03 15:11:11,523 [INFO] Lectura desde ESP32-S3 por serial
2025-06-03 15:11:16,214 [INFO] Lectura datos climáticos NASA
2025-06-03 15:11:16,219 [INFO] Datos JSON preparados para envío
2025-06-03 15:11:17,273 [INFO] Lectura BMP390
2025-06-03 15:11:17,453 [INFO] Lectura LTR390
2025-06-03 15:11:17,459 [INFO] Lectura desde ESP32-S3 por serial
2025-06-03 15:11:20,805 [INFO] Lectura datos climáticos NASA
2025-06-03 15:11:20,807 [INFO] Datos JSON preparados para envío
2025-06-03 15:11:21,860 [INFO] Lectura BMP390
2025-06-03 15:11:22,043 [INFO] Lectura LTR390
2025-06-03 15:11:22,049 [INFO] Lectura desde ESP32-S3 por serial
2025-06-03 15:11:26,039 [INFO] Lectura datos climáticos NASA
2025-06-03 15:11:26,042 [INFO] Datos JSON preparados para envío
2025-06-03 15:11:27,098 [INFO] Lectura BMP390
2025-06-03 15:11:27,278 [INFO] Lectura LTR390
2025-06-03 15:11:27,284 [INFO] Lectura desde ESP32-S3 por serial
2025-06-03 15:11:31,677 [INFO] Lectura datos climáticos NASA
2025-06-03 15:11:31,681 [INFO] Datos JSON preparados para envío
2025-06-03 15:11:32,735 [INFO] Lectura BMP390
2025-06-03 15:11:32,916 [INFO] Lectura LTR390
2025-06-03 15:11:32,922 [INFO] Lectura desde ESP32-S3 por serial
2025-06-03 15:11:36,785 [INFO] Lectura datos climáticos NASA
2025-06-03 15:11:36,788 [INFO] Datos JSON preparados para envío
2025-06-03 15:11:37,841 [INFO] Lectura BMP390
2025-06-03 15:11:38,024 [INFO] Lectura LTR390
2025-06-03 15:11:38,031 [INFO] Lectura desde ESP32-S3 por serial
2025-06-03 15:11:42,006 [INFO] Lectura datos climáticos NASA
2025-06-03 15:11:42,009 [INFO] Datos JSON preparados para envío
2025-06-03 15:11:43,062 [INFO] Lectura BMP390
2025-06-03 15:11:43,248 [INFO] Lectura LTR390
2025-06-03 15:11:43,254 [INFO] Lectura desde ESP32-S3 por serial
2025-06-03 15:11:47,118 [INFO] Lectura datos climáticos NASA
2025-06-03 15:11:47,120 [INFO] Datos JSON preparados para envío
2025-06-03 15:11:48,178 [INFO] Lectura BMP390
2025-06-03 15:11:48,359 [INFO] Lectura LTR390
2025-06-03 15:11:48,364 [INFO] Lectura desde ESP32-S3 por serial
2025-06-03 15:11:52,136 [INFO] Lectura datos climáticos NASA
2025-06-03 15:11:52,138 [INFO] Datos JSON preparados para envío
2025-06-03 15:11:53,192 [INFO] Lectura BMP390
2025-06-03 15:11:53,375 [INFO] Lectura LTR390
2025-06-03 15:11:53,381 [INFO] Lectura desde ESP32-S3 por serial
2025-06-03 15:11:56,951 [INFO] Lectura datos climáticos NASA
2025-06-03 15:11:56,954 [INFO] Datos JSON preparados para envío
2025-06-03 15:11:58,007 [INFO] Lectura BMP390
2025-06-03 15:11:58,187 [INFO] Lectura LTR390
2025-06-03 15:11:58,193 [INFO] Lectura desde ESP32-S3 por serial
2025-06-03 15:12:02,265 [INFO] Lectura datos climáticos NASA
2025-06-03 15:12:02,267 [INFO] Datos JSON preparados para envío
2025-06-03 15:12:03,321 [INFO] Lectura BMP390
2025-06-03 15:12:03,500 [INFO] Lectura LTR390
2025-06-03 15:12:03,506 [INFO] Lectura desde ESP32-S3 por serial
2025-06-03 15:12:07,792 [INFO] Lectura datos climáticos NASA
2025-06-03 15:12:07,795 [INFO] Datos JSON preparados para envío
2025-06-03 15:12:08,848 [INFO] Lectura BMP390
2025-06-03 15:12:09,028 [INFO] Lectura LTR390
2025-06-03 15:12:09,034 [INFO] Lectura desde ESP32-S3 por serial
2025-06-03 15:12:13,009 [INFO] Lectura datos climáticos NASA
2025-06-03 15:12:13,012 [INFO] Datos JSON preparados para envío
2025-06-03 15:12:14,066 [INFO] Lectura BMP390
2025-06-03 15:12:14,250 [INFO] Lectura LTR390
2025-06-03 15:12:14,256 [INFO] Lectura desde ESP32-S3 por serial
2025-06-03 15:12:17,619 [INFO] Lectura datos climáticos NASA
2025-06-03 15:12:17,621 [INFO] Datos JSON preparados para envío
2025-06-03 15:12:18,676 [INFO] Lectura BMP390
2025-06-03 15:12:18,856 [INFO] Lectura LTR390
2025-06-03 15:12:18,862 [INFO] Lectura desde ESP32-S3 por serial
2025-06-03 15:12:22,745 [INFO] Lectura datos climáticos NASA
2025-06-03 15:12:22,748 [INFO] Datos JSON preparados para envío
2025-06-03 15:12:23,802 [INFO] Lectura BMP390
2025-06-03 15:12:23,982 [INFO] Lectura LTR390
2025-06-03 15:12:23,988 [INFO] Lectura desde ESP32-S3 por serial
2025-06-03 15:12:29,997 [INFO] Lectura datos climáticos NASA
2025-06-03 15:12:30,000 [INFO] Datos JSON preparados para envío
2025-06-03 15:12:31,056 [INFO] Lectura BMP390
2025-06-03 15:12:31,236 [INFO] Lectura LTR390
2025-06-03 15:12:31,243 [INFO] Lectura desde ESP32-S3 por serial
2025-06-03 15:12:34,602 [INFO] Lectura datos climáticos NASA
2025-06-03 15:12:34,605 [INFO] Datos JSON preparados para envío
2025-06-03 15:12:35,661 [INFO] Lectura BMP390
2025-06-03 15:12:35,846 [INFO] Lectura LTR390
2025-06-03 15:12:35,852 [INFO] Lectura desde ESP32-S3 por serial
2025-06-03 15:12:39,211 [INFO] Lectura datos climáticos NASA
2025-06-03 15:12:39,214 [INFO] Datos JSON preparados para envío
2025-06-03 15:12:40,268 [INFO] Lectura BMP390
2025-06-03 15:12:40,454 [INFO] Lectura LTR390
2025-06-03 15:12:40,459 [INFO] Lectura desde ESP32-S3 por serial
2025-06-03 15:12:46,680 [INFO] Lectura datos climáticos NASA
2025-06-03 15:12:46,682 [INFO] Datos JSON preparados para envío
2025-06-03 15:12:47,736 [INFO] Lectura BMP390
2025-06-03 15:12:47,916 [INFO] Lectura LTR390
2025-06-03 15:12:47,923 [INFO] Lectura desde ESP32-S3 por serial
2025-06-03 15:12:50,977 [INFO] Lectura datos climáticos NASA
2025-06-03 15:12:50,980 [INFO] Datos JSON preparados para envío
2025-06-03 15:12:52,035 [INFO] Lectura BMP390
2025-06-03 15:12:52,215 [INFO] Lectura LTR390
2025-06-03 15:12:52,223 [INFO] Lectura desde ESP32-S3 por serial
2025-06-03 15:12:57,426 [INFO] Lectura datos climáticos NASA
2025-06-03 15:12:57,430 [INFO] Datos JSON preparados para envío
2025-06-03 15:12:58,482 [INFO] Lectura BMP390
2025-06-03 15:12:58,662 [INFO] Lectura LTR390
2025-06-03 15:12:58,668 [INFO] Lectura desde ESP32-S3 por serial
2025-06-03 15:13:02,693 [INFO] Lectura datos climáticos NASA
2025-06-03 15:13:02,696 [INFO] Datos JSON preparados para envío
2025-06-03 15:13:03,750 [INFO] Lectura BMP390
2025-06-03 15:13:03,930 [INFO] Lectura LTR390
2025-06-03 15:13:03,936 [INFO] Lectura desde ESP32-S3 por serial
2025-06-03 15:13:08,274 [INFO] Lectura datos climáticos NASA
2025-06-03 15:13:08,278 [INFO] Datos JSON preparados para envío
2025-06-03 15:13:09,331 [INFO] Lectura BMP390
2025-06-03 15:13:09,512 [INFO] Lectura LTR390
2025-06-03 15:13:09,519 [INFO] Lectura desde ESP32-S3 por serial
2025-06-03 15:13:13,599 [INFO] Lectura datos climáticos NASA
2025-06-03 15:13:13,602 [INFO] Datos JSON preparados para envío
2025-06-03 15:13:14,655 [INFO] Lectura BMP390
2025-06-03 15:13:14,838 [INFO] Lectura LTR390
2025-06-03 15:13:14,844 [INFO] Lectura desde ESP32-S3 por serial
2025-06-03 15:13:18,408 [INFO] Lectura datos climáticos NASA
2025-06-03 15:13:18,411 [INFO] Datos JSON preparados para envío
2025-06-03 15:13:19,465 [INFO] Lectura BMP390
2025-06-03 15:13:19,645 [INFO] Lectura LTR390
2025-06-03 15:13:19,651 [INFO] Lectura desde ESP32-S3 por serial
2025-06-03 15:13:23,928 [INFO] Lectura datos climáticos NASA
2025-06-03 15:13:23,931 [INFO] Datos JSON preparados para envío
2025-06-03 15:13:24,984 [INFO] Lectura BMP390
2025-06-03 15:13:25,165 [INFO] Lectura LTR390
2025-06-03 15:13:25,171 [INFO] Lectura desde ESP32-S3 por serial
2025-06-03 15:13:28,539 [INFO] Lectura datos climáticos NASA
2025-06-03 15:13:28,542 [INFO] Datos JSON preparados para envío
2025-06-03 15:13:29,599 [INFO] Lectura BMP390
2025-06-03 15:13:29,780 [INFO] Lectura LTR390
2025-06-03 15:13:29,787 [INFO] Lectura desde ESP32-S3 por serial
2025-06-03 15:13:33,444 [INFO] Lectura datos climáticos NASA
2025-06-03 15:13:33,447 [INFO] Datos JSON preparados para envío
2025-06-03 15:13:34,500 [INFO] Lectura BMP390
2025-06-03 15:13:34,686 [INFO] Lectura LTR390
2025-06-03 15:13:34,692 [INFO] Lectura desde ESP32-S3 por serial
2025-06-03 15:13:38,872 [INFO] Lectura datos climáticos NASA
2025-06-03 15:13:38,875 [INFO] Datos JSON preparados para envío
2025-06-03 15:13:39,929 [INFO] Lectura BMP390
2025-06-03 15:13:40,109 [INFO] Lectura LTR390
2025-06-03 15:13:40,115 [INFO] Lectura desde ESP32-S3 por serial
2025-06-03 15:13:45,397 [INFO] Lectura datos climáticos NASA
2025-06-03 15:13:45,399 [INFO] Datos JSON preparados para envío
2025-06-03 15:13:46,452 [INFO] Lectura BMP390
2025-06-03 15:13:46,633 [INFO] Lectura LTR390
2025-06-03 15:13:46,639 [INFO] Lectura desde ESP32-S3 por serial
2025-06-03 15:13:50,435 [INFO] Lectura datos climáticos NASA
2025-06-03 15:13:50,438 [INFO] Datos JSON preparados para envío
2025-06-03 15:13:51,492 [INFO] Lectura BMP390
2025-06-03 15:13:51,672 [INFO] Lectura LTR390
2025-06-03 15:13:51,678 [INFO] Lectura desde ESP32-S3 por serial
2025-06-03 15:13:55,143 [INFO] Lectura datos climáticos NASA
2025-06-03 15:13:55,146 [INFO] Datos JSON preparados para envío
2025-06-03 15:13:56,204 [INFO] Lectura BMP390
2025-06-03 15:13:56,383 [INFO] Lectura LTR390
2025-06-03 15:13:56,389 [INFO] Lectura desde ESP32-S3 por serial
2025-06-03 15:14:00,361 [INFO] Lectura datos climáticos NASA
2025-06-03 15:14:00,365 [INFO] Datos JSON preparados para envío
2025-06-03 15:14:01,416 [INFO] Lectura BMP390
2025-06-03 15:14:01,598 [INFO] Lectura LTR390
2025-06-03 15:14:01,604 [INFO] Lectura desde ESP32-S3 por serial
2025-06-03 15:14:06,401 [INFO] Lectura datos climáticos NASA
2025-06-03 15:14:06,404 [INFO] Datos JSON preparados para envío
2025-06-03 15:14:07,457 [INFO] Lectura BMP390
2025-06-03 15:14:07,637 [INFO] Lectura LTR390
2025-06-03 15:14:07,644 [INFO] Lectura desde ESP32-S3 por serial
2025-06-03 15:14:11,007 [INFO] Lectura datos climáticos NASA
2025-06-03 15:14:11,010 [INFO] Datos JSON preparados para envío
2025-06-03 15:14:12,062 [INFO] Lectura BMP390
2025-06-03 15:14:12,242 [INFO] Lectura LTR390
2025-06-03 15:14:12,248 [INFO] Lectura desde ESP32-S3 por serial
2025-06-03 15:14:16,427 [INFO] Lectura datos climáticos NASA
2025-06-03 15:14:16,430 [INFO] Datos JSON preparados para envío
2025-06-03 15:14:17,484 [INFO] Lectura BMP390
2025-06-03 15:14:17,668 [INFO] Lectura LTR390
2025-06-03 15:14:17,675 [INFO] Lectura desde ESP32-S3 por serial
2025-06-03 15:14:22,362 [INFO] Lectura datos climáticos NASA
2025-06-03 15:14:22,365 [INFO] Datos JSON preparados para envío
2025-06-03 15:14:23,417 [INFO] Lectura BMP390
2025-06-03 15:14:23,602 [INFO] Lectura LTR390
2025-06-03 15:14:23,608 [INFO] Lectura desde ESP32-S3 por serial
2025-06-03 15:14:26,866 [INFO] Lectura datos climáticos NASA
2025-06-03 15:14:26,870 [INFO] Datos JSON preparados para envío
2025-06-03 15:14:27,923 [INFO] Lectura BMP390
2025-06-03 15:14:28,103 [INFO] Lectura LTR390
2025-06-03 15:14:28,109 [INFO] Lectura desde ESP32-S3 por serial
2025-06-03 15:14:31,982 [INFO] Lectura datos climáticos NASA
2025-06-03 15:14:31,985 [INFO] Datos JSON preparados para envío
2025-06-03 15:14:33,037 [INFO] Lectura BMP390
2025-06-03 15:14:33,217 [INFO] Lectura LTR390
2025-06-03 15:14:33,223 [INFO] Lectura desde ESP32-S3 por serial
2025-06-03 15:14:36,790 [INFO] Lectura datos climáticos NASA
2025-06-03 15:14:36,793 [INFO] Datos JSON preparados para envío
2025-06-03 15:14:37,846 [INFO] Lectura BMP390
2025-06-03 15:14:38,025 [INFO] Lectura LTR390
2025-06-03 15:14:38,031 [INFO] Lectura desde ESP32-S3 por serial
2025-06-03 15:14:41,807 [INFO] Lectura datos climáticos NASA
2025-06-03 15:14:41,812 [INFO] Datos JSON preparados para envío
2025-06-03 15:14:42,868 [INFO] Lectura BMP390
2025-06-03 15:14:43,051 [INFO] Lectura LTR390
2025-06-03 15:14:43,057 [INFO] Lectura desde ESP32-S3 por serial
2025-06-03 15:14:47,744 [INFO] Lectura datos climáticos NASA
2025-06-03 15:14:47,746 [INFO] Datos JSON preparados para envío
2025-06-03 15:14:48,799 [INFO] Lectura BMP390
2025-06-03 15:14:48,985 [INFO] Lectura LTR390
2025-06-03 15:14:48,991 [INFO] Lectura desde ESP32-S3 por serial
2025-06-03 15:14:52,653 [INFO] Lectura datos climáticos NASA
2025-06-03 15:14:52,656 [INFO] Datos JSON preparados para envío
2025-06-03 15:14:53,707 [INFO] Lectura BMP390
2025-06-03 15:14:53,888 [INFO] Lectura LTR390
2025-06-03 15:14:53,894 [INFO] Lectura desde ESP32-S3 por serial
2025-06-03 15:14:57,462 [INFO] Lectura datos climáticos NASA
2025-06-03 15:14:57,464 [INFO] Datos JSON preparados para envío
2025-06-03 15:14:58,516 [INFO] Lectura BMP390
2025-06-03 15:14:58,700 [INFO] Lectura LTR390
2025-06-03 15:14:58,706 [INFO] Lectura desde ESP32-S3 por serial
2025-06-03 15:15:03,913 [INFO] Lectura datos climáticos NASA
2025-06-03 15:15:03,916 [INFO] Datos JSON preparados para envío
2025-06-03 15:15:04,969 [INFO] Lectura BMP390
2025-06-03 15:15:05,150 [INFO] Lectura LTR390
2025-06-03 15:15:05,156 [INFO] Lectura desde ESP32-S3 por serial
2025-06-03 15:15:08,515 [INFO] Lectura datos climáticos NASA
2025-06-03 15:15:08,518 [INFO] Datos JSON preparados para envío
2025-06-03 15:15:09,571 [INFO] Lectura BMP390
2025-06-03 15:15:09,751 [INFO] Lectura LTR390
2025-06-03 15:15:09,757 [INFO] Lectura desde ESP32-S3 por serial
2025-06-03 15:15:13,585 [INFO] Lectura datos climáticos NASA
2025-06-03 15:15:13,587 [INFO] Datos JSON preparados para envío
2025-06-03 15:15:14,640 [INFO] Lectura BMP390
2025-06-03 15:15:14,821 [INFO] Lectura LTR390
2025-06-03 15:15:14,827 [INFO] Lectura desde ESP32-S3 por serial
2025-06-03 15:15:18,344 [INFO] Lectura datos climáticos NASA
2025-06-03 15:15:18,346 [INFO] Datos JSON preparados para envío
2025-06-03 15:15:19,398 [INFO] Lectura BMP390
2025-06-03 15:15:19,578 [INFO] Lectura LTR390
2025-06-03 15:15:19,584 [INFO] Lectura desde ESP32-S3 por serial
2025-06-03 15:15:22,843 [INFO] Lectura datos climáticos NASA
2025-06-03 15:15:22,846 [INFO] Datos JSON preparados para envío
2025-06-03 15:15:23,898 [INFO] Lectura BMP390
2025-06-03 15:15:24,078 [INFO] Lectura LTR390
2025-06-03 15:15:24,084 [INFO] Lectura desde ESP32-S3 por serial
2025-06-03 15:15:27,550 [INFO] Lectura datos climáticos NASA
2025-06-03 15:15:27,553 [INFO] Datos JSON preparados para envío
2025-06-03 15:15:28,608 [INFO] Lectura BMP390
2025-06-03 15:15:28,784 [INFO] Lectura LTR390
2025-06-03 15:15:28,787 [INFO] Lectura desde ESP32-S3 por serial
2025-06-03 15:15:32,258 [INFO] Lectura datos climáticos NASA
2025-06-03 15:15:32,265 [INFO] Datos JSON preparados para envío
2025-06-03 15:15:33,320 [INFO] Lectura BMP390
2025-06-03 15:15:33,501 [INFO] Lectura LTR390
2025-06-03 15:15:33,507 [INFO] Lectura desde ESP32-S3 por serial
2025-06-03 15:15:36,963 [INFO] Lectura datos climáticos NASA
2025-06-03 15:15:36,965 [INFO] Datos JSON preparados para envío
2025-06-03 15:15:38,017 [INFO] Lectura BMP390
2025-06-03 15:15:38,199 [INFO] Lectura LTR390
2025-06-03 15:15:38,205 [INFO] Lectura desde ESP32-S3 por serial
2025-06-03 15:15:42,819 [INFO] Lectura datos climáticos NASA
2025-06-03 15:15:42,822 [INFO] Datos JSON preparados para envío
2025-06-03 15:15:43,876 [INFO] Lectura BMP390
2025-06-03 15:15:44,056 [INFO] Lectura LTR390
2025-06-03 15:15:44,062 [INFO] Lectura desde ESP32-S3 por serial
2025-06-03 15:15:47,710 [INFO] Lectura datos climáticos NASA
2025-06-03 15:15:47,713 [INFO] Datos JSON preparados para envío
2025-06-03 15:15:48,765 [INFO] Lectura BMP390
2025-06-03 15:15:48,948 [INFO] Lectura LTR390
2025-06-03 15:15:48,953 [INFO] Lectura desde ESP32-S3 por serial
2025-06-03 15:15:52,519 [INFO] Lectura datos climáticos NASA
2025-06-03 15:15:52,522 [INFO] Datos JSON preparados para envío
2025-06-03 15:15:53,575 [INFO] Lectura BMP390
2025-06-03 15:15:53,759 [INFO] Lectura LTR390
2025-06-03 15:15:53,765 [INFO] Lectura desde ESP32-S3 por serial
2025-06-03 15:15:57,739 [INFO] Lectura datos climáticos NASA
2025-06-03 15:15:57,742 [INFO] Datos JSON preparados para envío
2025-06-03 15:15:58,795 [INFO] Lectura BMP390
2025-06-03 15:15:58,982 [INFO] Lectura LTR390
2025-06-03 15:15:58,988 [INFO] Lectura desde ESP32-S3 por serial
2025-06-03 15:16:02,239 [INFO] Lectura datos climáticos NASA
2025-06-03 15:16:02,241 [INFO] Datos JSON preparados para envío
2025-06-03 15:16:03,292 [INFO] Lectura BMP390
2025-06-03 15:16:03,472 [INFO] Lectura LTR390
2025-06-03 15:16:03,478 [INFO] Lectura desde ESP32-S3 por serial
2025-06-03 15:16:07,152 [INFO] Lectura datos climáticos NASA
2025-06-03 15:16:07,155 [INFO] Datos JSON preparados para envío
2025-06-03 15:16:08,207 [INFO] Lectura BMP390
2025-06-03 15:16:08,387 [INFO] Lectura LTR390
2025-06-03 15:16:08,393 [INFO] Lectura desde ESP32-S3 por serial
2025-06-03 15:16:11,960 [INFO] Lectura datos climáticos NASA
2025-06-03 15:16:11,961 [INFO] Datos JSON preparados para envío
2025-06-03 15:16:13,014 [INFO] Lectura BMP390
2025-06-03 15:16:13,198 [INFO] Lectura LTR390
2025-06-03 15:16:13,204 [INFO] Lectura desde ESP32-S3 por serial
2025-06-03 15:16:17,801 [INFO] Lectura datos climáticos NASA
2025-06-03 15:16:17,810 [INFO] Datos JSON preparados para envío
2025-06-03 15:16:18,864 [INFO] Lectura BMP390
2025-06-03 15:16:19,045 [INFO] Lectura LTR390
2025-06-03 15:16:19,052 [INFO] Lectura desde ESP32-S3 por serial
2025-06-03 15:16:23,117 [INFO] Lectura datos climáticos NASA
2025-06-03 15:16:23,120 [INFO] Datos JSON preparados para envío
2025-06-03 15:16:24,175 [INFO] Lectura BMP390
2025-06-03 15:16:24,357 [INFO] Lectura LTR390
2025-06-03 15:16:24,363 [INFO] Lectura desde ESP32-S3 por serial
2025-06-03 15:16:28,234 [INFO] Lectura datos climáticos NASA
2025-06-03 15:16:28,237 [INFO] Datos JSON preparados para envío
2025-06-03 15:16:29,290 [INFO] Lectura BMP390
2025-06-03 15:16:29,470 [INFO] Lectura LTR390
2025-06-03 15:16:29,475 [INFO] Lectura desde ESP32-S3 por serial
2025-06-03 15:16:33,245 [INFO] Lectura datos climáticos NASA
2025-06-03 15:16:33,251 [INFO] Datos JSON preparados para envío
2025-06-03 15:16:34,302 [INFO] Lectura BMP390
2025-06-03 15:16:34,483 [INFO] Lectura LTR390
2025-06-03 15:16:34,489 [INFO] Lectura desde ESP32-S3 por serial
2025-06-03 15:16:38,262 [INFO] Lectura datos climáticos NASA
2025-06-03 15:16:38,266 [INFO] Datos JSON preparados para envío
2025-06-03 15:16:39,320 [INFO] Lectura BMP390
2025-06-03 15:16:39,499 [INFO] Lectura LTR390
2025-06-03 15:16:39,504 [INFO] Lectura desde ESP32-S3 por serial
2025-06-03 15:16:43,790 [INFO] Lectura datos climáticos NASA
2025-06-03 15:16:43,791 [INFO] Datos JSON preparados para envío
2025-06-03 15:16:44,846 [INFO] Lectura BMP390
2025-06-03 15:16:45,034 [INFO] Lectura LTR390
2025-06-03 15:16:45,040 [INFO] Lectura desde ESP32-S3 por serial
2025-06-03 15:16:48,598 [INFO] Lectura datos climáticos NASA
2025-06-03 15:16:48,603 [INFO] Datos JSON preparados para envío
2025-06-03 15:16:49,660 [INFO] Lectura BMP390
2025-06-03 15:16:49,841 [INFO] Lectura LTR390
2025-06-03 15:16:49,847 [INFO] Lectura desde ESP32-S3 por serial
2025-06-03 15:16:53,306 [INFO] Lectura datos climáticos NASA
2025-06-03 15:16:53,309 [INFO] Datos JSON preparados para envío
2025-06-03 15:16:54,362 [INFO] Lectura BMP390
2025-06-03 15:16:54,546 [INFO] Lectura LTR390
2025-06-03 15:16:54,552 [INFO] Lectura desde ESP32-S3 por serial
2025-06-03 15:16:58,322 [INFO] Lectura datos climáticos NASA
2025-06-03 15:16:58,325 [INFO] Datos JSON preparados para envío
2025-06-03 15:16:59,379 [INFO] Lectura BMP390
2025-06-03 15:16:59,559 [INFO] Lectura LTR390
2025-06-03 15:16:59,565 [INFO] Lectura desde ESP32-S3 por serial
2025-06-03 15:17:04,366 [INFO] Lectura datos climáticos NASA
2025-06-03 15:17:04,368 [INFO] Datos JSON preparados para envío
2025-06-03 15:17:05,420 [INFO] Lectura BMP390
2025-06-03 15:17:05,600 [INFO] Lectura LTR390
2025-06-03 15:17:05,606 [INFO] Lectura desde ESP32-S3 por serial
2025-06-03 15:17:09,142 [INFO] Lectura datos climáticos NASA
2025-06-03 15:17:09,144 [INFO] Datos JSON preparados para envío
2025-06-03 15:17:10,198 [INFO] Lectura BMP390
2025-06-03 15:17:10,378 [INFO] Lectura LTR390
2025-06-03 15:17:10,383 [INFO] Lectura desde ESP32-S3 por serial
2025-06-03 15:17:15,003 [INFO] Lectura datos climáticos NASA
2025-06-03 15:17:15,006 [INFO] Datos JSON preparados para envío
2025-06-03 15:17:16,058 [INFO] Lectura BMP390
2025-06-03 15:17:16,235 [INFO] Lectura LTR390
2025-06-03 15:17:16,239 [INFO] Lectura desde ESP32-S3 por serial
2025-06-03 15:17:19,609 [INFO] Lectura datos climáticos NASA
2025-06-03 15:17:19,612 [INFO] Datos JSON preparados para envío
2025-06-03 15:17:20,668 [INFO] Lectura BMP390
2025-06-03 15:17:20,853 [INFO] Lectura LTR390
2025-06-03 15:17:20,859 [INFO] Lectura desde ESP32-S3 por serial
2025-06-03 15:17:24,524 [INFO] Lectura datos climáticos NASA
2025-06-03 15:17:24,527 [INFO] Datos JSON preparados para envío
2025-06-03 15:17:25,579 [INFO] Lectura BMP390
2025-06-03 15:17:25,763 [INFO] Lectura LTR390
2025-06-03 15:17:25,770 [INFO] Lectura desde ESP32-S3 por serial
2025-06-03 15:17:29,023 [INFO] Lectura datos climáticos NASA
2025-06-03 15:17:29,025 [INFO] Datos JSON preparados para envío
2025-06-03 15:17:30,079 [INFO] Lectura BMP390
2025-06-03 15:17:30,259 [INFO] Lectura LTR390
2025-06-03 15:17:30,264 [INFO] Lectura desde ESP32-S3 por serial
2025-06-03 15:17:34,753 [INFO] Lectura datos climáticos NASA
2025-06-03 15:17:34,756 [INFO] Datos JSON preparados para envío
2025-06-03 15:17:35,811 [INFO] Lectura BMP390
2025-06-03 15:17:35,997 [INFO] Lectura LTR390
2025-06-03 15:17:36,002 [INFO] Lectura desde ESP32-S3 por serial
2025-06-03 15:17:40,895 [INFO] Lectura datos climáticos NASA
2025-06-03 15:17:40,898 [INFO] Datos JSON preparados para envío
2025-06-03 15:17:41,950 [INFO] Lectura BMP390
2025-06-03 15:17:42,130 [INFO] Lectura LTR390
2025-06-03 15:17:42,136 [INFO] Lectura desde ESP32-S3 por serial
2025-06-03 15:17:46,217 [INFO] Lectura datos climáticos NASA
2025-06-03 15:17:46,219 [INFO] Datos JSON preparados para envío
2025-06-03 15:17:47,273 [INFO] Lectura BMP390
2025-06-03 15:17:47,453 [INFO] Lectura LTR390
2025-06-03 15:17:47,456 [INFO] Lectura desde ESP32-S3 por serial
2025-06-03 15:17:50,417 [INFO] Lectura datos climáticos NASA
2025-06-03 15:17:50,420 [INFO] Datos JSON preparados para envío
2025-06-03 15:17:51,472 [INFO] Lectura BMP390
2025-06-03 15:17:51,653 [INFO] Lectura LTR390
2025-06-03 15:17:51,658 [INFO] Lectura desde ESP32-S3 por serial
2025-06-03 15:17:55,422 [INFO] Lectura datos climáticos NASA
2025-06-03 15:17:55,425 [INFO] Datos JSON preparados para envío
2025-06-03 15:17:56,483 [INFO] Lectura BMP390
2025-06-03 15:17:56,662 [INFO] Lectura LTR390
2025-06-03 15:17:56,668 [INFO] Lectura desde ESP32-S3 por serial
2025-06-03 15:18:00,131 [INFO] Lectura datos climáticos NASA
2025-06-03 15:18:00,136 [INFO] Datos JSON preparados para envío
2025-06-03 15:18:01,188 [INFO] Lectura BMP390
2025-06-03 15:18:01,369 [INFO] Lectura LTR390
2025-06-03 15:18:01,373 [INFO] Lectura desde ESP32-S3 por serial
2025-06-03 15:18:06,067 [INFO] Lectura datos climáticos NASA
2025-06-03 15:18:06,070 [INFO] Datos JSON preparados para envío
2025-06-03 15:18:07,123 [INFO] Lectura BMP390
2025-06-03 15:18:07,306 [INFO] Lectura LTR390
2025-06-03 15:18:07,312 [INFO] Lectura desde ESP32-S3 por serial
2025-06-03 15:18:10,568 [INFO] Lectura datos climáticos NASA
2025-06-03 15:18:10,571 [INFO] Datos JSON preparados para envío
2025-06-03 15:18:11,624 [INFO] Lectura BMP390
2025-06-03 15:18:11,803 [INFO] Lectura LTR390
2025-06-03 15:18:11,810 [INFO] Lectura desde ESP32-S3 por serial
2025-06-03 15:18:15,584 [INFO] Lectura datos climáticos NASA
2025-06-03 15:18:15,586 [INFO] Datos JSON preparados para envío
2025-06-03 15:18:16,639 [INFO] Lectura BMP390
2025-06-03 15:18:16,819 [INFO] Lectura LTR390
2025-06-03 15:18:16,825 [INFO] Lectura desde ESP32-S3 por serial
2025-06-03 15:18:21,110 [INFO] Lectura datos climáticos NASA
2025-06-03 15:18:21,112 [INFO] Datos JSON preparados para envío
2025-06-03 15:18:22,165 [INFO] Lectura BMP390
2025-06-03 15:18:22,350 [INFO] Lectura LTR390
2025-06-03 15:18:22,356 [INFO] Lectura desde ESP32-S3 por serial
2025-06-03 15:18:25,817 [INFO] Lectura datos climáticos NASA
2025-06-03 15:18:25,820 [INFO] Datos JSON preparados para envío
2025-06-03 15:18:26,873 [INFO] Lectura BMP390
2025-06-03 15:18:27,052 [INFO] Lectura LTR390
2025-06-03 15:18:27,059 [INFO] Lectura desde ESP32-S3 por serial
2025-06-03 15:18:30,221 [INFO] Lectura datos climáticos NASA
2025-06-03 15:18:30,224 [INFO] Datos JSON preparados para envío
2025-06-03 15:18:31,276 [INFO] Lectura BMP390
2025-06-03 15:18:31,455 [INFO] Lectura LTR390
2025-06-03 15:18:31,462 [INFO] Lectura desde ESP32-S3 por serial
2025-06-03 15:18:35,031 [INFO] Lectura datos climáticos NASA
2025-06-03 15:18:35,034 [INFO] Datos JSON preparados para envío
2025-06-03 15:18:36,086 [INFO] Lectura BMP390
2025-06-03 15:18:36,270 [INFO] Lectura LTR390
2025-06-03 15:18:36,277 [INFO] Lectura desde ESP32-S3 por serial
2025-06-03 15:18:39,426 [INFO] Lectura datos climáticos NASA
2025-06-03 15:18:39,429 [INFO] Datos JSON preparados para envío
2025-06-03 15:18:40,479 [INFO] Lectura BMP390
2025-06-03 15:18:40,656 [INFO] Lectura LTR390
2025-06-03 15:18:40,659 [INFO] Lectura desde ESP32-S3 por serial
2025-06-03 15:18:43,929 [INFO] Lectura datos climáticos NASA
2025-06-03 15:18:43,932 [INFO] Datos JSON preparados para envío
2025-06-03 15:18:44,985 [INFO] Lectura BMP390
2025-06-03 15:18:45,165 [INFO] Lectura LTR390
2025-06-03 15:18:45,171 [INFO] Lectura desde ESP32-S3 por serial
2025-06-03 15:18:49,047 [INFO] Lectura datos climáticos NASA
2025-06-03 15:18:49,051 [INFO] Datos JSON preparados para envío
2025-06-03 15:18:50,105 [INFO] Lectura BMP390
2025-06-03 15:18:50,286 [INFO] Lectura LTR390
2025-06-03 15:18:50,292 [INFO] Lectura desde ESP32-S3 por serial
2025-06-03 15:18:53,657 [INFO] Lectura datos climáticos NASA
2025-06-03 15:18:53,660 [INFO] Datos JSON preparados para envío
2025-06-03 15:18:54,714 [INFO] Lectura BMP390
2025-06-03 15:18:54,894 [INFO] Lectura LTR390
2025-06-03 15:18:54,901 [INFO] Lectura desde ESP32-S3 por serial
2025-06-03 15:18:58,258 [INFO] Lectura datos climáticos NASA
2025-06-03 15:18:58,261 [INFO] Datos JSON preparados para envío
2025-06-03 15:18:59,314 [INFO] Lectura BMP390
2025-06-03 15:18:59,492 [INFO] Lectura LTR390
2025-06-03 15:18:59,498 [INFO] Lectura desde ESP32-S3 por serial
2025-06-03 15:19:02,762 [INFO] Lectura datos climáticos NASA
2025-06-03 15:19:02,765 [INFO] Datos JSON preparados para envío
2025-06-03 15:19:03,818 [INFO] Lectura BMP390
2025-06-03 15:19:04,002 [INFO] Lectura LTR390
2025-06-03 15:19:04,008 [INFO] Lectura desde ESP32-S3 por serial
2025-06-03 15:19:08,695 [INFO] Lectura datos climáticos NASA
2025-06-03 15:19:08,698 [INFO] Datos JSON preparados para envío
2025-06-03 15:19:09,753 [INFO] Lectura BMP390
2025-06-03 15:19:09,935 [INFO] Lectura LTR390
2025-06-03 15:19:09,941 [INFO] Lectura desde ESP32-S3 por serial
2025-06-03 15:19:13,711 [INFO] Lectura datos climáticos NASA
2025-06-03 15:19:13,715 [INFO] Datos JSON preparados para envío
2025-06-03 15:19:14,772 [INFO] Lectura BMP390
2025-06-03 15:19:14,956 [INFO] Lectura LTR390
2025-06-03 15:19:14,963 [INFO] Lectura desde ESP32-S3 por serial
2025-06-03 15:19:18,725 [INFO] Lectura datos climáticos NASA
2025-06-03 15:19:18,732 [INFO] Datos JSON preparados para envío
2025-06-03 15:19:19,785 [INFO] Lectura BMP390
2025-06-03 15:19:19,966 [INFO] Lectura LTR390
2025-06-03 15:19:19,972 [INFO] Lectura desde ESP32-S3 por serial
2025-06-03 15:19:23,429 [INFO] Lectura datos climáticos NASA
2025-06-03 15:19:23,431 [INFO] Datos JSON preparados para envío
2025-06-03 15:19:24,482 [INFO] Lectura BMP390
2025-06-03 15:19:24,665 [INFO] Lectura LTR390
2025-06-03 15:19:24,671 [INFO] Lectura desde ESP32-S3 por serial
2025-06-03 15:19:29,161 [INFO] Lectura datos climáticos NASA
2025-06-03 15:19:29,164 [INFO] Datos JSON preparados para envío
2025-06-03 15:19:30,216 [INFO] Lectura BMP390
2025-06-03 15:19:30,403 [INFO] Lectura LTR390
2025-06-03 15:19:30,408 [INFO] Lectura desde ESP32-S3 por serial
2025-06-03 15:19:33,734 [INFO] Lectura datos climáticos NASA
2025-06-03 15:19:33,737 [INFO] Datos JSON preparados para envío
2025-06-03 15:19:34,791 [INFO] Lectura BMP390
2025-06-03 15:19:34,972 [INFO] Lectura LTR390
2025-06-03 15:19:34,978 [INFO] Lectura desde ESP32-S3 por serial
2025-06-03 15:19:39,293 [INFO] Lectura datos climáticos NASA
2025-06-03 15:19:39,296 [INFO] Datos JSON preparados para envío
2025-06-03 15:19:40,349 [INFO] Lectura BMP390
2025-06-03 15:19:40,532 [INFO] Lectura LTR390
2025-06-03 15:19:40,538 [INFO] Lectura desde ESP32-S3 por serial
2025-06-03 15:19:44,103 [INFO] Lectura datos climáticos NASA
2025-06-03 15:19:44,106 [INFO] Datos JSON preparados para envío
2025-06-03 15:19:45,159 [INFO] Lectura BMP390
2025-06-03 15:19:45,339 [INFO] Lectura LTR390
2025-06-03 15:19:45,344 [INFO] Lectura desde ESP32-S3 por serial
2025-06-03 15:19:49,321 [INFO] Lectura datos climáticos NASA
2025-06-03 15:19:49,324 [INFO] Datos JSON preparados para envío
2025-06-03 15:19:50,381 [INFO] Lectura BMP390
2025-06-03 15:19:50,560 [INFO] Lectura LTR390
2025-06-03 15:19:50,567 [INFO] Lectura desde ESP32-S3 por serial
2025-06-03 15:19:54,133 [INFO] Lectura datos climáticos NASA
2025-06-03 15:19:54,136 [INFO] Datos JSON preparados para envío
2025-06-03 15:19:55,189 [INFO] Lectura BMP390
2025-06-03 15:19:55,368 [INFO] Lectura LTR390
2025-06-03 15:19:55,371 [INFO] Lectura desde ESP32-S3 por serial
2025-06-03 15:19:58,740 [INFO] Lectura datos climáticos NASA
2025-06-03 15:19:58,743 [INFO] Datos JSON preparados para envío
2025-06-03 15:19:59,796 [INFO] Lectura BMP390
2025-06-03 15:19:59,977 [INFO] Lectura LTR390
2025-06-03 15:19:59,983 [INFO] Lectura desde ESP32-S3 por serial
2025-06-03 15:20:04,056 [INFO] Lectura datos climáticos NASA
2025-06-03 15:20:04,060 [INFO] Datos JSON preparados para envío
2025-06-03 15:20:05,114 [INFO] Lectura BMP390
2025-06-03 15:20:05,299 [INFO] Lectura LTR390
2025-06-03 15:20:05,305 [INFO] Lectura desde ESP32-S3 por serial
2025-06-03 15:20:09,893 [INFO] Lectura datos climáticos NASA
2025-06-03 15:20:09,897 [INFO] Datos JSON preparados para envío
2025-06-03 15:20:10,950 [INFO] Lectura BMP390
2025-06-03 15:20:11,130 [INFO] Lectura LTR390
2025-06-03 15:20:11,136 [INFO] Lectura desde ESP32-S3 por serial
2025-06-03 15:20:15,109 [INFO] Lectura datos climáticos NASA
2025-06-03 15:20:15,112 [INFO] Datos JSON preparados para envío
2025-06-03 15:20:16,164 [INFO] Lectura BMP390
2025-06-03 15:20:16,344 [INFO] Lectura LTR390
2025-06-03 15:20:16,350 [INFO] Lectura desde ESP32-S3 por serial
2025-06-03 15:20:20,330 [INFO] Lectura datos climáticos NASA
2025-06-03 15:20:20,334 [INFO] Datos JSON preparados para envío
2025-06-03 15:20:21,389 [INFO] Lectura BMP390
2025-06-03 15:20:21,570 [INFO] Lectura LTR390
2025-06-03 15:20:21,577 [INFO] Lectura desde ESP32-S3 por serial
2025-06-03 15:20:25,037 [INFO] Lectura datos climáticos NASA
2025-06-03 15:20:25,040 [INFO] Datos JSON preparados para envío
2025-06-03 15:20:26,093 [INFO] Lectura BMP390
2025-06-03 15:20:26,278 [INFO] Lectura LTR390
2025-06-03 15:20:26,284 [INFO] Lectura desde ESP32-S3 por serial
2025-06-03 15:20:30,357 [INFO] Lectura datos climáticos NASA
2025-06-03 15:20:30,360 [INFO] Datos JSON preparados para envío
2025-06-03 15:20:31,412 [INFO] Lectura BMP390
2025-06-03 15:20:31,592 [INFO] Lectura LTR390
2025-06-03 15:20:31,598 [INFO] Lectura desde ESP32-S3 por serial
2025-06-03 15:20:35,580 [INFO] Lectura datos climáticos NASA
2025-06-03 15:20:35,583 [INFO] Datos JSON preparados para envío
2025-06-03 15:20:36,641 [INFO] Lectura BMP390
2025-06-03 15:20:36,821 [INFO] Lectura LTR390
2025-06-03 15:20:36,827 [INFO] Lectura desde ESP32-S3 por serial
2025-06-03 15:20:40,385 [INFO] Lectura datos climáticos NASA
2025-06-03 15:20:40,388 [INFO] Datos JSON preparados para envío
2025-06-03 15:20:41,440 [INFO] Lectura BMP390
2025-06-03 15:20:41,619 [INFO] Lectura LTR390
2025-06-03 15:20:41,625 [INFO] Lectura desde ESP32-S3 por serial
2025-06-03 15:20:45,809 [INFO] Lectura datos climáticos NASA
2025-06-03 15:20:45,812 [INFO] Datos JSON preparados para envío
2025-06-03 15:20:46,864 [INFO] Lectura BMP390
2025-06-03 15:20:47,049 [INFO] Lectura LTR390
2025-06-03 15:20:47,055 [INFO] Lectura desde ESP32-S3 por serial
2025-06-03 15:20:51,338 [INFO] Lectura datos climáticos NASA
2025-06-03 15:20:51,341 [INFO] Datos JSON preparados para envío
2025-06-03 15:20:52,393 [INFO] Lectura BMP390
2025-06-03 15:20:52,573 [INFO] Lectura LTR390
2025-06-03 15:20:52,579 [INFO] Lectura desde ESP32-S3 por serial
2025-06-03 15:20:56,963 [INFO] Lectura datos climáticos NASA
2025-06-03 15:20:56,970 [INFO] Datos JSON preparados para envío
2025-06-03 15:20:58,022 [INFO] Lectura BMP390
2025-06-03 15:20:58,202 [INFO] Lectura LTR390
2025-06-03 15:20:58,208 [INFO] Lectura desde ESP32-S3 por serial
2025-06-03 15:21:01,477 [INFO] Lectura datos climáticos NASA
2025-06-03 15:21:01,480 [INFO] Datos JSON preparados para envío
2025-06-03 15:21:02,532 [INFO] Lectura BMP390
2025-06-03 15:21:02,712 [INFO] Lectura LTR390
2025-06-03 15:21:02,718 [INFO] Lectura desde ESP32-S3 por serial
2025-06-03 15:21:05,969 [INFO] Lectura datos climáticos NASA
2025-06-03 15:21:05,975 [INFO] Datos JSON preparados para envío
2025-06-03 15:21:07,026 [INFO] Lectura BMP390
2025-06-03 15:21:07,206 [INFO] Lectura LTR390
2025-06-03 15:21:07,212 [INFO] Lectura desde ESP32-S3 por serial
2025-06-03 15:21:10,684 [INFO] Lectura datos climáticos NASA
2025-06-03 15:21:10,689 [INFO] Datos JSON preparados para envío
2025-06-03 15:21:11,748 [INFO] Lectura BMP390
2025-06-03 15:21:11,928 [INFO] Lectura LTR390
2025-06-03 15:21:11,934 [INFO] Lectura desde ESP32-S3 por serial
2025-06-03 15:21:15,284 [INFO] Lectura datos climáticos NASA
2025-06-03 15:21:15,287 [INFO] Datos JSON preparados para envío
2025-06-03 15:21:16,342 [INFO] Lectura BMP390
2025-06-03 15:21:16,523 [INFO] Lectura LTR390
2025-06-03 15:21:16,529 [INFO] Lectura desde ESP32-S3 por serial
2025-06-03 15:21:21,217 [INFO] Lectura datos climáticos NASA
2025-06-03 15:21:21,221 [INFO] Datos JSON preparados para envío
2025-06-03 15:21:22,274 [INFO] Lectura BMP390
2025-06-03 15:21:22,454 [INFO] Lectura LTR390
2025-06-03 15:21:22,459 [INFO] Lectura desde ESP32-S3 por serial
2025-06-03 15:21:27,468 [INFO] Lectura datos climáticos NASA
2025-06-03 15:21:27,471 [INFO] Datos JSON preparados para envío
2025-06-03 15:21:28,522 [INFO] Lectura BMP390
2025-06-03 15:21:28,702 [INFO] Lectura LTR390
2025-06-03 15:21:28,708 [INFO] Lectura desde ESP32-S3 por serial
2025-06-03 15:21:32,783 [INFO] Lectura datos climáticos NASA
2025-06-03 15:21:32,786 [INFO] Datos JSON preparados para envío
2025-06-03 15:21:33,837 [INFO] Lectura BMP390
2025-06-03 15:21:34,019 [INFO] Lectura LTR390
2025-06-03 15:21:34,026 [INFO] Lectura desde ESP32-S3 por serial
2025-06-03 15:21:37,697 [INFO] Lectura datos climáticos NASA
2025-06-03 15:21:37,700 [INFO] Datos JSON preparados para envío
2025-06-03 15:21:38,752 [INFO] Lectura BMP390
2025-06-03 15:21:38,933 [INFO] Lectura LTR390
2025-06-03 15:21:38,939 [INFO] Lectura desde ESP32-S3 por serial
2025-06-03 15:21:43,424 [INFO] Lectura datos climáticos NASA
2025-06-03 15:21:43,427 [INFO] Datos JSON preparados para envío
2025-06-03 15:21:44,478 [INFO] Lectura BMP390
2025-06-03 15:21:44,660 [INFO] Lectura LTR390
2025-06-03 15:21:44,666 [INFO] Lectura desde ESP32-S3 por serial
2025-06-03 15:21:49,155 [INFO] Lectura datos climáticos NASA
2025-06-03 15:21:49,158 [INFO] Datos JSON preparados para envío
2025-06-03 15:21:50,211 [INFO] Lectura BMP390
2025-06-03 15:21:50,392 [INFO] Lectura LTR390
2025-06-03 15:21:50,397 [INFO] Lectura desde ESP32-S3 por serial
2025-06-03 15:21:54,375 [INFO] Lectura datos climáticos NASA
2025-06-03 15:21:54,377 [INFO] Datos JSON preparados para envío
2025-06-03 15:21:55,429 [INFO] Lectura BMP390
2025-06-03 15:21:55,609 [INFO] Lectura LTR390
2025-06-03 15:21:55,615 [INFO] Lectura desde ESP32-S3 por serial
2025-06-03 15:21:59,166 [INFO] Lectura datos climáticos NASA
2025-06-03 15:21:59,169 [INFO] Datos JSON preparados para envío
2025-06-03 15:22:00,223 [INFO] Lectura BMP390
2025-06-03 15:22:00,404 [INFO] Lectura LTR390
2025-06-03 15:22:00,409 [INFO] Lectura desde ESP32-S3 por serial
2025-06-03 15:22:03,684 [INFO] Lectura datos climáticos NASA
2025-06-03 15:22:03,685 [INFO] Datos JSON preparados para envío
2025-06-03 15:22:04,736 [INFO] Lectura BMP390
2025-06-03 15:22:04,917 [INFO] Lectura LTR390
2025-06-03 15:22:04,922 [INFO] Lectura desde ESP32-S3 por serial
2025-06-03 15:22:08,187 [INFO] Lectura datos climáticos NASA
2025-06-03 15:22:08,190 [INFO] Datos JSON preparados para envío
2025-06-03 15:22:09,245 [INFO] Lectura BMP390
2025-06-03 15:22:09,428 [INFO] Lectura LTR390
2025-06-03 15:22:09,435 [INFO] Lectura desde ESP32-S3 por serial
2025-06-03 15:22:12,901 [INFO] Lectura datos climáticos NASA
2025-06-03 15:22:12,904 [INFO] Datos JSON preparados para envío
2025-06-03 15:22:13,959 [INFO] Lectura BMP390
2025-06-03 15:22:14,138 [INFO] Lectura LTR390
2025-06-03 15:22:14,145 [INFO] Lectura desde ESP32-S3 por serial
2025-06-03 15:22:17,506 [INFO] Lectura datos climáticos NASA
2025-06-03 15:22:17,509 [INFO] Datos JSON preparados para envío
2025-06-03 15:22:18,565 [INFO] Lectura BMP390
2025-06-03 15:22:18,745 [INFO] Lectura LTR390
2025-06-03 15:22:18,752 [INFO] Lectura desde ESP32-S3 por serial
2025-06-03 15:22:23,129 [INFO] Lectura datos climáticos NASA
2025-06-03 15:22:23,132 [INFO] Datos JSON preparados para envío
2025-06-03 15:22:24,183 [INFO] Lectura BMP390
2025-06-03 15:22:24,363 [INFO] Lectura LTR390
2025-06-03 15:22:24,368 [INFO] Lectura desde ESP32-S3 por serial
2025-06-03 15:22:29,070 [INFO] Lectura datos climáticos NASA
2025-06-03 15:22:29,073 [INFO] Datos JSON preparados para envío
2025-06-03 15:22:30,131 [INFO] Lectura BMP390
2025-06-03 15:22:30,313 [INFO] Lectura LTR390
2025-06-03 15:22:30,319 [INFO] Lectura desde ESP32-S3 por serial
2025-06-03 15:22:34,288 [INFO] Lectura datos climáticos NASA
2025-06-03 15:22:34,291 [INFO] Datos JSON preparados para envío
2025-06-03 15:22:35,347 [INFO] Lectura BMP390
2025-06-03 15:22:35,523 [INFO] Lectura LTR390
2025-06-03 15:22:35,526 [INFO] Lectura desde ESP32-S3 por serial
2025-06-03 15:22:38,796 [INFO] Lectura datos climáticos NASA
2025-06-03 15:22:38,799 [INFO] Datos JSON preparados para envío
2025-06-03 15:22:39,853 [INFO] Lectura BMP390
2025-06-03 15:22:40,060 [INFO] Lectura LTR390
2025-06-03 15:22:40,067 [INFO] Lectura desde ESP32-S3 por serial
2025-06-03 15:22:43,700 [INFO] Lectura datos climáticos NASA
2025-06-03 15:22:43,703 [INFO] Datos JSON preparados para envío
2025-06-03 15:22:44,754 [INFO] Lectura BMP390
2025-06-03 15:22:44,939 [INFO] Lectura LTR390
2025-06-03 15:22:44,946 [INFO] Lectura desde ESP32-S3 por serial
2025-06-03 15:22:48,304 [INFO] Lectura datos climáticos NASA
2025-06-03 15:22:48,306 [INFO] Datos JSON preparados para envío
2025-06-03 15:22:49,361 [INFO] Lectura BMP390
2025-06-03 15:22:49,540 [INFO] Lectura LTR390
2025-06-03 15:22:49,546 [INFO] Lectura desde ESP32-S3 por serial
2025-06-03 15:22:53,529 [INFO] Lectura datos climáticos NASA
2025-06-03 15:22:53,532 [INFO] Datos JSON preparados para envío
2025-06-03 15:22:54,584 [INFO] Lectura BMP390
2025-06-03 15:22:54,767 [INFO] Lectura LTR390
2025-06-03 15:22:54,774 [INFO] Lectura desde ESP32-S3 por serial
2025-06-03 15:22:58,537 [INFO] Lectura datos climáticos NASA
2025-06-03 15:22:58,541 [INFO] Datos JSON preparados para envío
2025-06-03 15:22:59,593 [INFO] Lectura BMP390
2025-06-03 15:22:59,776 [INFO] Lectura LTR390
2025-06-03 15:22:59,782 [INFO] Lectura desde ESP32-S3 por serial
2025-06-03 15:23:03,653 [INFO] Lectura datos climáticos NASA
2025-06-03 15:23:03,655 [INFO] Datos JSON preparados para envío
2025-06-03 15:23:04,710 [INFO] Lectura BMP390
2025-06-03 15:23:04,892 [INFO] Lectura LTR390
2025-06-03 15:23:04,898 [INFO] Lectura desde ESP32-S3 por serial
2025-06-03 15:23:08,565 [INFO] Lectura datos climáticos NASA
2025-06-03 15:23:08,568 [INFO] Datos JSON preparados para envío
2025-06-03 15:23:09,621 [INFO] Lectura BMP390
2025-06-03 15:23:09,802 [INFO] Lectura LTR390
2025-06-03 15:23:09,808 [INFO] Lectura desde ESP32-S3 por serial
2025-06-03 15:23:13,682 [INFO] Lectura datos climáticos NASA
2025-06-03 15:23:13,685 [INFO] Datos JSON preparados para envío
2025-06-03 15:23:14,738 [INFO] Lectura BMP390
2025-06-03 15:23:14,918 [INFO] Lectura LTR390
2025-06-03 15:23:14,924 [INFO] Lectura desde ESP32-S3 por serial
2025-06-03 15:23:19,004 [INFO] Lectura datos climáticos NASA
2025-06-03 15:23:19,007 [INFO] Datos JSON preparados para envío
2025-06-03 15:23:20,061 [INFO] Lectura BMP390
2025-06-03 15:23:20,241 [INFO] Lectura LTR390
2025-06-03 15:23:20,248 [INFO] Lectura desde ESP32-S3 por serial
2025-06-03 15:23:24,119 [INFO] Lectura datos climáticos NASA
2025-06-03 15:23:24,122 [INFO] Datos JSON preparados para envío
2025-06-03 15:23:25,176 [INFO] Lectura BMP390
2025-06-03 15:23:25,356 [INFO] Lectura LTR390
2025-06-03 15:23:25,362 [INFO] Lectura desde ESP32-S3 por serial
2025-06-03 15:23:28,823 [INFO] Lectura datos climáticos NASA
2025-06-03 15:23:28,825 [INFO] Datos JSON preparados para envío
2025-06-03 15:23:29,877 [INFO] Lectura BMP390
2025-06-03 15:23:30,057 [INFO] Lectura LTR390
2025-06-03 15:23:30,063 [INFO] Lectura desde ESP32-S3 por serial
2025-06-03 15:23:33,431 [INFO] Lectura datos climáticos NASA
2025-06-03 15:23:33,433 [INFO] Datos JSON preparados para envío
2025-06-03 15:23:34,485 [INFO] Lectura BMP390
2025-06-03 15:23:34,665 [INFO] Lectura LTR390
2025-06-03 15:23:34,671 [INFO] Lectura desde ESP32-S3 por serial
2025-06-03 15:23:38,753 [INFO] Lectura datos climáticos NASA
2025-06-03 15:23:38,760 [INFO] Datos JSON preparados para envío
2025-06-03 15:23:39,810 [INFO] Lectura BMP390
2025-06-03 15:23:39,986 [INFO] Lectura LTR390
2025-06-03 15:23:39,989 [INFO] Lectura desde ESP32-S3 por serial
2025-06-03 15:23:43,973 [INFO] Lectura datos climáticos NASA
2025-06-03 15:23:43,975 [INFO] Datos JSON preparados para envío
2025-06-03 15:23:45,030 [INFO] Lectura BMP390
2025-06-03 15:23:45,214 [INFO] Lectura LTR390
2025-06-03 15:23:45,220 [INFO] Lectura desde ESP32-S3 por serial
2025-06-03 15:23:49,089 [INFO] Lectura datos climáticos NASA
2025-06-03 15:23:49,092 [INFO] Datos JSON preparados para envío
2025-06-03 15:23:50,146 [INFO] Lectura BMP390
2025-06-03 15:23:50,329 [INFO] Lectura LTR390
2025-06-03 15:23:50,335 [INFO] Lectura desde ESP32-S3 por serial
2025-06-03 15:23:53,591 [INFO] Lectura datos climáticos NASA
2025-06-03 15:23:53,594 [INFO] Datos JSON preparados para envío
2025-06-03 15:23:54,649 [INFO] Lectura BMP390
2025-06-03 15:23:54,829 [INFO] Lectura LTR390
2025-06-03 15:23:54,835 [INFO] Lectura desde ESP32-S3 por serial
2025-06-03 15:23:59,225 [INFO] Lectura datos climáticos NASA
2025-06-03 15:23:59,228 [INFO] Datos JSON preparados para envío
2025-06-03 15:24:00,281 [INFO] Lectura BMP390
2025-06-03 15:24:00,460 [INFO] Lectura LTR390
2025-06-03 15:24:00,463 [INFO] Lectura desde ESP32-S3 por serial
2025-06-03 15:24:03,929 [INFO] Lectura datos climáticos NASA
2025-06-03 15:24:03,932 [INFO] Datos JSON preparados para envío
2025-06-03 15:24:04,982 [INFO] Lectura BMP390
2025-06-03 15:24:05,160 [INFO] Lectura LTR390
2025-06-03 15:24:05,165 [INFO] Lectura desde ESP32-S3 por serial
2025-06-03 15:24:08,535 [INFO] Lectura datos climáticos NASA
2025-06-03 15:24:08,538 [INFO] Datos JSON preparados para envío
2025-06-03 15:24:09,590 [INFO] Lectura BMP390
2025-06-03 15:24:09,770 [INFO] Lectura LTR390
2025-06-03 15:24:09,776 [INFO] Lectura desde ESP32-S3 por serial
2025-06-03 15:24:14,674 [INFO] Lectura datos climáticos NASA
2025-06-03 15:24:14,676 [INFO] Datos JSON preparados para envío
2025-06-03 15:24:15,731 [INFO] Lectura BMP390
2025-06-03 15:24:15,910 [INFO] Lectura LTR390
2025-06-03 15:24:15,916 [INFO] Lectura desde ESP32-S3 por serial
2025-06-03 15:24:19,789 [INFO] Lectura datos climáticos NASA
2025-06-03 15:24:19,792 [INFO] Datos JSON preparados para envío
2025-06-03 15:24:20,844 [INFO] Lectura BMP390
2025-06-03 15:24:21,024 [INFO] Lectura LTR390
2025-06-03 15:24:21,030 [INFO] Lectura desde ESP32-S3 por serial
2025-06-03 15:24:24,701 [INFO] Lectura datos climáticos NASA
2025-06-03 15:24:24,704 [INFO] Datos JSON preparados para envío
2025-06-03 15:24:25,755 [INFO] Lectura BMP390
2025-06-03 15:24:25,935 [INFO] Lectura LTR390
2025-06-03 15:24:25,941 [INFO] Lectura desde ESP32-S3 por serial
2025-06-03 15:24:29,101 [INFO] Lectura datos climáticos NASA
2025-06-03 15:24:29,104 [INFO] Datos JSON preparados para envío
2025-06-03 15:24:30,155 [INFO] Lectura BMP390
2025-06-03 15:24:30,335 [INFO] Lectura LTR390
2025-06-03 15:24:30,345 [INFO] Lectura desde ESP32-S3 por serial
2025-06-03 15:24:33,808 [INFO] Lectura datos climáticos NASA
2025-06-03 15:24:33,811 [INFO] Datos JSON preparados para envío
2025-06-03 15:24:34,863 [INFO] Lectura BMP390
2025-06-03 15:24:35,045 [INFO] Lectura LTR390
2025-06-03 15:24:35,051 [INFO] Lectura desde ESP32-S3 por serial
2025-06-03 15:24:39,027 [INFO] Lectura datos climáticos NASA
2025-06-03 15:24:39,030 [INFO] Datos JSON preparados para envío
2025-06-03 15:24:40,081 [INFO] Lectura BMP390
2025-06-03 15:24:40,261 [INFO] Lectura LTR390
2025-06-03 15:24:40,267 [INFO] Lectura desde ESP32-S3 por serial
2025-06-03 15:24:43,937 [INFO] Lectura datos climáticos NASA
2025-06-03 15:24:43,938 [INFO] Datos JSON preparados para envío
2025-06-03 15:24:44,991 [INFO] Lectura BMP390
2025-06-03 15:24:45,171 [INFO] Lectura LTR390
2025-06-03 15:24:45,176 [INFO] Lectura desde ESP32-S3 por serial
2025-06-03 15:24:48,749 [INFO] Lectura datos climáticos NASA
2025-06-03 15:24:48,755 [INFO] Datos JSON preparados para envío
2025-06-03 15:24:49,812 [INFO] Lectura BMP390
2025-06-03 15:24:49,994 [INFO] Lectura LTR390
2025-06-03 15:24:50,001 [INFO] Lectura desde ESP32-S3 por serial
2025-06-03 15:24:53,152 [INFO] Lectura datos climáticos NASA
2025-06-03 15:24:53,154 [INFO] Datos JSON preparados para envío
2025-06-03 15:24:54,207 [INFO] Lectura BMP390
2025-06-03 15:24:54,391 [INFO] Lectura LTR390
2025-06-03 15:24:54,396 [INFO] Lectura desde ESP32-S3 por serial
2025-06-03 15:24:58,576 [INFO] Lectura datos climáticos NASA
2025-06-03 15:24:58,579 [INFO] Datos JSON preparados para envío
2025-06-03 15:24:59,634 [INFO] Lectura BMP390
2025-06-03 15:24:59,818 [INFO] Lectura LTR390
2025-06-03 15:24:59,825 [INFO] Lectura desde ESP32-S3 por serial
2025-06-03 15:25:03,078 [INFO] Lectura datos climáticos NASA
2025-06-03 15:25:03,081 [INFO] Datos JSON preparados para envío
2025-06-03 15:25:04,133 [INFO] Lectura BMP390
2025-06-03 15:25:04,314 [INFO] Lectura LTR390
2025-06-03 15:25:04,321 [INFO] Lectura desde ESP32-S3 por serial
2025-06-03 15:25:08,810 [INFO] Lectura datos climáticos NASA
2025-06-03 15:25:08,813 [INFO] Datos JSON preparados para envío
2025-06-03 15:25:09,865 [INFO] Lectura BMP390
2025-06-03 15:25:10,047 [INFO] Lectura LTR390
2025-06-03 15:25:10,054 [INFO] Lectura desde ESP32-S3 por serial
2025-06-03 15:25:13,720 [INFO] Lectura datos climáticos NASA
2025-06-03 15:25:13,723 [INFO] Datos JSON preparados para envío
2025-06-03 15:25:14,777 [INFO] Lectura BMP390
2025-06-03 15:25:14,957 [INFO] Lectura LTR390
2025-06-03 15:25:14,963 [INFO] Lectura desde ESP32-S3 por serial
2025-06-03 15:25:19,076 [INFO] Lectura datos climáticos NASA
2025-06-03 15:25:19,080 [INFO] Datos JSON preparados para envío
2025-06-03 15:25:20,132 [INFO] Lectura BMP390
2025-06-03 15:25:20,313 [INFO] Lectura LTR390
2025-06-03 15:25:20,319 [INFO] Lectura desde ESP32-S3 por serial
2025-06-03 15:25:25,077 [INFO] Lectura datos climáticos NASA
2025-06-03 15:25:25,080 [INFO] Datos JSON preparados para envío
2025-06-03 15:25:26,133 [INFO] Lectura BMP390
2025-06-03 15:25:26,314 [INFO] Lectura LTR390
2025-06-03 15:25:26,320 [INFO] Lectura desde ESP32-S3 por serial
2025-06-03 15:25:29,891 [INFO] Lectura datos climáticos NASA
2025-06-03 15:25:29,895 [INFO] Datos JSON preparados para envío
2025-06-03 15:25:30,950 [INFO] Lectura BMP390
2025-06-03 15:25:31,130 [INFO] Lectura LTR390
2025-06-03 15:25:31,136 [INFO] Lectura desde ESP32-S3 por serial
2025-06-03 15:25:35,208 [INFO] Lectura datos climáticos NASA
2025-06-03 15:25:35,211 [INFO] Datos JSON preparados para envío
2025-06-03 15:25:36,264 [INFO] Lectura BMP390
2025-06-03 15:25:36,446 [INFO] Lectura LTR390
2025-06-03 15:25:36,450 [INFO] Lectura desde ESP32-S3 por serial
2025-06-03 15:25:39,813 [INFO] Lectura datos climáticos NASA
2025-06-03 15:25:39,816 [INFO] Datos JSON preparados para envío
2025-06-03 15:25:40,869 [INFO] Lectura BMP390
2025-06-03 15:25:41,049 [INFO] Lectura LTR390
2025-06-03 15:25:41,058 [INFO] Lectura desde ESP32-S3 por serial
2025-06-03 15:25:45,036 [INFO] Lectura datos climáticos NASA
2025-06-03 15:25:45,039 [INFO] Datos JSON preparados para envío
2025-06-03 15:25:46,092 [INFO] Lectura BMP390
2025-06-03 15:25:46,273 [INFO] Lectura LTR390
2025-06-03 15:25:46,280 [INFO] Lectura desde ESP32-S3 por serial
2025-06-03 15:25:49,944 [INFO] Lectura datos climáticos NASA
2025-06-03 15:25:49,950 [INFO] Datos JSON preparados para envío
2025-06-03 15:25:51,002 [INFO] Lectura BMP390
2025-06-03 15:25:51,182 [INFO] Lectura LTR390
2025-06-03 15:25:51,188 [INFO] Lectura desde ESP32-S3 por serial
2025-06-03 15:25:54,857 [INFO] Lectura datos climáticos NASA
2025-06-03 15:25:54,860 [INFO] Datos JSON preparados para envío
2025-06-03 15:25:55,913 [INFO] Lectura BMP390
2025-06-03 15:25:56,093 [INFO] Lectura LTR390
2025-06-03 15:25:56,099 [INFO] Lectura desde ESP32-S3 por serial
2025-06-03 15:26:00,382 [INFO] Lectura datos climáticos NASA
2025-06-03 15:26:00,385 [INFO] Datos JSON preparados para envío
2025-06-03 15:26:01,437 [INFO] Lectura BMP390
2025-06-03 15:26:01,617 [INFO] Lectura LTR390
2025-06-03 15:26:01,623 [INFO] Lectura desde ESP32-S3 por serial
2025-06-03 15:26:05,503 [INFO] Lectura datos climáticos NASA
2025-06-03 15:26:05,506 [INFO] Datos JSON preparados para envío
2025-06-03 15:26:06,557 [INFO] Lectura BMP390
2025-06-03 15:26:06,738 [INFO] Lectura LTR390
2025-06-03 15:26:06,743 [INFO] Lectura desde ESP32-S3 por serial
2025-06-03 15:26:11,134 [INFO] Lectura datos climáticos NASA
2025-06-03 15:26:11,137 [INFO] Datos JSON preparados para envío
2025-06-03 15:26:12,193 [INFO] Lectura BMP390
2025-06-03 15:26:12,375 [INFO] Lectura LTR390
2025-06-03 15:26:12,381 [INFO] Lectura desde ESP32-S3 por serial
2025-06-03 15:26:16,040 [INFO] Lectura datos climáticos NASA
2025-06-03 15:26:16,042 [INFO] Datos JSON preparados para envío
2025-06-03 15:26:17,096 [INFO] Lectura BMP390
2025-06-03 15:26:17,280 [INFO] Lectura LTR390
2025-06-03 15:26:17,286 [INFO] Lectura desde ESP32-S3 por serial
2025-06-03 15:26:20,747 [INFO] Lectura datos climáticos NASA
2025-06-03 15:26:20,750 [INFO] Datos JSON preparados para envío
2025-06-03 15:26:21,805 [INFO] Lectura BMP390
2025-06-03 15:26:21,984 [INFO] Lectura LTR390
2025-06-03 15:26:21,989 [INFO] Lectura desde ESP32-S3 por serial
2025-06-03 15:26:25,966 [INFO] Lectura datos climáticos NASA
2025-06-03 15:26:25,968 [INFO] Datos JSON preparados para envío
2025-06-03 15:26:27,020 [INFO] Lectura BMP390
2025-06-03 15:26:27,200 [INFO] Lectura LTR390
2025-06-03 15:26:27,207 [INFO] Lectura desde ESP32-S3 por serial
2025-06-03 15:26:31,085 [INFO] Lectura datos climáticos NASA
2025-06-03 15:26:31,088 [INFO] Datos JSON preparados para envío
2025-06-03 15:26:32,142 [INFO] Lectura BMP390
2025-06-03 15:26:32,323 [INFO] Lectura LTR390
2025-06-03 15:26:32,329 [INFO] Lectura desde ESP32-S3 por serial
2025-06-03 15:26:35,790 [INFO] Lectura datos climáticos NASA
2025-06-03 15:26:35,793 [INFO] Datos JSON preparados para envío
2025-06-03 15:26:36,844 [INFO] Lectura BMP390
2025-06-03 15:26:37,024 [INFO] Lectura LTR390
2025-06-03 15:26:37,031 [INFO] Lectura desde ESP32-S3 por serial
2025-06-03 15:26:40,700 [INFO] Lectura datos climáticos NASA
2025-06-03 15:26:40,702 [INFO] Datos JSON preparados para envío
2025-06-03 15:26:41,754 [INFO] Lectura BMP390
2025-06-03 15:26:41,937 [INFO] Lectura LTR390
2025-06-03 15:26:41,943 [INFO] Lectura desde ESP32-S3 por serial
2025-06-03 15:26:46,466 [INFO] Lectura datos climáticos NASA
2025-06-03 15:26:46,469 [INFO] Datos JSON preparados para envío
2025-06-03 15:26:47,522 [INFO] Lectura BMP390
2025-06-03 15:26:47,702 [INFO] Lectura LTR390
2025-06-03 15:26:47,708 [INFO] Lectura desde ESP32-S3 por serial
2025-06-03 15:26:51,139 [INFO] Lectura datos climáticos NASA
2025-06-03 15:26:51,145 [INFO] Datos JSON preparados para envío
2025-06-03 15:26:52,198 [INFO] Lectura BMP390
2025-06-03 15:26:52,377 [INFO] Lectura LTR390
2025-06-03 15:26:52,383 [INFO] Lectura desde ESP32-S3 por serial
2025-06-03 15:26:55,950 [INFO] Lectura datos climáticos NASA
2025-06-03 15:26:55,953 [INFO] Datos JSON preparados para envío
2025-06-03 15:26:57,006 [INFO] Lectura BMP390
2025-06-03 15:26:57,186 [INFO] Lectura LTR390
2025-06-03 15:26:57,192 [INFO] Lectura desde ESP32-S3 por serial
2025-06-03 15:27:00,966 [INFO] Lectura datos climáticos NASA
2025-06-03 15:27:00,969 [INFO] Datos JSON preparados para envío
2025-06-03 15:27:02,024 [INFO] Lectura BMP390
2025-06-03 15:27:02,205 [INFO] Lectura LTR390
2025-06-03 15:27:02,211 [INFO] Lectura desde ESP32-S3 por serial
2025-06-03 15:27:05,980 [INFO] Lectura datos climáticos NASA
2025-06-03 15:27:05,983 [INFO] Datos JSON preparados para envío
2025-06-03 15:27:07,036 [INFO] Lectura BMP390
2025-06-03 15:27:07,217 [INFO] Lectura LTR390
2025-06-03 15:27:07,223 [INFO] Lectura desde ESP32-S3 por serial
2025-06-03 15:27:10,688 [INFO] Lectura datos climáticos NASA
2025-06-03 15:27:10,690 [INFO] Datos JSON preparados para envío
2025-06-03 15:27:11,741 [INFO] Lectura BMP390
2025-06-03 15:27:11,921 [INFO] Lectura LTR390
2025-06-03 15:27:11,927 [INFO] Lectura desde ESP32-S3 por serial
2025-06-03 15:27:15,700 [INFO] Lectura datos climáticos NASA
2025-06-03 15:27:15,703 [INFO] Datos JSON preparados para envío
2025-06-03 15:27:16,755 [INFO] Lectura BMP390
2025-06-03 15:27:16,937 [INFO] Lectura LTR390
2025-06-03 15:27:16,943 [INFO] Lectura desde ESP32-S3 por serial
2025-06-03 15:27:20,304 [INFO] Lectura datos climáticos NASA
2025-06-03 15:27:20,308 [INFO] Datos JSON preparados para envío
2025-06-03 15:27:21,365 [INFO] Lectura BMP390
2025-06-03 15:27:21,544 [INFO] Lectura LTR390
2025-06-03 15:27:21,550 [INFO] Lectura desde ESP32-S3 por serial
2025-06-03 15:27:25,021 [INFO] Lectura datos climáticos NASA
2025-06-03 15:27:25,023 [INFO] Datos JSON preparados para envío
2025-06-03 15:27:26,076 [INFO] Lectura BMP390
2025-06-03 15:27:26,256 [INFO] Lectura LTR390
2025-06-03 15:27:26,262 [INFO] Lectura desde ESP32-S3 por serial
2025-06-03 15:27:29,821 [INFO] Lectura datos climáticos NASA
2025-06-03 15:27:29,824 [INFO] Datos JSON preparados para envío
2025-06-03 15:27:30,876 [INFO] Lectura BMP390
2025-06-03 15:27:31,055 [INFO] Lectura LTR390
2025-06-03 15:27:31,062 [INFO] Lectura desde ESP32-S3 por serial
2025-06-03 15:27:34,530 [INFO] Lectura datos climáticos NASA
2025-06-03 15:27:34,533 [INFO] Datos JSON preparados para envío
2025-06-03 15:27:35,585 [INFO] Lectura BMP390
2025-06-03 15:27:35,768 [INFO] Lectura LTR390
2025-06-03 15:27:35,774 [INFO] Lectura desde ESP32-S3 por serial
2025-06-03 15:27:39,546 [INFO] Lectura datos climáticos NASA
2025-06-03 15:27:39,548 [INFO] Datos JSON preparados para envío
2025-06-03 15:27:40,600 [INFO] Lectura BMP390
2025-06-03 15:27:40,779 [INFO] Lectura LTR390
2025-06-03 15:27:40,785 [INFO] Lectura desde ESP32-S3 por serial
2025-06-03 15:27:44,454 [INFO] Lectura datos climáticos NASA
2025-06-03 15:27:44,455 [INFO] Datos JSON preparados para envío
2025-06-03 15:27:45,507 [INFO] Lectura BMP390
2025-06-03 15:27:45,695 [INFO] Lectura LTR390
2025-06-03 15:27:45,715 [INFO] Lectura desde ESP32-S3 por serial
2025-06-03 15:27:48,860 [INFO] Lectura datos climáticos NASA
2025-06-03 15:27:48,864 [INFO] Datos JSON preparados para envío
2025-06-03 15:27:49,916 [INFO] Lectura BMP390
2025-06-03 15:27:50,096 [INFO] Lectura LTR390
2025-06-03 15:27:50,102 [INFO] Lectura desde ESP32-S3 por serial
2025-06-03 15:27:53,459 [INFO] Lectura datos climáticos NASA
2025-06-03 15:27:53,462 [INFO] Datos JSON preparados para envío
2025-06-03 15:27:54,516 [INFO] Lectura BMP390
2025-06-03 15:27:54,698 [INFO] Lectura LTR390
2025-06-03 15:27:54,705 [INFO] Lectura desde ESP32-S3 por serial
2025-06-03 15:27:58,476 [INFO] Lectura datos climáticos NASA
2025-06-03 15:27:58,480 [INFO] Datos JSON preparados para envío
2025-06-03 15:27:59,533 [INFO] Lectura BMP390
2025-06-03 15:27:59,714 [INFO] Lectura LTR390
2025-06-03 15:27:59,720 [INFO] Lectura desde ESP32-S3 por serial
2025-06-03 15:28:02,687 [INFO] Lectura datos climáticos NASA
2025-06-03 15:28:02,690 [INFO] Datos JSON preparados para envío
2025-06-03 15:28:03,743 [INFO] Lectura BMP390
2025-06-03 15:28:03,927 [INFO] Lectura LTR390
2025-06-03 15:28:03,933 [INFO] Lectura desde ESP32-S3 por serial
2025-06-03 15:28:08,401 [INFO] Lectura datos climáticos NASA
2025-06-03 15:28:08,405 [INFO] Datos JSON preparados para envío
2025-06-03 15:28:09,457 [INFO] Lectura BMP390
2025-06-03 15:28:09,640 [INFO] Lectura LTR390
2025-06-03 15:28:09,646 [INFO] Lectura desde ESP32-S3 por serial
2025-06-03 15:28:13,212 [INFO] Lectura datos climáticos NASA
2025-06-03 15:28:13,217 [INFO] Datos JSON preparados para envío
2025-06-03 15:28:14,273 [INFO] Lectura BMP390
2025-06-03 15:28:14,453 [INFO] Lectura LTR390
2025-06-03 15:28:14,459 [INFO] Lectura desde ESP32-S3 por serial
2025-06-03 15:28:17,822 [INFO] Lectura datos climáticos NASA
2025-06-03 15:28:17,825 [INFO] Datos JSON preparados para envío
2025-06-03 15:28:18,877 [INFO] Lectura BMP390
2025-06-03 15:28:19,060 [INFO] Lectura LTR390
2025-06-03 15:28:19,066 [INFO] Lectura desde ESP32-S3 por serial
2025-06-03 15:28:22,423 [INFO] Lectura datos climáticos NASA
2025-06-03 15:28:22,426 [INFO] Datos JSON preparados para envío
2025-06-03 15:28:23,478 [INFO] Lectura BMP390
2025-06-03 15:28:23,657 [INFO] Lectura LTR390
2025-06-03 15:28:23,663 [INFO] Lectura desde ESP32-S3 por serial
2025-06-03 15:28:27,128 [INFO] Lectura datos climáticos NASA
2025-06-03 15:28:27,131 [INFO] Datos JSON preparados para envío
2025-06-03 15:28:28,184 [INFO] Lectura BMP390
2025-06-03 15:28:28,364 [INFO] Lectura LTR390
2025-06-03 15:28:28,371 [INFO] Lectura desde ESP32-S3 por serial
2025-06-03 15:28:32,143 [INFO] Lectura datos climáticos NASA
2025-06-03 15:28:32,146 [INFO] Datos JSON preparados para envío
2025-06-03 15:28:33,199 [INFO] Lectura BMP390
2025-06-03 15:28:33,379 [INFO] Lectura LTR390
2025-06-03 15:28:33,384 [INFO] Lectura desde ESP32-S3 por serial
2025-06-03 15:28:36,747 [INFO] Lectura datos climáticos NASA
2025-06-03 15:28:36,750 [INFO] Datos JSON preparados para envío
2025-06-03 15:28:37,808 [INFO] Lectura BMP390
2025-06-03 15:28:37,988 [INFO] Lectura LTR390
2025-06-03 15:28:37,994 [INFO] Lectura desde ESP32-S3 por serial
2025-06-03 15:28:42,375 [INFO] Lectura datos climáticos NASA
2025-06-03 15:28:42,378 [INFO] Datos JSON preparados para envío
2025-06-03 15:28:43,431 [INFO] Lectura BMP390
2025-06-03 15:28:43,612 [INFO] Lectura LTR390
2025-06-03 15:28:43,618 [INFO] Lectura desde ESP32-S3 por serial
2025-06-03 15:28:46,982 [INFO] Lectura datos climáticos NASA
2025-06-03 15:28:46,985 [INFO] Datos JSON preparados para envío
2025-06-03 15:28:48,038 [INFO] Lectura BMP390
2025-06-03 15:28:48,217 [INFO] Lectura LTR390
2025-06-03 15:28:48,224 [INFO] Lectura desde ESP32-S3 por serial
2025-06-03 15:28:52,712 [INFO] Lectura datos climáticos NASA
2025-06-03 15:28:52,715 [INFO] Datos JSON preparados para envío
2025-06-03 15:28:53,767 [INFO] Lectura BMP390
2025-06-03 15:28:53,947 [INFO] Lectura LTR390
2025-06-03 15:28:53,953 [INFO] Lectura desde ESP32-S3 por serial
2025-06-03 15:28:57,624 [INFO] Lectura datos climáticos NASA
2025-06-03 15:28:57,627 [INFO] Datos JSON preparados para envío
2025-06-03 15:28:58,680 [INFO] Lectura BMP390
2025-06-03 15:28:58,860 [INFO] Lectura LTR390
2025-06-03 15:28:58,866 [INFO] Lectura desde ESP32-S3 por serial
2025-06-03 15:29:03,152 [INFO] Lectura datos climáticos NASA
2025-06-03 15:29:03,155 [INFO] Datos JSON preparados para envío
2025-06-03 15:29:04,209 [INFO] Lectura BMP390
2025-06-03 15:29:04,390 [INFO] Lectura LTR390
2025-06-03 15:29:04,396 [INFO] Lectura desde ESP32-S3 por serial
2025-06-03 15:29:08,573 [INFO] Lectura datos climáticos NASA
2025-06-03 15:29:08,576 [INFO] Datos JSON preparados para envío
2025-06-03 15:29:09,630 [INFO] Lectura BMP390
2025-06-03 15:29:09,811 [INFO] Lectura LTR390
2025-06-03 15:29:09,817 [INFO] Lectura desde ESP32-S3 por serial
2025-06-03 15:29:13,079 [INFO] Lectura datos climáticos NASA
2025-06-03 15:29:13,082 [INFO] Datos JSON preparados para envío
2025-06-03 15:29:14,133 [INFO] Lectura BMP390
2025-06-03 15:29:14,313 [INFO] Lectura LTR390
2025-06-03 15:29:14,319 [INFO] Lectura desde ESP32-S3 por serial
2025-06-03 15:29:17,784 [INFO] Lectura datos climáticos NASA
2025-06-03 15:29:17,786 [INFO] Datos JSON preparados para envío
2025-06-03 15:29:18,839 [INFO] Lectura BMP390
2025-06-03 15:29:19,020 [INFO] Lectura LTR390
2025-06-03 15:29:19,026 [INFO] Lectura desde ESP32-S3 por serial
2025-06-03 15:29:23,719 [INFO] Lectura datos climáticos NASA
2025-06-03 15:29:23,722 [INFO] Datos JSON preparados para envío
2025-06-03 15:29:24,774 [INFO] Lectura BMP390
2025-06-03 15:29:24,958 [INFO] Lectura LTR390
2025-06-03 15:29:24,964 [INFO] Lectura desde ESP32-S3 por serial
2025-06-03 15:29:28,632 [INFO] Lectura datos climáticos NASA
2025-06-03 15:29:28,635 [INFO] Datos JSON preparados para envío
2025-06-03 15:29:29,691 [INFO] Lectura BMP390
2025-06-03 15:29:29,871 [INFO] Lectura LTR390
2025-06-03 15:29:29,877 [INFO] Lectura desde ESP32-S3 por serial
2025-06-03 15:29:33,543 [INFO] Lectura datos climáticos NASA
2025-06-03 15:29:33,548 [INFO] Datos JSON preparados para envío
2025-06-03 15:29:34,600 [INFO] Lectura BMP390
2025-06-03 15:29:34,784 [INFO] Lectura LTR390
2025-06-03 15:29:34,790 [INFO] Lectura desde ESP32-S3 por serial
2025-06-03 15:29:38,045 [INFO] Lectura datos climáticos NASA
2025-06-03 15:29:38,048 [INFO] Datos JSON preparados para envío
2025-06-03 15:29:39,102 [INFO] Lectura BMP390
2025-06-03 15:29:39,288 [INFO] Lectura LTR390
2025-06-03 15:29:39,295 [INFO] Lectura desde ESP32-S3 por serial
2025-06-03 15:29:42,650 [INFO] Lectura datos climáticos NASA
2025-06-03 15:29:42,653 [INFO] Datos JSON preparados para envío
2025-06-03 15:29:43,707 [INFO] Lectura BMP390
2025-06-03 15:29:43,891 [INFO] Lectura LTR390
2025-06-03 15:29:43,897 [INFO] Lectura desde ESP32-S3 por serial
2025-06-03 15:29:47,256 [INFO] Lectura datos climáticos NASA
2025-06-03 15:29:47,259 [INFO] Datos JSON preparados para envío
2025-06-03 15:29:48,313 [INFO] Lectura BMP390
2025-06-03 15:29:48,498 [INFO] Lectura LTR390
2025-06-03 15:29:48,504 [INFO] Lectura desde ESP32-S3 por serial
2025-06-03 15:29:52,372 [INFO] Lectura datos climáticos NASA
2025-06-03 15:29:52,376 [INFO] Datos JSON preparados para envío
2025-06-03 15:29:53,429 [INFO] Lectura BMP390
2025-06-03 15:29:53,609 [INFO] Lectura LTR390
2025-06-03 15:29:53,619 [INFO] Lectura desde ESP32-S3 por serial
2025-06-03 15:29:57,597 [INFO] Lectura datos climáticos NASA
2025-06-03 15:29:57,600 [INFO] Datos JSON preparados para envío
2025-06-03 15:29:58,651 [INFO] Lectura BMP390
2025-06-03 15:29:58,835 [INFO] Lectura LTR390
2025-06-03 15:29:58,842 [INFO] Lectura desde ESP32-S3 por serial
2025-06-03 15:30:02,914 [INFO] Lectura datos climáticos NASA
2025-06-03 15:30:02,917 [INFO] Datos JSON preparados para envío
2025-06-03 15:30:03,967 [INFO] Lectura BMP390
2025-06-03 15:30:04,144 [INFO] Lectura LTR390
2025-06-03 15:30:04,148 [INFO] Lectura desde ESP32-S3 por serial
2025-06-03 15:30:07,415 [INFO] Lectura datos climáticos NASA
2025-06-03 15:30:07,417 [INFO] Datos JSON preparados para envío
2025-06-03 15:30:08,469 [INFO] Lectura BMP390
2025-06-03 15:30:08,650 [INFO] Lectura LTR390
2025-06-03 15:30:08,656 [INFO] Lectura desde ESP32-S3 por serial
2025-06-03 15:30:12,203 [INFO] Lectura datos climáticos NASA
2025-06-03 15:30:12,210 [INFO] Datos JSON preparados para envío
2025-06-03 15:30:13,262 [INFO] Lectura BMP390
2025-06-03 15:30:13,442 [INFO] Lectura LTR390
2025-06-03 15:30:13,447 [INFO] Lectura desde ESP32-S3 por serial
2025-06-03 15:30:17,240 [INFO] Lectura datos climáticos NASA
2025-06-03 15:30:17,242 [INFO] Datos JSON preparados para envío
2025-06-03 15:30:18,296 [INFO] Lectura BMP390
2025-06-03 15:30:18,477 [INFO] Lectura LTR390
2025-06-03 15:30:18,483 [INFO] Lectura desde ESP32-S3 por serial
2025-06-03 15:30:22,767 [INFO] Lectura datos climáticos NASA
2025-06-03 15:30:22,770 [INFO] Datos JSON preparados para envío
2025-06-03 15:30:23,828 [INFO] Lectura BMP390
2025-06-03 15:30:24,008 [INFO] Lectura LTR390
2025-06-03 15:30:24,015 [INFO] Lectura desde ESP32-S3 por serial
2025-06-03 15:30:27,474 [INFO] Lectura datos climáticos NASA
2025-06-03 15:30:27,477 [INFO] Datos JSON preparados para envío
2025-06-03 15:30:28,530 [INFO] Lectura BMP390
2025-06-03 15:30:28,713 [INFO] Lectura LTR390
2025-06-03 15:30:28,719 [INFO] Lectura desde ESP32-S3 por serial
2025-06-03 15:30:32,285 [INFO] Lectura datos climáticos NASA
2025-06-03 15:30:32,289 [INFO] Datos JSON preparados para envío
2025-06-03 15:30:33,340 [INFO] Lectura BMP390
2025-06-03 15:30:33,519 [INFO] Lectura LTR390
2025-06-03 15:30:33,526 [INFO] Lectura desde ESP32-S3 por serial
2025-06-03 15:30:36,886 [INFO] Lectura datos climáticos NASA
2025-06-03 15:30:36,889 [INFO] Datos JSON preparados para envío
2025-06-03 15:30:37,945 [INFO] Lectura BMP390
2025-06-03 15:30:38,129 [INFO] Lectura LTR390
2025-06-03 15:30:38,135 [INFO] Lectura desde ESP32-S3 por serial
2025-06-03 15:30:41,593 [INFO] Lectura datos climáticos NASA
2025-06-03 15:30:41,596 [INFO] Datos JSON preparados para envío
2025-06-03 15:30:42,649 [INFO] Lectura BMP390
2025-06-03 15:30:42,829 [INFO] Lectura LTR390
2025-06-03 15:30:42,835 [INFO] Lectura desde ESP32-S3 por serial
2025-06-03 15:30:46,813 [INFO] Lectura datos climáticos NASA
2025-06-03 15:30:46,816 [INFO] Datos JSON preparados para envío
2025-06-03 15:30:47,869 [INFO] Lectura BMP390
2025-06-03 15:30:48,049 [INFO] Lectura LTR390
2025-06-03 15:30:48,055 [INFO] Lectura desde ESP32-S3 por serial
2025-06-03 15:30:51,725 [INFO] Lectura datos climáticos NASA
2025-06-03 15:30:51,728 [INFO] Datos JSON preparados para envío
2025-06-03 15:30:52,781 [INFO] Lectura BMP390
2025-06-03 15:30:52,961 [INFO] Lectura LTR390
2025-06-03 15:30:52,968 [INFO] Lectura desde ESP32-S3 por serial
2025-06-03 15:30:57,355 [INFO] Lectura datos climáticos NASA
2025-06-03 15:30:57,356 [INFO] Datos JSON preparados para envío
2025-06-03 15:30:58,413 [INFO] Lectura BMP390
2025-06-03 15:30:58,592 [INFO] Lectura LTR390
2025-06-03 15:30:58,598 [INFO] Lectura desde ESP32-S3 por serial
2025-06-03 15:31:02,271 [INFO] Lectura datos climáticos NASA
2025-06-03 15:31:02,275 [INFO] Datos JSON preparados para envío
2025-06-03 15:31:03,328 [INFO] Lectura BMP390
2025-06-03 15:31:03,510 [INFO] Lectura LTR390
2025-06-03 15:31:03,516 [INFO] Lectura desde ESP32-S3 por serial
2025-06-03 15:31:07,688 [INFO] Lectura datos climáticos NASA
2025-06-03 15:31:07,689 [INFO] Datos JSON preparados para envío
2025-06-03 15:31:08,741 [INFO] Lectura BMP390
2025-06-03 15:31:08,921 [INFO] Lectura LTR390
2025-06-03 15:31:08,927 [INFO] Lectura desde ESP32-S3 por serial
2025-06-03 15:31:12,503 [INFO] Lectura datos climáticos NASA
2025-06-03 15:31:12,506 [INFO] Datos JSON preparados para envío
2025-06-03 15:31:13,558 [INFO] Lectura BMP390
2025-06-03 15:31:13,738 [INFO] Lectura LTR390
2025-06-03 15:31:13,746 [INFO] Lectura desde ESP32-S3 por serial
2025-06-03 15:31:17,820 [INFO] Lectura datos climáticos NASA
2025-06-03 15:31:17,823 [INFO] Datos JSON preparados para envío
2025-06-03 15:31:18,876 [INFO] Lectura BMP390
2025-06-03 15:31:19,059 [INFO] Lectura LTR390
2025-06-03 15:31:19,065 [INFO] Lectura desde ESP32-S3 por serial
2025-06-03 15:31:23,143 [INFO] Lectura datos climáticos NASA
2025-06-03 15:31:23,146 [INFO] Datos JSON preparados para envío
2025-06-03 15:31:24,198 [INFO] Lectura BMP390
2025-06-03 15:31:24,379 [INFO] Lectura LTR390
2025-06-03 15:31:24,384 [INFO] Lectura desde ESP32-S3 por serial
2025-06-03 15:31:27,851 [INFO] Lectura datos climáticos NASA
2025-06-03 15:31:27,853 [INFO] Datos JSON preparados para envío
2025-06-03 15:31:28,904 [INFO] Lectura BMP390
2025-06-03 15:31:29,085 [INFO] Lectura LTR390
2025-06-03 15:31:29,088 [INFO] Lectura desde ESP32-S3 por serial
2025-06-03 15:31:33,378 [INFO] Lectura datos climáticos NASA
2025-06-03 15:31:33,381 [INFO] Datos JSON preparados para envío
2025-06-03 15:31:34,433 [INFO] Lectura BMP390
2025-06-03 15:31:34,613 [INFO] Lectura LTR390
2025-06-03 15:31:34,619 [INFO] Lectura desde ESP32-S3 por serial
2025-06-03 15:31:37,982 [INFO] Lectura datos climáticos NASA
2025-06-03 15:31:37,985 [INFO] Datos JSON preparados para envío
2025-06-03 15:31:39,042 [INFO] Lectura BMP390
2025-06-03 15:31:39,222 [INFO] Lectura LTR390
2025-06-03 15:31:39,229 [INFO] Lectura desde ESP32-S3 por serial
2025-06-03 15:31:42,996 [INFO] Lectura datos climáticos NASA
2025-06-03 15:31:42,999 [INFO] Datos JSON preparados para envío
2025-06-03 15:31:44,052 [INFO] Lectura BMP390
2025-06-03 15:31:44,233 [INFO] Lectura LTR390
2025-06-03 15:31:44,239 [INFO] Lectura desde ESP32-S3 por serial
2025-06-03 15:31:47,295 [INFO] Lectura datos climáticos NASA
2025-06-03 15:31:47,298 [INFO] Datos JSON preparados para envío
2025-06-03 15:31:48,350 [INFO] Lectura BMP390
2025-06-03 15:31:48,532 [INFO] Lectura LTR390
2025-06-03 15:31:48,538 [INFO] Lectura desde ESP32-S3 por serial
2025-06-03 15:31:52,311 [INFO] Lectura datos climáticos NASA
2025-06-03 15:31:52,314 [INFO] Datos JSON preparados para envío
2025-06-03 15:31:53,366 [INFO] Lectura BMP390
2025-06-03 15:31:53,547 [INFO] Lectura LTR390
2025-06-03 15:31:53,553 [INFO] Lectura desde ESP32-S3 por serial
2025-06-03 15:31:57,936 [INFO] Lectura datos climáticos NASA
2025-06-03 15:31:57,939 [INFO] Datos JSON preparados para envío
2025-06-03 15:31:58,994 [INFO] Lectura BMP390
2025-06-03 15:31:59,174 [INFO] Lectura LTR390
2025-06-03 15:31:59,179 [INFO] Lectura desde ESP32-S3 por serial
2025-06-03 15:32:03,053 [INFO] Lectura datos climáticos NASA
2025-06-03 15:32:03,056 [INFO] Datos JSON preparados para envío
2025-06-03 15:32:04,112 [INFO] Lectura BMP390
2025-06-03 15:32:04,292 [INFO] Lectura LTR390
2025-06-03 15:32:04,298 [INFO] Lectura desde ESP32-S3 por serial
2025-06-03 15:32:09,060 [INFO] Lectura datos climáticos NASA
2025-06-03 15:32:09,063 [INFO] Datos JSON preparados para envío
2025-06-03 15:32:10,115 [INFO] Lectura BMP390
2025-06-03 15:32:10,295 [INFO] Lectura LTR390
2025-06-03 15:32:10,300 [INFO] Lectura desde ESP32-S3 por serial
2025-06-03 15:32:14,209 [INFO] Lectura datos climáticos NASA
2025-06-03 15:32:14,212 [INFO] Datos JSON preparados para envío
2025-06-03 15:32:15,268 [INFO] Lectura BMP390
2025-06-03 15:32:15,447 [INFO] Lectura LTR390
2025-06-03 15:32:15,453 [INFO] Lectura desde ESP32-S3 por serial
2025-06-03 15:32:19,027 [INFO] Lectura datos climáticos NASA
2025-06-03 15:32:19,030 [INFO] Datos JSON preparados para envío
2025-06-03 15:32:20,082 [INFO] Lectura BMP390
2025-06-03 15:32:20,263 [INFO] Lectura LTR390
2025-06-03 15:32:20,269 [INFO] Lectura desde ESP32-S3 por serial
2025-06-03 15:32:24,544 [INFO] Lectura datos climáticos NASA
2025-06-03 15:32:24,547 [INFO] Datos JSON preparados para envío
2025-06-03 15:32:25,600 [INFO] Lectura BMP390
2025-06-03 15:32:25,780 [INFO] Lectura LTR390
2025-06-03 15:32:25,786 [INFO] Lectura desde ESP32-S3 por serial
2025-06-03 15:32:29,460 [INFO] Lectura datos climáticos NASA
2025-06-03 15:32:29,463 [INFO] Datos JSON preparados para envío
2025-06-03 15:32:30,515 [INFO] Lectura BMP390
2025-06-03 15:32:30,695 [INFO] Lectura LTR390
2025-06-03 15:32:30,702 [INFO] Lectura desde ESP32-S3 por serial
2025-06-03 15:32:34,366 [INFO] Lectura datos climáticos NASA
2025-06-03 15:32:34,370 [INFO] Datos JSON preparados para envío
2025-06-03 15:32:35,422 [INFO] Lectura BMP390
2025-06-03 15:32:35,602 [INFO] Lectura LTR390
2025-06-03 15:32:35,609 [INFO] Lectura desde ESP32-S3 por serial
2025-06-03 15:32:39,343 [INFO] Lectura datos climáticos NASA
2025-06-03 15:32:39,348 [INFO] Datos JSON preparados para envío
2025-06-03 15:32:40,401 [INFO] Lectura BMP390
2025-06-03 15:32:40,582 [INFO] Lectura LTR390
2025-06-03 15:32:40,587 [INFO] Lectura desde ESP32-S3 por serial
2025-06-03 15:32:44,507 [INFO] Lectura datos climáticos NASA
2025-06-03 15:32:44,510 [INFO] Datos JSON preparados para envío
2025-06-03 15:32:45,564 [INFO] Lectura BMP390
2025-06-03 15:32:45,746 [INFO] Lectura LTR390
2025-06-03 15:32:45,753 [INFO] Lectura desde ESP32-S3 por serial
2025-06-03 15:32:49,617 [INFO] Lectura datos climáticos NASA
2025-06-03 15:32:49,624 [INFO] Datos JSON preparados para envío
2025-06-03 15:32:50,679 [INFO] Lectura BMP390
2025-06-03 15:32:50,860 [INFO] Lectura LTR390
2025-06-03 15:32:50,865 [INFO] Lectura desde ESP32-S3 por serial
2025-06-03 15:32:54,524 [INFO] Lectura datos climáticos NASA
2025-06-03 15:32:54,527 [INFO] Datos JSON preparados para envío
2025-06-03 15:32:55,581 [INFO] Lectura BMP390
2025-06-03 15:32:55,765 [INFO] Lectura LTR390
2025-06-03 15:32:55,771 [INFO] Lectura desde ESP32-S3 por serial
2025-06-03 15:32:59,745 [INFO] Lectura datos climáticos NASA
2025-06-03 15:32:59,748 [INFO] Datos JSON preparados para envío
2025-06-03 15:33:00,801 [INFO] Lectura BMP390
2025-06-03 15:33:00,986 [INFO] Lectura LTR390
2025-06-03 15:33:00,992 [INFO] Lectura desde ESP32-S3 por serial
2025-06-03 15:33:05,063 [INFO] Lectura datos climáticos NASA
2025-06-03 15:33:05,064 [INFO] Datos JSON preparados para envío
2025-06-03 15:33:06,117 [INFO] Lectura BMP390
2025-06-03 15:33:06,299 [INFO] Lectura LTR390
2025-06-03 15:33:06,305 [INFO] Lectura desde ESP32-S3 por serial
2025-06-03 15:33:10,393 [INFO] Lectura datos climáticos NASA
2025-06-03 15:33:10,395 [INFO] Datos JSON preparados para envío
2025-06-03 15:33:11,449 [INFO] Lectura BMP390
2025-06-03 15:33:11,628 [INFO] Lectura LTR390
2025-06-03 15:33:11,635 [INFO] Lectura desde ESP32-S3 por serial
2025-06-03 15:33:16,834 [INFO] Lectura datos climáticos NASA
2025-06-03 15:33:16,837 [INFO] Datos JSON preparados para envío
2025-06-03 15:33:17,893 [INFO] Lectura BMP390
2025-06-03 15:33:18,074 [INFO] Lectura LTR390
2025-06-03 15:33:18,080 [INFO] Lectura desde ESP32-S3 por serial
2025-06-03 15:33:21,234 [INFO] Lectura datos climáticos NASA
2025-06-03 15:33:21,237 [INFO] Datos JSON preparados para envío
2025-06-03 15:33:22,289 [INFO] Lectura BMP390
2025-06-03 15:33:22,472 [INFO] Lectura LTR390
2025-06-03 15:33:22,480 [INFO] Lectura desde ESP32-S3 por serial
2025-06-03 15:33:25,940 [INFO] Lectura datos climáticos NASA
2025-06-03 15:33:25,942 [INFO] Datos JSON preparados para envío
2025-06-03 15:33:26,991 [INFO] Lectura BMP390
2025-06-03 15:33:27,170 [INFO] Lectura LTR390
2025-06-03 15:33:27,177 [INFO] Lectura desde ESP32-S3 por serial
2025-06-03 15:33:31,060 [INFO] Lectura datos climáticos NASA
2025-06-03 15:33:31,063 [INFO] Datos JSON preparados para envío
2025-06-03 15:33:32,118 [INFO] Lectura BMP390
2025-06-03 15:33:32,298 [INFO] Lectura LTR390
2025-06-03 15:33:32,306 [INFO] Lectura desde ESP32-S3 por serial
2025-06-03 15:33:36,631 [INFO] Lectura datos climáticos NASA
2025-06-03 15:33:36,633 [INFO] Datos JSON preparados para envío
2025-06-03 15:33:37,685 [INFO] Lectura BMP390
2025-06-03 15:33:37,866 [INFO] Lectura LTR390
2025-06-03 15:33:37,874 [INFO] Lectura desde ESP32-S3 por serial
2025-06-03 15:33:41,598 [INFO] Lectura datos climáticos NASA
2025-06-03 15:33:41,602 [INFO] Datos JSON preparados para envío
2025-06-03 15:33:42,656 [INFO] Lectura BMP390
2025-06-03 15:33:42,836 [INFO] Lectura LTR390
2025-06-03 15:33:42,842 [INFO] Lectura desde ESP32-S3 por serial
2025-06-03 15:33:47,023 [INFO] Lectura datos climáticos NASA
2025-06-03 15:33:47,028 [INFO] Datos JSON preparados para envío
2025-06-03 15:33:48,077 [INFO] Lectura BMP390
2025-06-03 15:33:48,259 [INFO] Lectura LTR390
2025-06-03 15:33:48,265 [INFO] Lectura desde ESP32-S3 por serial
2025-06-03 15:33:52,447 [INFO] Lectura datos climáticos NASA
2025-06-03 15:33:52,450 [INFO] Datos JSON preparados para envío
2025-06-03 15:33:53,502 [INFO] Lectura BMP390
2025-06-03 15:33:53,683 [INFO] Lectura LTR390
2025-06-03 15:33:53,689 [INFO] Lectura desde ESP32-S3 por serial
2025-06-03 15:33:57,667 [INFO] Lectura datos climáticos NASA
2025-06-03 15:33:57,670 [INFO] Datos JSON preparados para envío
2025-06-03 15:33:58,721 [INFO] Lectura BMP390
2025-06-03 15:33:58,901 [INFO] Lectura LTR390
2025-06-03 15:33:58,907 [INFO] Lectura desde ESP32-S3 por serial
2025-06-03 15:34:02,684 [INFO] Lectura datos climáticos NASA
2025-06-03 15:34:02,687 [INFO] Datos JSON preparados para envío
2025-06-03 15:34:03,741 [INFO] Lectura BMP390
2025-06-03 15:34:03,921 [INFO] Lectura LTR390
2025-06-03 15:34:03,928 [INFO] Lectura desde ESP32-S3 por serial
2025-06-03 15:34:08,919 [INFO] Lectura datos climáticos NASA
2025-06-03 15:34:08,921 [INFO] Datos JSON preparados para envío
2025-06-03 15:34:09,974 [INFO] Lectura BMP390
2025-06-03 15:34:10,158 [INFO] Lectura LTR390
2025-06-03 15:34:10,164 [INFO] Lectura desde ESP32-S3 por serial
2025-06-03 15:34:14,253 [INFO] Lectura datos climáticos NASA
2025-06-03 15:34:14,258 [INFO] Datos JSON preparados para envío
2025-06-03 15:34:15,314 [INFO] Lectura BMP390
2025-06-03 15:34:15,498 [INFO] Lectura LTR390
2025-06-03 15:34:15,504 [INFO] Lectura desde ESP32-S3 por serial
2025-06-03 15:34:19,054 [INFO] Lectura datos climáticos NASA
2025-06-03 15:34:19,056 [INFO] Datos JSON preparados para envío
2025-06-03 15:34:20,106 [INFO] Lectura BMP390
2025-06-03 15:34:20,285 [INFO] Lectura LTR390
2025-06-03 15:34:20,291 [INFO] Lectura desde ESP32-S3 por serial
2025-06-03 15:34:24,380 [INFO] Lectura datos climáticos NASA
2025-06-03 15:34:24,383 [INFO] Datos JSON preparados para envío
2025-06-03 15:34:25,434 [INFO] Lectura BMP390
2025-06-03 15:34:25,613 [INFO] Lectura LTR390
2025-06-03 15:34:25,622 [INFO] Lectura desde ESP32-S3 por serial
2025-06-03 15:34:28,980 [INFO] Lectura datos climáticos NASA
2025-06-03 15:34:28,982 [INFO] Datos JSON preparados para envío
2025-06-03 15:34:30,035 [INFO] Lectura BMP390
2025-06-03 15:34:30,215 [INFO] Lectura LTR390
2025-06-03 15:34:30,222 [INFO] Lectura desde ESP32-S3 por serial
2025-06-03 15:34:34,123 [INFO] Lectura datos climáticos NASA
2025-06-03 15:34:34,126 [INFO] Datos JSON preparados para envío
2025-06-03 15:34:35,177 [INFO] Lectura BMP390
2025-06-03 15:34:35,359 [INFO] Lectura LTR390
2025-06-03 15:34:35,365 [INFO] Lectura desde ESP32-S3 por serial
2025-06-03 15:34:39,112 [INFO] Lectura datos climáticos NASA
2025-06-03 15:34:39,116 [INFO] Datos JSON preparados para envío
2025-06-03 15:34:40,168 [INFO] Lectura BMP390
2025-06-03 15:34:40,348 [INFO] Lectura LTR390
2025-06-03 15:34:40,353 [INFO] Lectura desde ESP32-S3 por serial
2025-06-03 15:34:43,818 [INFO] Lectura datos climáticos NASA
2025-06-03 15:34:43,821 [INFO] Datos JSON preparados para envío
2025-06-03 15:34:44,876 [INFO] Lectura BMP390
2025-06-03 15:34:45,057 [INFO] Lectura LTR390
2025-06-03 15:34:45,063 [INFO] Lectura desde ESP32-S3 por serial
2025-06-03 15:34:48,527 [INFO] Lectura datos climáticos NASA
2025-06-03 15:34:48,530 [INFO] Datos JSON preparados para envío
2025-06-03 15:34:49,582 [INFO] Lectura BMP390
2025-06-03 15:34:49,763 [INFO] Lectura LTR390
2025-06-03 15:34:49,769 [INFO] Lectura desde ESP32-S3 por serial
2025-06-03 15:34:53,334 [INFO] Lectura datos climáticos NASA
2025-06-03 15:34:53,337 [INFO] Datos JSON preparados para envío
2025-06-03 15:34:54,389 [INFO] Lectura BMP390
2025-06-03 15:34:54,570 [INFO] Lectura LTR390
2025-06-03 15:34:54,577 [INFO] Lectura desde ESP32-S3 por serial
2025-06-03 15:34:58,144 [INFO] Lectura datos climáticos NASA
2025-06-03 15:34:58,147 [INFO] Datos JSON preparados para envío
2025-06-03 15:34:59,200 [INFO] Lectura BMP390
2025-06-03 15:34:59,383 [INFO] Lectura LTR390
2025-06-03 15:34:59,387 [INFO] Lectura desde ESP32-S3 por serial
2025-06-03 15:35:02,852 [INFO] Lectura datos climáticos NASA
2025-06-03 15:35:02,861 [INFO] Datos JSON preparados para envío
2025-06-03 15:35:03,913 [INFO] Lectura BMP390
2025-06-03 15:35:04,093 [INFO] Lectura LTR390
2025-06-03 15:35:04,100 [INFO] Lectura desde ESP32-S3 por serial
2025-06-03 15:35:07,868 [INFO] Lectura datos climáticos NASA
2025-06-03 15:35:07,871 [INFO] Datos JSON preparados para envío
2025-06-03 15:35:08,924 [INFO] Lectura BMP390
2025-06-03 15:35:09,106 [INFO] Lectura LTR390
2025-06-03 15:35:09,113 [INFO] Lectura desde ESP32-S3 por serial
2025-06-03 15:35:13,598 [INFO] Lectura datos climáticos NASA
2025-06-03 15:35:13,600 [INFO] Datos JSON preparados para envío
2025-06-03 15:35:14,653 [INFO] Lectura BMP390
2025-06-03 15:35:14,833 [INFO] Lectura LTR390
2025-06-03 15:35:14,839 [INFO] Lectura desde ESP32-S3 por serial
2025-06-03 15:35:18,508 [INFO] Lectura datos climáticos NASA
2025-06-03 15:35:18,511 [INFO] Datos JSON preparados para envío
2025-06-03 15:35:19,562 [INFO] Lectura BMP390
2025-06-03 15:35:19,743 [INFO] Lectura LTR390
2025-06-03 15:35:19,750 [INFO] Lectura desde ESP32-S3 por serial
2025-06-03 15:35:23,220 [INFO] Lectura datos climáticos NASA
2025-06-03 15:35:23,223 [INFO] Datos JSON preparados para envío
2025-06-03 15:35:24,276 [INFO] Lectura BMP390
2025-06-03 15:35:24,460 [INFO] Lectura LTR390
2025-06-03 15:35:24,464 [INFO] Lectura desde ESP32-S3 por serial
2025-06-03 15:35:28,332 [INFO] Lectura datos climáticos NASA
2025-06-03 15:35:28,335 [INFO] Datos JSON preparados para envío
2025-06-03 15:35:29,391 [INFO] Lectura BMP390
2025-06-03 15:35:29,570 [INFO] Lectura LTR390
2025-06-03 15:35:29,576 [INFO] Lectura desde ESP32-S3 por serial
2025-06-03 15:35:33,091 [INFO] Lectura datos climáticos NASA
2025-06-03 15:35:33,094 [INFO] Datos JSON preparados para envío
2025-06-03 15:35:34,147 [INFO] Lectura BMP390
2025-06-03 15:35:34,327 [INFO] Lectura LTR390
2025-06-03 15:35:34,333 [INFO] Lectura desde ESP32-S3 por serial
2025-06-03 15:35:38,055 [INFO] Lectura datos climáticos NASA
2025-06-03 15:35:38,058 [INFO] Datos JSON preparados para envío
2025-06-03 15:35:39,109 [INFO] Lectura BMP390
2025-06-03 15:35:39,289 [INFO] Lectura LTR390
2025-06-03 15:35:39,295 [INFO] Lectura desde ESP32-S3 por serial
2025-06-03 15:35:43,273 [INFO] Lectura datos climáticos NASA
2025-06-03 15:35:43,276 [INFO] Datos JSON preparados para envío
2025-06-03 15:35:44,329 [INFO] Lectura BMP390
2025-06-03 15:35:44,511 [INFO] Lectura LTR390
2025-06-03 15:35:44,516 [INFO] Lectura desde ESP32-S3 por serial
2025-06-03 15:35:47,778 [INFO] Lectura datos climáticos NASA
2025-06-03 15:35:47,781 [INFO] Datos JSON preparados para envío
2025-06-03 15:35:48,837 [INFO] Lectura BMP390
2025-06-03 15:35:49,017 [INFO] Lectura LTR390
2025-06-03 15:35:49,023 [INFO] Lectura desde ESP32-S3 por serial
2025-06-03 15:35:52,483 [INFO] Lectura datos climáticos NASA
2025-06-03 15:35:52,486 [INFO] Datos JSON preparados para envío
2025-06-03 15:35:53,538 [INFO] Lectura BMP390
2025-06-03 15:35:53,721 [INFO] Lectura LTR390
2025-06-03 15:35:53,727 [INFO] Lectura desde ESP32-S3 por serial
2025-06-03 15:35:57,086 [INFO] Lectura datos climáticos NASA
2025-06-03 15:35:57,089 [INFO] Datos JSON preparados para envío
2025-06-03 15:35:58,142 [INFO] Lectura BMP390
2025-06-03 15:35:58,324 [INFO] Lectura LTR390
2025-06-03 15:35:58,329 [INFO] Lectura desde ESP32-S3 por serial
2025-06-03 15:36:01,964 [INFO] Lectura datos climáticos NASA
2025-06-03 15:36:01,967 [INFO] Datos JSON preparados para envío
2025-06-03 15:36:03,019 [INFO] Lectura BMP390
2025-06-03 15:36:03,199 [INFO] Lectura LTR390
2025-06-03 15:36:03,204 [INFO] Lectura desde ESP32-S3 por serial
2025-06-03 15:36:07,648 [INFO] Lectura datos climáticos NASA
2025-06-03 15:36:07,651 [INFO] Datos JSON preparados para envío
2025-06-03 15:36:08,702 [INFO] Lectura BMP390
2025-06-03 15:36:08,884 [INFO] Lectura LTR390
2025-06-03 15:36:08,890 [INFO] Lectura desde ESP32-S3 por serial
2025-06-03 15:36:12,241 [INFO] Lectura datos climáticos NASA
2025-06-03 15:36:12,244 [INFO] Datos JSON preparados para envío
2025-06-03 15:36:13,297 [INFO] Lectura BMP390
2025-06-03 15:36:13,482 [INFO] Lectura LTR390
2025-06-03 15:36:13,487 [INFO] Lectura desde ESP32-S3 por serial
2025-06-03 15:36:16,939 [INFO] Lectura datos climáticos NASA
2025-06-03 15:36:16,941 [INFO] Datos JSON preparados para envío
2025-06-03 15:36:17,997 [INFO] Lectura BMP390
2025-06-03 15:36:18,178 [INFO] Lectura LTR390
2025-06-03 15:36:18,184 [INFO] Lectura desde ESP32-S3 por serial
2025-06-03 15:36:22,364 [INFO] Lectura datos climáticos NASA
2025-06-03 15:36:22,378 [INFO] Datos JSON preparados para envío
2025-06-03 15:36:23,431 [INFO] Lectura BMP390
2025-06-03 15:36:23,610 [INFO] Lectura LTR390
2025-06-03 15:36:23,618 [INFO] Lectura desde ESP32-S3 por serial
2025-06-03 15:36:27,275 [INFO] Lectura datos climáticos NASA
2025-06-03 15:36:27,277 [INFO] Datos JSON preparados para envío
2025-06-03 15:36:28,329 [INFO] Lectura BMP390
2025-06-03 15:36:28,511 [INFO] Lectura LTR390
2025-06-03 15:36:28,517 [INFO] Lectura desde ESP32-S3 por serial
2025-06-03 15:36:32,298 [INFO] Lectura datos climáticos NASA
2025-06-03 15:36:32,301 [INFO] Datos JSON preparados para envío
2025-06-03 15:36:33,355 [INFO] Lectura BMP390
2025-06-03 15:36:33,534 [INFO] Lectura LTR390
2025-06-03 15:36:33,540 [INFO] Lectura desde ESP32-S3 por serial
2025-06-03 15:36:37,309 [INFO] Lectura datos climáticos NASA
2025-06-03 15:36:37,312 [INFO] Datos JSON preparados para envío
2025-06-03 15:36:38,366 [INFO] Lectura BMP390
2025-06-03 15:36:38,546 [INFO] Lectura LTR390
2025-06-03 15:36:38,552 [INFO] Lectura desde ESP32-S3 por serial
2025-06-03 15:36:42,625 [INFO] Lectura datos climáticos NASA
2025-06-03 15:36:42,628 [INFO] Datos JSON preparados para envío
2025-06-03 15:36:43,681 [INFO] Lectura BMP390
2025-06-03 15:36:43,869 [INFO] Lectura LTR390
2025-06-03 15:36:43,875 [INFO] Lectura desde ESP32-S3 por serial
2025-06-03 15:36:47,844 [INFO] Lectura datos climáticos NASA
2025-06-03 15:36:47,846 [INFO] Datos JSON preparados para envío
2025-06-03 15:36:48,896 [INFO] Lectura BMP390
2025-06-03 15:36:49,072 [INFO] Lectura LTR390
2025-06-03 15:36:49,074 [INFO] Lectura desde ESP32-S3 por serial
2025-06-03 15:36:53,067 [INFO] Lectura datos climáticos NASA
2025-06-03 15:36:53,069 [INFO] Datos JSON preparados para envío
2025-06-03 15:36:54,126 [INFO] Lectura BMP390
2025-06-03 15:36:54,307 [INFO] Lectura LTR390
2025-06-03 15:36:54,313 [INFO] Lectura desde ESP32-S3 por serial
2025-06-03 15:36:57,770 [INFO] Lectura datos climáticos NASA
2025-06-03 15:36:57,773 [INFO] Datos JSON preparados para envío
2025-06-03 15:36:58,825 [INFO] Lectura BMP390
2025-06-03 15:36:59,005 [INFO] Lectura LTR390
2025-06-03 15:36:59,011 [INFO] Lectura desde ESP32-S3 por serial
2025-06-03 15:37:03,092 [INFO] Lectura datos climáticos NASA
2025-06-03 15:37:03,095 [INFO] Datos JSON preparados para envío
2025-06-03 15:37:04,149 [INFO] Lectura BMP390
2025-06-03 15:37:04,329 [INFO] Lectura LTR390
2025-06-03 15:37:04,334 [INFO] Lectura desde ESP32-S3 por serial
2025-06-03 15:37:07,698 [INFO] Lectura datos climáticos NASA
2025-06-03 15:37:07,701 [INFO] Datos JSON preparados para envío
2025-06-03 15:37:08,753 [INFO] Lectura BMP390
2025-06-03 15:37:08,932 [INFO] Lectura LTR390
2025-06-03 15:37:08,938 [INFO] Lectura desde ESP32-S3 por serial
2025-06-03 15:37:13,744 [INFO] Lectura datos climáticos NASA
2025-06-03 15:37:13,749 [INFO] Datos JSON preparados para envío
2025-06-03 15:37:14,805 [INFO] Lectura BMP390
2025-06-03 15:37:14,984 [INFO] Lectura LTR390
2025-06-03 15:37:14,991 [INFO] Lectura desde ESP32-S3 por serial
2025-06-03 15:37:18,750 [INFO] Lectura datos climáticos NASA
2025-06-03 15:37:18,753 [INFO] Datos JSON preparados para envío
2025-06-03 15:37:19,807 [INFO] Lectura BMP390
2025-06-03 15:37:19,989 [INFO] Lectura LTR390
2025-06-03 15:37:19,995 [INFO] Lectura desde ESP32-S3 por serial
2025-06-03 15:37:23,150 [INFO] Lectura datos climáticos NASA
2025-06-03 15:37:23,153 [INFO] Datos JSON preparados para envío
2025-06-03 15:37:24,206 [INFO] Lectura BMP390
2025-06-03 15:37:24,385 [INFO] Lectura LTR390
2025-06-03 15:37:24,390 [INFO] Lectura desde ESP32-S3 por serial
2025-06-03 15:37:28,339 [INFO] Lectura datos climáticos NASA
2025-06-03 15:37:28,341 [INFO] Datos JSON preparados para envío
2025-06-03 15:37:29,393 [INFO] Lectura BMP390
2025-06-03 15:37:29,573 [INFO] Lectura LTR390
2025-06-03 15:37:29,581 [INFO] Lectura desde ESP32-S3 por serial
2025-06-03 15:37:33,282 [INFO] Lectura datos climáticos NASA
2025-06-03 15:37:33,285 [INFO] Datos JSON preparados para envío
2025-06-03 15:37:34,338 [INFO] Lectura BMP390
2025-06-03 15:37:34,518 [INFO] Lectura LTR390
2025-06-03 15:37:34,524 [INFO] Lectura desde ESP32-S3 por serial
2025-06-03 15:37:39,113 [INFO] Lectura datos climáticos NASA
2025-06-03 15:37:39,116 [INFO] Datos JSON preparados para envío
2025-06-03 15:37:40,170 [INFO] Lectura BMP390
2025-06-03 15:37:40,355 [INFO] Lectura LTR390
2025-06-03 15:37:40,361 [INFO] Lectura desde ESP32-S3 por serial
2025-06-03 15:37:44,333 [INFO] Lectura datos climáticos NASA
2025-06-03 15:37:44,336 [INFO] Datos JSON preparados para envío
2025-06-03 15:37:45,388 [INFO] Lectura BMP390
2025-06-03 15:37:45,567 [INFO] Lectura LTR390
2025-06-03 15:37:45,573 [INFO] Lectura desde ESP32-S3 por serial
2025-06-03 15:37:49,686 [INFO] Lectura datos climáticos NASA
2025-06-03 15:37:49,689 [INFO] Datos JSON preparados para envío
2025-06-03 15:37:50,744 [INFO] Lectura BMP390
2025-06-03 15:37:50,924 [INFO] Lectura LTR390
2025-06-03 15:37:50,930 [INFO] Lectura desde ESP32-S3 por serial
2025-06-03 15:37:55,486 [INFO] Lectura datos climáticos NASA
2025-06-03 15:37:55,490 [INFO] Datos JSON preparados para envío
2025-06-03 15:37:56,542 [INFO] Lectura BMP390
2025-06-03 15:37:56,722 [INFO] Lectura LTR390
2025-06-03 15:37:56,728 [INFO] Lectura desde ESP32-S3 por serial
2025-06-03 15:38:00,193 [INFO] Lectura datos climáticos NASA
2025-06-03 15:38:00,196 [INFO] Datos JSON preparados para envío
2025-06-03 15:38:01,251 [INFO] Lectura BMP390
2025-06-03 15:38:01,430 [INFO] Lectura LTR390
2025-06-03 15:38:01,436 [INFO] Lectura desde ESP32-S3 por serial
2025-06-03 15:38:05,210 [INFO] Lectura datos climáticos NASA
2025-06-03 15:38:05,213 [INFO] Datos JSON preparados para envío
2025-06-03 15:38:06,266 [INFO] Lectura BMP390
2025-06-03 15:38:06,448 [INFO] Lectura LTR390
2025-06-03 15:38:06,453 [INFO] Lectura desde ESP32-S3 por serial
2025-06-03 15:38:10,019 [INFO] Lectura datos climáticos NASA
2025-06-03 15:38:10,022 [INFO] Datos JSON preparados para envío
2025-06-03 15:38:11,075 [INFO] Lectura BMP390
2025-06-03 15:38:11,255 [INFO] Lectura LTR390
2025-06-03 15:38:11,260 [INFO] Lectura desde ESP32-S3 por serial
2025-06-03 15:38:14,931 [INFO] Lectura datos climáticos NASA
2025-06-03 15:38:14,934 [INFO] Datos JSON preparados para envío
2025-06-03 15:38:15,986 [INFO] Lectura BMP390
2025-06-03 15:38:16,172 [INFO] Lectura LTR390
2025-06-03 15:38:16,178 [INFO] Lectura desde ESP32-S3 por serial
2025-06-03 15:38:20,150 [INFO] Lectura datos climáticos NASA
2025-06-03 15:38:20,152 [INFO] Datos JSON preparados para envío
2025-06-03 15:38:21,205 [INFO] Lectura BMP390
2025-06-03 15:38:21,390 [INFO] Lectura LTR390
2025-06-03 15:38:21,395 [INFO] Lectura desde ESP32-S3 por serial
2025-06-03 15:38:25,467 [INFO] Lectura datos climáticos NASA
2025-06-03 15:38:25,468 [INFO] Datos JSON preparados para envío
2025-06-03 15:38:26,519 [INFO] Lectura BMP390
2025-06-03 15:38:26,699 [INFO] Lectura LTR390
2025-06-03 15:38:26,705 [INFO] Lectura desde ESP32-S3 por serial
2025-06-03 15:38:30,181 [INFO] Lectura datos climáticos NASA
2025-06-03 15:38:30,183 [INFO] Datos JSON preparados para envío
2025-06-03 15:38:31,236 [INFO] Lectura BMP390
2025-06-03 15:38:31,416 [INFO] Lectura LTR390
2025-06-03 15:38:31,421 [INFO] Lectura desde ESP32-S3 por serial
2025-06-03 15:38:35,292 [INFO] Lectura datos climáticos NASA
2025-06-03 15:38:35,295 [INFO] Datos JSON preparados para envío
2025-06-03 15:38:36,352 [INFO] Lectura BMP390
2025-06-03 15:38:36,531 [INFO] Lectura LTR390
2025-06-03 15:38:36,537 [INFO] Lectura desde ESP32-S3 por serial
2025-06-03 15:38:40,206 [INFO] Lectura datos climáticos NASA
2025-06-03 15:38:40,210 [INFO] Datos JSON preparados para envío
2025-06-03 15:38:41,263 [INFO] Lectura BMP390
2025-06-03 15:38:41,447 [INFO] Lectura LTR390
2025-06-03 15:38:41,452 [INFO] Lectura desde ESP32-S3 por serial
2025-06-03 15:38:45,732 [INFO] Lectura datos climáticos NASA
2025-06-03 15:38:45,735 [INFO] Datos JSON preparados para envío
2025-06-03 15:38:46,787 [INFO] Lectura BMP390
2025-06-03 15:38:46,971 [INFO] Lectura LTR390
2025-06-03 15:38:46,977 [INFO] Lectura desde ESP32-S3 por serial
2025-06-03 15:38:50,645 [INFO] Lectura datos climáticos NASA
2025-06-03 15:38:50,648 [INFO] Datos JSON preparados para envío
2025-06-03 15:38:51,700 [INFO] Lectura BMP390
2025-06-03 15:38:51,880 [INFO] Lectura LTR390
2025-06-03 15:38:51,887 [INFO] Lectura desde ESP32-S3 por serial
2025-06-03 15:38:55,559 [INFO] Lectura datos climáticos NASA
2025-06-03 15:38:55,562 [INFO] Datos JSON preparados para envío
2025-06-03 15:38:56,612 [INFO] Lectura BMP390
2025-06-03 15:38:56,789 [INFO] Lectura LTR390
2025-06-03 15:38:56,792 [INFO] Lectura desde ESP32-S3 por serial
2025-06-03 15:39:00,571 [INFO] Lectura datos climáticos NASA
2025-06-03 15:39:00,574 [INFO] Datos JSON preparados para envío
2025-06-03 15:39:01,631 [INFO] Lectura BMP390
2025-06-03 15:39:01,812 [INFO] Lectura LTR390
2025-06-03 15:39:01,818 [INFO] Lectura desde ESP32-S3 por serial
2025-06-03 15:39:05,687 [INFO] Lectura datos climáticos NASA
2025-06-03 15:39:05,690 [INFO] Datos JSON preparados para envío
2025-06-03 15:39:06,746 [INFO] Lectura BMP390
2025-06-03 15:39:06,927 [INFO] Lectura LTR390
2025-06-03 15:39:06,934 [INFO] Lectura desde ESP32-S3 por serial
2025-06-03 15:39:10,601 [INFO] Lectura datos climáticos NASA
2025-06-03 15:39:10,603 [INFO] Datos JSON preparados para envío
2025-06-03 15:39:11,656 [INFO] Lectura BMP390
2025-06-03 15:39:11,836 [INFO] Lectura LTR390
2025-06-03 15:39:11,842 [INFO] Lectura desde ESP32-S3 por serial
2025-06-03 15:39:15,305 [INFO] Lectura datos climáticos NASA
2025-06-03 15:39:15,307 [INFO] Datos JSON preparados para envío
2025-06-03 15:39:16,360 [INFO] Lectura BMP390
2025-06-03 15:39:16,540 [INFO] Lectura LTR390
2025-06-03 15:39:16,546 [INFO] Lectura desde ESP32-S3 por serial
2025-06-03 15:39:20,629 [INFO] Lectura datos climáticos NASA
2025-06-03 15:39:20,632 [INFO] Datos JSON preparados para envío
2025-06-03 15:39:21,684 [INFO] Lectura BMP390
2025-06-03 15:39:21,867 [INFO] Lectura LTR390
2025-06-03 15:39:21,873 [INFO] Lectura desde ESP32-S3 por serial
2025-06-03 15:39:25,443 [INFO] Lectura datos climáticos NASA
2025-06-03 15:39:25,446 [INFO] Datos JSON preparados para envío
2025-06-03 15:39:26,500 [INFO] Lectura BMP390
2025-06-03 15:39:26,681 [INFO] Lectura LTR390
2025-06-03 15:39:26,688 [INFO] Lectura desde ESP32-S3 por serial
2025-06-03 15:39:30,451 [INFO] Lectura datos climáticos NASA
2025-06-03 15:39:30,453 [INFO] Datos JSON preparados para envío
2025-06-03 15:39:31,505 [INFO] Lectura BMP390
2025-06-03 15:39:31,688 [INFO] Lectura LTR390
2025-06-03 15:39:31,694 [INFO] Lectura desde ESP32-S3 por serial
2025-06-03 15:39:35,464 [INFO] Lectura datos climáticos NASA
2025-06-03 15:39:35,467 [INFO] Datos JSON preparados para envío
2025-06-03 15:39:36,520 [INFO] Lectura BMP390
2025-06-03 15:39:36,701 [INFO] Lectura LTR390
2025-06-03 15:39:36,706 [INFO] Lectura desde ESP32-S3 por serial
2025-06-03 15:39:40,788 [INFO] Lectura datos climáticos NASA
2025-06-03 15:39:40,791 [INFO] Datos JSON preparados para envío
2025-06-03 15:39:41,845 [INFO] Lectura BMP390
2025-06-03 15:39:42,028 [INFO] Lectura LTR390
2025-06-03 15:39:42,034 [INFO] Lectura desde ESP32-S3 por serial
2025-06-03 15:39:46,211 [INFO] Lectura datos climáticos NASA
2025-06-03 15:39:46,214 [INFO] Datos JSON preparados para envío
2025-06-03 15:39:47,268 [INFO] Lectura BMP390
2025-06-03 15:39:47,448 [INFO] Lectura LTR390
2025-06-03 15:39:47,453 [INFO] Lectura desde ESP32-S3 por serial
2025-06-03 15:39:52,349 [INFO] Lectura datos climáticos NASA
2025-06-03 15:39:52,352 [INFO] Datos JSON preparados para envío
2025-06-03 15:39:53,405 [INFO] Lectura BMP390
2025-06-03 15:39:53,584 [INFO] Lectura LTR390
2025-06-03 15:39:53,590 [INFO] Lectura desde ESP32-S3 por serial
2025-06-03 15:39:57,978 [INFO] Lectura datos climáticos NASA
2025-06-03 15:39:57,981 [INFO] Datos JSON preparados para envío
2025-06-03 15:39:59,032 [INFO] Lectura BMP390
2025-06-03 15:39:59,212 [INFO] Lectura LTR390
2025-06-03 15:39:59,218 [INFO] Lectura desde ESP32-S3 por serial
2025-06-03 15:40:03,095 [INFO] Lectura datos climáticos NASA
2025-06-03 15:40:03,098 [INFO] Datos JSON preparados para envío
2025-06-03 15:40:04,154 [INFO] Lectura BMP390
2025-06-03 15:40:04,335 [INFO] Lectura LTR390
2025-06-03 15:40:04,341 [INFO] Lectura desde ESP32-S3 por serial
2025-06-03 15:40:08,109 [INFO] Lectura datos climáticos NASA
2025-06-03 15:40:08,112 [INFO] Datos JSON preparados para envío
2025-06-03 15:40:09,166 [INFO] Lectura BMP390
2025-06-03 15:40:09,349 [INFO] Lectura LTR390
2025-06-03 15:40:09,354 [INFO] Lectura desde ESP32-S3 por serial
2025-06-03 15:40:12,919 [INFO] Lectura datos climáticos NASA
2025-06-03 15:40:12,922 [INFO] Datos JSON preparados para envío
2025-06-03 15:40:13,973 [INFO] Lectura BMP390
2025-06-03 15:40:14,153 [INFO] Lectura LTR390
2025-06-03 15:40:14,158 [INFO] Lectura desde ESP32-S3 por serial
2025-06-03 15:40:17,631 [INFO] Lectura datos climáticos NASA
2025-06-03 15:40:17,634 [INFO] Datos JSON preparados para envío
2025-06-03 15:40:18,685 [INFO] Lectura BMP390
2025-06-03 15:40:18,864 [INFO] Lectura LTR390
2025-06-03 15:40:18,870 [INFO] Lectura desde ESP32-S3 por serial
2025-06-03 15:40:22,758 [INFO] Lectura datos climáticos NASA
2025-06-03 15:40:22,761 [INFO] Datos JSON preparados para envío
2025-06-03 15:40:23,813 [INFO] Lectura BMP390
2025-06-03 15:40:23,993 [INFO] Lectura LTR390
2025-06-03 15:40:23,999 [INFO] Lectura desde ESP32-S3 por serial
2025-06-03 15:40:28,375 [INFO] Lectura datos climáticos NASA
2025-06-03 15:40:28,377 [INFO] Datos JSON preparados para envío
2025-06-03 15:40:29,432 [INFO] Lectura BMP390
2025-06-03 15:40:29,616 [INFO] Lectura LTR390
2025-06-03 15:40:29,622 [INFO] Lectura desde ESP32-S3 por serial
2025-06-03 15:40:33,591 [INFO] Lectura datos climáticos NASA
2025-06-03 15:40:33,594 [INFO] Datos JSON preparados para envío
2025-06-03 15:40:34,647 [INFO] Lectura BMP390
2025-06-03 15:40:34,828 [INFO] Lectura LTR390
2025-06-03 15:40:34,834 [INFO] Lectura desde ESP32-S3 por serial
2025-06-03 15:40:38,914 [INFO] Lectura datos climáticos NASA
2025-06-03 15:40:38,917 [INFO] Datos JSON preparados para envío
2025-06-03 15:40:39,972 [INFO] Lectura BMP390
2025-06-03 15:40:40,152 [INFO] Lectura LTR390
2025-06-03 15:40:40,158 [INFO] Lectura desde ESP32-S3 por serial
2025-06-03 15:40:43,724 [INFO] Lectura datos climáticos NASA
2025-06-03 15:40:43,726 [INFO] Datos JSON preparados para envío
2025-06-03 15:40:44,778 [INFO] Lectura BMP390
2025-06-03 15:40:44,958 [INFO] Lectura LTR390
2025-06-03 15:40:44,964 [INFO] Lectura desde ESP32-S3 por serial
2025-06-03 15:40:48,738 [INFO] Lectura datos climáticos NASA
2025-06-03 15:40:48,741 [INFO] Datos JSON preparados para envío
2025-06-03 15:40:49,793 [INFO] Lectura BMP390
2025-06-03 15:40:49,977 [INFO] Lectura LTR390
2025-06-03 15:40:49,983 [INFO] Lectura desde ESP32-S3 por serial
2025-06-03 15:40:54,159 [INFO] Lectura datos climáticos NASA
2025-06-03 15:40:54,162 [INFO] Datos JSON preparados para envío
2025-06-03 15:40:55,219 [INFO] Lectura BMP390
2025-06-03 15:40:55,399 [INFO] Lectura LTR390
2025-06-03 15:40:55,404 [INFO] Lectura desde ESP32-S3 por serial
2025-06-03 15:40:58,971 [INFO] Lectura datos climáticos NASA
2025-06-03 15:40:58,974 [INFO] Datos JSON preparados para envío
2025-06-03 15:41:00,026 [INFO] Lectura BMP390
2025-06-03 15:41:00,206 [INFO] Lectura LTR390
2025-06-03 15:41:00,212 [INFO] Lectura desde ESP32-S3 por serial
2025-06-03 15:41:03,577 [INFO] Lectura datos climáticos NASA
2025-06-03 15:41:03,580 [INFO] Datos JSON preparados para envío
2025-06-03 15:41:04,633 [INFO] Lectura BMP390
2025-06-03 15:41:04,810 [INFO] Lectura LTR390
2025-06-03 15:41:04,813 [INFO] Lectura desde ESP32-S3 por serial
2025-06-03 15:41:08,588 [INFO] Lectura datos climáticos NASA
2025-06-03 15:41:08,591 [INFO] Datos JSON preparados para envío
2025-06-03 15:41:09,644 [INFO] Lectura BMP390
2025-06-03 15:41:09,827 [INFO] Lectura LTR390
2025-06-03 15:41:09,834 [INFO] Lectura desde ESP32-S3 por serial
2025-06-03 15:41:13,910 [INFO] Lectura datos climáticos NASA
2025-06-03 15:41:13,913 [INFO] Datos JSON preparados para envío
2025-06-03 15:41:14,966 [INFO] Lectura BMP390
2025-06-03 15:41:15,146 [INFO] Lectura LTR390
2025-06-03 15:41:15,151 [INFO] Lectura desde ESP32-S3 por serial
2025-06-03 15:41:18,520 [INFO] Lectura datos climáticos NASA
2025-06-03 15:41:18,523 [INFO] Datos JSON preparados para envío
2025-06-03 15:41:19,576 [INFO] Lectura BMP390
2025-06-03 15:41:19,758 [INFO] Lectura LTR390
2025-06-03 15:41:19,766 [INFO] Lectura desde ESP32-S3 por serial
2025-06-03 15:41:24,349 [INFO] Lectura datos climáticos NASA
2025-06-03 15:41:24,351 [INFO] Datos JSON preparados para envío
2025-06-03 15:41:25,403 [INFO] Lectura BMP390
2025-06-03 15:41:25,582 [INFO] Lectura LTR390
2025-06-03 15:41:25,589 [INFO] Lectura desde ESP32-S3 por serial
2025-06-03 15:41:29,670 [INFO] Lectura datos climáticos NASA
2025-06-03 15:41:29,673 [INFO] Datos JSON preparados para envío
2025-06-03 15:41:30,726 [INFO] Lectura BMP390
2025-06-03 15:41:30,906 [INFO] Lectura LTR390
2025-06-03 15:41:30,914 [INFO] Lectura desde ESP32-S3 por serial
2025-06-03 15:41:34,991 [INFO] Lectura datos climáticos NASA
2025-06-03 15:41:34,994 [INFO] Datos JSON preparados para envío
2025-06-03 15:41:36,045 [INFO] Lectura BMP390
2025-06-03 15:41:36,228 [INFO] Lectura LTR390
2025-06-03 15:41:36,236 [INFO] Lectura desde ESP32-S3 por serial
2025-06-03 15:41:39,721 [INFO] Lectura datos climáticos NASA
2025-06-03 15:41:39,724 [INFO] Datos JSON preparados para envío
2025-06-03 15:41:40,783 [INFO] Lectura BMP390
2025-06-03 15:41:40,963 [INFO] Lectura LTR390
2025-06-03 15:41:40,969 [INFO] Lectura desde ESP32-S3 por serial
2025-06-03 15:41:45,328 [INFO] Lectura datos climáticos NASA
2025-06-03 15:41:45,331 [INFO] Datos JSON preparados para envío
2025-06-03 15:41:46,383 [INFO] Lectura BMP390
2025-06-03 15:41:46,566 [INFO] Lectura LTR390
2025-06-03 15:41:46,572 [INFO] Lectura desde ESP32-S3 por serial
2025-06-03 15:41:50,054 [INFO] Lectura datos climáticos NASA
2025-06-03 15:41:50,057 [INFO] Datos JSON preparados para envío
2025-06-03 15:41:51,109 [INFO] Lectura BMP390
2025-06-03 15:41:51,290 [INFO] Lectura LTR390
2025-06-03 15:41:51,296 [INFO] Lectura desde ESP32-S3 por serial
2025-06-03 15:41:55,766 [INFO] Lectura datos climáticos NASA
2025-06-03 15:41:55,770 [INFO] Datos JSON preparados para envío
2025-06-03 15:41:56,823 [INFO] Lectura BMP390
2025-06-03 15:41:57,002 [INFO] Lectura LTR390
2025-06-03 15:41:57,009 [INFO] Lectura desde ESP32-S3 por serial
2025-06-03 15:42:00,574 [INFO] Lectura datos climáticos NASA
2025-06-03 15:42:00,577 [INFO] Datos JSON preparados para envío
2025-06-03 15:42:01,628 [INFO] Lectura BMP390
2025-06-03 15:42:01,809 [INFO] Lectura LTR390
2025-06-03 15:42:01,816 [INFO] Lectura desde ESP32-S3 por serial
2025-06-03 15:42:05,179 [INFO] Lectura datos climáticos NASA
2025-06-03 15:42:05,182 [INFO] Datos JSON preparados para envío
2025-06-03 15:42:06,236 [INFO] Lectura BMP390
2025-06-03 15:42:06,415 [INFO] Lectura LTR390
2025-06-03 15:42:06,420 [INFO] Lectura desde ESP32-S3 por serial
2025-06-03 15:42:09,988 [INFO] Lectura datos climáticos NASA
2025-06-03 15:42:09,991 [INFO] Datos JSON preparados para envío
2025-06-03 15:42:11,043 [INFO] Lectura BMP390
2025-06-03 15:42:11,225 [INFO] Lectura LTR390
2025-06-03 15:42:11,231 [INFO] Lectura desde ESP32-S3 por serial
2025-06-03 15:42:14,900 [INFO] Lectura datos climáticos NASA
2025-06-03 15:42:14,903 [INFO] Datos JSON preparados para envío
2025-06-03 15:42:15,955 [INFO] Lectura BMP390
2025-06-03 15:42:16,139 [INFO] Lectura LTR390
2025-06-03 15:42:16,146 [INFO] Lectura desde ESP32-S3 por serial
2025-06-03 15:42:20,118 [INFO] Lectura datos climáticos NASA
2025-06-03 15:42:20,121 [INFO] Datos JSON preparados para envío
2025-06-03 15:42:21,176 [INFO] Lectura BMP390
2025-06-03 15:42:21,357 [INFO] Lectura LTR390
2025-06-03 15:42:21,362 [INFO] Lectura desde ESP32-S3 por serial
2025-06-03 15:42:24,623 [INFO] Lectura datos climáticos NASA
2025-06-03 15:42:24,626 [INFO] Datos JSON preparados para envío
2025-06-03 15:42:25,682 [INFO] Lectura BMP390
2025-06-03 15:42:25,865 [INFO] Lectura LTR390
2025-06-03 15:42:25,871 [INFO] Lectura desde ESP32-S3 por serial
2025-06-03 15:42:30,152 [INFO] Lectura datos climáticos NASA
2025-06-03 15:42:30,155 [INFO] Datos JSON preparados para envío
2025-06-03 15:42:31,211 [INFO] Lectura BMP390
2025-06-03 15:42:31,392 [INFO] Lectura LTR390
2025-06-03 15:42:31,397 [INFO] Lectura desde ESP32-S3 por serial
2025-06-03 15:42:34,857 [INFO] Lectura datos climáticos NASA
2025-06-03 15:42:34,861 [INFO] Datos JSON preparados para envío
2025-06-03 15:42:35,913 [INFO] Lectura BMP390
2025-06-03 15:42:36,100 [INFO] Lectura LTR390
2025-06-03 15:42:36,106 [INFO] Lectura desde ESP32-S3 por serial
2025-06-03 15:42:40,076 [INFO] Lectura datos climáticos NASA
2025-06-03 15:42:40,081 [INFO] Datos JSON preparados para envío
2025-06-03 15:42:41,130 [INFO] Lectura BMP390
2025-06-03 15:42:41,309 [INFO] Lectura LTR390
2025-06-03 15:42:41,314 [INFO] Lectura desde ESP32-S3 por serial
2025-06-03 15:42:44,475 [INFO] Lectura datos climáticos NASA
2025-06-03 15:42:44,477 [INFO] Datos JSON preparados para envío
2025-06-03 15:42:45,531 [INFO] Lectura BMP390
2025-06-03 15:42:45,712 [INFO] Lectura LTR390
2025-06-03 15:42:45,718 [INFO] Lectura desde ESP32-S3 por serial
2025-06-03 15:42:49,797 [INFO] Lectura datos climáticos NASA
2025-06-03 15:42:49,802 [INFO] Datos JSON preparados para envío
2025-06-03 15:42:50,856 [INFO] Lectura BMP390
2025-06-03 15:42:51,040 [INFO] Lectura LTR390
2025-06-03 15:42:51,048 [INFO] Lectura desde ESP32-S3 por serial
2025-06-03 15:43:01,298 [INFO] Lectura datos climáticos NASA
2025-06-03 15:43:01,301 [INFO] Datos JSON preparados para envío
2025-06-03 15:43:02,357 [INFO] Lectura BMP390
2025-06-03 15:43:02,537 [INFO] Lectura LTR390
2025-06-03 15:43:02,543 [INFO] Lectura desde ESP32-S3 por serial
2025-06-03 15:43:06,170 [INFO] Lectura datos climáticos NASA
2025-06-03 15:43:06,173 [INFO] Datos JSON preparados para envío
2025-06-03 15:43:07,228 [INFO] Lectura BMP390
2025-06-03 15:43:07,408 [INFO] Lectura LTR390
2025-06-03 15:43:07,413 [INFO] Lectura desde ESP32-S3 por serial
2025-06-03 15:43:11,082 [INFO] Lectura datos climáticos NASA
2025-06-03 15:43:11,087 [INFO] Datos JSON preparados para envío
2025-06-03 15:43:12,140 [INFO] Lectura BMP390
2025-06-03 15:43:12,325 [INFO] Lectura LTR390
2025-06-03 15:43:12,332 [INFO] Lectura desde ESP32-S3 por serial
2025-06-03 15:43:16,678 [INFO] Lectura datos climáticos NASA
2025-06-03 15:43:16,681 [INFO] Datos JSON preparados para envío
2025-06-03 15:43:17,735 [INFO] Lectura BMP390
2025-06-03 15:43:17,916 [INFO] Lectura LTR390
2025-06-03 15:43:17,925 [INFO] Lectura desde ESP32-S3 por serial
2025-06-03 15:43:21,419 [INFO] Lectura datos climáticos NASA
2025-06-03 15:43:21,422 [INFO] Datos JSON preparados para envío
2025-06-03 15:43:22,477 [INFO] Lectura BMP390
2025-06-03 15:43:22,657 [INFO] Lectura LTR390
2025-06-03 15:43:22,663 [INFO] Lectura desde ESP32-S3 por serial
2025-06-03 15:43:26,029 [INFO] Lectura datos climáticos NASA
2025-06-03 15:43:26,032 [INFO] Datos JSON preparados para envío
2025-06-03 15:43:27,084 [INFO] Lectura BMP390
2025-06-03 15:43:27,268 [INFO] Lectura LTR390
2025-06-03 15:43:27,276 [INFO] Lectura desde ESP32-S3 por serial
2025-06-03 15:43:30,732 [INFO] Lectura datos climáticos NASA
2025-06-03 15:43:30,735 [INFO] Datos JSON preparados para envío
2025-06-03 15:43:31,789 [INFO] Lectura BMP390
2025-06-03 15:43:31,971 [INFO] Lectura LTR390
2025-06-03 15:43:31,978 [INFO] Lectura desde ESP32-S3 por serial
2025-06-03 15:43:36,359 [INFO] Lectura datos climáticos NASA
2025-06-03 15:43:36,361 [INFO] Datos JSON preparados para envío
2025-06-03 15:43:37,413 [INFO] Lectura BMP390
2025-06-03 15:43:37,598 [INFO] Lectura LTR390
2025-06-03 15:43:37,605 [INFO] Lectura desde ESP32-S3 por serial
2025-06-03 15:43:40,862 [INFO] Lectura datos climáticos NASA
2025-06-03 15:43:40,865 [INFO] Datos JSON preparados para envío
2025-06-03 15:43:41,918 [INFO] Lectura BMP390
2025-06-03 15:43:42,098 [INFO] Lectura LTR390
2025-06-03 15:43:42,104 [INFO] Lectura desde ESP32-S3 por serial
2025-06-03 15:43:47,021 [INFO] Lectura datos climáticos NASA
2025-06-03 15:43:47,024 [INFO] Datos JSON preparados para envío
2025-06-03 15:43:48,077 [INFO] Lectura BMP390
2025-06-03 15:43:48,262 [INFO] Lectura LTR390
2025-06-03 15:43:48,268 [INFO] Lectura desde ESP32-S3 por serial
2025-06-03 15:43:51,726 [INFO] Lectura datos climáticos NASA
2025-06-03 15:43:51,729 [INFO] Datos JSON preparados para envío
2025-06-03 15:43:52,782 [INFO] Lectura BMP390
2025-06-03 15:43:52,962 [INFO] Lectura LTR390
2025-06-03 15:43:52,969 [INFO] Lectura desde ESP32-S3 por serial
2025-06-03 15:43:56,416 [INFO] Lectura datos climáticos NASA
2025-06-03 15:43:56,419 [INFO] Datos JSON preparados para envío
2025-06-03 15:43:57,474 [INFO] Lectura BMP390
2025-06-03 15:43:57,654 [INFO] Lectura LTR390
2025-06-03 15:43:57,660 [INFO] Lectura desde ESP32-S3 por serial
2025-06-03 15:44:01,021 [INFO] Lectura datos climáticos NASA
2025-06-03 15:44:01,024 [INFO] Datos JSON preparados para envío
2025-06-03 15:44:02,078 [INFO] Lectura BMP390
2025-06-03 15:44:02,259 [INFO] Lectura LTR390
2025-06-03 15:44:02,264 [INFO] Lectura desde ESP32-S3 por serial
2025-06-03 15:44:06,038 [INFO] Lectura datos climáticos NASA
2025-06-03 15:44:06,041 [INFO] Datos JSON preparados para envío
2025-06-03 15:44:07,096 [INFO] Lectura BMP390
2025-06-03 15:44:07,276 [INFO] Lectura LTR390
2025-06-03 15:44:07,281 [INFO] Lectura desde ESP32-S3 por serial
2025-06-03 15:44:10,845 [INFO] Lectura datos climáticos NASA
2025-06-03 15:44:10,848 [INFO] Datos JSON preparados para envío
2025-06-03 15:44:11,900 [INFO] Lectura BMP390
2025-06-03 15:44:12,087 [INFO] Lectura LTR390
2025-06-03 15:44:12,093 [INFO] Lectura desde ESP32-S3 por serial
2025-06-03 15:44:16,020 [INFO] Lectura datos climáticos NASA
2025-06-03 15:44:16,023 [INFO] Datos JSON preparados para envío
2025-06-03 15:44:17,073 [INFO] Lectura BMP390
2025-06-03 15:44:17,253 [INFO] Lectura LTR390
2025-06-03 15:44:17,258 [INFO] Lectura desde ESP32-S3 por serial
2025-06-03 15:44:22,517 [INFO] Lectura datos climáticos NASA
2025-06-03 15:44:22,520 [INFO] Datos JSON preparados para envío
2025-06-03 15:44:23,571 [INFO] Lectura BMP390
2025-06-03 15:44:23,751 [INFO] Lectura LTR390
2025-06-03 15:44:23,758 [INFO] Lectura desde ESP32-S3 por serial
2025-06-03 15:44:28,755 [INFO] Lectura datos climáticos NASA
2025-06-03 15:44:28,758 [INFO] Datos JSON preparados para envío
2025-06-03 15:44:29,811 [INFO] Lectura BMP390
2025-06-03 15:44:29,990 [INFO] Lectura LTR390
2025-06-03 15:44:29,996 [INFO] Lectura desde ESP32-S3 por serial
2025-06-03 15:44:33,768 [INFO] Lectura datos climáticos NASA
2025-06-03 15:44:33,771 [INFO] Datos JSON preparados para envío
2025-06-03 15:44:34,826 [INFO] Lectura BMP390
2025-06-03 15:44:35,006 [INFO] Lectura LTR390
2025-06-03 15:44:35,013 [INFO] Lectura desde ESP32-S3 por serial
2025-06-03 15:44:38,690 [INFO] Lectura datos climáticos NASA
2025-06-03 15:44:38,693 [INFO] Datos JSON preparados para envío
2025-06-03 15:44:39,745 [INFO] Lectura BMP390
2025-06-03 15:44:39,930 [INFO] Lectura LTR390
2025-06-03 15:44:39,936 [INFO] Lectura desde ESP32-S3 por serial
2025-06-03 15:44:43,548 [INFO] Lectura datos climáticos NASA
2025-06-03 15:44:43,551 [INFO] Datos JSON preparados para envío
2025-06-03 15:44:44,603 [INFO] Lectura BMP390
2025-06-03 15:44:44,788 [INFO] Lectura LTR390
2025-06-03 15:44:44,796 [INFO] Lectura desde ESP32-S3 por serial
2025-06-03 15:44:49,220 [INFO] Lectura datos climáticos NASA
2025-06-03 15:44:49,225 [INFO] Datos JSON preparados para envío
2025-06-03 15:44:50,276 [INFO] Lectura BMP390
2025-06-03 15:44:50,457 [INFO] Lectura LTR390
2025-06-03 15:44:50,462 [INFO] Lectura desde ESP32-S3 por serial
2025-06-03 15:44:54,545 [INFO] Lectura datos climáticos NASA
2025-06-03 15:44:54,547 [INFO] Datos JSON preparados para envío
2025-06-03 15:44:55,601 [INFO] Lectura BMP390
2025-06-03 15:44:55,781 [INFO] Lectura LTR390
2025-06-03 15:44:55,787 [INFO] Lectura desde ESP32-S3 por serial
2025-06-03 15:45:00,479 [INFO] Lectura datos climáticos NASA
2025-06-03 15:45:00,482 [INFO] Datos JSON preparados para envío
2025-06-03 15:45:01,539 [INFO] Lectura BMP390
2025-06-03 15:45:01,720 [INFO] Lectura LTR390
2025-06-03 15:45:01,726 [INFO] Lectura desde ESP32-S3 por serial
2025-06-03 15:45:06,823 [INFO] Lectura datos climáticos NASA
2025-06-03 15:45:06,825 [INFO] Datos JSON preparados para envío
2025-06-03 15:45:07,879 [INFO] Lectura BMP390
2025-06-03 15:45:08,059 [INFO] Lectura LTR390
2025-06-03 15:45:08,065 [INFO] Lectura desde ESP32-S3 por serial
2025-06-03 15:45:11,874 [INFO] Lectura datos climáticos NASA
2025-06-03 15:45:11,877 [INFO] Datos JSON preparados para envío
2025-06-03 15:45:12,935 [INFO] Lectura BMP390
2025-06-03 15:45:13,116 [INFO] Lectura LTR390
2025-06-03 15:45:13,122 [INFO] Lectura desde ESP32-S3 por serial
2025-06-03 15:45:16,544 [INFO] Lectura datos climáticos NASA
2025-06-03 15:45:16,547 [INFO] Datos JSON preparados para envío
2025-06-03 15:45:17,601 [INFO] Lectura BMP390
2025-06-03 15:45:17,783 [INFO] Lectura LTR390
2025-06-03 15:45:17,789 [INFO] Lectura desde ESP32-S3 por serial
2025-06-03 15:45:21,351 [INFO] Lectura datos climáticos NASA
2025-06-03 15:45:21,353 [INFO] Datos JSON preparados para envío
2025-06-03 15:45:22,407 [INFO] Lectura BMP390
2025-06-03 15:45:22,586 [INFO] Lectura LTR390
2025-06-03 15:45:22,593 [INFO] Lectura desde ESP32-S3 por serial
2025-06-03 15:45:26,267 [INFO] Lectura datos climáticos NASA
2025-06-03 15:45:26,270 [INFO] Datos JSON preparados para envío
2025-06-03 15:45:27,323 [INFO] Lectura BMP390
2025-06-03 15:45:27,502 [INFO] Lectura LTR390
2025-06-03 15:45:27,508 [INFO] Lectura desde ESP32-S3 por serial
2025-06-03 15:45:30,871 [INFO] Lectura datos climáticos NASA
2025-06-03 15:45:30,874 [INFO] Datos JSON preparados para envío
2025-06-03 15:45:31,927 [INFO] Lectura BMP390
2025-06-03 15:45:32,104 [INFO] Lectura LTR390
2025-06-03 15:45:32,107 [INFO] Lectura desde ESP32-S3 por serial
2025-06-03 15:45:35,585 [INFO] Lectura datos climáticos NASA
2025-06-03 15:45:35,588 [INFO] Datos JSON preparados para envío
2025-06-03 15:45:36,640 [INFO] Lectura BMP390
2025-06-03 15:45:36,823 [INFO] Lectura LTR390
2025-06-03 15:45:36,829 [INFO] Lectura desde ESP32-S3 por serial
2025-06-03 15:45:40,593 [INFO] Lectura datos climáticos NASA
2025-06-03 15:45:40,596 [INFO] Datos JSON preparados para envío
2025-06-03 15:45:41,650 [INFO] Lectura BMP390
2025-06-03 15:45:41,830 [INFO] Lectura LTR390
2025-06-03 15:45:41,837 [INFO] Lectura desde ESP32-S3 por serial
2025-06-03 15:45:45,198 [INFO] Lectura datos climáticos NASA
2025-06-03 15:45:45,201 [INFO] Datos JSON preparados para envío
2025-06-03 15:45:46,254 [INFO] Lectura BMP390
2025-06-03 15:45:46,434 [INFO] Lectura LTR390
2025-06-03 15:45:46,438 [INFO] Lectura desde ESP32-S3 por serial
2025-06-03 15:45:51,441 [INFO] Lectura datos climáticos NASA
2025-06-03 15:45:51,444 [INFO] Datos JSON preparados para envío
2025-06-03 15:45:52,495 [INFO] Lectura BMP390
2025-06-03 15:45:52,674 [INFO] Lectura LTR390
2025-06-03 15:45:52,677 [INFO] Lectura desde ESP32-S3 por serial
2025-06-03 15:45:56,046 [INFO] Lectura datos climáticos NASA
2025-06-03 15:45:56,049 [INFO] Datos JSON preparados para envío
2025-06-03 15:45:57,107 [INFO] Lectura BMP390
2025-06-03 15:45:57,288 [INFO] Lectura LTR390
2025-06-03 15:45:57,294 [INFO] Lectura desde ESP32-S3 por serial
2025-06-03 15:46:00,966 [INFO] Lectura datos climáticos NASA
2025-06-03 15:46:00,969 [INFO] Datos JSON preparados para envío
2025-06-03 15:46:02,022 [INFO] Lectura BMP390
2025-06-03 15:46:02,207 [INFO] Lectura LTR390
2025-06-03 15:46:02,213 [INFO] Lectura desde ESP32-S3 por serial
2025-06-03 15:46:06,689 [INFO] Lectura datos climáticos NASA
2025-06-03 15:46:06,692 [INFO] Datos JSON preparados para envío
2025-06-03 15:46:07,746 [INFO] Lectura BMP390
2025-06-03 15:46:07,926 [INFO] Lectura LTR390
2025-06-03 15:46:07,932 [INFO] Lectura desde ESP32-S3 por serial
2025-06-03 15:46:12,419 [INFO] Lectura datos climáticos NASA
2025-06-03 15:46:12,424 [INFO] Datos JSON preparados para envío
2025-06-03 15:46:13,480 [INFO] Lectura BMP390
2025-06-03 15:46:13,659 [INFO] Lectura LTR390
2025-06-03 15:46:13,665 [INFO] Lectura desde ESP32-S3 por serial
2025-06-03 15:46:17,842 [INFO] Lectura datos climáticos NASA
2025-06-03 15:46:17,846 [INFO] Datos JSON preparados para envío
2025-06-03 15:46:18,899 [INFO] Lectura BMP390
2025-06-03 15:46:19,079 [INFO] Lectura LTR390
2025-06-03 15:46:19,085 [INFO] Lectura desde ESP32-S3 por serial
2025-06-03 15:46:23,166 [INFO] Lectura datos climáticos NASA
2025-06-03 15:46:23,171 [INFO] Datos JSON preparados para envío
2025-06-03 15:46:24,223 [INFO] Lectura BMP390
2025-06-03 15:46:24,404 [INFO] Lectura LTR390
2025-06-03 15:46:24,409 [INFO] Lectura desde ESP32-S3 por serial
2025-06-03 15:46:27,974 [INFO] Lectura datos climáticos NASA
2025-06-03 15:46:27,977 [INFO] Datos JSON preparados para envío
2025-06-03 15:46:29,031 [INFO] Lectura BMP390
2025-06-03 15:46:29,212 [INFO] Lectura LTR390
2025-06-03 15:46:29,219 [INFO] Lectura desde ESP32-S3 por serial
2025-06-03 15:46:32,784 [INFO] Lectura datos climáticos NASA
2025-06-03 15:46:32,787 [INFO] Datos JSON preparados para envío
2025-06-03 15:46:33,840 [INFO] Lectura BMP390
2025-06-03 15:46:34,022 [INFO] Lectura LTR390
2025-06-03 15:46:34,029 [INFO] Lectura desde ESP32-S3 por serial
2025-06-03 15:46:37,800 [INFO] Lectura datos climáticos NASA
2025-06-03 15:46:37,803 [INFO] Datos JSON preparados para envío
2025-06-03 15:46:38,855 [INFO] Lectura BMP390
2025-06-03 15:46:39,040 [INFO] Lectura LTR390
2025-06-03 15:46:39,055 [INFO] Lectura desde ESP32-S3 por serial
2025-06-03 15:46:42,915 [INFO] Lectura datos climáticos NASA
2025-06-03 15:46:42,918 [INFO] Datos JSON preparados para envío
2025-06-03 15:46:43,971 [INFO] Lectura BMP390
2025-06-03 15:46:44,155 [INFO] Lectura LTR390
2025-06-03 15:46:44,161 [INFO] Lectura desde ESP32-S3 por serial
2025-06-03 15:46:48,749 [INFO] Lectura datos climáticos NASA
2025-06-03 15:46:48,752 [INFO] Datos JSON preparados para envío
2025-06-03 15:46:49,805 [INFO] Lectura BMP390
2025-06-03 15:46:49,985 [INFO] Lectura LTR390
2025-06-03 15:46:49,991 [INFO] Lectura desde ESP32-S3 por serial
2025-06-03 15:46:53,662 [INFO] Lectura datos climáticos NASA
2025-06-03 15:46:53,665 [INFO] Datos JSON preparados para envío
2025-06-03 15:46:54,721 [INFO] Lectura BMP390
2025-06-03 15:46:54,901 [INFO] Lectura LTR390
2025-06-03 15:46:54,906 [INFO] Lectura desde ESP32-S3 por serial
2025-06-03 15:46:58,368 [INFO] Lectura datos climáticos NASA
2025-06-03 15:46:58,370 [INFO] Datos JSON preparados para envío
2025-06-03 15:46:59,422 [INFO] Lectura BMP390
2025-06-03 15:46:59,608 [INFO] Lectura LTR390
2025-06-03 15:46:59,614 [INFO] Lectura desde ESP32-S3 por serial
2025-06-03 15:47:02,668 [INFO] Lectura datos climáticos NASA
2025-06-03 15:47:02,671 [INFO] Datos JSON preparados para envío
2025-06-03 15:47:03,724 [INFO] Lectura BMP390
2025-06-03 15:47:03,903 [INFO] Lectura LTR390
2025-06-03 15:47:03,910 [INFO] Lectura desde ESP32-S3 por serial
2025-06-03 15:47:08,457 [INFO] Lectura datos climáticos NASA
2025-06-03 15:47:08,460 [INFO] Datos JSON preparados para envío
2025-06-03 15:47:09,515 [INFO] Lectura BMP390
2025-06-03 15:47:09,696 [INFO] Lectura LTR390
2025-06-03 15:47:09,702 [INFO] Lectura desde ESP32-S3 por serial
2025-06-03 15:47:13,616 [INFO] Lectura datos climáticos NASA
2025-06-03 15:47:13,619 [INFO] Datos JSON preparados para envío
2025-06-03 15:47:14,672 [INFO] Lectura BMP390
2025-06-03 15:47:14,852 [INFO] Lectura LTR390
2025-06-03 15:47:14,858 [INFO] Lectura desde ESP32-S3 por serial
2025-06-03 15:47:18,534 [INFO] Lectura datos climáticos NASA
2025-06-03 15:47:18,536 [INFO] Datos JSON preparados para envío
2025-06-03 15:47:19,589 [INFO] Lectura BMP390
2025-06-03 15:47:19,769 [INFO] Lectura LTR390
2025-06-03 15:47:19,776 [INFO] Lectura desde ESP32-S3 por serial
2025-06-03 15:47:24,055 [INFO] Lectura datos climáticos NASA
2025-06-03 15:47:24,057 [INFO] Datos JSON preparados para envío
2025-06-03 15:47:25,109 [INFO] Lectura BMP390
2025-06-03 15:47:25,289 [INFO] Lectura LTR390
2025-06-03 15:47:25,295 [INFO] Lectura desde ESP32-S3 por serial
2025-06-03 15:47:29,067 [INFO] Lectura datos climáticos NASA
2025-06-03 15:47:29,068 [INFO] Datos JSON preparados para envío
2025-06-03 15:47:30,121 [INFO] Lectura BMP390
2025-06-03 15:47:30,305 [INFO] Lectura LTR390
2025-06-03 15:47:30,310 [INFO] Lectura desde ESP32-S3 por serial
2025-06-03 15:47:33,776 [INFO] Lectura datos climáticos NASA
2025-06-03 15:47:33,779 [INFO] Datos JSON preparados para envío
2025-06-03 15:47:34,832 [INFO] Lectura BMP390
2025-06-03 15:47:35,017 [INFO] Lectura LTR390
2025-06-03 15:47:35,024 [INFO] Lectura desde ESP32-S3 por serial
2025-06-03 15:47:38,602 [INFO] Lectura datos climáticos NASA
2025-06-03 15:47:38,607 [INFO] Datos JSON preparados para envío
2025-06-03 15:47:39,657 [INFO] Lectura BMP390
2025-06-03 15:47:39,834 [INFO] Lectura LTR390
2025-06-03 15:47:39,836 [INFO] Lectura desde ESP32-S3 por serial
2025-06-03 15:47:43,292 [INFO] Lectura datos climáticos NASA
2025-06-03 15:47:43,296 [INFO] Datos JSON preparados para envío
2025-06-03 15:47:44,348 [INFO] Lectura BMP390
2025-06-03 15:47:44,528 [INFO] Lectura LTR390
2025-06-03 15:47:44,534 [INFO] Lectura desde ESP32-S3 por serial
2025-06-03 15:47:48,307 [INFO] Lectura datos climáticos NASA
2025-06-03 15:47:48,310 [INFO] Datos JSON preparados para envío
2025-06-03 15:47:49,365 [INFO] Lectura BMP390
2025-06-03 15:47:49,547 [INFO] Lectura LTR390
2025-06-03 15:47:49,553 [INFO] Lectura desde ESP32-S3 por serial
2025-06-03 15:47:53,020 [INFO] Lectura datos climáticos NASA
2025-06-03 15:47:53,025 [INFO] Datos JSON preparados para envío
2025-06-03 15:47:54,077 [INFO] Lectura BMP390
2025-06-03 15:47:54,257 [INFO] Lectura LTR390
2025-06-03 15:47:54,264 [INFO] Lectura desde ESP32-S3 por serial
2025-06-03 15:47:59,162 [INFO] Lectura datos climáticos NASA
2025-06-03 15:47:59,169 [INFO] Datos JSON preparados para envío
2025-06-03 15:48:00,226 [INFO] Lectura BMP390
2025-06-03 15:48:00,407 [INFO] Lectura LTR390
2025-06-03 15:48:00,412 [INFO] Lectura desde ESP32-S3 por serial
2025-06-03 15:48:04,072 [INFO] Lectura datos climáticos NASA
2025-06-03 15:48:04,074 [INFO] Datos JSON preparados para envío
2025-06-03 15:48:05,127 [INFO] Lectura BMP390
2025-06-03 15:48:05,309 [INFO] Lectura LTR390
2025-06-03 15:48:05,315 [INFO] Lectura desde ESP32-S3 por serial
2025-06-03 15:48:09,086 [INFO] Lectura datos climáticos NASA
2025-06-03 15:48:09,089 [INFO] Datos JSON preparados para envío
2025-06-03 15:48:10,144 [INFO] Lectura BMP390
2025-06-03 15:48:10,324 [INFO] Lectura LTR390
2025-06-03 15:48:10,329 [INFO] Lectura desde ESP32-S3 por serial
2025-06-03 15:48:15,019 [INFO] Lectura datos climáticos NASA
2025-06-03 15:48:15,022 [INFO] Datos JSON preparados para envío
2025-06-03 15:48:16,075 [INFO] Lectura BMP390
2025-06-03 15:48:16,258 [INFO] Lectura LTR390
2025-06-03 15:48:16,263 [INFO] Lectura desde ESP32-S3 por serial
2025-06-03 15:48:20,136 [INFO] Lectura datos climáticos NASA
2025-06-03 15:48:20,139 [INFO] Datos JSON preparados para envío
2025-06-03 15:48:21,195 [INFO] Lectura BMP390
2025-06-03 15:48:21,375 [INFO] Lectura LTR390
2025-06-03 15:48:21,379 [INFO] Lectura desde ESP32-S3 por serial
2025-06-03 15:48:24,843 [INFO] Lectura datos climáticos NASA
2025-06-03 15:48:24,846 [INFO] Datos JSON preparados para envío
2025-06-03 15:48:25,899 [INFO] Lectura BMP390
2025-06-03 15:48:26,079 [INFO] Lectura LTR390
2025-06-03 15:48:26,085 [INFO] Lectura desde ESP32-S3 por serial
2025-06-03 15:48:29,858 [INFO] Lectura datos climáticos NASA
2025-06-03 15:48:29,861 [INFO] Datos JSON preparados para envío
2025-06-03 15:48:30,917 [INFO] Lectura BMP390
2025-06-03 15:48:31,097 [INFO] Lectura LTR390
2025-06-03 15:48:31,104 [INFO] Lectura desde ESP32-S3 por serial
2025-06-03 15:48:34,666 [INFO] Lectura datos climáticos NASA
2025-06-03 15:48:34,669 [INFO] Datos JSON preparados para envío
2025-06-03 15:48:35,722 [INFO] Lectura BMP390
2025-06-03 15:48:35,905 [INFO] Lectura LTR390
2025-06-03 15:48:35,911 [INFO] Lectura desde ESP32-S3 por serial
2025-06-03 15:48:39,169 [INFO] Lectura datos climáticos NASA
2025-06-03 15:48:39,172 [INFO] Datos JSON preparados para envío
2025-06-03 15:48:40,227 [INFO] Lectura BMP390
2025-06-03 15:48:40,408 [INFO] Lectura LTR390
2025-06-03 15:48:40,413 [INFO] Lectura desde ESP32-S3 por serial
2025-06-03 15:48:44,077 [INFO] Lectura datos climáticos NASA
2025-06-03 15:48:44,078 [INFO] Datos JSON preparados para envío
2025-06-03 15:48:45,135 [INFO] Lectura BMP390
2025-06-03 15:48:45,318 [INFO] Lectura LTR390
2025-06-03 15:48:45,324 [INFO] Lectura desde ESP32-S3 por serial
2025-06-03 15:48:49,610 [INFO] Lectura datos climáticos NASA
2025-06-03 15:48:49,615 [INFO] Datos JSON preparados para envío
2025-06-03 15:48:50,666 [INFO] Lectura BMP390
2025-06-03 15:48:50,846 [INFO] Lectura LTR390
2025-06-03 15:48:50,852 [INFO] Lectura desde ESP32-S3 por serial
2025-06-03 15:48:54,723 [INFO] Lectura datos climáticos NASA
2025-06-03 15:48:54,726 [INFO] Datos JSON preparados para envío
2025-06-03 15:48:55,780 [INFO] Lectura BMP390
2025-06-03 15:48:55,962 [INFO] Lectura LTR390
2025-06-03 15:48:55,968 [INFO] Lectura desde ESP32-S3 por serial
2025-06-03 15:48:59,326 [INFO] Lectura datos climáticos NASA
2025-06-03 15:48:59,328 [INFO] Datos JSON preparados para envío
2025-06-03 15:49:00,380 [INFO] Lectura BMP390
2025-06-03 15:49:00,560 [INFO] Lectura LTR390
2025-06-03 15:49:00,566 [INFO] Lectura desde ESP32-S3 por serial
2025-06-03 15:49:04,243 [INFO] Lectura datos climáticos NASA
2025-06-03 15:49:04,245 [INFO] Datos JSON preparados para envío
2025-06-03 15:49:05,297 [INFO] Lectura BMP390
2025-06-03 15:49:05,483 [INFO] Lectura LTR390
2025-06-03 15:49:05,488 [INFO] Lectura desde ESP32-S3 por serial
2025-06-03 15:49:09,259 [INFO] Lectura datos climáticos NASA
2025-06-03 15:49:09,262 [INFO] Datos JSON preparados para envío
2025-06-03 15:49:10,315 [INFO] Lectura BMP390
2025-06-03 15:49:10,494 [INFO] Lectura LTR390
2025-06-03 15:49:10,504 [INFO] Lectura desde ESP32-S3 por serial
2025-06-03 15:49:14,377 [INFO] Lectura datos climáticos NASA
2025-06-03 15:49:14,379 [INFO] Datos JSON preparados para envío
2025-06-03 15:49:15,429 [INFO] Lectura BMP390
2025-06-03 15:49:15,607 [INFO] Lectura LTR390
2025-06-03 15:49:15,610 [INFO] Lectura desde ESP32-S3 por serial
2025-06-03 15:49:19,182 [INFO] Lectura datos climáticos NASA
2025-06-03 15:49:19,185 [INFO] Datos JSON preparados para envío
2025-06-03 15:49:20,238 [INFO] Lectura BMP390
2025-06-03 15:49:20,419 [INFO] Lectura LTR390
2025-06-03 15:49:20,424 [INFO] Lectura desde ESP32-S3 por serial
2025-06-03 15:49:24,097 [INFO] Lectura datos climáticos NASA
2025-06-03 15:49:24,100 [INFO] Datos JSON preparados para envío
2025-06-03 15:49:25,153 [INFO] Lectura BMP390
2025-06-03 15:49:25,338 [INFO] Lectura LTR390
2025-06-03 15:49:25,343 [INFO] Lectura desde ESP32-S3 por serial
2025-06-03 15:49:28,804 [INFO] Lectura datos climáticos NASA
2025-06-03 15:49:28,807 [INFO] Datos JSON preparados para envío
2025-06-03 15:49:29,863 [INFO] Lectura BMP390
2025-06-03 15:49:30,045 [INFO] Lectura LTR390
2025-06-03 15:49:30,052 [INFO] Lectura desde ESP32-S3 por serial
2025-06-03 15:49:33,342 [INFO] Lectura datos climáticos NASA
2025-06-03 15:49:33,346 [INFO] Datos JSON preparados para envío
2025-06-03 15:49:34,400 [INFO] Lectura BMP390
2025-06-03 15:49:34,584 [INFO] Lectura LTR390
2025-06-03 15:49:34,591 [INFO] Lectura desde ESP32-S3 por serial
2025-06-03 15:49:38,625 [INFO] Lectura datos climáticos NASA
2025-06-03 15:49:38,628 [INFO] Datos JSON preparados para envío
2025-06-03 15:49:39,680 [INFO] Lectura BMP390
2025-06-03 15:49:39,860 [INFO] Lectura LTR390
2025-06-03 15:49:39,866 [INFO] Lectura desde ESP32-S3 por serial
2025-06-03 15:49:45,072 [INFO] Lectura datos climáticos NASA
2025-06-03 15:49:45,075 [INFO] Datos JSON preparados para envío
2025-06-03 15:49:46,132 [INFO] Lectura BMP390
2025-06-03 15:49:46,312 [INFO] Lectura LTR390
2025-06-03 15:49:46,319 [INFO] Lectura desde ESP32-S3 por serial
2025-06-03 15:49:49,576 [INFO] Lectura datos climáticos NASA
2025-06-03 15:49:49,579 [INFO] Datos JSON preparados para envío
2025-06-03 15:49:50,631 [INFO] Lectura BMP390
2025-06-03 15:49:50,813 [INFO] Lectura LTR390
2025-06-03 15:49:50,821 [INFO] Lectura desde ESP32-S3 por serial
2025-06-03 15:49:54,901 [INFO] Lectura datos climáticos NASA
2025-06-03 15:49:54,904 [INFO] Datos JSON preparados para envío
2025-06-03 15:49:55,958 [INFO] Lectura BMP390
2025-06-03 15:49:56,138 [INFO] Lectura LTR390
2025-06-03 15:49:56,144 [INFO] Lectura desde ESP32-S3 por serial
2025-06-03 15:50:00,015 [INFO] Lectura datos climáticos NASA
2025-06-03 15:50:00,018 [INFO] Datos JSON preparados para envío
2025-06-03 15:50:01,069 [INFO] Lectura BMP390
2025-06-03 15:50:01,250 [INFO] Lectura LTR390
2025-06-03 15:50:01,258 [INFO] Lectura desde ESP32-S3 por serial
2025-06-03 15:50:05,027 [INFO] Lectura datos climáticos NASA
2025-06-03 15:50:05,031 [INFO] Datos JSON preparados para envío
2025-06-03 15:50:06,083 [INFO] Lectura BMP390
2025-06-03 15:50:06,264 [INFO] Lectura LTR390
2025-06-03 15:50:06,270 [INFO] Lectura desde ESP32-S3 por serial
2025-06-03 15:50:09,837 [INFO] Lectura datos climáticos NASA
2025-06-03 15:50:09,840 [INFO] Datos JSON preparados para envío
2025-06-03 15:50:10,894 [INFO] Lectura BMP390
2025-06-03 15:50:11,078 [INFO] Lectura LTR390
2025-06-03 15:50:11,085 [INFO] Lectura desde ESP32-S3 por serial
2025-06-03 15:50:14,852 [INFO] Lectura datos climáticos NASA
2025-06-03 15:50:14,854 [INFO] Datos JSON preparados para envío
2025-06-03 15:50:15,907 [INFO] Lectura BMP390
2025-06-03 15:50:16,087 [INFO] Lectura LTR390
2025-06-03 15:50:16,093 [INFO] Lectura desde ESP32-S3 por serial
2025-06-03 15:50:19,974 [INFO] Lectura datos climáticos NASA
2025-06-03 15:50:19,976 [INFO] Datos JSON preparados para envío
2025-06-03 15:50:21,027 [INFO] Lectura BMP390
2025-06-03 15:50:21,209 [INFO] Lectura LTR390
2025-06-03 15:50:21,223 [INFO] Lectura desde ESP32-S3 por serial
2025-06-03 15:50:24,778 [INFO] Lectura datos climáticos NASA
2025-06-03 15:50:24,781 [INFO] Datos JSON preparados para envío
2025-06-03 15:50:25,834 [INFO] Lectura BMP390
2025-06-03 15:50:26,017 [INFO] Lectura LTR390
2025-06-03 15:50:26,023 [INFO] Lectura desde ESP32-S3 por serial
2025-06-03 15:50:30,211 [INFO] Lectura datos climáticos NASA
2025-06-03 15:50:30,214 [INFO] Datos JSON preparados para envío
2025-06-03 15:50:31,267 [INFO] Lectura BMP390
2025-06-03 15:50:31,450 [INFO] Lectura LTR390
2025-06-03 15:50:31,455 [INFO] Lectura desde ESP32-S3 por serial
2025-06-03 15:50:35,217 [INFO] Lectura datos climáticos NASA
2025-06-03 15:50:35,221 [INFO] Datos JSON preparados para envío
2025-06-03 15:50:36,279 [INFO] Lectura BMP390
2025-06-03 15:50:36,459 [INFO] Lectura LTR390
2025-06-03 15:50:36,465 [INFO] Lectura desde ESP32-S3 por serial
2025-06-03 15:50:40,026 [INFO] Lectura datos climáticos NASA
2025-06-03 15:50:40,029 [INFO] Datos JSON preparados para envío
2025-06-03 15:50:41,079 [INFO] Lectura BMP390
2025-06-03 15:50:41,260 [INFO] Lectura LTR390
2025-06-03 15:50:41,263 [INFO] Lectura desde ESP32-S3 por serial
2025-06-03 15:50:45,253 [INFO] Lectura datos climáticos NASA
2025-06-03 15:50:45,256 [INFO] Datos JSON preparados para envío
2025-06-03 15:50:46,309 [INFO] Lectura BMP390
2025-06-03 15:50:46,488 [INFO] Lectura LTR390
2025-06-03 15:50:46,494 [INFO] Lectura desde ESP32-S3 por serial
2025-06-03 15:50:50,566 [INFO] Lectura datos climáticos NASA
2025-06-03 15:50:50,569 [INFO] Datos JSON preparados para envío
2025-06-03 15:50:51,622 [INFO] Lectura BMP390
2025-06-03 15:50:51,831 [INFO] Lectura LTR390
2025-06-03 15:50:51,834 [INFO] Lectura desde ESP32-S3 por serial
2025-06-03 15:50:55,580 [INFO] Lectura datos climáticos NASA
2025-06-03 15:50:55,583 [INFO] Datos JSON preparados para envío
2025-06-03 15:50:56,636 [INFO] Lectura BMP390
2025-06-03 15:50:56,818 [INFO] Lectura LTR390
2025-06-03 15:50:56,824 [INFO] Lectura desde ESP32-S3 por serial
2025-06-03 15:51:01,006 [INFO] Lectura datos climáticos NASA
2025-06-03 15:51:01,009 [INFO] Datos JSON preparados para envío
2025-06-03 15:51:02,062 [INFO] Lectura BMP390
2025-06-03 15:51:02,244 [INFO] Lectura LTR390
2025-06-03 15:51:02,253 [INFO] Lectura desde ESP32-S3 por serial
2025-06-03 15:51:06,024 [INFO] Lectura datos climáticos NASA
2025-06-03 15:51:06,027 [INFO] Datos JSON preparados para envío
2025-06-03 15:51:07,082 [INFO] Lectura BMP390
2025-06-03 15:51:07,264 [INFO] Lectura LTR390
2025-06-03 15:51:07,270 [INFO] Lectura desde ESP32-S3 por serial
2025-06-03 15:51:10,832 [INFO] Lectura datos climáticos NASA
2025-06-03 15:51:10,835 [INFO] Datos JSON preparados para envío
2025-06-03 15:51:11,888 [INFO] Lectura BMP390
2025-06-03 15:51:12,069 [INFO] Lectura LTR390
2025-06-03 15:51:12,074 [INFO] Lectura desde ESP32-S3 por serial
2025-06-03 15:51:17,073 [INFO] Lectura datos climáticos NASA
2025-06-03 15:51:17,076 [INFO] Datos JSON preparados para envío
2025-06-03 15:51:18,128 [INFO] Lectura BMP390
2025-06-03 15:51:18,309 [INFO] Lectura LTR390
2025-06-03 15:51:18,315 [INFO] Lectura desde ESP32-S3 por serial
2025-06-03 15:51:22,907 [INFO] Lectura datos climáticos NASA
2025-06-03 15:51:22,911 [INFO] Datos JSON preparados para envío
2025-06-03 15:51:23,961 [INFO] Lectura BMP390
2025-06-03 15:51:24,139 [INFO] Lectura LTR390
2025-06-03 15:51:24,145 [INFO] Lectura desde ESP32-S3 por serial
2025-06-03 15:51:27,817 [INFO] Lectura datos climáticos NASA
2025-06-03 15:51:27,820 [INFO] Datos JSON preparados para envío
2025-06-03 15:51:28,872 [INFO] Lectura BMP390
2025-06-03 15:51:29,052 [INFO] Lectura LTR390
2025-06-03 15:51:29,059 [INFO] Lectura desde ESP32-S3 por serial
2025-06-03 15:51:34,160 [INFO] Lectura datos climáticos NASA
2025-06-03 15:51:34,168 [INFO] Datos JSON preparados para envío
2025-06-03 15:51:35,220 [INFO] Lectura BMP390
2025-06-03 15:51:35,403 [INFO] Lectura LTR390
2025-06-03 15:51:35,408 [INFO] Lectura desde ESP32-S3 por serial
2025-06-03 15:51:39,276 [INFO] Lectura datos climáticos NASA
2025-06-03 15:51:39,279 [INFO] Datos JSON preparados para envío
2025-06-03 15:51:40,334 [INFO] Lectura BMP390
2025-06-03 15:51:40,513 [INFO] Lectura LTR390
2025-06-03 15:51:40,520 [INFO] Lectura desde ESP32-S3 por serial
2025-06-03 15:51:45,724 [INFO] Lectura datos climáticos NASA
2025-06-03 15:51:45,727 [INFO] Datos JSON preparados para envío
2025-06-03 15:51:46,779 [INFO] Lectura BMP390
2025-06-03 15:51:46,961 [INFO] Lectura LTR390
2025-06-03 15:51:46,967 [INFO] Lectura desde ESP32-S3 por serial
2025-06-03 15:51:50,739 [INFO] Lectura datos climáticos NASA
2025-06-03 15:51:50,742 [INFO] Datos JSON preparados para envío
2025-06-03 15:51:51,794 [INFO] Lectura BMP390
2025-06-03 15:51:51,975 [INFO] Lectura LTR390
2025-06-03 15:51:51,981 [INFO] Lectura desde ESP32-S3 por serial
2025-06-03 15:51:55,548 [INFO] Lectura datos climáticos NASA
2025-06-03 15:51:55,549 [INFO] Datos JSON preparados para envío
2025-06-03 15:51:56,602 [INFO] Lectura BMP390
2025-06-03 15:51:56,785 [INFO] Lectura LTR390
2025-06-03 15:51:56,794 [INFO] Lectura desde ESP32-S3 por serial
2025-06-03 15:52:00,564 [INFO] Lectura datos climáticos NASA
2025-06-03 15:52:00,567 [INFO] Datos JSON preparados para envío
2025-06-03 15:52:01,619 [INFO] Lectura BMP390
2025-06-03 15:52:01,799 [INFO] Lectura LTR390
2025-06-03 15:52:01,807 [INFO] Lectura desde ESP32-S3 por serial
2025-06-03 15:52:06,193 [INFO] Lectura datos climáticos NASA
2025-06-03 15:52:06,196 [INFO] Datos JSON preparados para envío
2025-06-03 15:52:07,248 [INFO] Lectura BMP390
2025-06-03 15:52:07,428 [INFO] Lectura LTR390
2025-06-03 15:52:07,433 [INFO] Lectura desde ESP32-S3 por serial
2025-06-03 15:52:11,923 [INFO] Lectura datos climáticos NASA
2025-06-03 15:52:11,926 [INFO] Datos JSON preparados para envío
2025-06-03 15:52:12,978 [INFO] Lectura BMP390
2025-06-03 15:52:13,158 [INFO] Lectura LTR390
2025-06-03 15:52:13,164 [INFO] Lectura desde ESP32-S3 por serial
2025-06-03 15:52:16,730 [INFO] Lectura datos climáticos NASA
2025-06-03 15:52:16,732 [INFO] Datos JSON preparados para envío
2025-06-03 15:52:17,786 [INFO] Lectura BMP390
2025-06-03 15:52:17,969 [INFO] Lectura LTR390
2025-06-03 15:52:17,976 [INFO] Lectura desde ESP32-S3 por serial
2025-06-03 15:52:21,643 [INFO] Lectura datos climáticos NASA
2025-06-03 15:52:21,646 [INFO] Datos JSON preparados para envío
2025-06-03 15:52:22,696 [INFO] Lectura BMP390
2025-06-03 15:52:22,872 [INFO] Lectura LTR390
2025-06-03 15:52:22,875 [INFO] Lectura desde ESP32-S3 por serial
2025-06-03 15:52:25,941 [INFO] Lectura datos climáticos NASA
2025-06-03 15:52:25,944 [INFO] Datos JSON preparados para envío
2025-06-03 15:52:26,997 [INFO] Lectura BMP390
2025-06-03 15:52:27,177 [INFO] Lectura LTR390
2025-06-03 15:52:27,183 [INFO] Lectura desde ESP32-S3 por serial
2025-06-03 15:52:30,751 [INFO] Lectura datos climáticos NASA
2025-06-03 15:52:30,754 [INFO] Datos JSON preparados para envío
2025-06-03 15:52:31,805 [INFO] Lectura BMP390
2025-06-03 15:52:31,991 [INFO] Lectura LTR390
2025-06-03 15:52:31,997 [INFO] Lectura desde ESP32-S3 por serial
2025-06-03 15:52:36,073 [INFO] Lectura datos climáticos NASA
2025-06-03 15:52:36,076 [INFO] Datos JSON preparados para envío
2025-06-03 15:52:37,131 [INFO] Lectura BMP390
2025-06-03 15:52:37,310 [INFO] Lectura LTR390
2025-06-03 15:52:37,316 [INFO] Lectura desde ESP32-S3 por serial
2025-06-03 15:52:41,087 [INFO] Lectura datos climáticos NASA
2025-06-03 15:52:41,090 [INFO] Datos JSON preparados para envío
2025-06-03 15:52:42,145 [INFO] Lectura BMP390
2025-06-03 15:52:42,329 [INFO] Lectura LTR390
2025-06-03 15:52:42,334 [INFO] Lectura desde ESP32-S3 por serial
2025-06-03 15:52:46,716 [INFO] Lectura datos climáticos NASA
2025-06-03 15:52:46,719 [INFO] Datos JSON preparados para envío
2025-06-03 15:52:47,775 [INFO] Lectura BMP390
2025-06-03 15:52:47,958 [INFO] Lectura LTR390
2025-06-03 15:52:47,965 [INFO] Lectura desde ESP32-S3 por serial
2025-06-03 15:52:51,730 [INFO] Lectura datos climáticos NASA
2025-06-03 15:52:51,735 [INFO] Datos JSON preparados para envío
2025-06-03 15:52:52,789 [INFO] Lectura BMP390
2025-06-03 15:52:52,971 [INFO] Lectura LTR390
2025-06-03 15:52:52,978 [INFO] Lectura desde ESP32-S3 por serial
2025-06-03 15:52:57,020 [INFO] Lectura datos climáticos NASA
2025-06-03 15:52:57,023 [INFO] Datos JSON preparados para envío
2025-06-03 15:52:58,078 [INFO] Lectura BMP390
2025-06-03 15:52:58,259 [INFO] Lectura LTR390
2025-06-03 15:52:58,265 [INFO] Lectura desde ESP32-S3 por serial
2025-06-03 15:53:01,656 [INFO] Lectura datos climáticos NASA
2025-06-03 15:53:01,659 [INFO] Datos JSON preparados para envío
2025-06-03 15:53:02,715 [INFO] Lectura BMP390
2025-06-03 15:53:02,894 [INFO] Lectura LTR390
2025-06-03 15:53:02,901 [INFO] Lectura desde ESP32-S3 por serial
2025-06-03 15:53:07,286 [INFO] Lectura datos climáticos NASA
2025-06-03 15:53:07,289 [INFO] Datos JSON preparados para envío
2025-06-03 15:53:08,342 [INFO] Lectura BMP390
2025-06-03 15:53:08,522 [INFO] Lectura LTR390
2025-06-03 15:53:08,528 [INFO] Lectura desde ESP32-S3 por serial
2025-06-03 15:53:12,298 [INFO] Lectura datos climáticos NASA
2025-06-03 15:53:12,302 [INFO] Datos JSON preparados para envío
2025-06-03 15:53:13,353 [INFO] Lectura BMP390
2025-06-03 15:53:13,533 [INFO] Lectura LTR390
2025-06-03 15:53:13,539 [INFO] Lectura desde ESP32-S3 por serial
2025-06-03 15:53:17,621 [INFO] Lectura datos climáticos NASA
2025-06-03 15:53:17,624 [INFO] Datos JSON preparados para envío
2025-06-03 15:53:18,676 [INFO] Lectura BMP390
2025-06-03 15:53:18,860 [INFO] Lectura LTR390
2025-06-03 15:53:18,866 [INFO] Lectura desde ESP32-S3 por serial
2025-06-03 15:53:22,839 [INFO] Lectura datos climáticos NASA
2025-06-03 15:53:22,842 [INFO] Datos JSON preparados para envío
2025-06-03 15:53:23,897 [INFO] Lectura BMP390
2025-06-03 15:53:24,077 [INFO] Lectura LTR390
2025-06-03 15:53:24,083 [INFO] Lectura desde ESP32-S3 por serial
2025-06-03 15:53:28,063 [INFO] Lectura datos climáticos NASA
2025-06-03 15:53:28,066 [INFO] Datos JSON preparados para envío
2025-06-03 15:53:29,119 [INFO] Lectura BMP390
2025-06-03 15:53:29,303 [INFO] Lectura LTR390
2025-06-03 15:53:29,309 [INFO] Lectura desde ESP32-S3 por serial
2025-06-03 15:53:32,560 [INFO] Lectura datos climáticos NASA
2025-06-03 15:53:32,563 [INFO] Datos JSON preparados para envío
2025-06-03 15:53:33,616 [INFO] Lectura BMP390
2025-06-03 15:53:33,796 [INFO] Lectura LTR390
2025-06-03 15:53:33,802 [INFO] Lectura desde ESP32-S3 por serial
2025-06-03 15:53:38,395 [INFO] Lectura datos climáticos NASA
2025-06-03 15:53:38,397 [INFO] Datos JSON preparados para envío
2025-06-03 15:53:39,451 [INFO] Lectura BMP390
2025-06-03 15:53:39,633 [INFO] Lectura LTR390
2025-06-03 15:53:39,640 [INFO] Lectura desde ESP32-S3 por serial
2025-06-03 15:53:43,411 [INFO] Lectura datos climáticos NASA
2025-06-03 15:53:43,416 [INFO] Datos JSON preparados para envío
2025-06-03 15:53:44,466 [INFO] Lectura BMP390
2025-06-03 15:53:44,650 [INFO] Lectura LTR390
2025-06-03 15:53:44,657 [INFO] Lectura desde ESP32-S3 por serial
2025-06-03 15:53:48,730 [INFO] Lectura datos climáticos NASA
2025-06-03 15:53:48,738 [INFO] Datos JSON preparados para envío
2025-06-03 15:53:49,791 [INFO] Lectura BMP390
2025-06-03 15:53:49,971 [INFO] Lectura LTR390
2025-06-03 15:53:49,977 [INFO] Lectura desde ESP32-S3 por serial
2025-06-03 15:53:53,493 [INFO] Lectura datos climáticos NASA
2025-06-03 15:53:53,496 [INFO] Datos JSON preparados para envío
2025-06-03 15:53:54,548 [INFO] Lectura BMP390
2025-06-03 15:53:54,732 [INFO] Lectura LTR390
2025-06-03 15:53:54,738 [INFO] Lectura desde ESP32-S3 por serial
2025-06-03 15:53:58,248 [INFO] Lectura datos climáticos NASA
2025-06-03 15:53:58,251 [INFO] Datos JSON preparados para envío
2025-06-03 15:53:59,304 [INFO] Lectura BMP390
2025-06-03 15:53:59,483 [INFO] Lectura LTR390
2025-06-03 15:53:59,488 [INFO] Lectura desde ESP32-S3 por serial
2025-06-03 15:54:03,056 [INFO] Lectura datos climáticos NASA
2025-06-03 15:54:03,059 [INFO] Datos JSON preparados para envío
2025-06-03 15:54:04,110 [INFO] Lectura BMP390
2025-06-03 15:54:04,289 [INFO] Lectura LTR390
2025-06-03 15:54:04,295 [INFO] Lectura desde ESP32-S3 por serial
2025-06-03 15:54:08,174 [INFO] Lectura datos climáticos NASA
2025-06-03 15:54:08,176 [INFO] Datos JSON preparados para envío
2025-06-03 15:54:09,229 [INFO] Lectura BMP390
2025-06-03 15:54:09,412 [INFO] Lectura LTR390
2025-06-03 15:54:09,416 [INFO] Lectura desde ESP32-S3 por serial
2025-06-03 15:54:12,885 [INFO] Lectura datos climáticos NASA
2025-06-03 15:54:12,888 [INFO] Datos JSON preparados para envío
2025-06-03 15:54:13,940 [INFO] Lectura BMP390
2025-06-03 15:54:14,123 [INFO] Lectura LTR390
2025-06-03 15:54:14,130 [INFO] Lectura desde ESP32-S3 por serial
2025-06-03 15:54:17,895 [INFO] Lectura datos climáticos NASA
2025-06-03 15:54:17,898 [INFO] Datos JSON preparados para envío
2025-06-03 15:54:18,950 [INFO] Lectura BMP390
2025-06-03 15:54:19,130 [INFO] Lectura LTR390
2025-06-03 15:54:19,136 [INFO] Lectura desde ESP32-S3 por serial
2025-06-03 15:54:23,323 [INFO] Lectura datos climáticos NASA
2025-06-03 15:54:23,326 [INFO] Datos JSON preparados para envío
2025-06-03 15:54:24,383 [INFO] Lectura BMP390
2025-06-03 15:54:24,567 [INFO] Lectura LTR390
2025-06-03 15:54:24,569 [INFO] Lectura desde ESP32-S3 por serial
2025-06-03 15:54:28,340 [INFO] Lectura datos climáticos NASA
2025-06-03 15:54:28,343 [INFO] Datos JSON preparados para envío
2025-06-03 15:54:29,395 [INFO] Lectura BMP390
2025-06-03 15:54:29,578 [INFO] Lectura LTR390
2025-06-03 15:54:29,585 [INFO] Lectura desde ESP32-S3 por serial
2025-06-03 15:54:34,064 [INFO] Lectura datos climáticos NASA
2025-06-03 15:54:34,067 [INFO] Datos JSON preparados para envío
2025-06-03 15:54:35,124 [INFO] Lectura BMP390
2025-06-03 15:54:35,304 [INFO] Lectura LTR390
2025-06-03 15:54:35,308 [INFO] Lectura desde ESP32-S3 por serial
2025-06-03 15:54:38,773 [INFO] Lectura datos climáticos NASA
2025-06-03 15:54:38,776 [INFO] Datos JSON preparados para envío
2025-06-03 15:54:39,828 [INFO] Lectura BMP390
2025-06-03 15:54:40,011 [INFO] Lectura LTR390
2025-06-03 15:54:40,017 [INFO] Lectura desde ESP32-S3 por serial
2025-06-03 15:54:43,481 [INFO] Lectura datos climáticos NASA
2025-06-03 15:54:43,484 [INFO] Datos JSON preparados para envío
2025-06-03 15:54:44,535 [INFO] Lectura BMP390
2025-06-03 15:54:44,719 [INFO] Lectura LTR390
2025-06-03 15:54:44,725 [INFO] Lectura desde ESP32-S3 por serial
2025-06-03 15:54:48,289 [INFO] Lectura datos climáticos NASA
2025-06-03 15:54:48,294 [INFO] Datos JSON preparados para envío
2025-06-03 15:54:49,349 [INFO] Lectura BMP390
2025-06-03 15:54:49,532 [INFO] Lectura LTR390
2025-06-03 15:54:49,537 [INFO] Lectura desde ESP32-S3 por serial
2025-06-03 15:54:53,609 [INFO] Lectura datos climáticos NASA
2025-06-03 15:54:53,612 [INFO] Datos JSON preparados para envío
2025-06-03 15:54:54,665 [INFO] Lectura BMP390
2025-06-03 15:54:54,846 [INFO] Lectura LTR390
2025-06-03 15:54:54,852 [INFO] Lectura desde ESP32-S3 por serial
2025-06-03 15:54:58,726 [INFO] Lectura datos climáticos NASA
2025-06-03 15:54:58,729 [INFO] Datos JSON preparados para envío
2025-06-03 15:54:59,782 [INFO] Lectura BMP390
2025-06-03 15:54:59,962 [INFO] Lectura LTR390
2025-06-03 15:54:59,967 [INFO] Lectura desde ESP32-S3 por serial
2025-06-03 15:55:03,229 [INFO] Lectura datos climáticos NASA
2025-06-03 15:55:03,232 [INFO] Datos JSON preparados para envío
2025-06-03 15:55:04,289 [INFO] Lectura BMP390
2025-06-03 15:55:04,469 [INFO] Lectura LTR390
2025-06-03 15:55:04,475 [INFO] Lectura desde ESP32-S3 por serial
2025-06-03 15:55:08,550 [INFO] Lectura datos climáticos NASA
2025-06-03 15:55:08,553 [INFO] Datos JSON preparados para envío
2025-06-03 15:55:09,606 [INFO] Lectura BMP390
2025-06-03 15:55:09,789 [INFO] Lectura LTR390
2025-06-03 15:55:09,795 [INFO] Lectura desde ESP32-S3 por serial
2025-06-03 15:55:13,669 [INFO] Lectura datos climáticos NASA
2025-06-03 15:55:13,672 [INFO] Datos JSON preparados para envío
2025-06-03 15:55:14,724 [INFO] Lectura BMP390
2025-06-03 15:55:14,905 [INFO] Lectura LTR390
2025-06-03 15:55:14,911 [INFO] Lectura desde ESP32-S3 por serial
2025-06-03 15:55:18,580 [INFO] Lectura datos climáticos NASA
2025-06-03 15:55:18,583 [INFO] Datos JSON preparados para envío
2025-06-03 15:55:19,635 [INFO] Lectura BMP390
2025-06-03 15:55:19,815 [INFO] Lectura LTR390
2025-06-03 15:55:19,822 [INFO] Lectura desde ESP32-S3 por serial
2025-06-03 15:55:23,388 [INFO] Lectura datos climáticos NASA
2025-06-03 15:55:23,390 [INFO] Datos JSON preparados para envío
2025-06-03 15:55:24,442 [INFO] Lectura BMP390
2025-06-03 15:55:24,621 [INFO] Lectura LTR390
2025-06-03 15:55:24,627 [INFO] Lectura desde ESP32-S3 por serial
2025-06-03 15:55:28,096 [INFO] Lectura datos climáticos NASA
2025-06-03 15:55:28,100 [INFO] Datos JSON preparados para envío
2025-06-03 15:55:29,149 [INFO] Lectura BMP390
2025-06-03 15:55:29,326 [INFO] Lectura LTR390
2025-06-03 15:55:29,329 [INFO] Lectura desde ESP32-S3 por serial
2025-06-03 15:55:33,213 [INFO] Lectura datos climáticos NASA
2025-06-03 15:55:33,216 [INFO] Datos JSON preparados para envío
2025-06-03 15:55:34,271 [INFO] Lectura BMP390
2025-06-03 15:55:34,453 [INFO] Lectura LTR390
2025-06-03 15:55:34,458 [INFO] Lectura desde ESP32-S3 por serial
2025-06-03 15:55:37,921 [INFO] Lectura datos climáticos NASA
2025-06-03 15:55:37,924 [INFO] Datos JSON preparados para envío
2025-06-03 15:55:38,977 [INFO] Lectura BMP390
2025-06-03 15:55:39,157 [INFO] Lectura LTR390
2025-06-03 15:55:39,163 [INFO] Lectura desde ESP32-S3 por serial
2025-06-03 15:55:42,730 [INFO] Lectura datos climáticos NASA
2025-06-03 15:55:42,733 [INFO] Datos JSON preparados para envío
2025-06-03 15:55:43,784 [INFO] Lectura BMP390
2025-06-03 15:55:43,966 [INFO] Lectura LTR390
2025-06-03 15:55:43,973 [INFO] Lectura desde ESP32-S3 por serial
2025-06-03 15:55:47,540 [INFO] Lectura datos climáticos NASA
2025-06-03 15:55:47,543 [INFO] Datos JSON preparados para envío
2025-06-03 15:55:48,596 [INFO] Lectura BMP390
2025-06-03 15:55:48,780 [INFO] Lectura LTR390
2025-06-03 15:55:48,787 [INFO] Lectura desde ESP32-S3 por serial
2025-06-03 15:55:52,251 [INFO] Lectura datos climáticos NASA
2025-06-03 15:55:52,255 [INFO] Datos JSON preparados para envío
2025-06-03 15:55:53,307 [INFO] Lectura BMP390
2025-06-03 15:55:53,486 [INFO] Lectura LTR390
2025-06-03 15:55:53,494 [INFO] Lectura desde ESP32-S3 por serial
2025-06-03 15:55:57,058 [INFO] Lectura datos climáticos NASA
2025-06-03 15:55:57,061 [INFO] Datos JSON preparados para envío
2025-06-03 15:55:58,113 [INFO] Lectura BMP390
2025-06-03 15:55:58,294 [INFO] Lectura LTR390
2025-06-03 15:55:58,300 [INFO] Lectura desde ESP32-S3 por serial
2025-06-03 15:56:02,071 [INFO] Lectura datos climáticos NASA
2025-06-03 15:56:02,074 [INFO] Datos JSON preparados para envío
2025-06-03 15:56:03,125 [INFO] Lectura BMP390
2025-06-03 15:56:03,305 [INFO] Lectura LTR390
2025-06-03 15:56:03,312 [INFO] Lectura desde ESP32-S3 por serial
2025-06-03 15:56:06,574 [INFO] Lectura datos climáticos NASA
2025-06-03 15:56:06,577 [INFO] Datos JSON preparados para envío
2025-06-03 15:56:07,635 [INFO] Lectura BMP390
2025-06-03 15:56:07,815 [INFO] Lectura LTR390
2025-06-03 15:56:07,821 [INFO] Lectura desde ESP32-S3 por serial
2025-06-03 15:56:11,287 [INFO] Lectura datos climáticos NASA
2025-06-03 15:56:11,290 [INFO] Datos JSON preparados para envío
2025-06-03 15:56:12,345 [INFO] Lectura BMP390
2025-06-03 15:56:12,526 [INFO] Lectura LTR390
2025-06-03 15:56:12,531 [INFO] Lectura desde ESP32-S3 por serial
2025-06-03 15:56:15,888 [INFO] Lectura datos climáticos NASA
2025-06-03 15:56:15,890 [INFO] Datos JSON preparados para envío
2025-06-03 15:56:16,942 [INFO] Lectura BMP390
2025-06-03 15:56:17,127 [INFO] Lectura LTR390
2025-06-03 15:56:17,134 [INFO] Lectura desde ESP32-S3 por serial
2025-06-03 15:56:20,291 [INFO] Lectura datos climáticos NASA
2025-06-03 15:56:20,292 [INFO] Datos JSON preparados para envío
2025-06-03 15:56:21,349 [INFO] Lectura BMP390
2025-06-03 15:56:21,528 [INFO] Lectura LTR390
2025-06-03 15:56:21,535 [INFO] Lectura desde ESP32-S3 por serial
2025-06-03 15:56:25,402 [INFO] Lectura datos climáticos NASA
2025-06-03 15:56:25,404 [INFO] Datos JSON preparados para envío
2025-06-03 15:56:26,457 [INFO] Lectura BMP390
2025-06-03 15:56:26,638 [INFO] Lectura LTR390
2025-06-03 15:56:26,645 [INFO] Lectura desde ESP32-S3 por serial
2025-06-03 15:56:30,625 [INFO] Lectura datos climáticos NASA
2025-06-03 15:56:30,630 [INFO] Datos JSON preparados para envío
2025-06-03 15:56:31,683 [INFO] Lectura BMP390
2025-06-03 15:56:31,863 [INFO] Lectura LTR390
2025-06-03 15:56:31,869 [INFO] Lectura desde ESP32-S3 por serial
2025-06-03 15:56:35,945 [INFO] Lectura datos climáticos NASA
2025-06-03 15:56:35,948 [INFO] Datos JSON preparados para envío
2025-06-03 15:56:37,001 [INFO] Lectura BMP390
2025-06-03 15:56:37,183 [INFO] Lectura LTR390
2025-06-03 15:56:37,189 [INFO] Lectura desde ESP32-S3 por serial
2025-06-03 15:56:40,960 [INFO] Lectura datos climáticos NASA
2025-06-03 15:56:40,963 [INFO] Datos JSON preparados para envío
2025-06-03 15:56:42,016 [INFO] Lectura BMP390
2025-06-03 15:56:42,197 [INFO] Lectura LTR390
2025-06-03 15:56:42,203 [INFO] Lectura desde ESP32-S3 por serial
2025-06-03 15:56:46,280 [INFO] Lectura datos climáticos NASA
2025-06-03 15:56:46,284 [INFO] Datos JSON preparados para envío
2025-06-03 15:56:47,337 [INFO] Lectura BMP390
2025-06-03 15:56:47,516 [INFO] Lectura LTR390
2025-06-03 15:56:47,521 [INFO] Lectura desde ESP32-S3 por serial
2025-06-03 15:56:50,987 [INFO] Lectura datos climáticos NASA
2025-06-03 15:56:50,990 [INFO] Datos JSON preparados para envío
2025-06-03 15:56:52,042 [INFO] Lectura BMP390
2025-06-03 15:56:52,226 [INFO] Lectura LTR390
2025-06-03 15:56:52,233 [INFO] Lectura desde ESP32-S3 por serial
2025-06-03 15:56:56,719 [INFO] Lectura datos climáticos NASA
2025-06-03 15:56:56,722 [INFO] Datos JSON preparados para envío
2025-06-03 15:56:57,781 [INFO] Lectura BMP390
2025-06-03 15:56:57,960 [INFO] Lectura LTR390
2025-06-03 15:56:57,967 [INFO] Lectura desde ESP32-S3 por serial
2025-06-03 15:57:01,533 [INFO] Lectura datos climáticos NASA
2025-06-03 15:57:01,535 [INFO] Datos JSON preparados para envío
2025-06-03 15:57:02,588 [INFO] Lectura BMP390
2025-06-03 15:57:02,769 [INFO] Lectura LTR390
2025-06-03 15:57:02,774 [INFO] Lectura desde ESP32-S3 por serial
2025-06-03 15:57:07,053 [INFO] Lectura datos climáticos NASA
2025-06-03 15:57:07,056 [INFO] Datos JSON preparados para envío
2025-06-03 15:57:08,109 [INFO] Lectura BMP390
2025-06-03 15:57:08,292 [INFO] Lectura LTR390
2025-06-03 15:57:08,298 [INFO] Lectura desde ESP32-S3 por serial
2025-06-03 15:57:11,966 [INFO] Lectura datos climáticos NASA
2025-06-03 15:57:11,969 [INFO] Datos JSON preparados para envío
2025-06-03 15:57:13,023 [INFO] Lectura BMP390
2025-06-03 15:57:13,204 [INFO] Lectura LTR390
2025-06-03 15:57:13,211 [INFO] Lectura desde ESP32-S3 por serial
2025-06-03 15:57:17,053 [INFO] Lectura datos climáticos NASA
2025-06-03 15:57:17,056 [INFO] Datos JSON preparados para envío
2025-06-03 15:57:18,109 [INFO] Lectura BMP390
2025-06-03 15:57:18,289 [INFO] Lectura LTR390
2025-06-03 15:57:18,295 [INFO] Lectura desde ESP32-S3 por serial
2025-06-03 15:57:21,892 [INFO] Lectura datos climáticos NASA
2025-06-03 15:57:21,895 [INFO] Datos JSON preparados para envío
2025-06-03 15:57:22,947 [INFO] Lectura BMP390
2025-06-03 15:57:23,129 [INFO] Lectura LTR390
2025-06-03 15:57:23,136 [INFO] Lectura desde ESP32-S3 por serial
2025-06-03 15:57:26,701 [INFO] Lectura datos climáticos NASA
2025-06-03 15:57:26,704 [INFO] Datos JSON preparados para envío
2025-06-03 15:57:27,756 [INFO] Lectura BMP390
2025-06-03 15:57:27,941 [INFO] Lectura LTR390
2025-06-03 15:57:27,947 [INFO] Lectura desde ESP32-S3 por serial
2025-06-03 15:57:31,921 [INFO] Lectura datos climáticos NASA
2025-06-03 15:57:31,924 [INFO] Datos JSON preparados para envío
2025-06-03 15:57:32,981 [INFO] Lectura BMP390
2025-06-03 15:57:33,161 [INFO] Lectura LTR390
2025-06-03 15:57:33,167 [INFO] Lectura desde ESP32-S3 por serial
2025-06-03 15:57:36,739 [INFO] Lectura datos climáticos NASA
2025-06-03 15:57:36,741 [INFO] Datos JSON preparados para envío
2025-06-03 15:57:37,794 [INFO] Lectura BMP390
2025-06-03 15:57:37,975 [INFO] Lectura LTR390
2025-06-03 15:57:37,982 [INFO] Lectura desde ESP32-S3 por serial
2025-06-03 15:57:41,240 [INFO] Lectura datos climáticos NASA
2025-06-03 15:57:41,243 [INFO] Datos JSON preparados para envío
2025-06-03 15:57:42,297 [INFO] Lectura BMP390
2025-06-03 15:57:42,479 [INFO] Lectura LTR390
2025-06-03 15:57:42,485 [INFO] Lectura desde ESP32-S3 por serial
2025-06-03 15:57:46,295 [INFO] Lectura datos climáticos NASA
2025-06-03 15:57:46,299 [INFO] Datos JSON preparados para envío
2025-06-03 15:57:47,352 [INFO] Lectura BMP390
2025-06-03 15:57:47,530 [INFO] Lectura LTR390
2025-06-03 15:57:47,532 [INFO] Lectura desde ESP32-S3 por serial
2025-06-03 15:57:51,364 [INFO] Lectura datos climáticos NASA
2025-06-03 15:57:51,367 [INFO] Datos JSON preparados para envío
2025-06-03 15:57:52,418 [INFO] Lectura BMP390
2025-06-03 15:57:52,597 [INFO] Lectura LTR390
2025-06-03 15:57:52,603 [INFO] Lectura desde ESP32-S3 por serial
2025-06-03 15:57:56,890 [INFO] Lectura datos climáticos NASA
2025-06-03 15:57:56,892 [INFO] Datos JSON preparados para envío
2025-06-03 15:57:57,949 [INFO] Lectura BMP390
2025-06-03 15:57:58,129 [INFO] Lectura LTR390
2025-06-03 15:57:58,135 [INFO] Lectura desde ESP32-S3 por serial
2025-06-03 15:58:02,006 [INFO] Lectura datos climáticos NASA
2025-06-03 15:58:02,009 [INFO] Datos JSON preparados para envío
2025-06-03 15:58:03,063 [INFO] Lectura BMP390
2025-06-03 15:58:03,247 [INFO] Lectura LTR390
2025-06-03 15:58:03,254 [INFO] Lectura desde ESP32-S3 por serial
2025-06-03 15:58:07,329 [INFO] Lectura datos climáticos NASA
2025-06-03 15:58:07,332 [INFO] Datos JSON preparados para envío
2025-06-03 15:58:08,384 [INFO] Lectura BMP390
2025-06-03 15:58:08,561 [INFO] Lectura LTR390
2025-06-03 15:58:08,564 [INFO] Lectura desde ESP32-S3 por serial
2025-06-03 15:58:13,264 [INFO] Lectura datos climáticos NASA
2025-06-03 15:58:13,267 [INFO] Datos JSON preparados para envío
2025-06-03 15:58:14,320 [INFO] Lectura BMP390
2025-06-03 15:58:14,500 [INFO] Lectura LTR390
2025-06-03 15:58:14,506 [INFO] Lectura desde ESP32-S3 por serial
2025-06-03 15:58:18,224 [INFO] Lectura datos climáticos NASA
2025-06-03 15:58:18,227 [INFO] Datos JSON preparados para envío
2025-06-03 15:58:19,280 [INFO] Lectura BMP390
2025-06-03 15:58:19,458 [INFO] Lectura LTR390
2025-06-03 15:58:19,461 [INFO] Lectura desde ESP32-S3 por serial
2025-06-03 15:58:23,494 [INFO] Lectura datos climáticos NASA
2025-06-03 15:58:23,497 [INFO] Datos JSON preparados para envío
2025-06-03 15:58:24,546 [INFO] Lectura BMP390
2025-06-03 15:58:24,723 [INFO] Lectura LTR390
2025-06-03 15:58:24,726 [INFO] Lectura desde ESP32-S3 por serial
2025-06-03 15:58:28,921 [INFO] Lectura datos climáticos NASA
2025-06-03 15:58:28,924 [INFO] Datos JSON preparados para envío
2025-06-03 15:58:29,977 [INFO] Lectura BMP390
2025-06-03 15:58:30,158 [INFO] Lectura LTR390
2025-06-03 15:58:30,164 [INFO] Lectura desde ESP32-S3 por serial
2025-06-03 15:58:34,958 [INFO] Lectura datos climáticos NASA
2025-06-03 15:58:34,961 [INFO] Datos JSON preparados para envío
2025-06-03 15:58:36,013 [INFO] Lectura BMP390
2025-06-03 15:58:36,193 [INFO] Lectura LTR390
2025-06-03 15:58:36,199 [INFO] Lectura desde ESP32-S3 por serial
2025-06-03 15:58:40,076 [INFO] Lectura datos climáticos NASA
2025-06-03 15:58:40,079 [INFO] Datos JSON preparados para envío
2025-06-03 15:58:41,133 [INFO] Lectura BMP390
2025-06-03 15:58:41,312 [INFO] Lectura LTR390
2025-06-03 15:58:41,318 [INFO] Lectura desde ESP32-S3 por serial
2025-06-03 15:58:44,576 [INFO] Lectura datos climáticos NASA
2025-06-03 15:58:44,579 [INFO] Datos JSON preparados para envío
2025-06-03 15:58:45,632 [INFO] Lectura BMP390
2025-06-03 15:58:45,815 [INFO] Lectura LTR390
2025-06-03 15:58:45,821 [INFO] Lectura desde ESP32-S3 por serial
2025-06-03 15:58:49,701 [INFO] Lectura datos climáticos NASA
2025-06-03 15:58:49,704 [INFO] Datos JSON preparados para envío
2025-06-03 15:58:50,758 [INFO] Lectura BMP390
2025-06-03 15:58:50,938 [INFO] Lectura LTR390
2025-06-03 15:58:50,944 [INFO] Lectura desde ESP32-S3 por serial
2025-06-03 15:58:54,404 [INFO] Lectura datos climáticos NASA
2025-06-03 15:58:54,408 [INFO] Datos JSON preparados para envío
2025-06-03 15:58:55,461 [INFO] Lectura BMP390
2025-06-03 15:58:55,640 [INFO] Lectura LTR390
2025-06-03 15:58:55,646 [INFO] Lectura desde ESP32-S3 por serial
2025-06-03 15:58:59,418 [INFO] Lectura datos climáticos NASA
2025-06-03 15:58:59,421 [INFO] Datos JSON preparados para envío
2025-06-03 15:59:00,474 [INFO] Lectura BMP390
2025-06-03 15:59:00,655 [INFO] Lectura LTR390
2025-06-03 15:59:00,661 [INFO] Lectura desde ESP32-S3 por serial
2025-06-03 15:59:04,431 [INFO] Lectura datos climáticos NASA
2025-06-03 15:59:04,433 [INFO] Datos JSON preparados para envío
2025-06-03 15:59:05,485 [INFO] Lectura BMP390
2025-06-03 15:59:05,665 [INFO] Lectura LTR390
2025-06-03 15:59:05,671 [INFO] Lectura desde ESP32-S3 por serial
2025-06-03 15:59:09,547 [INFO] Lectura datos climáticos NASA
2025-06-03 15:59:09,550 [INFO] Datos JSON preparados para envío
2025-06-03 15:59:10,602 [INFO] Lectura BMP390
2025-06-03 15:59:10,782 [INFO] Lectura LTR390
2025-06-03 15:59:10,788 [INFO] Lectura desde ESP32-S3 por serial
2025-06-03 15:59:14,369 [INFO] Lectura datos climáticos NASA
2025-06-03 15:59:14,371 [INFO] Datos JSON preparados para envío
2025-06-03 15:59:15,423 [INFO] Lectura BMP390
2025-06-03 15:59:15,601 [INFO] Lectura LTR390
2025-06-03 15:59:15,608 [INFO] Lectura desde ESP32-S3 por serial
2025-06-03 15:59:19,483 [INFO] Lectura datos climáticos NASA
2025-06-03 15:59:19,486 [INFO] Datos JSON preparados para envío
2025-06-03 15:59:20,537 [INFO] Lectura BMP390
2025-06-03 15:59:20,719 [INFO] Lectura LTR390
2025-06-03 15:59:20,724 [INFO] Lectura desde ESP32-S3 por serial
2025-06-03 15:59:24,182 [INFO] Lectura datos climáticos NASA
2025-06-03 15:59:24,184 [INFO] Datos JSON preparados para envío
2025-06-03 15:59:25,236 [INFO] Lectura BMP390
2025-06-03 15:59:25,417 [INFO] Lectura LTR390
2025-06-03 15:59:25,423 [INFO] Lectura desde ESP32-S3 por serial
2025-06-03 15:59:28,892 [INFO] Lectura datos climáticos NASA
2025-06-03 15:59:28,896 [INFO] Datos JSON preparados para envío
2025-06-03 15:59:29,947 [INFO] Lectura BMP390
2025-06-03 15:59:30,128 [INFO] Lectura LTR390
2025-06-03 15:59:30,135 [INFO] Lectura desde ESP32-S3 por serial
2025-06-03 15:59:33,595 [INFO] Lectura datos climáticos NASA
2025-06-03 15:59:33,598 [INFO] Datos JSON preparados para envío
2025-06-03 15:59:34,651 [INFO] Lectura BMP390
2025-06-03 15:59:34,835 [INFO] Lectura LTR390
2025-06-03 15:59:34,841 [INFO] Lectura desde ESP32-S3 por serial
2025-06-03 15:59:38,303 [INFO] Lectura datos climáticos NASA
2025-06-03 15:59:38,306 [INFO] Datos JSON preparados para envío
2025-06-03 15:59:39,359 [INFO] Lectura BMP390
2025-06-03 15:59:39,538 [INFO] Lectura LTR390
2025-06-03 15:59:39,545 [INFO] Lectura desde ESP32-S3 por serial
2025-06-03 15:59:42,910 [INFO] Lectura datos climáticos NASA
2025-06-03 15:59:42,913 [INFO] Datos JSON preparados para envío
2025-06-03 15:59:43,966 [INFO] Lectura BMP390
2025-06-03 15:59:44,147 [INFO] Lectura LTR390
2025-06-03 15:59:44,154 [INFO] Lectura desde ESP32-S3 por serial
2025-06-03 15:59:48,642 [INFO] Lectura datos climáticos NASA
2025-06-03 15:59:48,645 [INFO] Datos JSON preparados para envío
2025-06-03 15:59:49,699 [INFO] Lectura BMP390
2025-06-03 15:59:49,880 [INFO] Lectura LTR390
2025-06-03 15:59:49,886 [INFO] Lectura desde ESP32-S3 por serial
2025-06-03 15:59:53,755 [INFO] Lectura datos climáticos NASA
2025-06-03 15:59:53,760 [INFO] Datos JSON preparados para envío
2025-06-03 15:59:54,814 [INFO] Lectura BMP390
2025-06-03 15:59:54,998 [INFO] Lectura LTR390
2025-06-03 15:59:55,005 [INFO] Lectura desde ESP32-S3 por serial
2025-06-03 15:59:58,462 [INFO] Lectura datos climáticos NASA
2025-06-03 15:59:58,464 [INFO] Datos JSON preparados para envío
2025-06-03 15:59:59,518 [INFO] Lectura BMP390
2025-06-03 15:59:59,698 [INFO] Lectura LTR390
2025-06-03 15:59:59,704 [INFO] Lectura desde ESP32-S3 por serial
2025-06-03 16:00:03,476 [INFO] Lectura datos climáticos NASA
2025-06-03 16:00:03,480 [INFO] Datos JSON preparados para envío
2025-06-03 16:00:04,531 [INFO] Lectura BMP390
2025-06-03 16:00:04,712 [INFO] Lectura LTR390
2025-06-03 16:00:04,718 [INFO] Lectura desde ESP32-S3 por serial
2025-06-03 16:00:08,593 [INFO] Lectura datos climáticos NASA
2025-06-03 16:00:08,595 [INFO] Datos JSON preparados para envío
2025-06-03 16:00:09,648 [INFO] Lectura BMP390
2025-06-03 16:00:09,829 [INFO] Lectura LTR390
2025-06-03 16:00:09,835 [INFO] Lectura desde ESP32-S3 por serial
2025-06-03 16:00:13,505 [INFO] Lectura datos climáticos NASA
2025-06-03 16:00:13,508 [INFO] Datos JSON preparados para envío
2025-06-03 16:00:14,559 [INFO] Lectura BMP390
2025-06-03 16:00:14,740 [INFO] Lectura LTR390
2025-06-03 16:00:14,748 [INFO] Lectura desde ESP32-S3 por serial
2025-06-03 16:00:18,526 [INFO] Lectura datos climáticos NASA
2025-06-03 16:00:18,528 [INFO] Datos JSON preparados para envío
2025-06-03 16:00:19,580 [INFO] Lectura BMP390
2025-06-03 16:00:19,760 [INFO] Lectura LTR390
2025-06-03 16:00:19,766 [INFO] Lectura desde ESP32-S3 por serial
2025-06-03 16:00:23,944 [INFO] Lectura datos climáticos NASA
2025-06-03 16:00:23,946 [INFO] Datos JSON preparados para envío
2025-06-03 16:00:24,998 [INFO] Lectura BMP390
2025-06-03 16:00:25,180 [INFO] Lectura LTR390
2025-06-03 16:00:25,185 [INFO] Lectura desde ESP32-S3 por serial
2025-06-03 16:00:30,085 [INFO] Lectura datos climáticos NASA
2025-06-03 16:00:30,088 [INFO] Datos JSON preparados para envío
2025-06-03 16:00:31,147 [INFO] Lectura BMP390
2025-06-03 16:00:31,330 [INFO] Lectura LTR390
2025-06-03 16:00:31,339 [INFO] Lectura desde ESP32-S3 por serial
2025-06-03 16:00:35,099 [INFO] Lectura datos climáticos NASA
2025-06-03 16:00:35,102 [INFO] Datos JSON preparados para envío
2025-06-03 16:00:36,159 [INFO] Lectura BMP390
2025-06-03 16:00:36,344 [INFO] Lectura LTR390
2025-06-03 16:00:36,350 [INFO] Lectura desde ESP32-S3 por serial
2025-06-03 16:00:39,708 [INFO] Lectura datos climáticos NASA
2025-06-03 16:00:39,711 [INFO] Datos JSON preparados para envío
2025-06-03 16:00:40,765 [INFO] Lectura BMP390
2025-06-03 16:00:40,949 [INFO] Lectura LTR390
2025-06-03 16:00:40,955 [INFO] Lectura desde ESP32-S3 por serial
2025-06-03 16:00:44,819 [INFO] Lectura datos climáticos NASA
2025-06-03 16:00:44,830 [INFO] Datos JSON preparados para envío
2025-06-03 16:00:45,884 [INFO] Lectura BMP390
2025-06-03 16:00:46,064 [INFO] Lectura LTR390
2025-06-03 16:00:46,072 [INFO] Lectura desde ESP32-S3 por serial
2025-06-03 16:00:50,447 [INFO] Lectura datos climáticos NASA
2025-06-03 16:00:50,449 [INFO] Datos JSON preparados para envío
2025-06-03 16:00:51,501 [INFO] Lectura BMP390
2025-06-03 16:00:51,685 [INFO] Lectura LTR390
2025-06-03 16:00:51,691 [INFO] Lectura desde ESP32-S3 por serial
2025-06-03 16:00:55,361 [INFO] Lectura datos climáticos NASA
2025-06-03 16:00:55,363 [INFO] Datos JSON preparados para envío
2025-06-03 16:00:56,417 [INFO] Lectura BMP390
2025-06-03 16:00:56,598 [INFO] Lectura LTR390
2025-06-03 16:00:56,604 [INFO] Lectura desde ESP32-S3 por serial
2025-06-03 16:01:00,167 [INFO] Lectura datos climáticos NASA
2025-06-03 16:01:00,168 [INFO] Datos JSON preparados para envío
2025-06-03 16:01:01,225 [INFO] Lectura BMP390
2025-06-03 16:01:01,410 [INFO] Lectura LTR390
2025-06-03 16:01:01,415 [INFO] Lectura desde ESP32-S3 por serial
2025-06-03 16:01:05,402 [INFO] Lectura datos climáticos NASA
2025-06-03 16:01:05,405 [INFO] Datos JSON preparados para envío
2025-06-03 16:01:06,457 [INFO] Lectura BMP390
2025-06-03 16:01:06,639 [INFO] Lectura LTR390
2025-06-03 16:01:06,646 [INFO] Lectura desde ESP32-S3 por serial
2025-06-03 16:01:10,534 [INFO] Lectura datos climáticos NASA
2025-06-03 16:01:10,539 [INFO] Datos JSON preparados para envío
2025-06-03 16:01:11,591 [INFO] Lectura BMP390
2025-06-03 16:01:11,771 [INFO] Lectura LTR390
2025-06-03 16:01:11,777 [INFO] Lectura desde ESP32-S3 por serial
2025-06-03 16:01:16,441 [INFO] Lectura datos climáticos NASA
2025-06-03 16:01:16,443 [INFO] Datos JSON preparados para envío
2025-06-03 16:01:17,496 [INFO] Lectura BMP390
2025-06-03 16:01:17,676 [INFO] Lectura LTR390
2025-06-03 16:01:17,683 [INFO] Lectura desde ESP32-S3 por serial
2025-06-03 16:01:21,147 [INFO] Lectura datos climáticos NASA
2025-06-03 16:01:21,150 [INFO] Datos JSON preparados para envío
2025-06-03 16:01:22,204 [INFO] Lectura BMP390
2025-06-03 16:01:22,388 [INFO] Lectura LTR390
2025-06-03 16:01:22,393 [INFO] Lectura desde ESP32-S3 por serial
2025-06-03 16:01:27,290 [INFO] Lectura datos climáticos NASA
2025-06-03 16:01:27,294 [INFO] Datos JSON preparados para envío
2025-06-03 16:01:28,348 [INFO] Lectura BMP390
2025-06-03 16:01:28,528 [INFO] Lectura LTR390
2025-06-03 16:01:28,533 [INFO] Lectura desde ESP32-S3 por serial
2025-06-03 16:01:32,097 [INFO] Lectura datos climáticos NASA
2025-06-03 16:01:32,098 [INFO] Datos JSON preparados para envío
2025-06-03 16:01:33,151 [INFO] Lectura BMP390
2025-06-03 16:01:33,331 [INFO] Lectura LTR390
2025-06-03 16:01:33,336 [INFO] Lectura desde ESP32-S3 por serial
2025-06-03 16:01:36,911 [INFO] Lectura datos climáticos NASA
2025-06-03 16:01:36,914 [INFO] Datos JSON preparados para envío
2025-06-03 16:01:37,966 [INFO] Lectura BMP390
2025-06-03 16:01:38,148 [INFO] Lectura LTR390
2025-06-03 16:01:38,154 [INFO] Lectura desde ESP32-S3 por serial
2025-06-03 16:01:41,821 [INFO] Lectura datos climáticos NASA
2025-06-03 16:01:41,824 [INFO] Datos JSON preparados para envío
2025-06-03 16:01:42,881 [INFO] Lectura BMP390
2025-06-03 16:01:43,062 [INFO] Lectura LTR390
2025-06-03 16:01:43,069 [INFO] Lectura desde ESP32-S3 por serial
2025-06-03 16:01:48,181 [INFO] Lectura datos climáticos NASA
2025-06-03 16:01:48,184 [INFO] Datos JSON preparados para envío
2025-06-03 16:01:49,236 [INFO] Lectura BMP390
2025-06-03 16:01:49,416 [INFO] Lectura LTR390
2025-06-03 16:01:49,422 [INFO] Lectura desde ESP32-S3 por serial
2025-06-03 16:01:53,181 [INFO] Lectura datos climáticos NASA
2025-06-03 16:01:53,183 [INFO] Datos JSON preparados para envío
2025-06-03 16:01:54,237 [INFO] Lectura BMP390
2025-06-03 16:01:54,418 [INFO] Lectura LTR390
2025-06-03 16:01:54,422 [INFO] Lectura desde ESP32-S3 por serial
2025-06-03 16:01:59,114 [INFO] Lectura datos climáticos NASA
2025-06-03 16:01:59,117 [INFO] Datos JSON preparados para envío
2025-06-03 16:02:00,170 [INFO] Lectura BMP390
2025-06-03 16:02:00,354 [INFO] Lectura LTR390
2025-06-03 16:02:00,359 [INFO] Lectura desde ESP32-S3 por serial
2025-06-03 16:02:04,127 [INFO] Lectura datos climáticos NASA
2025-06-03 16:02:04,129 [INFO] Datos JSON preparados para envío
2025-06-03 16:02:05,182 [INFO] Lectura BMP390
2025-06-03 16:02:05,363 [INFO] Lectura LTR390
2025-06-03 16:02:05,368 [INFO] Lectura desde ESP32-S3 por serial
2025-06-03 16:02:08,923 [INFO] Lectura datos climáticos NASA
2025-06-03 16:02:08,926 [INFO] Datos JSON preparados para envío
2025-06-03 16:02:09,979 [INFO] Lectura BMP390
2025-06-03 16:02:10,159 [INFO] Lectura LTR390
2025-06-03 16:02:10,165 [INFO] Lectura desde ESP32-S3 por serial
2025-06-03 16:02:13,544 [INFO] Lectura datos climáticos NASA
2025-06-03 16:02:13,547 [INFO] Datos JSON preparados para envío
2025-06-03 16:02:14,600 [INFO] Lectura BMP390
2025-06-03 16:02:14,785 [INFO] Lectura LTR390
2025-06-03 16:02:14,792 [INFO] Lectura desde ESP32-S3 por serial
2025-06-03 16:02:18,459 [INFO] Lectura datos climáticos NASA
2025-06-03 16:02:18,461 [INFO] Datos JSON preparados para envío
2025-06-03 16:02:19,514 [INFO] Lectura BMP390
2025-06-03 16:02:19,693 [INFO] Lectura LTR390
2025-06-03 16:02:19,699 [INFO] Lectura desde ESP32-S3 por serial
2025-06-03 16:02:23,269 [INFO] Lectura datos climáticos NASA
2025-06-03 16:02:23,271 [INFO] Datos JSON preparados para envío
2025-06-03 16:02:24,324 [INFO] Lectura BMP390
2025-06-03 16:02:24,502 [INFO] Lectura LTR390
2025-06-03 16:02:24,505 [INFO] Lectura desde ESP32-S3 por serial
2025-06-03 16:02:28,485 [INFO] Lectura datos climáticos NASA
2025-06-03 16:02:28,488 [INFO] Datos JSON preparados para envío
2025-06-03 16:02:29,541 [INFO] Lectura BMP390
2025-06-03 16:02:29,721 [INFO] Lectura LTR390
2025-06-03 16:02:29,728 [INFO] Lectura desde ESP32-S3 por serial
2025-06-03 16:02:33,192 [INFO] Lectura datos climáticos NASA
2025-06-03 16:02:33,195 [INFO] Datos JSON preparados para envío
2025-06-03 16:02:34,248 [INFO] Lectura BMP390
2025-06-03 16:02:34,427 [INFO] Lectura LTR390
2025-06-03 16:02:34,431 [INFO] Lectura desde ESP32-S3 por serial
2025-06-03 16:02:39,639 [INFO] Lectura datos climáticos NASA
2025-06-03 16:02:39,642 [INFO] Datos JSON preparados para envío
2025-06-03 16:02:40,699 [INFO] Lectura BMP390
2025-06-03 16:02:40,878 [INFO] Lectura LTR390
2025-06-03 16:02:40,885 [INFO] Lectura desde ESP32-S3 por serial
2025-06-03 16:02:44,990 [INFO] Lectura datos climáticos NASA
2025-06-03 16:02:44,994 [INFO] Datos JSON preparados para envío
2025-06-03 16:02:46,055 [INFO] Lectura BMP390
2025-06-03 16:02:46,242 [INFO] Lectura LTR390
2025-06-03 16:02:46,248 [INFO] Lectura desde ESP32-S3 por serial
2025-06-03 16:02:50,004 [INFO] Lectura datos climáticos NASA
2025-06-03 16:02:50,011 [INFO] Datos JSON preparados para envío
2025-06-03 16:02:51,067 [INFO] Lectura BMP390
2025-06-03 16:02:51,250 [INFO] Lectura LTR390
2025-06-03 16:02:51,255 [INFO] Lectura desde ESP32-S3 por serial
2025-06-03 16:02:55,296 [INFO] Lectura datos climáticos NASA
2025-06-03 16:02:55,299 [INFO] Datos JSON preparados para envío
2025-06-03 16:02:56,354 [INFO] Lectura BMP390
2025-06-03 16:02:56,532 [INFO] Lectura LTR390
2025-06-03 16:02:56,535 [INFO] Lectura desde ESP32-S3 por serial
2025-06-03 16:02:59,901 [INFO] Lectura datos climáticos NASA
2025-06-03 16:02:59,905 [INFO] Datos JSON preparados para envío
2025-06-03 16:03:00,957 [INFO] Lectura BMP390
2025-06-03 16:03:01,138 [INFO] Lectura LTR390
2025-06-03 16:03:01,144 [INFO] Lectura desde ESP32-S3 por serial
2025-06-03 16:03:05,542 [INFO] Lectura datos climáticos NASA
2025-06-03 16:03:05,545 [INFO] Datos JSON preparados para envío
2025-06-03 16:03:06,598 [INFO] Lectura BMP390
2025-06-03 16:03:06,781 [INFO] Lectura LTR390
2025-06-03 16:03:06,787 [INFO] Lectura desde ESP32-S3 por serial
2025-06-03 16:03:11,261 [INFO] Lectura datos climáticos NASA
2025-06-03 16:03:11,264 [INFO] Datos JSON preparados para envío
2025-06-03 16:03:12,319 [INFO] Lectura BMP390
2025-06-03 16:03:12,499 [INFO] Lectura LTR390
2025-06-03 16:03:12,505 [INFO] Lectura desde ESP32-S3 por serial
2025-06-03 16:03:16,378 [INFO] Lectura datos climáticos NASA
2025-06-03 16:03:16,381 [INFO] Datos JSON preparados para envío
2025-06-03 16:03:17,433 [INFO] Lectura BMP390
2025-06-03 16:03:17,613 [INFO] Lectura LTR390
2025-06-03 16:03:17,620 [INFO] Lectura desde ESP32-S3 por serial
2025-06-03 16:03:22,115 [INFO] Lectura datos climáticos NASA
2025-06-03 16:03:22,118 [INFO] Datos JSON preparados para envío
2025-06-03 16:03:23,172 [INFO] Lectura BMP390
2025-06-03 16:03:23,353 [INFO] Lectura LTR390
2025-06-03 16:03:23,359 [INFO] Lectura desde ESP32-S3 por serial
2025-06-03 16:03:28,257 [INFO] Lectura datos climáticos NASA
2025-06-03 16:03:28,260 [INFO] Datos JSON preparados para envío
2025-06-03 16:03:29,313 [INFO] Lectura BMP390
2025-06-03 16:03:29,495 [INFO] Lectura LTR390
2025-06-03 16:03:29,499 [INFO] Lectura desde ESP32-S3 por serial
2025-06-03 16:03:33,919 [INFO] Lectura datos climáticos NASA
2025-06-03 16:03:33,922 [INFO] Datos JSON preparados para envío
2025-06-03 16:03:34,976 [INFO] Lectura BMP390
2025-06-03 16:03:35,157 [INFO] Lectura LTR390
2025-06-03 16:03:35,163 [INFO] Lectura desde ESP32-S3 por serial
2025-06-03 16:03:38,787 [INFO] Lectura datos climáticos NASA
2025-06-03 16:03:38,790 [INFO] Datos JSON preparados para envío
2025-06-03 16:03:39,840 [INFO] Lectura BMP390
2025-06-03 16:03:40,016 [INFO] Lectura LTR390
2025-06-03 16:03:40,019 [INFO] Lectura desde ESP32-S3 por serial
2025-06-03 16:03:43,806 [INFO] Lectura datos climáticos NASA
2025-06-03 16:03:43,808 [INFO] Datos JSON preparados para envío
2025-06-03 16:03:44,862 [INFO] Lectura BMP390
2025-06-03 16:03:45,046 [INFO] Lectura LTR390
2025-06-03 16:03:45,052 [INFO] Lectura desde ESP32-S3 por serial
2025-06-03 16:03:48,716 [INFO] Lectura datos climáticos NASA
2025-06-03 16:03:48,719 [INFO] Datos JSON preparados para envío
2025-06-03 16:03:49,771 [INFO] Lectura BMP390
2025-06-03 16:03:49,951 [INFO] Lectura LTR390
2025-06-03 16:03:49,957 [INFO] Lectura desde ESP32-S3 por serial
2025-06-03 16:03:53,625 [INFO] Lectura datos climáticos NASA
2025-06-03 16:03:53,628 [INFO] Datos JSON preparados para envío
2025-06-03 16:03:54,678 [INFO] Lectura BMP390
2025-06-03 16:03:54,860 [INFO] Lectura LTR390
2025-06-03 16:03:54,868 [INFO] Lectura desde ESP32-S3 por serial
2025-06-03 16:04:00,073 [INFO] Lectura datos climáticos NASA
2025-06-03 16:04:00,076 [INFO] Datos JSON preparados para envío
2025-06-03 16:04:01,125 [INFO] Lectura BMP390
2025-06-03 16:04:01,303 [INFO] Lectura LTR390
2025-06-03 16:04:01,309 [INFO] Lectura desde ESP32-S3 por serial
2025-06-03 16:04:05,396 [INFO] Lectura datos climáticos NASA
2025-06-03 16:04:05,398 [INFO] Datos JSON preparados para envío
2025-06-03 16:04:06,452 [INFO] Lectura BMP390
2025-06-03 16:04:06,632 [INFO] Lectura LTR390
2025-06-03 16:04:06,639 [INFO] Lectura desde ESP32-S3 por serial
2025-06-03 16:04:10,203 [INFO] Lectura datos climáticos NASA
2025-06-03 16:04:10,206 [INFO] Datos JSON preparados para envío
2025-06-03 16:04:11,258 [INFO] Lectura BMP390
2025-06-03 16:04:11,436 [INFO] Lectura LTR390
2025-06-03 16:04:11,439 [INFO] Lectura desde ESP32-S3 por serial
2025-06-03 16:04:14,912 [INFO] Lectura datos climáticos NASA
2025-06-03 16:04:14,915 [INFO] Datos JSON preparados para envío
2025-06-03 16:04:15,971 [INFO] Lectura BMP390
2025-06-03 16:04:16,151 [INFO] Lectura LTR390
2025-06-03 16:04:16,157 [INFO] Lectura desde ESP32-S3 por serial
2025-06-03 16:04:20,347 [INFO] Lectura datos climáticos NASA
2025-06-03 16:04:20,351 [INFO] Datos JSON preparados para envío
2025-06-03 16:04:21,404 [INFO] Lectura BMP390
2025-06-03 16:04:21,586 [INFO] Lectura LTR390
2025-06-03 16:04:21,592 [INFO] Lectura desde ESP32-S3 por serial
2025-06-03 16:04:25,458 [INFO] Lectura datos climáticos NASA
2025-06-03 16:04:25,461 [INFO] Datos JSON preparados para envío
2025-06-03 16:04:26,512 [INFO] Lectura BMP390
2025-06-03 16:04:26,698 [INFO] Lectura LTR390
2025-06-03 16:04:26,704 [INFO] Lectura desde ESP32-S3 por serial
2025-06-03 16:04:30,877 [INFO] Lectura datos climáticos NASA
2025-06-03 16:04:30,880 [INFO] Datos JSON preparados para envío
2025-06-03 16:04:31,933 [INFO] Lectura BMP390
2025-06-03 16:04:32,114 [INFO] Lectura LTR390
2025-06-03 16:04:32,120 [INFO] Lectura desde ESP32-S3 por serial
2025-06-03 16:04:36,423 [INFO] Lectura datos climáticos NASA
2025-06-03 16:04:36,426 [INFO] Datos JSON preparados para envío
2025-06-03 16:04:37,479 [INFO] Lectura BMP390
2025-06-03 16:04:37,659 [INFO] Lectura LTR390
2025-06-03 16:04:37,666 [INFO] Lectura desde ESP32-S3 por serial
2025-06-03 16:04:41,624 [INFO] Lectura datos climáticos NASA
2025-06-03 16:04:41,631 [INFO] Datos JSON preparados para envío
2025-06-03 16:04:42,685 [INFO] Lectura BMP390
2025-06-03 16:04:42,864 [INFO] Lectura LTR390
2025-06-03 16:04:42,871 [INFO] Lectura desde ESP32-S3 por serial
2025-06-03 16:04:47,455 [INFO] Lectura datos climáticos NASA
2025-06-03 16:04:47,457 [INFO] Datos JSON preparados para envío
2025-06-03 16:04:48,511 [INFO] Lectura BMP390
2025-06-03 16:04:48,691 [INFO] Lectura LTR390
2025-06-03 16:04:48,697 [INFO] Lectura desde ESP32-S3 por serial
2025-06-03 16:04:52,676 [INFO] Lectura datos climáticos NASA
2025-06-03 16:04:52,683 [INFO] Datos JSON preparados para envío
2025-06-03 16:04:53,736 [INFO] Lectura BMP390
2025-06-03 16:04:53,919 [INFO] Lectura LTR390
2025-06-03 16:04:53,925 [INFO] Lectura desde ESP32-S3 por serial
2025-06-03 16:04:57,586 [INFO] Lectura datos climáticos NASA
2025-06-03 16:04:57,589 [INFO] Datos JSON preparados para envío
2025-06-03 16:04:58,642 [INFO] Lectura BMP390
2025-06-03 16:04:58,822 [INFO] Lectura LTR390
2025-06-03 16:04:58,828 [INFO] Lectura desde ESP32-S3 por serial
2025-06-03 16:05:02,368 [INFO] Lectura datos climáticos NASA
2025-06-03 16:05:02,370 [INFO] Datos JSON preparados para envío
2025-06-03 16:05:03,422 [INFO] Lectura BMP390
2025-06-03 16:05:03,601 [INFO] Lectura LTR390
2025-06-03 16:05:03,607 [INFO] Lectura desde ESP32-S3 por serial
2025-06-03 16:05:07,002 [INFO] Lectura datos climáticos NASA
2025-06-03 16:05:07,005 [INFO] Datos JSON preparados para envío
2025-06-03 16:05:08,057 [INFO] Lectura BMP390
2025-06-03 16:05:08,240 [INFO] Lectura LTR390
2025-06-03 16:05:08,246 [INFO] Lectura desde ESP32-S3 por serial
2025-06-03 16:05:12,323 [INFO] Lectura datos climáticos NASA
2025-06-03 16:05:12,326 [INFO] Datos JSON preparados para envío
2025-06-03 16:05:13,379 [INFO] Lectura BMP390
2025-06-03 16:05:13,558 [INFO] Lectura LTR390
2025-06-03 16:05:13,564 [INFO] Lectura desde ESP32-S3 por serial
2025-06-03 16:05:18,061 [INFO] Lectura datos climáticos NASA
2025-06-03 16:05:18,064 [INFO] Datos JSON preparados para envío
2025-06-03 16:05:19,117 [INFO] Lectura BMP390
2025-06-03 16:05:19,298 [INFO] Lectura LTR390
2025-06-03 16:05:19,303 [INFO] Lectura desde ESP32-S3 por serial
2025-06-03 16:05:23,172 [INFO] Lectura datos climáticos NASA
2025-06-03 16:05:23,175 [INFO] Datos JSON preparados para envío
2025-06-03 16:05:24,229 [INFO] Lectura BMP390
2025-06-03 16:05:24,411 [INFO] Lectura LTR390
2025-06-03 16:05:24,416 [INFO] Lectura desde ESP32-S3 por serial
2025-06-03 16:05:28,488 [INFO] Lectura datos climáticos NASA
2025-06-03 16:05:28,491 [INFO] Datos JSON preparados para envío
2025-06-03 16:05:29,545 [INFO] Lectura BMP390
2025-06-03 16:05:29,725 [INFO] Lectura LTR390
2025-06-03 16:05:29,731 [INFO] Lectura desde ESP32-S3 por serial
2025-06-03 16:05:39,442 [INFO] Lectura datos climáticos NASA
2025-06-03 16:05:39,444 [INFO] Datos JSON preparados para envío
2025-06-03 16:05:40,496 [INFO] Lectura BMP390
2025-06-03 16:05:40,676 [INFO] Lectura LTR390
2025-06-03 16:05:40,682 [INFO] Lectura desde ESP32-S3 por serial
2025-06-03 16:05:44,658 [INFO] Lectura datos climáticos NASA
2025-06-03 16:05:44,661 [INFO] Datos JSON preparados para envío
2025-06-03 16:05:45,717 [INFO] Lectura BMP390
2025-06-03 16:05:45,899 [INFO] Lectura LTR390
2025-06-03 16:05:45,905 [INFO] Lectura desde ESP32-S3 por serial
2025-06-03 16:05:49,470 [INFO] Lectura datos climáticos NASA
2025-06-03 16:05:49,472 [INFO] Datos JSON preparados para envío
2025-06-03 16:05:50,524 [INFO] Lectura BMP390
2025-06-03 16:05:50,710 [INFO] Lectura LTR390
2025-06-03 16:05:50,716 [INFO] Lectura desde ESP32-S3 por serial
2025-06-03 16:05:55,006 [INFO] Lectura datos climáticos NASA
2025-06-03 16:05:55,009 [INFO] Datos JSON preparados para envío
2025-06-03 16:05:56,061 [INFO] Lectura BMP390
2025-06-03 16:05:56,241 [INFO] Lectura LTR390
2025-06-03 16:05:56,246 [INFO] Lectura desde ESP32-S3 por serial
2025-06-03 16:06:00,713 [INFO] Lectura datos climáticos NASA
2025-06-03 16:06:00,716 [INFO] Datos JSON preparados para envío
2025-06-03 16:06:01,769 [INFO] Lectura BMP390
2025-06-03 16:06:01,949 [INFO] Lectura LTR390
2025-06-03 16:06:01,956 [INFO] Lectura desde ESP32-S3 por serial
2025-06-03 16:06:06,453 [INFO] Lectura datos climáticos NASA
2025-06-03 16:06:06,456 [INFO] Datos JSON preparados para envío
2025-06-03 16:06:07,508 [INFO] Lectura BMP390
2025-06-03 16:06:07,687 [INFO] Lectura LTR390
2025-06-03 16:06:07,693 [INFO] Lectura desde ESP32-S3 por serial
2025-06-03 16:06:11,271 [INFO] Lectura datos climáticos NASA
2025-06-03 16:06:11,274 [INFO] Datos JSON preparados para envío
2025-06-03 16:06:12,332 [INFO] Lectura BMP390
2025-06-03 16:06:12,511 [INFO] Lectura LTR390
2025-06-03 16:06:12,522 [INFO] Lectura desde ESP32-S3 por serial
2025-06-03 16:06:16,279 [INFO] Lectura datos climáticos NASA
2025-06-03 16:06:16,281 [INFO] Datos JSON preparados para envío
2025-06-03 16:06:17,333 [INFO] Lectura BMP390
2025-06-03 16:06:17,517 [INFO] Lectura LTR390
2025-06-03 16:06:17,523 [INFO] Lectura desde ESP32-S3 por serial
2025-06-03 16:06:23,002 [INFO] Lectura datos climáticos NASA
2025-06-03 16:06:23,006 [INFO] Datos JSON preparados para envío
2025-06-03 16:06:24,059 [INFO] Lectura BMP390
2025-06-03 16:06:24,243 [INFO] Lectura LTR390
2025-06-03 16:06:24,249 [INFO] Lectura desde ESP32-S3 por serial
2025-06-03 16:06:28,046 [INFO] Lectura datos climáticos NASA
2025-06-03 16:06:28,049 [INFO] Datos JSON preparados para envío
2025-06-03 16:06:29,106 [INFO] Lectura BMP390
2025-06-03 16:06:29,289 [INFO] Lectura LTR390
2025-06-03 16:06:29,294 [INFO] Lectura desde ESP32-S3 por serial
2025-06-03 16:06:34,190 [INFO] Lectura datos climáticos NASA
2025-06-03 16:06:34,193 [INFO] Datos JSON preparados para envío
2025-06-03 16:06:35,246 [INFO] Lectura BMP390
2025-06-03 16:06:35,427 [INFO] Lectura LTR390
2025-06-03 16:06:35,431 [INFO] Lectura desde ESP32-S3 por serial
2025-06-03 16:06:39,331 [INFO] Lectura datos climáticos NASA
2025-06-03 16:06:39,340 [INFO] Datos JSON preparados para envío
2025-06-03 16:06:40,396 [INFO] Lectura BMP390
2025-06-03 16:06:40,573 [INFO] Lectura LTR390
2025-06-03 16:06:40,576 [INFO] Lectura desde ESP32-S3 por serial
2025-06-03 16:06:44,629 [INFO] Lectura datos climáticos NASA
2025-06-03 16:06:44,632 [INFO] Datos JSON preparados para envío
2025-06-03 16:06:45,691 [INFO] Lectura BMP390
2025-06-03 16:06:45,872 [INFO] Lectura LTR390
2025-06-03 16:06:45,879 [INFO] Lectura desde ESP32-S3 por serial
2025-06-03 16:06:50,357 [INFO] Lectura datos climáticos NASA
2025-06-03 16:06:50,360 [INFO] Datos JSON preparados para envío
2025-06-03 16:06:51,417 [INFO] Lectura BMP390
2025-06-03 16:06:51,594 [INFO] Lectura LTR390
2025-06-03 16:06:51,597 [INFO] Lectura desde ESP32-S3 por serial
2025-06-03 16:06:55,381 [INFO] Lectura datos climáticos NASA
2025-06-03 16:06:55,384 [INFO] Datos JSON preparados para envío
2025-06-03 16:06:56,436 [INFO] Lectura BMP390
2025-06-03 16:06:56,615 [INFO] Lectura LTR390
2025-06-03 16:06:56,621 [INFO] Lectura desde ESP32-S3 por serial
2025-06-03 16:07:00,602 [INFO] Lectura datos climáticos NASA
2025-06-03 16:07:00,608 [INFO] Datos JSON preparados para envío
2025-06-03 16:07:01,661 [INFO] Lectura BMP390
2025-06-03 16:07:01,841 [INFO] Lectura LTR390
2025-06-03 16:07:01,846 [INFO] Lectura desde ESP32-S3 por serial
2025-06-03 16:07:06,335 [INFO] Lectura datos climáticos NASA
2025-06-03 16:07:06,337 [INFO] Datos JSON preparados para envío
2025-06-03 16:07:07,391 [INFO] Lectura BMP390
2025-06-03 16:07:07,569 [INFO] Lectura LTR390
2025-06-03 16:07:07,574 [INFO] Lectura desde ESP32-S3 por serial
2025-06-03 16:07:12,255 [INFO] Lectura datos climáticos NASA
2025-06-03 16:07:12,258 [INFO] Datos JSON preparados para envío
2025-06-03 16:07:13,312 [INFO] Lectura BMP390
2025-06-03 16:07:13,491 [INFO] Lectura LTR390
2025-06-03 16:07:13,498 [INFO] Lectura desde ESP32-S3 por serial
2025-06-03 16:07:16,963 [INFO] Lectura datos climáticos NASA
2025-06-03 16:07:16,969 [INFO] Datos JSON preparados para envío
2025-06-03 16:07:18,025 [INFO] Lectura BMP390
2025-06-03 16:07:18,205 [INFO] Lectura LTR390
2025-06-03 16:07:18,211 [INFO] Lectura desde ESP32-S3 por serial
2025-06-03 16:07:21,463 [INFO] Lectura datos climáticos NASA
2025-06-03 16:07:21,466 [INFO] Datos JSON preparados para envío
2025-06-03 16:07:22,517 [INFO] Lectura BMP390
2025-06-03 16:07:22,698 [INFO] Lectura LTR390
2025-06-03 16:07:22,704 [INFO] Lectura desde ESP32-S3 por serial
2025-06-03 16:07:25,924 [INFO] Lectura datos climáticos NASA
2025-06-03 16:07:25,927 [INFO] Datos JSON preparados para envío
2025-06-03 16:07:26,980 [INFO] Lectura BMP390
2025-06-03 16:07:27,160 [INFO] Lectura LTR390
2025-06-03 16:07:27,166 [INFO] Lectura desde ESP32-S3 por serial
2025-06-03 16:07:31,292 [INFO] Lectura datos climáticos NASA
2025-06-03 16:07:31,295 [INFO] Datos JSON preparados para envío
2025-06-03 16:07:32,350 [INFO] Lectura BMP390
2025-06-03 16:07:32,532 [INFO] Lectura LTR390
2025-06-03 16:07:32,536 [INFO] Lectura desde ESP32-S3 por serial
2025-06-03 16:07:36,210 [INFO] Lectura datos climáticos NASA
2025-06-03 16:07:36,212 [INFO] Datos JSON preparados para envío
2025-06-03 16:07:37,265 [INFO] Lectura BMP390
2025-06-03 16:07:37,446 [INFO] Lectura LTR390
2025-06-03 16:07:37,451 [INFO] Lectura desde ESP32-S3 por serial
2025-06-03 16:07:42,137 [INFO] Lectura datos climáticos NASA
2025-06-03 16:07:42,140 [INFO] Datos JSON preparados para envío
2025-06-03 16:07:43,193 [INFO] Lectura BMP390
2025-06-03 16:07:43,373 [INFO] Lectura LTR390
2025-06-03 16:07:43,377 [INFO] Lectura desde ESP32-S3 por serial
2025-06-03 16:07:47,255 [INFO] Lectura datos climáticos NASA
2025-06-03 16:07:47,258 [INFO] Datos JSON preparados para envío
2025-06-03 16:07:48,312 [INFO] Lectura BMP390
2025-06-03 16:07:48,491 [INFO] Lectura LTR390
2025-06-03 16:07:48,496 [INFO] Lectura desde ESP32-S3 por serial
2025-06-03 16:07:52,165 [INFO] Lectura datos climáticos NASA
2025-06-03 16:07:52,168 [INFO] Datos JSON preparados para envío
2025-06-03 16:07:53,222 [INFO] Lectura BMP390
2025-06-03 16:07:53,403 [INFO] Lectura LTR390
2025-06-03 16:07:53,408 [INFO] Lectura desde ESP32-S3 por serial
2025-06-03 16:07:57,080 [INFO] Lectura datos climáticos NASA
2025-06-03 16:07:57,083 [INFO] Datos JSON preparados para envío
2025-06-03 16:07:58,136 [INFO] Lectura BMP390
2025-06-03 16:07:58,317 [INFO] Lectura LTR390
2025-06-03 16:07:58,325 [INFO] Lectura desde ESP32-S3 por serial
2025-06-03 16:08:02,295 [INFO] Lectura datos climáticos NASA
2025-06-03 16:08:02,298 [INFO] Datos JSON preparados para envío
2025-06-03 16:08:03,352 [INFO] Lectura BMP390
2025-06-03 16:08:03,530 [INFO] Lectura LTR390
2025-06-03 16:08:03,536 [INFO] Lectura desde ESP32-S3 por serial
2025-06-03 16:08:08,335 [INFO] Lectura datos climáticos NASA
2025-06-03 16:08:08,337 [INFO] Datos JSON preparados para envío
2025-06-03 16:08:09,392 [INFO] Lectura BMP390
2025-06-03 16:08:09,573 [INFO] Lectura LTR390
2025-06-03 16:08:09,579 [INFO] Lectura desde ESP32-S3 por serial
2025-06-03 16:08:14,583 [INFO] Lectura datos climáticos NASA
2025-06-03 16:08:14,586 [INFO] Datos JSON preparados para envío
2025-06-03 16:08:15,639 [INFO] Lectura BMP390
2025-06-03 16:08:15,820 [INFO] Lectura LTR390
2025-06-03 16:08:15,826 [INFO] Lectura desde ESP32-S3 por serial
2025-06-03 16:08:21,540 [INFO] Lectura datos climáticos NASA
2025-06-03 16:08:21,543 [INFO] Datos JSON preparados para envío
2025-06-03 16:08:22,597 [INFO] Lectura BMP390
2025-06-03 16:08:22,777 [INFO] Lectura LTR390
2025-06-03 16:08:22,784 [INFO] Lectura desde ESP32-S3 por serial
2025-06-03 16:08:26,448 [INFO] Lectura datos climáticos NASA
2025-06-03 16:08:26,451 [INFO] Datos JSON preparados para envío
2025-06-03 16:08:27,501 [INFO] Lectura BMP390
2025-06-03 16:08:27,677 [INFO] Lectura LTR390
2025-06-03 16:08:27,680 [INFO] Lectura desde ESP32-S3 por serial
2025-06-03 16:08:31,266 [INFO] Lectura datos climáticos NASA
2025-06-03 16:08:31,271 [INFO] Datos JSON preparados para envío
2025-06-03 16:08:32,328 [INFO] Lectura BMP390
2025-06-03 16:08:32,507 [INFO] Lectura LTR390
2025-06-03 16:08:32,517 [INFO] Lectura desde ESP32-S3 por serial
2025-06-03 16:08:37,090 [INFO] Lectura datos climáticos NASA
2025-06-03 16:08:37,093 [INFO] Datos JSON preparados para envío
2025-06-03 16:08:38,146 [INFO] Lectura BMP390
2025-06-03 16:08:38,326 [INFO] Lectura LTR390
2025-06-03 16:08:38,333 [INFO] Lectura desde ESP32-S3 por serial
2025-06-03 16:08:41,899 [INFO] Lectura datos climáticos NASA
2025-06-03 16:08:41,902 [INFO] Datos JSON preparados para envío
2025-06-03 16:08:42,957 [INFO] Lectura BMP390
2025-06-03 16:08:43,139 [INFO] Lectura LTR390
2025-06-03 16:08:43,146 [INFO] Lectura desde ESP32-S3 por serial
2025-06-03 16:08:48,140 [INFO] Lectura datos climáticos NASA
2025-06-03 16:08:48,143 [INFO] Datos JSON preparados para envío
2025-06-03 16:08:49,197 [INFO] Lectura BMP390
2025-06-03 16:08:49,379 [INFO] Lectura LTR390
2025-06-03 16:08:49,384 [INFO] Lectura desde ESP32-S3 por serial
2025-06-03 16:08:53,315 [INFO] Lectura datos climáticos NASA
2025-06-03 16:08:53,317 [INFO] Datos JSON preparados para envío
2025-06-03 16:08:54,372 [INFO] Lectura BMP390
2025-06-03 16:08:54,551 [INFO] Lectura LTR390
2025-06-03 16:08:54,556 [INFO] Lectura desde ESP32-S3 por serial
2025-06-03 16:08:58,688 [INFO] Lectura datos climáticos NASA
2025-06-03 16:08:58,692 [INFO] Datos JSON preparados para envío
2025-06-03 16:08:59,742 [INFO] Lectura BMP390
2025-06-03 16:08:59,918 [INFO] Lectura LTR390
2025-06-03 16:08:59,922 [INFO] Lectura desde ESP32-S3 por serial
2025-06-03 16:09:04,548 [INFO] Lectura datos climáticos NASA
2025-06-03 16:09:04,559 [INFO] Datos JSON preparados para envío
2025-06-03 16:09:05,611 [INFO] Lectura BMP390
2025-06-03 16:09:05,795 [INFO] Lectura LTR390
2025-06-03 16:09:05,802 [INFO] Lectura desde ESP32-S3 por serial
2025-06-03 16:09:10,666 [INFO] Lectura datos climáticos NASA
2025-06-03 16:09:10,669 [INFO] Datos JSON preparados para envío
2025-06-03 16:09:11,721 [INFO] Lectura BMP390
2025-06-03 16:09:11,907 [INFO] Lectura LTR390
2025-06-03 16:09:11,912 [INFO] Lectura desde ESP32-S3 por serial
2025-06-03 16:09:16,283 [INFO] Lectura datos climáticos NASA
2025-06-03 16:09:16,286 [INFO] Datos JSON preparados para envío
2025-06-03 16:09:17,338 [INFO] Lectura BMP390
2025-06-03 16:09:17,517 [INFO] Lectura LTR390
2025-06-03 16:09:17,522 [INFO] Lectura desde ESP32-S3 por serial
2025-06-03 16:09:27,231 [INFO] Lectura datos climáticos NASA
2025-06-03 16:09:27,234 [INFO] Datos JSON preparados para envío
2025-06-03 16:09:28,285 [INFO] Lectura BMP390
2025-06-03 16:09:28,464 [INFO] Lectura LTR390
2025-06-03 16:09:28,472 [INFO] Lectura desde ESP32-S3 por serial
2025-06-03 16:09:31,837 [INFO] Lectura datos climáticos NASA
2025-06-03 16:09:31,838 [INFO] Datos JSON preparados para envío
2025-06-03 16:09:32,890 [INFO] Lectura BMP390
2025-06-03 16:09:33,071 [INFO] Lectura LTR390
2025-06-03 16:09:33,076 [INFO] Lectura desde ESP32-S3 por serial
2025-06-03 16:09:37,877 [INFO] Lectura datos climáticos NASA
2025-06-03 16:09:37,881 [INFO] Datos JSON preparados para envío
2025-06-03 16:09:38,933 [INFO] Lectura BMP390
2025-06-03 16:09:39,113 [INFO] Lectura LTR390
2025-06-03 16:09:39,122 [INFO] Lectura desde ESP32-S3 por serial
2025-06-03 16:09:42,994 [INFO] Lectura datos climáticos NASA
2025-06-03 16:09:43,001 [INFO] Datos JSON preparados para envío
2025-06-03 16:09:44,056 [INFO] Lectura BMP390
2025-06-03 16:09:44,239 [INFO] Lectura LTR390
2025-06-03 16:09:44,245 [INFO] Lectura desde ESP32-S3 por serial
2025-06-03 16:09:47,702 [INFO] Lectura datos climáticos NASA
2025-06-03 16:09:47,705 [INFO] Datos JSON preparados para envío
2025-06-03 16:09:48,759 [INFO] Lectura BMP390
2025-06-03 16:09:48,939 [INFO] Lectura LTR390
2025-06-03 16:09:48,945 [INFO] Lectura desde ESP32-S3 por serial
2025-06-03 16:09:53,752 [INFO] Lectura datos climáticos NASA
2025-06-03 16:09:53,755 [INFO] Datos JSON preparados para envío
2025-06-03 16:09:54,806 [INFO] Lectura BMP390
2025-06-03 16:09:54,990 [INFO] Lectura LTR390
2025-06-03 16:09:54,998 [INFO] Lectura desde ESP32-S3 por serial
2025-06-03 16:10:04,072 [INFO] Lectura datos climáticos NASA
2025-06-03 16:10:04,074 [INFO] Datos JSON preparados para envío
2025-06-03 16:10:05,126 [INFO] Lectura BMP390
2025-06-03 16:10:05,306 [INFO] Lectura LTR390
2025-06-03 16:10:05,311 [INFO] Lectura desde ESP32-S3 por serial
2025-06-03 16:10:09,088 [INFO] Lectura datos climáticos NASA
2025-06-03 16:10:09,091 [INFO] Datos JSON preparados para envío
2025-06-03 16:10:10,146 [INFO] Lectura BMP390
2025-06-03 16:10:10,326 [INFO] Lectura LTR390
2025-06-03 16:10:10,331 [INFO] Lectura desde ESP32-S3 por serial
2025-06-03 16:10:14,554 [INFO] Lectura datos climáticos NASA
2025-06-03 16:10:14,557 [INFO] Datos JSON preparados para envío
2025-06-03 16:10:15,611 [INFO] Lectura BMP390
2025-06-03 16:10:15,790 [INFO] Lectura LTR390
2025-06-03 16:10:15,796 [INFO] Lectura desde ESP32-S3 por serial
2025-06-03 16:10:19,223 [INFO] Lectura datos climáticos NASA
2025-06-03 16:10:19,225 [INFO] Datos JSON preparados para envío
2025-06-03 16:10:20,276 [INFO] Lectura BMP390
2025-06-03 16:10:20,456 [INFO] Lectura LTR390
2025-06-03 16:10:20,461 [INFO] Lectura desde ESP32-S3 por serial
2025-06-03 16:10:25,154 [INFO] Lectura datos climáticos NASA
2025-06-03 16:10:25,155 [INFO] Datos JSON preparados para envío
2025-06-03 16:10:26,207 [INFO] Lectura BMP390
2025-06-03 16:10:26,387 [INFO] Lectura LTR390
2025-06-03 16:10:26,391 [INFO] Lectura desde ESP32-S3 por serial
2025-06-03 16:10:30,168 [INFO] Lectura datos climáticos NASA
2025-06-03 16:10:30,171 [INFO] Datos JSON preparados para envío
2025-06-03 16:10:31,224 [INFO] Lectura BMP390
2025-06-03 16:10:31,404 [INFO] Lectura LTR390
2025-06-03 16:10:31,411 [INFO] Lectura desde ESP32-S3 por serial
2025-06-03 16:10:36,205 [INFO] Lectura datos climáticos NASA
2025-06-03 16:10:36,211 [INFO] Datos JSON preparados para envío
2025-06-03 16:10:37,264 [INFO] Lectura BMP390
2025-06-03 16:10:37,443 [INFO] Lectura LTR390
2025-06-03 16:10:37,448 [INFO] Lectura desde ESP32-S3 por serial
2025-06-03 16:10:41,328 [INFO] Lectura datos climáticos NASA
2025-06-03 16:10:41,331 [INFO] Datos JSON preparados para envío
2025-06-03 16:10:42,384 [INFO] Lectura BMP390
2025-06-03 16:10:42,563 [INFO] Lectura LTR390
2025-06-03 16:10:42,569 [INFO] Lectura desde ESP32-S3 por serial
2025-06-03 16:10:46,850 [INFO] Lectura datos climáticos NASA
2025-06-03 16:10:46,854 [INFO] Datos JSON preparados para envío
2025-06-03 16:10:47,906 [INFO] Lectura BMP390
2025-06-03 16:10:48,087 [INFO] Lectura LTR390
2025-06-03 16:10:48,094 [INFO] Lectura desde ESP32-S3 por serial
2025-06-03 16:10:52,682 [INFO] Lectura datos climáticos NASA
2025-06-03 16:10:52,686 [INFO] Datos JSON preparados para envío
2025-06-03 16:10:53,739 [INFO] Lectura BMP390
2025-06-03 16:10:53,921 [INFO] Lectura LTR390
2025-06-03 16:10:53,928 [INFO] Lectura desde ESP32-S3 por serial
2025-06-03 16:10:57,900 [INFO] Lectura datos climáticos NASA
2025-06-03 16:10:57,903 [INFO] Datos JSON preparados para envío
2025-06-03 16:10:58,956 [INFO] Lectura BMP390
2025-06-03 16:10:59,136 [INFO] Lectura LTR390
2025-06-03 16:10:59,142 [INFO] Lectura desde ESP32-S3 por serial
2025-06-03 16:11:02,511 [INFO] Lectura datos climáticos NASA
2025-06-03 16:11:02,513 [INFO] Datos JSON preparados para envío
2025-06-03 16:11:03,564 [INFO] Lectura BMP390
2025-06-03 16:11:03,743 [INFO] Lectura LTR390
2025-06-03 16:11:03,750 [INFO] Lectura desde ESP32-S3 por serial
2025-06-03 16:11:08,850 [INFO] Lectura datos climáticos NASA
2025-06-03 16:11:08,853 [INFO] Datos JSON preparados para envío
2025-06-03 16:11:09,905 [INFO] Lectura BMP390
2025-06-03 16:11:10,087 [INFO] Lectura LTR390
2025-06-03 16:11:10,093 [INFO] Lectura desde ESP32-S3 por serial
2025-06-03 16:11:15,401 [INFO] Lectura datos climáticos NASA
2025-06-03 16:11:15,404 [INFO] Datos JSON preparados para envío
2025-06-03 16:11:16,458 [INFO] Lectura BMP390
2025-06-03 16:11:16,637 [INFO] Lectura LTR390
2025-06-03 16:11:16,643 [INFO] Lectura desde ESP32-S3 por serial
2025-06-03 16:11:21,029 [INFO] Lectura datos climáticos NASA
2025-06-03 16:11:21,032 [INFO] Datos JSON preparados para envío
2025-06-03 16:11:22,085 [INFO] Lectura BMP390
2025-06-03 16:11:22,266 [INFO] Lectura LTR390
2025-06-03 16:11:22,272 [INFO] Lectura desde ESP32-S3 por serial
2025-06-03 16:11:26,760 [INFO] Lectura datos climáticos NASA
2025-06-03 16:11:26,763 [INFO] Datos JSON preparados para envío
2025-06-03 16:11:27,817 [INFO] Lectura BMP390
2025-06-03 16:11:27,997 [INFO] Lectura LTR390
2025-06-03 16:11:28,004 [INFO] Lectura desde ESP32-S3 por serial
2025-06-03 16:11:32,593 [INFO] Lectura datos climáticos NASA
2025-06-03 16:11:32,600 [INFO] Datos JSON preparados para envío
2025-06-03 16:11:33,657 [INFO] Lectura BMP390
2025-06-03 16:11:33,842 [INFO] Lectura LTR390
2025-06-03 16:11:33,848 [INFO] Lectura desde ESP32-S3 por serial
2025-06-03 16:11:38,221 [INFO] Lectura datos climáticos NASA
2025-06-03 16:11:38,224 [INFO] Datos JSON preparados para envío
2025-06-03 16:11:39,277 [INFO] Lectura BMP390
2025-06-03 16:11:39,455 [INFO] Lectura LTR390
2025-06-03 16:11:39,459 [INFO] Lectura desde ESP32-S3 por serial
2025-06-03 16:11:48,739 [INFO] Lectura datos climáticos NASA
2025-06-03 16:11:48,742 [INFO] Datos JSON preparados para envío
2025-06-03 16:11:49,799 [INFO] Lectura BMP390
2025-06-03 16:11:49,978 [INFO] Lectura LTR390
2025-06-03 16:11:49,985 [INFO] Lectura desde ESP32-S3 por serial
2025-06-03 16:11:54,393 [INFO] Lectura datos climáticos NASA
2025-06-03 16:11:54,396 [INFO] Datos JSON preparados para envío
2025-06-03 16:11:55,449 [INFO] Lectura BMP390
2025-06-03 16:11:55,633 [INFO] Lectura LTR390
2025-06-03 16:11:55,641 [INFO] Lectura desde ESP32-S3 por serial
2025-06-03 16:11:58,892 [INFO] Lectura datos climáticos NASA
2025-06-03 16:11:58,895 [INFO] Datos JSON preparados para envío
2025-06-03 16:11:59,947 [INFO] Lectura BMP390
2025-06-03 16:12:00,127 [INFO] Lectura LTR390
2025-06-03 16:12:00,134 [INFO] Lectura desde ESP32-S3 por serial
2025-06-03 16:12:04,520 [INFO] Lectura datos climáticos NASA
2025-06-03 16:12:04,522 [INFO] Datos JSON preparados para envío
2025-06-03 16:12:05,574 [INFO] Lectura BMP390
2025-06-03 16:12:05,753 [INFO] Lectura LTR390
2025-06-03 16:12:05,759 [INFO] Lectura desde ESP32-S3 por serial
2025-06-03 16:12:09,543 [INFO] Lectura datos climáticos NASA
2025-06-03 16:12:09,546 [INFO] Datos JSON preparados para envío
2025-06-03 16:12:10,598 [INFO] Lectura BMP390
2025-06-03 16:12:10,781 [INFO] Lectura LTR390
2025-06-03 16:12:10,787 [INFO] Lectura desde ESP32-S3 por serial
2025-06-03 16:12:14,452 [INFO] Lectura datos climáticos NASA
2025-06-03 16:12:14,454 [INFO] Datos JSON preparados para envío
2025-06-03 16:12:15,508 [INFO] Lectura BMP390
2025-06-03 16:12:15,689 [INFO] Lectura LTR390
2025-06-03 16:12:15,695 [INFO] Lectura desde ESP32-S3 por serial
2025-06-03 16:12:18,951 [INFO] Lectura datos climáticos NASA
2025-06-03 16:12:18,954 [INFO] Datos JSON preparados para envío
2025-06-03 16:12:20,006 [INFO] Lectura BMP390
2025-06-03 16:12:20,186 [INFO] Lectura LTR390
2025-06-03 16:12:20,192 [INFO] Lectura desde ESP32-S3 por serial
2025-06-03 16:12:28,773 [INFO] Lectura datos climáticos NASA
2025-06-03 16:12:28,776 [INFO] Datos JSON preparados para envío
2025-06-03 16:12:29,829 [INFO] Lectura BMP390
2025-06-03 16:12:30,009 [INFO] Lectura LTR390
2025-06-03 16:12:30,015 [INFO] Lectura desde ESP32-S3 por serial
2025-06-03 16:12:33,271 [INFO] Lectura datos climáticos NASA
2025-06-03 16:12:33,273 [INFO] Datos JSON preparados para envío
2025-06-03 16:12:34,326 [INFO] Lectura BMP390
2025-06-03 16:12:34,512 [INFO] Lectura LTR390
2025-06-03 16:12:34,517 [INFO] Lectura desde ESP32-S3 por serial
2025-06-03 16:12:39,108 [INFO] Lectura datos climáticos NASA
2025-06-03 16:12:39,111 [INFO] Datos JSON preparados para envío
2025-06-03 16:12:40,166 [INFO] Lectura BMP390
2025-06-03 16:12:40,345 [INFO] Lectura LTR390
2025-06-03 16:12:40,351 [INFO] Lectura desde ESP32-S3 por serial
2025-06-03 16:12:44,438 [INFO] Lectura datos climáticos NASA
2025-06-03 16:12:44,440 [INFO] Datos JSON preparados para envío
2025-06-03 16:12:45,491 [INFO] Lectura BMP390
2025-06-03 16:12:45,671 [INFO] Lectura LTR390
2025-06-03 16:12:45,677 [INFO] Lectura desde ESP32-S3 por serial
2025-06-03 16:12:49,545 [INFO] Lectura datos climáticos NASA
2025-06-03 16:12:49,549 [INFO] Datos JSON preparados para envío
2025-06-03 16:12:50,602 [INFO] Lectura BMP390
2025-06-03 16:12:50,782 [INFO] Lectura LTR390
2025-06-03 16:12:50,788 [INFO] Lectura desde ESP32-S3 por serial
2025-06-03 16:12:55,584 [INFO] Lectura datos climáticos NASA
2025-06-03 16:12:55,587 [INFO] Datos JSON preparados para envío
2025-06-03 16:12:56,639 [INFO] Lectura BMP390
2025-06-03 16:12:56,819 [INFO] Lectura LTR390
2025-06-03 16:12:56,825 [INFO] Lectura desde ESP32-S3 por serial
2025-06-03 16:13:00,873 [INFO] Lectura datos climáticos NASA
2025-06-03 16:13:00,876 [INFO] Datos JSON preparados para envío
2025-06-03 16:13:01,930 [INFO] Lectura BMP390
2025-06-03 16:13:02,113 [INFO] Lectura LTR390
2025-06-03 16:13:02,119 [INFO] Lectura desde ESP32-S3 por serial
2025-06-03 16:13:05,311 [INFO] Lectura datos climáticos NASA
2025-06-03 16:13:05,314 [INFO] Datos JSON preparados para envío
2025-06-03 16:13:06,367 [INFO] Lectura BMP390
2025-06-03 16:13:06,548 [INFO] Lectura LTR390
2025-06-03 16:13:06,553 [INFO] Lectura desde ESP32-S3 por serial
2025-06-03 16:13:10,934 [INFO] Lectura datos climáticos NASA
2025-06-03 16:13:10,937 [INFO] Datos JSON preparados para envío
2025-06-03 16:13:11,989 [INFO] Lectura BMP390
2025-06-03 16:13:12,169 [INFO] Lectura LTR390
2025-06-03 16:13:12,174 [INFO] Lectura desde ESP32-S3 por serial
2025-06-03 16:13:16,293 [INFO] Lectura datos climáticos NASA
2025-06-03 16:13:16,296 [INFO] Datos JSON preparados para envío
2025-06-03 16:13:17,350 [INFO] Lectura BMP390
2025-06-03 16:13:17,531 [INFO] Lectura LTR390
2025-06-03 16:13:17,536 [INFO] Lectura desde ESP32-S3 por serial
2025-06-03 16:13:27,102 [INFO] Lectura datos climáticos NASA
2025-06-03 16:13:27,105 [INFO] Datos JSON preparados para envío
2025-06-03 16:13:28,159 [INFO] Lectura BMP390
2025-06-03 16:13:28,349 [INFO] Lectura LTR390
2025-06-03 16:13:28,354 [INFO] Lectura desde ESP32-S3 por serial
2025-06-03 16:13:32,936 [INFO] Lectura datos climáticos NASA
2025-06-03 16:13:32,939 [INFO] Datos JSON preparados para envío
2025-06-03 16:13:33,993 [INFO] Lectura BMP390
2025-06-03 16:13:34,174 [INFO] Lectura LTR390
2025-06-03 16:13:34,181 [INFO] Lectura desde ESP32-S3 por serial
2025-06-03 16:13:38,565 [INFO] Lectura datos climáticos NASA
2025-06-03 16:13:38,567 [INFO] Datos JSON preparados para envío
2025-06-03 16:13:39,623 [INFO] Lectura BMP390
2025-06-03 16:13:39,805 [INFO] Lectura LTR390
2025-06-03 16:13:39,812 [INFO] Lectura desde ESP32-S3 por serial
2025-06-03 16:13:43,583 [INFO] Lectura datos climáticos NASA
2025-06-03 16:13:43,588 [INFO] Datos JSON preparados para envío
2025-06-03 16:13:44,641 [INFO] Lectura BMP390
2025-06-03 16:13:44,820 [INFO] Lectura LTR390
2025-06-03 16:13:44,826 [INFO] Lectura desde ESP32-S3 por serial
2025-06-03 16:13:50,538 [INFO] Lectura datos climáticos NASA
2025-06-03 16:13:50,540 [INFO] Datos JSON preparados para envío
2025-06-03 16:13:51,593 [INFO] Lectura BMP390
2025-06-03 16:13:51,774 [INFO] Lectura LTR390
2025-06-03 16:13:51,780 [INFO] Lectura desde ESP32-S3 por serial
2025-06-03 16:13:56,167 [INFO] Lectura datos climáticos NASA
2025-06-03 16:13:56,170 [INFO] Datos JSON preparados para envío
2025-06-03 16:13:57,223 [INFO] Lectura BMP390
2025-06-03 16:13:57,403 [INFO] Lectura LTR390
2025-06-03 16:13:57,408 [INFO] Lectura desde ESP32-S3 por serial
2025-06-03 16:14:01,387 [INFO] Lectura datos climáticos NASA
2025-06-03 16:14:01,389 [INFO] Datos JSON preparados para envío
2025-06-03 16:14:02,441 [INFO] Lectura BMP390
2025-06-03 16:14:02,620 [INFO] Lectura LTR390
2025-06-03 16:14:02,626 [INFO] Lectura desde ESP32-S3 por serial
2025-06-03 16:14:06,402 [INFO] Lectura datos climáticos NASA
2025-06-03 16:14:06,405 [INFO] Datos JSON preparados para envío
2025-06-03 16:14:07,459 [INFO] Lectura BMP390
2025-06-03 16:14:07,638 [INFO] Lectura LTR390
2025-06-03 16:14:07,644 [INFO] Lectura desde ESP32-S3 por serial
2025-06-03 16:14:12,964 [INFO] Lectura datos climáticos NASA
2025-06-03 16:14:12,967 [INFO] Datos JSON preparados para envío
2025-06-03 16:14:14,020 [INFO] Lectura BMP390
2025-06-03 16:14:14,200 [INFO] Lectura LTR390
2025-06-03 16:14:14,206 [INFO] Lectura desde ESP32-S3 por serial
2025-06-03 16:14:17,556 [INFO] Lectura datos climáticos NASA
2025-06-03 16:14:17,559 [INFO] Datos JSON preparados para envío
2025-06-03 16:14:18,612 [INFO] Lectura BMP390
2025-06-03 16:14:18,793 [INFO] Lectura LTR390
2025-06-03 16:14:18,799 [INFO] Lectura desde ESP32-S3 por serial
2025-06-03 16:14:22,567 [INFO] Lectura datos climáticos NASA
2025-06-03 16:14:22,574 [INFO] Datos JSON preparados para envío
2025-06-03 16:14:23,629 [INFO] Lectura BMP390
2025-06-03 16:14:23,809 [INFO] Lectura LTR390
2025-06-03 16:14:23,815 [INFO] Lectura desde ESP32-S3 por serial
2025-06-03 16:14:33,111 [INFO] Lectura datos climáticos NASA
2025-06-03 16:14:33,114 [INFO] Datos JSON preparados para envío
2025-06-03 16:14:34,168 [INFO] Lectura BMP390
2025-06-03 16:14:34,350 [INFO] Lectura LTR390
2025-06-03 16:14:34,356 [INFO] Lectura desde ESP32-S3 por serial
2025-06-03 16:14:43,705 [INFO] Lectura datos climáticos NASA
2025-06-03 16:14:43,707 [INFO] Datos JSON preparados para envío
2025-06-03 16:14:44,761 [INFO] Lectura BMP390
2025-06-03 16:14:44,944 [INFO] Lectura LTR390
2025-06-03 16:14:44,950 [INFO] Lectura desde ESP32-S3 por serial
2025-06-03 16:14:48,662 [INFO] Lectura datos climáticos NASA
2025-06-03 16:14:48,670 [INFO] Datos JSON preparados para envío
2025-06-03 16:14:49,724 [INFO] Lectura BMP390
2025-06-03 16:14:49,909 [INFO] Lectura LTR390
2025-06-03 16:14:49,914 [INFO] Lectura desde ESP32-S3 por serial
2025-06-03 16:14:53,079 [INFO] Lectura datos climáticos NASA
2025-06-03 16:14:53,084 [INFO] Datos JSON preparados para envío
2025-06-03 16:14:54,140 [INFO] Lectura BMP390
2025-06-03 16:14:54,325 [INFO] Lectura LTR390
2025-06-03 16:14:54,330 [INFO] Lectura desde ESP32-S3 por serial
2025-06-03 16:14:58,484 [INFO] Lectura datos climáticos NASA
2025-06-03 16:14:58,486 [INFO] Datos JSON preparados para envío
2025-06-03 16:14:59,538 [INFO] Lectura BMP390
2025-06-03 16:14:59,718 [INFO] Lectura LTR390
2025-06-03 16:14:59,724 [INFO] Lectura desde ESP32-S3 por serial
2025-06-03 16:15:04,527 [INFO] Lectura datos climáticos NASA
2025-06-03 16:15:04,531 [INFO] Datos JSON preparados para envío
2025-06-03 16:15:05,588 [INFO] Lectura BMP390
2025-06-03 16:15:05,772 [INFO] Lectura LTR390
2025-06-03 16:15:05,778 [INFO] Lectura desde ESP32-S3 por serial
2025-06-03 16:15:14,359 [INFO] Lectura datos climáticos NASA
2025-06-03 16:15:14,362 [INFO] Datos JSON preparados para envío
2025-06-03 16:15:15,414 [INFO] Lectura BMP390
2025-06-03 16:15:15,599 [INFO] Lectura LTR390
2025-06-03 16:15:15,607 [INFO] Lectura desde ESP32-S3 por serial
2025-06-03 16:15:19,671 [INFO] Lectura datos climáticos NASA
2025-06-03 16:15:19,674 [INFO] Datos JSON preparados para envío
2025-06-03 16:15:20,728 [INFO] Lectura BMP390
2025-06-03 16:15:20,907 [INFO] Lectura LTR390
2025-06-03 16:15:20,913 [INFO] Lectura desde ESP32-S3 por serial
2025-06-03 16:15:26,644 [INFO] Lectura datos climáticos NASA
2025-06-03 16:15:26,648 [INFO] Datos JSON preparados para envío
2025-06-03 16:15:27,701 [INFO] Lectura BMP390
2025-06-03 16:15:27,880 [INFO] Lectura LTR390
2025-06-03 16:15:27,886 [INFO] Lectura desde ESP32-S3 por serial
2025-06-03 16:15:33,282 [INFO] Lectura datos climáticos NASA
2025-06-03 16:15:33,284 [INFO] Datos JSON preparados para envío
2025-06-03 16:15:34,341 [INFO] Lectura BMP390
2025-06-03 16:15:34,521 [INFO] Lectura LTR390
2025-06-03 16:15:34,527 [INFO] Lectura desde ESP32-S3 por serial
2025-06-03 16:15:37,991 [INFO] Lectura datos climáticos NASA
2025-06-03 16:15:37,994 [INFO] Datos JSON preparados para envío
2025-06-03 16:15:39,046 [INFO] Lectura BMP390
2025-06-03 16:15:39,225 [INFO] Lectura LTR390
2025-06-03 16:15:39,232 [INFO] Lectura desde ESP32-S3 por serial
2025-06-03 16:15:48,327 [INFO] Lectura datos climáticos NASA
2025-06-03 16:15:48,331 [INFO] Datos JSON preparados para envío
2025-06-03 16:15:49,384 [INFO] Lectura BMP390
2025-06-03 16:15:49,563 [INFO] Lectura LTR390
2025-06-03 16:15:49,570 [INFO] Lectura desde ESP32-S3 por serial
2025-06-03 16:15:53,645 [INFO] Lectura datos climáticos NASA
2025-06-03 16:15:53,648 [INFO] Datos JSON preparados para envío
2025-06-03 16:15:54,701 [INFO] Lectura BMP390
2025-06-03 16:15:54,887 [INFO] Lectura LTR390
2025-06-03 16:15:54,893 [INFO] Lectura desde ESP32-S3 por serial
2025-06-03 16:15:59,273 [INFO] Lectura datos climáticos NASA
2025-06-03 16:15:59,276 [INFO] Datos JSON preparados para envío
2025-06-03 16:16:00,330 [INFO] Lectura BMP390
2025-06-03 16:16:00,512 [INFO] Lectura LTR390
2025-06-03 16:16:00,517 [INFO] Lectura desde ESP32-S3 por serial
2025-06-03 16:16:04,490 [INFO] Lectura datos climáticos NASA
2025-06-03 16:16:04,497 [INFO] Datos JSON preparados para envío
2025-06-03 16:16:05,550 [INFO] Lectura BMP390
2025-06-03 16:16:05,732 [INFO] Lectura LTR390
2025-06-03 16:16:05,739 [INFO] Lectura desde ESP32-S3 por serial
2025-06-03 16:16:09,713 [INFO] Lectura datos climáticos NASA
2025-06-03 16:16:09,716 [INFO] Datos JSON preparados para envío
2025-06-03 16:16:10,773 [INFO] Lectura BMP390
2025-06-03 16:16:10,953 [INFO] Lectura LTR390
2025-06-03 16:16:10,960 [INFO] Lectura desde ESP32-S3 por serial
2025-06-03 16:16:14,829 [INFO] Lectura datos climáticos NASA
2025-06-03 16:16:14,832 [INFO] Datos JSON preparados para envío
2025-06-03 16:16:15,884 [INFO] Lectura BMP390
2025-06-03 16:16:16,065 [INFO] Lectura LTR390
2025-06-03 16:16:16,071 [INFO] Lectura desde ESP32-S3 por serial
2025-06-03 16:16:20,047 [INFO] Lectura datos climáticos NASA
2025-06-03 16:16:20,050 [INFO] Datos JSON preparados para envío
2025-06-03 16:16:21,104 [INFO] Lectura BMP390
2025-06-03 16:16:21,285 [INFO] Lectura LTR390
2025-06-03 16:16:21,291 [INFO] Lectura desde ESP32-S3 por serial
2025-06-03 16:16:26,594 [INFO] Lectura datos climáticos NASA
2025-06-03 16:16:26,596 [INFO] Datos JSON preparados para envío
2025-06-03 16:16:27,648 [INFO] Lectura BMP390
2025-06-03 16:16:27,824 [INFO] Lectura LTR390
2025-06-03 16:16:27,827 [INFO] Lectura desde ESP32-S3 por serial
2025-06-03 16:16:32,632 [INFO] Lectura datos climáticos NASA
2025-06-03 16:16:32,634 [INFO] Datos JSON preparados para envío
2025-06-03 16:16:33,687 [INFO] Lectura BMP390
2025-06-03 16:16:33,866 [INFO] Lectura LTR390
2025-06-03 16:16:33,872 [INFO] Lectura desde ESP32-S3 por serial
2025-06-03 16:16:39,149 [INFO] Lectura datos climáticos NASA
2025-06-03 16:16:39,152 [INFO] Datos JSON preparados para envío
2025-06-03 16:16:40,205 [INFO] Lectura BMP390
2025-06-03 16:16:40,388 [INFO] Lectura LTR390
2025-06-03 16:16:40,394 [INFO] Lectura desde ESP32-S3 por serial
2025-06-03 16:16:49,208 [INFO] Lectura datos climáticos NASA
2025-06-03 16:16:49,210 [INFO] Datos JSON preparados para envío
2025-06-03 16:16:50,262 [INFO] Lectura BMP390
2025-06-03 16:16:50,442 [INFO] Lectura LTR390
2025-06-03 16:16:50,447 [INFO] Lectura desde ESP32-S3 por serial
2025-06-03 16:16:54,428 [INFO] Lectura datos climáticos NASA
2025-06-03 16:16:54,431 [INFO] Datos JSON preparados para envío
2025-06-03 16:16:55,483 [INFO] Lectura BMP390
2025-06-03 16:16:55,663 [INFO] Lectura LTR390
2025-06-03 16:16:55,670 [INFO] Lectura desde ESP32-S3 por serial
2025-06-03 16:16:59,853 [INFO] Lectura datos climáticos NASA
2025-06-03 16:16:59,860 [INFO] Datos JSON preparados para envío
2025-06-03 16:17:00,912 [INFO] Lectura BMP390
2025-06-03 16:17:01,095 [INFO] Lectura LTR390
2025-06-03 16:17:01,103 [INFO] Lectura desde ESP32-S3 por serial
2025-06-03 16:17:05,586 [INFO] Lectura datos climáticos NASA
2025-06-03 16:17:05,589 [INFO] Datos JSON preparados para envío
2025-06-03 16:17:06,642 [INFO] Lectura BMP390
2025-06-03 16:17:06,823 [INFO] Lectura LTR390
2025-06-03 16:17:06,829 [INFO] Lectura desde ESP32-S3 por serial
2025-06-03 16:17:10,254 [INFO] Lectura datos climáticos NASA
2025-06-03 16:17:10,256 [INFO] Datos JSON preparados para envío
2025-06-03 16:17:11,310 [INFO] Lectura BMP390
2025-06-03 16:17:11,493 [INFO] Lectura LTR390
2025-06-03 16:17:11,498 [INFO] Lectura desde ESP32-S3 por serial
2025-06-03 16:17:15,311 [INFO] Lectura datos climáticos NASA
2025-06-03 16:17:15,314 [INFO] Datos JSON preparados para envío
2025-06-03 16:17:16,371 [INFO] Lectura BMP390
2025-06-03 16:17:16,550 [INFO] Lectura LTR390
2025-06-03 16:17:16,556 [INFO] Lectura desde ESP32-S3 por serial
2025-06-03 16:17:20,712 [INFO] Lectura datos climáticos NASA
2025-06-03 16:17:20,714 [INFO] Datos JSON preparados para envío
2025-06-03 16:17:21,769 [INFO] Lectura BMP390
2025-06-03 16:17:21,949 [INFO] Lectura LTR390
2025-06-03 16:17:21,955 [INFO] Lectura desde ESP32-S3 por serial
2025-06-03 16:17:26,675 [INFO] Lectura datos climáticos NASA
2025-06-03 16:17:26,682 [INFO] Datos JSON preparados para envío
2025-06-03 16:17:27,733 [INFO] Lectura BMP390
2025-06-03 16:17:27,914 [INFO] Lectura LTR390
2025-06-03 16:17:27,920 [INFO] Lectura desde ESP32-S3 por serial
2025-06-03 16:17:31,486 [INFO] Lectura datos climáticos NASA
2025-06-03 16:17:31,487 [INFO] Datos JSON preparados para envío
2025-06-03 16:17:32,539 [INFO] Lectura BMP390
2025-06-03 16:17:32,724 [INFO] Lectura LTR390
2025-06-03 16:17:32,730 [INFO] Lectura desde ESP32-S3 por serial
2025-06-03 16:17:36,293 [INFO] Lectura datos climáticos NASA
2025-06-03 16:17:36,298 [INFO] Datos JSON preparados para envío
2025-06-03 16:17:37,356 [INFO] Lectura BMP390
2025-06-03 16:17:37,537 [INFO] Lectura LTR390
2025-06-03 16:17:37,545 [INFO] Lectura desde ESP32-S3 por serial
2025-06-03 16:17:43,658 [INFO] Lectura datos climáticos NASA
2025-06-03 16:17:43,661 [INFO] Datos JSON preparados para envío
2025-06-03 16:17:44,714 [INFO] Lectura BMP390
2025-06-03 16:17:44,894 [INFO] Lectura LTR390
2025-06-03 16:17:44,899 [INFO] Lectura desde ESP32-S3 por serial
2025-06-03 16:17:49,848 [INFO] Lectura datos climáticos NASA
2025-06-03 16:17:49,851 [INFO] Datos JSON preparados para envío
2025-06-03 16:17:50,905 [INFO] Lectura BMP390
2025-06-03 16:17:51,090 [INFO] Lectura LTR390
2025-06-03 16:17:51,096 [INFO] Lectura desde ESP32-S3 por serial
2025-06-03 16:17:56,702 [INFO] Lectura datos climáticos NASA
2025-06-03 16:17:56,707 [INFO] Datos JSON preparados para envío
2025-06-03 16:17:57,760 [INFO] Lectura BMP390
2025-06-03 16:17:57,941 [INFO] Lectura LTR390
2025-06-03 16:17:57,947 [INFO] Lectura desde ESP32-S3 por serial
2025-06-03 16:18:01,770 [INFO] Lectura datos climáticos NASA
2025-06-03 16:18:01,773 [INFO] Datos JSON preparados para envío
2025-06-03 16:18:02,830 [INFO] Lectura BMP390
2025-06-03 16:18:03,013 [INFO] Lectura LTR390
2025-06-03 16:18:03,019 [INFO] Lectura desde ESP32-S3 por serial
2025-06-03 16:18:06,889 [INFO] Lectura datos climáticos NASA
2025-06-03 16:18:06,892 [INFO] Datos JSON preparados para envío
2025-06-03 16:18:07,945 [INFO] Lectura BMP390
2025-06-03 16:18:08,129 [INFO] Lectura LTR390
2025-06-03 16:18:08,137 [INFO] Lectura desde ESP32-S3 por serial
2025-06-03 16:18:13,031 [INFO] Lectura datos climáticos NASA
2025-06-03 16:18:13,034 [INFO] Datos JSON preparados para envío
2025-06-03 16:18:14,092 [INFO] Lectura BMP390
2025-06-03 16:18:14,273 [INFO] Lectura LTR390
2025-06-03 16:18:14,279 [INFO] Lectura desde ESP32-S3 por serial
2025-06-03 16:18:18,248 [INFO] Lectura datos climáticos NASA
2025-06-03 16:18:18,255 [INFO] Datos JSON preparados para envío
2025-06-03 16:18:19,311 [INFO] Lectura BMP390
2025-06-03 16:18:19,490 [INFO] Lectura LTR390
2025-06-03 16:18:19,495 [INFO] Lectura desde ESP32-S3 por serial
2025-06-03 16:18:23,670 [INFO] Lectura datos climáticos NASA
2025-06-03 16:18:23,673 [INFO] Datos JSON preparados para envío
2025-06-03 16:18:24,728 [INFO] Lectura BMP390
2025-06-03 16:18:24,904 [INFO] Lectura LTR390
2025-06-03 16:18:24,907 [INFO] Lectura desde ESP32-S3 por serial
2025-06-03 16:18:28,886 [INFO] Lectura datos climáticos NASA
2025-06-03 16:18:28,888 [INFO] Datos JSON preparados para envío
2025-06-03 16:18:29,943 [INFO] Lectura BMP390
2025-06-03 16:18:30,124 [INFO] Lectura LTR390
2025-06-03 16:18:30,130 [INFO] Lectura desde ESP32-S3 por serial
2025-06-03 16:18:34,004 [INFO] Lectura datos climáticos NASA
2025-06-03 16:18:34,006 [INFO] Datos JSON preparados para envío
2025-06-03 16:18:35,062 [INFO] Lectura BMP390
2025-06-03 16:18:35,244 [INFO] Lectura LTR390
2025-06-03 16:18:35,249 [INFO] Lectura desde ESP32-S3 por serial
2025-06-03 16:18:39,123 [INFO] Lectura datos climáticos NASA
2025-06-03 16:18:39,126 [INFO] Datos JSON preparados para envío
2025-06-03 16:18:40,179 [INFO] Lectura BMP390
2025-06-03 16:18:40,359 [INFO] Lectura LTR390
2025-06-03 16:18:40,364 [INFO] Lectura desde ESP32-S3 por serial
2025-06-03 16:18:44,339 [INFO] Lectura datos climáticos NASA
2025-06-03 16:18:44,342 [INFO] Datos JSON preparados para envío
2025-06-03 16:18:45,396 [INFO] Lectura BMP390
2025-06-03 16:18:45,575 [INFO] Lectura LTR390
2025-06-03 16:18:45,581 [INFO] Lectura desde ESP32-S3 por serial
2025-06-03 16:18:50,968 [INFO] Lectura datos climáticos NASA
2025-06-03 16:18:50,971 [INFO] Datos JSON preparados para envío
2025-06-03 16:18:52,024 [INFO] Lectura BMP390
2025-06-03 16:18:52,204 [INFO] Lectura LTR390
2025-06-03 16:18:52,210 [INFO] Lectura desde ESP32-S3 por serial
2025-06-03 16:18:59,295 [INFO] Lectura datos climáticos NASA
2025-06-03 16:18:59,298 [INFO] Datos JSON preparados para envío
2025-06-03 16:19:00,353 [INFO] Lectura BMP390
2025-06-03 16:19:00,532 [INFO] Lectura LTR390
2025-06-03 16:19:00,538 [INFO] Lectura desde ESP32-S3 por serial
2025-06-03 16:19:04,297 [INFO] Lectura datos climáticos NASA
2025-06-03 16:19:04,304 [INFO] Datos JSON preparados para envío
2025-06-03 16:19:05,356 [INFO] Lectura BMP390
2025-06-03 16:19:05,538 [INFO] Lectura LTR390
2025-06-03 16:19:05,547 [INFO] Lectura desde ESP32-S3 por serial
2025-06-03 16:19:10,342 [INFO] Lectura datos climáticos NASA
2025-06-03 16:19:10,345 [INFO] Datos JSON preparados para envío
2025-06-03 16:19:11,401 [INFO] Lectura BMP390
2025-06-03 16:19:11,580 [INFO] Lectura LTR390
2025-06-03 16:19:11,586 [INFO] Lectura desde ESP32-S3 por serial
2025-06-03 16:19:15,975 [INFO] Lectura datos climáticos NASA
2025-06-03 16:19:15,982 [INFO] Datos JSON preparados para envío
2025-06-03 16:19:17,036 [INFO] Lectura BMP390
2025-06-03 16:19:17,216 [INFO] Lectura LTR390
2025-06-03 16:19:17,222 [INFO] Lectura desde ESP32-S3 por serial
2025-06-03 16:19:30,199 [INFO] Lectura datos climáticos NASA
2025-06-03 16:19:30,202 [INFO] Datos JSON preparados para envío
2025-06-03 16:19:31,258 [INFO] Lectura BMP390
2025-06-03 16:19:31,440 [INFO] Lectura LTR390
2025-06-03 16:19:31,445 [INFO] Lectura desde ESP32-S3 por serial
2025-06-03 16:19:37,225 [INFO] Lectura datos climáticos NASA
2025-06-03 16:19:37,229 [INFO] Datos JSON preparados para envío
2025-06-03 16:19:38,285 [INFO] Lectura BMP390
2025-06-03 16:19:38,467 [INFO] Lectura LTR390
2025-06-03 16:19:38,472 [INFO] Lectura desde ESP32-S3 por serial
2025-06-03 16:19:43,299 [INFO] Lectura datos climáticos NASA
2025-06-03 16:19:43,303 [INFO] Datos JSON preparados para envío
2025-06-03 16:19:44,355 [INFO] Lectura BMP390
2025-06-03 16:19:44,538 [INFO] Lectura LTR390
2025-06-03 16:19:44,544 [INFO] Lectura desde ESP32-S3 por serial
2025-06-03 16:19:50,313 [INFO] Lectura datos climáticos NASA
2025-06-03 16:19:50,316 [INFO] Datos JSON preparados para envío
2025-06-03 16:19:51,368 [INFO] Lectura BMP390
2025-06-03 16:19:51,547 [INFO] Lectura LTR390
2025-06-03 16:19:51,553 [INFO] Lectura desde ESP32-S3 por serial
2025-06-03 16:19:54,853 [INFO] Lectura datos climáticos NASA
2025-06-03 16:19:54,856 [INFO] Datos JSON preparados para envío
2025-06-03 16:19:55,912 [INFO] Lectura BMP390
2025-06-03 16:19:56,094 [INFO] Lectura LTR390
2025-06-03 16:19:56,100 [INFO] Lectura desde ESP32-S3 por serial
2025-06-03 16:20:00,382 [INFO] Lectura datos climáticos NASA
2025-06-03 16:20:00,384 [INFO] Datos JSON preparados para envío
2025-06-03 16:20:01,439 [INFO] Lectura BMP390
2025-06-03 16:20:01,619 [INFO] Lectura LTR390
2025-06-03 16:20:01,625 [INFO] Lectura desde ESP32-S3 por serial
2025-06-03 16:20:04,990 [INFO] Lectura datos climáticos NASA
2025-06-03 16:20:04,993 [INFO] Datos JSON preparados para envío
2025-06-03 16:20:06,046 [INFO] Lectura BMP390
2025-06-03 16:20:06,227 [INFO] Lectura LTR390
2025-06-03 16:20:06,234 [INFO] Lectura desde ESP32-S3 por serial
2025-06-03 16:20:11,119 [INFO] Lectura datos climáticos NASA
2025-06-03 16:20:11,122 [INFO] Datos JSON preparados para envío
2025-06-03 16:20:12,172 [INFO] Lectura BMP390
2025-06-03 16:20:12,349 [INFO] Lectura LTR390
2025-06-03 16:20:12,352 [INFO] Lectura desde ESP32-S3 por serial
2025-06-03 16:20:16,509 [INFO] Lectura datos climáticos NASA
2025-06-03 16:20:16,511 [INFO] Datos JSON preparados para envío
2025-06-03 16:20:17,563 [INFO] Lectura BMP390
2025-06-03 16:20:17,743 [INFO] Lectura LTR390
2025-06-03 16:20:17,749 [INFO] Lectura desde ESP32-S3 por serial
2025-06-03 16:20:26,392 [INFO] Lectura datos climáticos NASA
2025-06-03 16:20:26,394 [INFO] Datos JSON preparados para envío
2025-06-03 16:20:27,445 [INFO] Lectura BMP390
2025-06-03 16:20:27,632 [INFO] Lectura LTR390
2025-06-03 16:20:27,638 [INFO] Lectura desde ESP32-S3 por serial
2025-06-03 16:20:31,893 [INFO] Lectura datos climáticos NASA
2025-06-03 16:20:31,896 [INFO] Datos JSON preparados para envío
2025-06-03 16:20:32,947 [INFO] Lectura BMP390
2025-06-03 16:20:33,124 [INFO] Lectura LTR390
2025-06-03 16:20:33,127 [INFO] Lectura desde ESP32-S3 por serial
2025-06-03 16:20:38,365 [INFO] Lectura datos climáticos NASA
2025-06-03 16:20:38,379 [INFO] Datos JSON preparados para envío
2025-06-03 16:20:39,432 [INFO] Lectura BMP390
2025-06-03 16:20:39,612 [INFO] Lectura LTR390
2025-06-03 16:20:39,618 [INFO] Lectura desde ESP32-S3 por serial
2025-06-03 16:20:44,281 [INFO] Lectura datos climáticos NASA
2025-06-03 16:20:44,284 [INFO] Datos JSON preparados para envío
2025-06-03 16:20:45,346 [INFO] Lectura BMP390
2025-06-03 16:20:45,526 [INFO] Lectura LTR390
2025-06-03 16:20:45,531 [INFO] Lectura desde ESP32-S3 por serial
2025-06-03 16:20:49,294 [INFO] Lectura datos climáticos NASA
2025-06-03 16:20:49,302 [INFO] Datos JSON preparados para envío
2025-06-03 16:20:50,360 [INFO] Lectura BMP390
2025-06-03 16:20:50,540 [INFO] Lectura LTR390
2025-06-03 16:20:50,546 [INFO] Lectura desde ESP32-S3 por serial
2025-06-03 16:20:56,045 [INFO] Lectura datos climáticos NASA
2025-06-03 16:20:56,047 [INFO] Datos JSON preparados para envío
2025-06-03 16:20:57,102 [INFO] Lectura BMP390
2025-06-03 16:20:57,282 [INFO] Lectura LTR390
2025-06-03 16:20:57,289 [INFO] Lectura desde ESP32-S3 por serial
2025-06-03 16:21:01,523 [INFO] Lectura datos climáticos NASA
2025-06-03 16:21:01,527 [INFO] Datos JSON preparados para envío
2025-06-03 16:21:02,579 [INFO] Lectura BMP390
2025-06-03 16:21:02,762 [INFO] Lectura LTR390
2025-06-03 16:21:02,767 [INFO] Lectura desde ESP32-S3 por serial
2025-06-03 16:21:06,176 [INFO] Lectura datos climáticos NASA
2025-06-03 16:21:06,179 [INFO] Datos JSON preparados para envío
2025-06-03 16:21:07,232 [INFO] Lectura BMP390
2025-06-03 16:21:07,417 [INFO] Lectura LTR390
2025-06-03 16:21:07,421 [INFO] Lectura desde ESP32-S3 por serial
2025-06-03 16:21:11,189 [INFO] Lectura datos climáticos NASA
2025-06-03 16:21:11,192 [INFO] Datos JSON preparados para envío
2025-06-03 16:21:12,243 [INFO] Lectura BMP390
2025-06-03 16:21:12,423 [INFO] Lectura LTR390
2025-06-03 16:21:12,428 [INFO] Lectura desde ESP32-S3 por serial
2025-06-03 16:21:16,317 [INFO] Lectura datos climáticos NASA
2025-06-03 16:21:16,320 [INFO] Datos JSON preparados para envío
2025-06-03 16:21:17,373 [INFO] Lectura BMP390
2025-06-03 16:21:17,560 [INFO] Lectura LTR390
2025-06-03 16:21:17,566 [INFO] Lectura desde ESP32-S3 por serial
2025-06-03 16:21:21,935 [INFO] Lectura datos climáticos NASA
2025-06-03 16:21:21,938 [INFO] Datos JSON preparados para envío
2025-06-03 16:21:22,992 [INFO] Lectura BMP390
2025-06-03 16:21:23,177 [INFO] Lectura LTR390
2025-06-03 16:21:23,183 [INFO] Lectura desde ESP32-S3 por serial
2025-06-03 16:21:27,051 [INFO] Lectura datos climáticos NASA
2025-06-03 16:21:27,054 [INFO] Datos JSON preparados para envío
2025-06-03 16:21:28,107 [INFO] Lectura BMP390
2025-06-03 16:21:28,287 [INFO] Lectura LTR390
2025-06-03 16:21:28,293 [INFO] Lectura desde ESP32-S3 por serial
2025-06-03 16:21:31,786 [INFO] Lectura datos climáticos NASA
2025-06-03 16:21:31,789 [INFO] Datos JSON preparados para envío
2025-06-03 16:21:32,842 [INFO] Lectura BMP390
2025-06-03 16:21:33,022 [INFO] Lectura LTR390
2025-06-03 16:21:33,028 [INFO] Lectura desde ESP32-S3 por serial
2025-06-03 16:21:36,973 [INFO] Lectura datos climáticos NASA
2025-06-03 16:21:36,975 [INFO] Datos JSON preparados para envío
2025-06-03 16:21:38,027 [INFO] Lectura BMP390
2025-06-03 16:21:38,207 [INFO] Lectura LTR390
2025-06-03 16:21:38,213 [INFO] Lectura desde ESP32-S3 por serial
2025-06-03 16:21:47,315 [INFO] Lectura datos climáticos NASA
2025-06-03 16:21:47,316 [INFO] Datos JSON preparados para envío
2025-06-03 16:21:48,366 [INFO] Lectura BMP390
2025-06-03 16:21:48,543 [INFO] Lectura LTR390
2025-06-03 16:21:48,546 [INFO] Lectura desde ESP32-S3 por serial
2025-06-03 16:21:52,254 [INFO] Lectura datos climáticos NASA
2025-06-03 16:21:52,260 [INFO] Datos JSON preparados para envío
2025-06-03 16:21:53,311 [INFO] Lectura BMP390
2025-06-03 16:21:53,491 [INFO] Lectura LTR390
2025-06-03 16:21:53,497 [INFO] Lectura desde ESP32-S3 por serial
2025-06-03 16:21:57,463 [INFO] Lectura datos climáticos NASA
2025-06-03 16:21:57,465 [INFO] Datos JSON preparados para envío
2025-06-03 16:21:58,518 [INFO] Lectura BMP390
2025-06-03 16:21:58,701 [INFO] Lectura LTR390
2025-06-03 16:21:58,708 [INFO] Lectura desde ESP32-S3 por serial
2025-06-03 16:22:04,311 [INFO] Lectura datos climáticos NASA
2025-06-03 16:22:04,317 [INFO] Datos JSON preparados para envío
2025-06-03 16:22:05,369 [INFO] Lectura BMP390
2025-06-03 16:22:05,550 [INFO] Lectura LTR390
2025-06-03 16:22:05,556 [INFO] Lectura desde ESP32-S3 por serial
2025-06-03 16:22:10,438 [INFO] Lectura datos climáticos NASA
2025-06-03 16:22:10,441 [INFO] Datos JSON preparados para envío
2025-06-03 16:22:11,496 [INFO] Lectura BMP390
2025-06-03 16:22:11,680 [INFO] Lectura LTR390
2025-06-03 16:22:11,686 [INFO] Lectura desde ESP32-S3 por serial
2025-06-03 16:22:16,068 [INFO] Lectura datos climáticos NASA
2025-06-03 16:22:16,071 [INFO] Datos JSON preparados para envío
2025-06-03 16:22:17,127 [INFO] Lectura BMP390
2025-06-03 16:22:17,310 [INFO] Lectura LTR390
2025-06-03 16:22:17,316 [INFO] Lectura desde ESP32-S3 por serial
2025-06-03 16:22:22,210 [INFO] Lectura datos climáticos NASA
2025-06-03 16:22:22,213 [INFO] Datos JSON preparados para envío
2025-06-03 16:22:23,266 [INFO] Lectura BMP390
2025-06-03 16:22:23,445 [INFO] Lectura LTR390
2025-06-03 16:22:23,449 [INFO] Lectura desde ESP32-S3 por serial
2025-06-03 16:22:27,039 [INFO] Lectura datos climáticos NASA
2025-06-03 16:22:27,042 [INFO] Datos JSON preparados para envío
2025-06-03 16:22:28,093 [INFO] Lectura BMP390
2025-06-03 16:22:28,273 [INFO] Lectura LTR390
2025-06-03 16:22:28,280 [INFO] Lectura desde ESP32-S3 por serial
2025-06-03 16:22:31,832 [INFO] Lectura datos climáticos NASA
2025-06-03 16:22:31,835 [INFO] Datos JSON preparados para envío
2025-06-03 16:22:32,887 [INFO] Lectura BMP390
2025-06-03 16:22:33,070 [INFO] Lectura LTR390
2025-06-03 16:22:33,076 [INFO] Lectura desde ESP32-S3 por serial
2025-06-03 16:22:37,559 [INFO] Lectura datos climáticos NASA
2025-06-03 16:22:37,565 [INFO] Datos JSON preparados para envío
2025-06-03 16:22:38,617 [INFO] Lectura BMP390
2025-06-03 16:22:38,803 [INFO] Lectura LTR390
2025-06-03 16:22:38,809 [INFO] Lectura desde ESP32-S3 por serial
2025-06-03 16:22:43,492 [INFO] Lectura datos climáticos NASA
2025-06-03 16:22:43,495 [INFO] Datos JSON preparados para envío
2025-06-03 16:22:44,545 [INFO] Lectura BMP390
2025-06-03 16:22:44,728 [INFO] Lectura LTR390
2025-06-03 16:22:44,734 [INFO] Lectura desde ESP32-S3 por serial
2025-06-03 16:22:49,022 [INFO] Lectura datos climáticos NASA
2025-06-03 16:22:49,024 [INFO] Datos JSON preparados para envío
2025-06-03 16:22:50,077 [INFO] Lectura BMP390
2025-06-03 16:22:50,258 [INFO] Lectura LTR390
2025-06-03 16:22:50,265 [INFO] Lectura desde ESP32-S3 por serial
2025-06-03 16:22:54,957 [INFO] Lectura datos climáticos NASA
2025-06-03 16:22:54,961 [INFO] Datos JSON preparados para envío
2025-06-03 16:22:56,013 [INFO] Lectura BMP390
2025-06-03 16:22:56,193 [INFO] Lectura LTR390
2025-06-03 16:22:56,200 [INFO] Lectura desde ESP32-S3 por serial
2025-06-03 16:22:59,866 [INFO] Lectura datos climáticos NASA
2025-06-03 16:22:59,869 [INFO] Datos JSON preparados para envío
2025-06-03 16:23:00,922 [INFO] Lectura BMP390
2025-06-03 16:23:01,101 [INFO] Lectura LTR390
2025-06-03 16:23:01,107 [INFO] Lectura desde ESP32-S3 por serial
2025-06-03 16:23:04,371 [INFO] Lectura datos climáticos NASA
2025-06-03 16:23:04,374 [INFO] Datos JSON preparados para envío
2025-06-03 16:23:05,426 [INFO] Lectura BMP390
2025-06-03 16:23:05,605 [INFO] Lectura LTR390
2025-06-03 16:23:05,611 [INFO] Lectura desde ESP32-S3 por serial
2025-06-03 16:23:10,099 [INFO] Lectura datos climáticos NASA
2025-06-03 16:23:10,102 [INFO] Datos JSON preparados para envío
2025-06-03 16:23:11,154 [INFO] Lectura BMP390
2025-06-03 16:23:11,335 [INFO] Lectura LTR390
2025-06-03 16:23:11,340 [INFO] Lectura desde ESP32-S3 por serial
2025-06-03 16:23:15,419 [INFO] Lectura datos climáticos NASA
2025-06-03 16:23:15,421 [INFO] Datos JSON preparados para envío
2025-06-03 16:23:16,472 [INFO] Lectura BMP390
2025-06-03 16:23:16,658 [INFO] Lectura LTR390
2025-06-03 16:23:16,664 [INFO] Lectura desde ESP32-S3 por serial
2025-06-03 16:23:20,434 [INFO] Lectura datos climáticos NASA
2025-06-03 16:23:20,438 [INFO] Datos JSON preparados para envío
2025-06-03 16:23:21,494 [INFO] Lectura BMP390
2025-06-03 16:23:21,673 [INFO] Lectura LTR390
2025-06-03 16:23:21,679 [INFO] Lectura desde ESP32-S3 por serial
2025-06-03 16:23:24,836 [INFO] Lectura datos climáticos NASA
2025-06-03 16:23:24,841 [INFO] Datos JSON preparados para envío
2025-06-03 16:23:25,895 [INFO] Lectura BMP390
2025-06-03 16:23:26,077 [INFO] Lectura LTR390
2025-06-03 16:23:26,084 [INFO] Lectura desde ESP32-S3 por serial
2025-06-03 16:23:29,751 [INFO] Lectura datos climáticos NASA
2025-06-03 16:23:29,754 [INFO] Datos JSON preparados para envío
2025-06-03 16:23:30,807 [INFO] Lectura BMP390
2025-06-03 16:23:30,987 [INFO] Lectura LTR390
2025-06-03 16:23:30,993 [INFO] Lectura desde ESP32-S3 por serial
2025-06-03 16:23:34,661 [INFO] Lectura datos climáticos NASA
2025-06-03 16:23:34,664 [INFO] Datos JSON preparados para envío
2025-06-03 16:23:35,719 [INFO] Lectura BMP390
2025-06-03 16:23:35,898 [INFO] Lectura LTR390
2025-06-03 16:23:35,904 [INFO] Lectura desde ESP32-S3 por serial
2025-06-03 16:23:39,374 [INFO] Lectura datos climáticos NASA
2025-06-03 16:23:39,376 [INFO] Datos JSON preparados para envío
2025-06-03 16:23:40,428 [INFO] Lectura BMP390
2025-06-03 16:23:40,609 [INFO] Lectura LTR390
2025-06-03 16:23:40,615 [INFO] Lectura desde ESP32-S3 por serial
2025-06-03 16:23:44,181 [INFO] Lectura datos climáticos NASA
2025-06-03 16:23:44,183 [INFO] Datos JSON preparados para envío
2025-06-03 16:23:45,235 [INFO] Lectura BMP390
2025-06-03 16:23:45,414 [INFO] Lectura LTR390
2025-06-03 16:23:45,420 [INFO] Lectura desde ESP32-S3 por serial
2025-06-03 16:23:49,498 [INFO] Lectura datos climáticos NASA
2025-06-03 16:23:49,501 [INFO] Datos JSON preparados para envío
2025-06-03 16:23:50,554 [INFO] Lectura BMP390
2025-06-03 16:23:50,735 [INFO] Lectura LTR390
2025-06-03 16:23:50,741 [INFO] Lectura desde ESP32-S3 por serial
2025-06-03 16:23:54,207 [INFO] Lectura datos climáticos NASA
2025-06-03 16:23:54,210 [INFO] Datos JSON preparados para envío
2025-06-03 16:23:55,265 [INFO] Lectura BMP390
2025-06-03 16:23:55,444 [INFO] Lectura LTR390
2025-06-03 16:23:55,447 [INFO] Lectura desde ESP32-S3 por serial
2025-06-03 16:23:59,015 [INFO] Lectura datos climáticos NASA
2025-06-03 16:23:59,018 [INFO] Datos JSON preparados para envío
2025-06-03 16:24:00,071 [INFO] Lectura BMP390
2025-06-03 16:24:00,251 [INFO] Lectura LTR390
2025-06-03 16:24:00,257 [INFO] Lectura desde ESP32-S3 por serial
2025-06-03 16:24:03,622 [INFO] Lectura datos climáticos NASA
2025-06-03 16:24:03,626 [INFO] Datos JSON preparados para envío
2025-06-03 16:24:04,678 [INFO] Lectura BMP390
2025-06-03 16:24:04,860 [INFO] Lectura LTR390
2025-06-03 16:24:04,866 [INFO] Lectura desde ESP32-S3 por serial
2025-06-03 16:24:09,356 [INFO] Lectura datos climáticos NASA
2025-06-03 16:24:09,360 [INFO] Datos JSON preparados para envío
2025-06-03 16:24:10,412 [INFO] Lectura BMP390
2025-06-03 16:24:10,593 [INFO] Lectura LTR390
2025-06-03 16:24:10,599 [INFO] Lectura desde ESP32-S3 por serial
2025-06-03 16:24:14,677 [INFO] Lectura datos climáticos NASA
2025-06-03 16:24:14,681 [INFO] Datos JSON preparados para envío
2025-06-03 16:24:15,734 [INFO] Lectura BMP390
2025-06-03 16:24:15,916 [INFO] Lectura LTR390
2025-06-03 16:24:15,922 [INFO] Lectura desde ESP32-S3 por serial
2025-06-03 16:24:18,976 [INFO] Lectura datos climáticos NASA
2025-06-03 16:24:18,979 [INFO] Datos JSON preparados para envío
2025-06-03 16:24:20,032 [INFO] Lectura BMP390
2025-06-03 16:24:20,212 [INFO] Lectura LTR390
2025-06-03 16:24:20,218 [INFO] Lectura desde ESP32-S3 por serial
2025-06-03 16:24:24,091 [INFO] Lectura datos climáticos NASA
2025-06-03 16:24:24,094 [INFO] Datos JSON preparados para envío
2025-06-03 16:24:25,147 [INFO] Lectura BMP390
2025-06-03 16:24:25,328 [INFO] Lectura LTR390
2025-06-03 16:24:25,334 [INFO] Lectura desde ESP32-S3 por serial
2025-06-03 16:24:28,605 [INFO] Lectura datos climáticos NASA
2025-06-03 16:24:28,608 [INFO] Datos JSON preparados para envío
2025-06-03 16:24:29,661 [INFO] Lectura BMP390
2025-06-03 16:24:29,841 [INFO] Lectura LTR390
2025-06-03 16:24:29,847 [INFO] Lectura desde ESP32-S3 por serial
2025-06-03 16:24:32,998 [INFO] Lectura datos climáticos NASA
2025-06-03 16:24:33,000 [INFO] Datos JSON preparados para envío
2025-06-03 16:24:34,053 [INFO] Lectura BMP390
2025-06-03 16:24:34,236 [INFO] Lectura LTR390
2025-06-03 16:24:34,242 [INFO] Lectura desde ESP32-S3 por serial
2025-06-03 16:24:38,114 [INFO] Lectura datos climáticos NASA
2025-06-03 16:24:38,117 [INFO] Datos JSON preparados para envío
2025-06-03 16:24:39,173 [INFO] Lectura BMP390
2025-06-03 16:24:39,357 [INFO] Lectura LTR390
2025-06-03 16:24:39,362 [INFO] Lectura desde ESP32-S3 por serial
2025-06-03 16:24:43,123 [INFO] Lectura datos climáticos NASA
2025-06-03 16:24:43,126 [INFO] Datos JSON preparados para envío
2025-06-03 16:24:44,177 [INFO] Lectura BMP390
2025-06-03 16:24:44,357 [INFO] Lectura LTR390
2025-06-03 16:24:44,362 [INFO] Lectura desde ESP32-S3 por serial
2025-06-03 16:24:48,338 [INFO] Lectura datos climáticos NASA
2025-06-03 16:24:48,340 [INFO] Datos JSON preparados para envío
2025-06-03 16:24:49,392 [INFO] Lectura BMP390
2025-06-03 16:24:49,572 [INFO] Lectura LTR390
2025-06-03 16:24:49,578 [INFO] Lectura desde ESP32-S3 por serial
2025-06-03 16:24:53,765 [INFO] Lectura datos climáticos NASA
2025-06-03 16:24:53,773 [INFO] Datos JSON preparados para envío
2025-06-03 16:24:54,825 [INFO] Lectura BMP390
2025-06-03 16:24:55,009 [INFO] Lectura LTR390
2025-06-03 16:24:55,015 [INFO] Lectura desde ESP32-S3 por serial
2025-06-03 16:24:58,278 [INFO] Lectura datos climáticos NASA
2025-06-03 16:24:58,283 [INFO] Datos JSON preparados para envío
2025-06-03 16:24:59,335 [INFO] Lectura BMP390
2025-06-03 16:24:59,513 [INFO] Lectura LTR390
2025-06-03 16:24:59,516 [INFO] Lectura desde ESP32-S3 por serial
2025-06-03 16:25:03,393 [INFO] Lectura datos climáticos NASA
2025-06-03 16:25:03,396 [INFO] Datos JSON preparados para envío
2025-06-03 16:25:04,450 [INFO] Lectura BMP390
2025-06-03 16:25:04,633 [INFO] Lectura LTR390
2025-06-03 16:25:04,639 [INFO] Lectura desde ESP32-S3 por serial
2025-06-03 16:25:09,017 [INFO] Lectura datos climáticos NASA
2025-06-03 16:25:09,020 [INFO] Datos JSON preparados para envío
2025-06-03 16:25:10,072 [INFO] Lectura BMP390
2025-06-03 16:25:10,260 [INFO] Lectura LTR390
2025-06-03 16:25:10,265 [INFO] Lectura desde ESP32-S3 por serial
2025-06-03 16:25:14,028 [INFO] Lectura datos climáticos NASA
2025-06-03 16:25:14,031 [INFO] Datos JSON preparados para envío
2025-06-03 16:25:15,086 [INFO] Lectura BMP390
2025-06-03 16:25:15,271 [INFO] Lectura LTR390
2025-06-03 16:25:15,280 [INFO] Lectura desde ESP32-S3 por serial
2025-06-03 16:25:19,071 [INFO] Lectura datos climáticos NASA
2025-06-03 16:25:19,074 [INFO] Datos JSON preparados para envío
2025-06-03 16:25:20,127 [INFO] Lectura BMP390
2025-06-03 16:25:20,309 [INFO] Lectura LTR390
2025-06-03 16:25:20,316 [INFO] Lectura desde ESP32-S3 por serial
2025-06-03 16:25:24,059 [INFO] Lectura datos climáticos NASA
2025-06-03 16:25:24,062 [INFO] Datos JSON preparados para envío
2025-06-03 16:25:25,115 [INFO] Lectura BMP390
2025-06-03 16:25:25,296 [INFO] Lectura LTR390
2025-06-03 16:25:25,301 [INFO] Lectura desde ESP32-S3 por serial
2025-06-03 16:25:30,502 [INFO] Lectura datos climáticos NASA
2025-06-03 16:25:30,505 [INFO] Datos JSON preparados para envío
2025-06-03 16:25:31,556 [INFO] Lectura BMP390
2025-06-03 16:25:31,731 [INFO] Lectura LTR390
2025-06-03 16:25:31,734 [INFO] Lectura desde ESP32-S3 por serial
2025-06-03 16:25:36,644 [INFO] Lectura datos climáticos NASA
2025-06-03 16:25:36,647 [INFO] Datos JSON preparados para envío
2025-06-03 16:25:37,702 [INFO] Lectura BMP390
2025-06-03 16:25:37,883 [INFO] Lectura LTR390
2025-06-03 16:25:37,889 [INFO] Lectura desde ESP32-S3 por serial
2025-06-03 16:25:42,577 [INFO] Lectura datos climáticos NASA
2025-06-03 16:25:42,580 [INFO] Datos JSON preparados para envío
2025-06-03 16:25:43,633 [INFO] Lectura BMP390
2025-06-03 16:25:43,814 [INFO] Lectura LTR390
2025-06-03 16:25:43,820 [INFO] Lectura desde ESP32-S3 por serial
2025-06-03 16:25:47,488 [INFO] Lectura datos climáticos NASA
2025-06-03 16:25:47,490 [INFO] Datos JSON preparados para envío
2025-06-03 16:25:48,543 [INFO] Lectura BMP390
2025-06-03 16:25:48,727 [INFO] Lectura LTR390
2025-06-03 16:25:48,734 [INFO] Lectura desde ESP32-S3 por serial
2025-06-03 16:25:52,618 [INFO] Lectura datos climáticos NASA
2025-06-03 16:25:52,619 [INFO] Datos JSON preparados para envío
2025-06-03 16:25:53,672 [INFO] Lectura BMP390
2025-06-03 16:25:53,852 [INFO] Lectura LTR390
2025-06-03 16:25:53,858 [INFO] Lectura desde ESP32-S3 por serial
2025-06-03 16:25:57,516 [INFO] Lectura datos climáticos NASA
2025-06-03 16:25:57,518 [INFO] Datos JSON preparados para envío
2025-06-03 16:25:58,573 [INFO] Lectura BMP390
2025-06-03 16:25:58,753 [INFO] Lectura LTR390
2025-06-03 16:25:58,759 [INFO] Lectura desde ESP32-S3 por serial
2025-06-03 16:26:03,348 [INFO] Lectura datos climáticos NASA
2025-06-03 16:26:03,350 [INFO] Datos JSON preparados para envío
2025-06-03 16:26:04,403 [INFO] Lectura BMP390
2025-06-03 16:26:04,585 [INFO] Lectura LTR390
2025-06-03 16:26:04,590 [INFO] Lectura desde ESP32-S3 por serial
2025-06-03 16:26:09,185 [INFO] Lectura datos climáticos NASA
2025-06-03 16:26:09,188 [INFO] Datos JSON preparados para envío
2025-06-03 16:26:10,242 [INFO] Lectura BMP390
2025-06-03 16:26:10,421 [INFO] Lectura LTR390
2025-06-03 16:26:10,425 [INFO] Lectura desde ESP32-S3 por serial
2025-06-03 16:26:13,994 [INFO] Lectura datos climáticos NASA
2025-06-03 16:26:13,997 [INFO] Datos JSON preparados para envío
2025-06-03 16:26:15,048 [INFO] Lectura BMP390
2025-06-03 16:26:15,230 [INFO] Lectura LTR390
2025-06-03 16:26:15,237 [INFO] Lectura desde ESP32-S3 por serial
2025-06-03 16:26:19,971 [INFO] Lectura datos climáticos NASA
2025-06-03 16:26:19,974 [INFO] Datos JSON preparados para envío
2025-06-03 16:26:21,026 [INFO] Lectura BMP390
2025-06-03 16:26:21,207 [INFO] Lectura LTR390
2025-06-03 16:26:21,213 [INFO] Lectura desde ESP32-S3 por serial
2025-06-03 16:26:25,151 [INFO] Lectura datos climáticos NASA
2025-06-03 16:26:25,152 [INFO] Datos JSON preparados para envío
2025-06-03 16:26:26,205 [INFO] Lectura BMP390
2025-06-03 16:26:26,389 [INFO] Lectura LTR390
2025-06-03 16:26:26,393 [INFO] Lectura desde ESP32-S3 por serial
2025-06-03 16:26:30,673 [INFO] Lectura datos climáticos NASA
2025-06-03 16:26:30,676 [INFO] Datos JSON preparados para envío
2025-06-03 16:26:31,729 [INFO] Lectura BMP390
2025-06-03 16:26:31,911 [INFO] Lectura LTR390
2025-06-03 16:26:31,918 [INFO] Lectura desde ESP32-S3 por serial
2025-06-03 16:26:36,097 [INFO] Lectura datos climáticos NASA
2025-06-03 16:26:36,098 [INFO] Datos JSON preparados para envío
2025-06-03 16:26:37,151 [INFO] Lectura BMP390
2025-06-03 16:26:37,342 [INFO] Lectura LTR390
2025-06-03 16:26:37,347 [INFO] Lectura desde ESP32-S3 por serial
2025-06-03 16:26:40,805 [INFO] Lectura datos climáticos NASA
2025-06-03 16:26:40,808 [INFO] Datos JSON preparados para envío
2025-06-03 16:26:41,860 [INFO] Lectura BMP390
2025-06-03 16:26:42,044 [INFO] Lectura LTR390
2025-06-03 16:26:42,052 [INFO] Lectura desde ESP32-S3 por serial
2025-06-03 16:26:45,407 [INFO] Lectura datos climáticos NASA
2025-06-03 16:26:45,409 [INFO] Datos JSON preparados para envío
2025-06-03 16:26:46,460 [INFO] Lectura BMP390
2025-06-03 16:26:46,643 [INFO] Lectura LTR390
2025-06-03 16:26:46,649 [INFO] Lectura desde ESP32-S3 por serial
2025-06-03 16:26:50,279 [INFO] Lectura datos climáticos NASA
2025-06-03 16:26:50,284 [INFO] Datos JSON preparados para envío
2025-06-03 16:26:51,337 [INFO] Lectura BMP390
2025-06-03 16:26:51,518 [INFO] Lectura LTR390
2025-06-03 16:26:51,525 [INFO] Lectura desde ESP32-S3 por serial
2025-06-03 16:26:55,012 [INFO] Lectura datos climáticos NASA
2025-06-03 16:26:55,014 [INFO] Datos JSON preparados para envío
2025-06-03 16:26:56,067 [INFO] Lectura BMP390
2025-06-03 16:26:56,254 [INFO] Lectura LTR390
2025-06-03 16:26:56,260 [INFO] Lectura desde ESP32-S3 por serial
2025-06-03 16:27:00,069 [INFO] Lectura datos climáticos NASA
2025-06-03 16:27:00,072 [INFO] Datos JSON preparados para envío
2025-06-03 16:27:01,125 [INFO] Lectura BMP390
2025-06-03 16:27:01,306 [INFO] Lectura LTR390
2025-06-03 16:27:01,313 [INFO] Lectura desde ESP32-S3 por serial
2025-06-03 16:27:05,467 [INFO] Lectura datos climáticos NASA
2025-06-03 16:27:05,470 [INFO] Datos JSON preparados para envío
2025-06-03 16:27:06,526 [INFO] Lectura BMP390
2025-06-03 16:27:06,705 [INFO] Lectura LTR390
2025-06-03 16:27:06,712 [INFO] Lectura desde ESP32-S3 por serial
2025-06-03 16:27:10,590 [INFO] Lectura datos climáticos NASA
2025-06-03 16:27:10,594 [INFO] Datos JSON preparados para envío
2025-06-03 16:27:11,647 [INFO] Lectura BMP390
2025-06-03 16:27:11,827 [INFO] Lectura LTR390
2025-06-03 16:27:11,832 [INFO] Lectura desde ESP32-S3 por serial
2025-06-03 16:27:15,701 [INFO] Lectura datos climáticos NASA
2025-06-03 16:27:15,706 [INFO] Datos JSON preparados para envío
2025-06-03 16:27:16,759 [INFO] Lectura BMP390
2025-06-03 16:27:16,938 [INFO] Lectura LTR390
2025-06-03 16:27:16,943 [INFO] Lectura desde ESP32-S3 por serial
2025-06-03 16:27:20,280 [INFO] Lectura datos climáticos NASA
2025-06-03 16:27:20,285 [INFO] Datos JSON preparados para envío
2025-06-03 16:27:21,339 [INFO] Lectura BMP390
2025-06-03 16:27:21,525 [INFO] Lectura LTR390
2025-06-03 16:27:21,532 [INFO] Lectura desde ESP32-S3 por serial
2025-06-03 16:27:25,421 [INFO] Lectura datos climáticos NASA
2025-06-03 16:27:25,423 [INFO] Datos JSON preparados para envío
2025-06-03 16:27:26,475 [INFO] Lectura BMP390
2025-06-03 16:27:26,654 [INFO] Lectura LTR390
2025-06-03 16:27:26,659 [INFO] Lectura desde ESP32-S3 por serial
2025-06-03 16:27:30,029 [INFO] Lectura datos climáticos NASA
2025-06-03 16:27:30,032 [INFO] Datos JSON preparados para envío
2025-06-03 16:27:31,084 [INFO] Lectura BMP390
2025-06-03 16:27:31,269 [INFO] Lectura LTR390
2025-06-03 16:27:31,275 [INFO] Lectura desde ESP32-S3 por serial
2025-06-03 16:27:34,840 [INFO] Lectura datos climáticos NASA
2025-06-03 16:27:34,842 [INFO] Datos JSON preparados para envío
2025-06-03 16:27:35,896 [INFO] Lectura BMP390
2025-06-03 16:27:36,077 [INFO] Lectura LTR390
2025-06-03 16:27:36,083 [INFO] Lectura desde ESP32-S3 por serial
2025-06-03 16:27:40,776 [INFO] Lectura datos climáticos NASA
2025-06-03 16:27:40,781 [INFO] Datos JSON preparados para envío
2025-06-03 16:27:41,836 [INFO] Lectura BMP390
2025-06-03 16:27:42,018 [INFO] Lectura LTR390
2025-06-03 16:27:42,024 [INFO] Lectura desde ESP32-S3 por serial
2025-06-03 16:27:45,377 [INFO] Lectura datos climáticos NASA
2025-06-03 16:27:45,379 [INFO] Datos JSON preparados para envío
2025-06-03 16:27:46,432 [INFO] Lectura BMP390
2025-06-03 16:27:46,612 [INFO] Lectura LTR390
2025-06-03 16:27:46,618 [INFO] Lectura desde ESP32-S3 por serial
2025-06-03 16:27:50,297 [INFO] Lectura datos climáticos NASA
2025-06-03 16:27:50,300 [INFO] Datos JSON preparados para envío
2025-06-03 16:27:51,355 [INFO] Lectura BMP390
2025-06-03 16:27:51,534 [INFO] Lectura LTR390
2025-06-03 16:27:51,540 [INFO] Lectura desde ESP32-S3 por serial
2025-06-03 16:27:55,104 [INFO] Lectura datos climáticos NASA
2025-06-03 16:27:55,107 [INFO] Datos JSON preparados para envío
2025-06-03 16:27:56,158 [INFO] Lectura BMP390
2025-06-03 16:27:56,338 [INFO] Lectura LTR390
2025-06-03 16:27:56,344 [INFO] Lectura desde ESP32-S3 por serial
2025-06-03 16:28:00,317 [INFO] Lectura datos climáticos NASA
2025-06-03 16:28:00,320 [INFO] Datos JSON preparados para envío
2025-06-03 16:28:01,373 [INFO] Lectura BMP390
2025-06-03 16:28:01,553 [INFO] Lectura LTR390
2025-06-03 16:28:01,559 [INFO] Lectura desde ESP32-S3 por serial
2025-06-03 16:28:06,048 [INFO] Lectura datos climáticos NASA
2025-06-03 16:28:06,051 [INFO] Datos JSON preparados para envío
2025-06-03 16:28:07,104 [INFO] Lectura BMP390
2025-06-03 16:28:07,292 [INFO] Lectura LTR390
2025-06-03 16:28:07,298 [INFO] Lectura desde ESP32-S3 por serial
2025-06-03 16:28:11,469 [INFO] Lectura datos climáticos NASA
2025-06-03 16:28:11,471 [INFO] Datos JSON preparados para envío
2025-06-03 16:28:12,525 [INFO] Lectura BMP390
2025-06-03 16:28:12,709 [INFO] Lectura LTR390
2025-06-03 16:28:12,715 [INFO] Lectura desde ESP32-S3 por serial
2025-06-03 16:28:16,282 [INFO] Lectura datos climáticos NASA
2025-06-03 16:28:16,285 [INFO] Datos JSON preparados para envío
2025-06-03 16:28:17,340 [INFO] Lectura BMP390
2025-06-03 16:28:17,519 [INFO] Lectura LTR390
2025-06-03 16:28:17,525 [INFO] Lectura desde ESP32-S3 por serial
2025-06-03 16:28:21,808 [INFO] Lectura datos climáticos NASA
2025-06-03 16:28:21,815 [INFO] Datos JSON preparados para envío
2025-06-03 16:28:22,868 [INFO] Lectura BMP390
2025-06-03 16:28:23,049 [INFO] Lectura LTR390
2025-06-03 16:28:23,059 [INFO] Lectura desde ESP32-S3 por serial
2025-06-03 16:28:26,618 [INFO] Lectura datos climáticos NASA
2025-06-03 16:28:26,621 [INFO] Datos JSON preparados para envío
2025-06-03 16:28:27,674 [INFO] Lectura BMP390
2025-06-03 16:28:27,857 [INFO] Lectura LTR390
2025-06-03 16:28:27,863 [INFO] Lectura desde ESP32-S3 por serial
2025-06-03 16:28:31,530 [INFO] Lectura datos climáticos NASA
2025-06-03 16:28:31,532 [INFO] Datos JSON preparados para envío
2025-06-03 16:28:32,582 [INFO] Lectura BMP390
2025-06-03 16:28:32,759 [INFO] Lectura LTR390
2025-06-03 16:28:32,762 [INFO] Lectura desde ESP32-S3 por serial
2025-06-03 16:28:36,236 [INFO] Lectura datos climáticos NASA
2025-06-03 16:28:36,239 [INFO] Datos JSON preparados para envío
2025-06-03 16:28:37,291 [INFO] Lectura BMP390
2025-06-03 16:28:37,468 [INFO] Lectura LTR390
2025-06-03 16:28:37,472 [INFO] Lectura desde ESP32-S3 por serial
2025-06-03 16:28:41,557 [INFO] Lectura datos climáticos NASA
2025-06-03 16:28:41,559 [INFO] Datos JSON preparados para envío
2025-06-03 16:28:42,612 [INFO] Lectura BMP390
2025-06-03 16:28:42,792 [INFO] Lectura LTR390
2025-06-03 16:28:42,798 [INFO] Lectura desde ESP32-S3 por serial
2025-06-03 16:28:46,216 [INFO] Lectura datos climáticos NASA
2025-06-03 16:28:46,219 [INFO] Datos JSON preparados para envío
2025-06-03 16:28:47,270 [INFO] Lectura BMP390
2025-06-03 16:28:47,450 [INFO] Lectura LTR390
2025-06-03 16:28:47,455 [INFO] Lectura desde ESP32-S3 por serial
2025-06-03 16:28:51,076 [INFO] Lectura datos climáticos NASA
2025-06-03 16:28:51,078 [INFO] Datos JSON preparados para envío
2025-06-03 16:28:52,130 [INFO] Lectura BMP390
2025-06-03 16:28:52,311 [INFO] Lectura LTR390
2025-06-03 16:28:52,317 [INFO] Lectura desde ESP32-S3 por serial
2025-06-03 16:28:55,884 [INFO] Lectura datos climáticos NASA
2025-06-03 16:28:55,887 [INFO] Datos JSON preparados para envío
2025-06-03 16:28:56,940 [INFO] Lectura BMP390
2025-06-03 16:28:57,121 [INFO] Lectura LTR390
2025-06-03 16:28:57,127 [INFO] Lectura desde ESP32-S3 por serial
2025-06-03 16:29:00,797 [INFO] Lectura datos climáticos NASA
2025-06-03 16:29:00,800 [INFO] Datos JSON preparados para envío
2025-06-03 16:29:01,853 [INFO] Lectura BMP390
2025-06-03 16:29:02,033 [INFO] Lectura LTR390
2025-06-03 16:29:02,041 [INFO] Lectura desde ESP32-S3 por serial
2025-06-03 16:29:06,120 [INFO] Lectura datos climáticos NASA
2025-06-03 16:29:06,123 [INFO] Datos JSON preparados para envío
2025-06-03 16:29:07,174 [INFO] Lectura BMP390
2025-06-03 16:29:07,358 [INFO] Lectura LTR390
2025-06-03 16:29:07,363 [INFO] Lectura desde ESP32-S3 por serial
2025-06-03 16:29:11,755 [INFO] Lectura datos climáticos NASA
2025-06-03 16:29:11,765 [INFO] Datos JSON preparados para envío
2025-06-03 16:29:12,816 [INFO] Lectura BMP390
2025-06-03 16:29:12,996 [INFO] Lectura LTR390
2025-06-03 16:29:13,002 [INFO] Lectura desde ESP32-S3 por serial
2025-06-03 16:29:17,685 [INFO] Lectura datos climáticos NASA
2025-06-03 16:29:17,687 [INFO] Datos JSON preparados para envío
2025-06-03 16:29:18,746 [INFO] Lectura BMP390
2025-06-03 16:29:18,927 [INFO] Lectura LTR390
2025-06-03 16:29:18,933 [INFO] Lectura desde ESP32-S3 por serial
2025-06-03 16:29:22,901 [INFO] Lectura datos climáticos NASA
2025-06-03 16:29:22,904 [INFO] Datos JSON preparados para envío
2025-06-03 16:29:23,955 [INFO] Lectura BMP390
2025-06-03 16:29:24,135 [INFO] Lectura LTR390
2025-06-03 16:29:24,142 [INFO] Lectura desde ESP32-S3 por serial
2025-06-03 16:29:28,019 [INFO] Lectura datos climáticos NASA
2025-06-03 16:29:28,022 [INFO] Datos JSON preparados para envío
2025-06-03 16:29:29,074 [INFO] Lectura BMP390
2025-06-03 16:29:29,255 [INFO] Lectura LTR390
2025-06-03 16:29:29,261 [INFO] Lectura desde ESP32-S3 por serial
2025-06-03 16:29:32,624 [INFO] Lectura datos climáticos NASA
2025-06-03 16:29:32,627 [INFO] Datos JSON preparados para envío
2025-06-03 16:29:33,680 [INFO] Lectura BMP390
2025-06-03 16:29:33,860 [INFO] Lectura LTR390
2025-06-03 16:29:33,866 [INFO] Lectura desde ESP32-S3 por serial
2025-06-03 16:29:38,667 [INFO] Lectura datos climáticos NASA
2025-06-03 16:29:38,670 [INFO] Datos JSON preparados para envío
2025-06-03 16:29:39,724 [INFO] Lectura BMP390
2025-06-03 16:29:39,908 [INFO] Lectura LTR390
2025-06-03 16:29:39,914 [INFO] Lectura desde ESP32-S3 por serial
2025-06-03 16:29:43,781 [INFO] Lectura datos climáticos NASA
2025-06-03 16:29:43,784 [INFO] Datos JSON preparados para envío
2025-06-03 16:29:44,839 [INFO] Lectura BMP390
2025-06-03 16:29:45,018 [INFO] Lectura LTR390
2025-06-03 16:29:45,025 [INFO] Lectura desde ESP32-S3 por serial
2025-06-03 16:29:49,506 [INFO] Lectura datos climáticos NASA
2025-06-03 16:29:49,514 [INFO] Datos JSON preparados para envío
2025-06-03 16:29:50,565 [INFO] Lectura BMP390
2025-06-03 16:29:50,745 [INFO] Lectura LTR390
2025-06-03 16:29:50,753 [INFO] Lectura desde ESP32-S3 por serial
2025-06-03 16:29:54,626 [INFO] Lectura datos climáticos NASA
2025-06-03 16:29:54,629 [INFO] Datos JSON preparados para envío
2025-06-03 16:29:55,681 [INFO] Lectura BMP390
2025-06-03 16:29:55,861 [INFO] Lectura LTR390
2025-06-03 16:29:55,867 [INFO] Lectura desde ESP32-S3 por serial
2025-06-03 16:29:59,432 [INFO] Lectura datos climáticos NASA
2025-06-03 16:29:59,434 [INFO] Datos JSON preparados para envío
2025-06-03 16:30:00,486 [INFO] Lectura BMP390
2025-06-03 16:30:00,669 [INFO] Lectura LTR390
2025-06-03 16:30:00,675 [INFO] Lectura desde ESP32-S3 por serial
2025-06-03 16:30:04,145 [INFO] Lectura datos climáticos NASA
2025-06-03 16:30:04,148 [INFO] Datos JSON preparados para envío
2025-06-03 16:30:05,200 [INFO] Lectura BMP390
2025-06-03 16:30:05,386 [INFO] Lectura LTR390
2025-06-03 16:30:05,392 [INFO] Lectura desde ESP32-S3 por serial
2025-06-03 16:30:09,053 [INFO] Lectura datos climáticos NASA
2025-06-03 16:30:09,054 [INFO] Datos JSON preparados para envío
2025-06-03 16:30:10,109 [INFO] Lectura BMP390
2025-06-03 16:30:10,289 [INFO] Lectura LTR390
2025-06-03 16:30:10,294 [INFO] Lectura desde ESP32-S3 por serial
2025-06-03 16:30:14,785 [INFO] Lectura datos climáticos NASA
2025-06-03 16:30:14,787 [INFO] Datos JSON preparados para envío
2025-06-03 16:30:15,841 [INFO] Lectura BMP390
2025-06-03 16:30:16,023 [INFO] Lectura LTR390
2025-06-03 16:30:16,030 [INFO] Lectura desde ESP32-S3 por serial
2025-06-03 16:30:20,311 [INFO] Lectura datos climáticos NASA
2025-06-03 16:30:20,315 [INFO] Datos JSON preparados para envío
2025-06-03 16:30:21,369 [INFO] Lectura BMP390
2025-06-03 16:30:21,547 [INFO] Lectura LTR390
2025-06-03 16:30:21,553 [INFO] Lectura desde ESP32-S3 por serial
2025-06-03 16:30:25,329 [INFO] Lectura datos climáticos NASA
2025-06-03 16:30:25,332 [INFO] Datos JSON preparados para envío
2025-06-03 16:30:26,384 [INFO] Lectura BMP390
2025-06-03 16:30:26,565 [INFO] Lectura LTR390
2025-06-03 16:30:26,571 [INFO] Lectura desde ESP32-S3 por serial
2025-06-03 16:30:30,443 [INFO] Lectura datos climáticos NASA
2025-06-03 16:30:30,445 [INFO] Datos JSON preparados para envío
2025-06-03 16:30:31,499 [INFO] Lectura BMP390
2025-06-03 16:30:31,677 [INFO] Lectura LTR390
2025-06-03 16:30:31,683 [INFO] Lectura desde ESP32-S3 por serial
2025-06-03 16:30:36,990 [INFO] Lectura datos climáticos NASA
2025-06-03 16:30:36,992 [INFO] Datos JSON preparados para envío
2025-06-03 16:30:38,047 [INFO] Lectura BMP390
2025-06-03 16:30:38,227 [INFO] Lectura LTR390
2025-06-03 16:30:38,235 [INFO] Lectura desde ESP32-S3 por serial
2025-06-03 16:30:41,875 [INFO] Lectura datos climáticos NASA
2025-06-03 16:30:41,878 [INFO] Datos JSON preparados para envío
2025-06-03 16:30:42,931 [INFO] Lectura BMP390
2025-06-03 16:30:43,111 [INFO] Lectura LTR390
2025-06-03 16:30:43,117 [INFO] Lectura desde ESP32-S3 por serial
2025-06-03 16:30:46,714 [INFO] Lectura datos climáticos NASA
2025-06-03 16:30:46,717 [INFO] Datos JSON preparados para envío
2025-06-03 16:30:47,769 [INFO] Lectura BMP390
2025-06-03 16:30:47,954 [INFO] Lectura LTR390
2025-06-03 16:30:47,960 [INFO] Lectura desde ESP32-S3 por serial
2025-06-03 16:30:51,316 [INFO] Lectura datos climáticos NASA
2025-06-03 16:30:51,318 [INFO] Datos JSON preparados para envío
2025-06-03 16:30:52,372 [INFO] Lectura BMP390
2025-06-03 16:30:52,551 [INFO] Lectura LTR390
2025-06-03 16:30:52,557 [INFO] Lectura desde ESP32-S3 por serial
2025-06-03 16:30:56,232 [INFO] Lectura datos climáticos NASA
2025-06-03 16:30:56,235 [INFO] Datos JSON preparados para envío
2025-06-03 16:30:57,290 [INFO] Lectura BMP390
2025-06-03 16:30:57,470 [INFO] Lectura LTR390
2025-06-03 16:30:57,474 [INFO] Lectura desde ESP32-S3 por serial
2025-06-03 16:31:01,549 [INFO] Lectura datos climáticos NASA
2025-06-03 16:31:01,552 [INFO] Datos JSON preparados para envío
2025-06-03 16:31:02,609 [INFO] Lectura BMP390
2025-06-03 16:31:02,790 [INFO] Lectura LTR390
2025-06-03 16:31:02,796 [INFO] Lectura desde ESP32-S3 por serial
2025-06-03 16:31:06,774 [INFO] Lectura datos climáticos NASA
2025-06-03 16:31:06,777 [INFO] Datos JSON preparados para envío
2025-06-03 16:31:07,830 [INFO] Lectura BMP390
2025-06-03 16:31:08,011 [INFO] Lectura LTR390
2025-06-03 16:31:08,017 [INFO] Lectura desde ESP32-S3 por serial
2025-06-03 16:31:11,396 [INFO] Lectura datos climáticos NASA
2025-06-03 16:31:11,398 [INFO] Datos JSON preparados para envío
2025-06-03 16:31:12,450 [INFO] Lectura BMP390
2025-06-03 16:31:12,631 [INFO] Lectura LTR390
2025-06-03 16:31:12,634 [INFO] Lectura desde ESP32-S3 por serial
2025-06-03 16:31:18,442 [INFO] Lectura datos climáticos NASA
2025-06-03 16:31:18,445 [INFO] Datos JSON preparados para envío
2025-06-03 16:31:19,497 [INFO] Lectura BMP390
2025-06-03 16:31:19,676 [INFO] Lectura LTR390
2025-06-03 16:31:19,681 [INFO] Lectura desde ESP32-S3 por serial
2025-06-03 16:31:23,551 [INFO] Lectura datos climáticos NASA
2025-06-03 16:31:23,556 [INFO] Datos JSON preparados para envío
2025-06-03 16:31:24,610 [INFO] Lectura BMP390
2025-06-03 16:31:24,790 [INFO] Lectura LTR390
2025-06-03 16:31:24,797 [INFO] Lectura desde ESP32-S3 por serial
2025-06-03 16:31:29,286 [INFO] Lectura datos climáticos NASA
2025-06-03 16:31:29,293 [INFO] Datos JSON preparados para envío
2025-06-03 16:31:30,345 [INFO] Lectura BMP390
2025-06-03 16:31:30,525 [INFO] Lectura LTR390
2025-06-03 16:31:30,531 [INFO] Lectura desde ESP32-S3 por serial
2025-06-03 16:31:33,888 [INFO] Lectura datos climáticos NASA
2025-06-03 16:31:33,891 [INFO] Datos JSON preparados para envío
2025-06-03 16:31:34,943 [INFO] Lectura BMP390
2025-06-03 16:31:35,123 [INFO] Lectura LTR390
2025-06-03 16:31:35,129 [INFO] Lectura desde ESP32-S3 por serial
2025-06-03 16:31:38,598 [INFO] Lectura datos climáticos NASA
2025-06-03 16:31:38,601 [INFO] Datos JSON preparados para envío
2025-06-03 16:31:39,653 [INFO] Lectura BMP390
2025-06-03 16:31:39,834 [INFO] Lectura LTR390
2025-06-03 16:31:39,841 [INFO] Lectura desde ESP32-S3 por serial
2025-06-03 16:31:44,121 [INFO] Lectura datos climáticos NASA
2025-06-03 16:31:44,124 [INFO] Datos JSON preparados para envío
2025-06-03 16:31:45,173 [INFO] Lectura BMP390
2025-06-03 16:31:45,351 [INFO] Lectura LTR390
2025-06-03 16:31:45,357 [INFO] Lectura desde ESP32-S3 por serial
2025-06-03 16:31:50,056 [INFO] Lectura datos climáticos NASA
2025-06-03 16:31:50,059 [INFO] Datos JSON preparados para envío
2025-06-03 16:31:51,114 [INFO] Lectura BMP390
2025-06-03 16:31:51,293 [INFO] Lectura LTR390
2025-06-03 16:31:51,299 [INFO] Lectura desde ESP32-S3 por serial
2025-06-03 16:31:55,173 [INFO] Lectura datos climáticos NASA
2025-06-03 16:31:55,177 [INFO] Datos JSON preparados para envío
2025-06-03 16:31:56,228 [INFO] Lectura BMP390
2025-06-03 16:31:56,408 [INFO] Lectura LTR390
2025-06-03 16:31:56,412 [INFO] Lectura desde ESP32-S3 por serial
2025-06-03 16:32:00,187 [INFO] Lectura datos climáticos NASA
2025-06-03 16:32:00,190 [INFO] Datos JSON preparados para envío
2025-06-03 16:32:01,245 [INFO] Lectura BMP390
2025-06-03 16:32:01,428 [INFO] Lectura LTR390
2025-06-03 16:32:01,432 [INFO] Lectura desde ESP32-S3 por serial
2025-06-03 16:32:04,894 [INFO] Lectura datos climáticos NASA
2025-06-03 16:32:04,897 [INFO] Datos JSON preparados para envío
2025-06-03 16:32:05,950 [INFO] Lectura BMP390
2025-06-03 16:32:06,130 [INFO] Lectura LTR390
2025-06-03 16:32:06,136 [INFO] Lectura desde ESP32-S3 por serial
2025-06-03 16:32:10,407 [INFO] Lectura datos climáticos NASA
2025-06-03 16:32:10,410 [INFO] Datos JSON preparados para envío
2025-06-03 16:32:11,462 [INFO] Lectura BMP390
2025-06-03 16:32:11,643 [INFO] Lectura LTR390
2025-06-03 16:32:11,649 [INFO] Lectura desde ESP32-S3 por serial
2025-06-03 16:32:15,538 [INFO] Lectura datos climáticos NASA
2025-06-03 16:32:15,541 [INFO] Datos JSON preparados para envío
2025-06-03 16:32:16,591 [INFO] Lectura BMP390
2025-06-03 16:32:16,770 [INFO] Lectura LTR390
2025-06-03 16:32:16,773 [INFO] Lectura desde ESP32-S3 por serial
2025-06-03 16:32:20,447 [INFO] Lectura datos climáticos NASA
2025-06-03 16:32:20,450 [INFO] Datos JSON preparados para envío
2025-06-03 16:32:21,504 [INFO] Lectura BMP390
2025-06-03 16:32:21,686 [INFO] Lectura LTR390
2025-06-03 16:32:21,693 [INFO] Lectura desde ESP32-S3 por serial
2025-06-03 16:32:25,259 [INFO] Lectura datos climáticos NASA
2025-06-03 16:32:25,262 [INFO] Datos JSON preparados para envío
2025-06-03 16:32:26,319 [INFO] Lectura BMP390
2025-06-03 16:32:26,501 [INFO] Lectura LTR390
2025-06-03 16:32:26,506 [INFO] Lectura desde ESP32-S3 por serial
2025-06-03 16:32:31,501 [INFO] Lectura datos climáticos NASA
2025-06-03 16:32:31,504 [INFO] Datos JSON preparados para envío
2025-06-03 16:32:32,555 [INFO] Lectura BMP390
2025-06-03 16:32:32,735 [INFO] Lectura LTR390
2025-06-03 16:32:32,741 [INFO] Lectura desde ESP32-S3 por serial
2025-06-03 16:32:36,412 [INFO] Lectura datos climáticos NASA
2025-06-03 16:32:36,414 [INFO] Datos JSON preparados para envío
2025-06-03 16:32:37,468 [INFO] Lectura BMP390
2025-06-03 16:32:37,647 [INFO] Lectura LTR390
2025-06-03 16:32:37,654 [INFO] Lectura desde ESP32-S3 por serial
2025-06-03 16:32:41,632 [INFO] Lectura datos climáticos NASA
2025-06-03 16:32:41,634 [INFO] Datos JSON preparados para envío
2025-06-03 16:32:42,689 [INFO] Lectura BMP390
2025-06-03 16:32:42,869 [INFO] Lectura LTR390
2025-06-03 16:32:42,877 [INFO] Lectura desde ESP32-S3 por serial
2025-06-03 16:32:47,463 [INFO] Lectura datos climáticos NASA
2025-06-03 16:32:47,465 [INFO] Datos JSON preparados para envío
2025-06-03 16:32:48,520 [INFO] Lectura BMP390
2025-06-03 16:32:48,700 [INFO] Lectura LTR390
2025-06-03 16:32:48,703 [INFO] Lectura desde ESP32-S3 por serial
2025-06-03 16:32:52,283 [INFO] Lectura datos climáticos NASA
2025-06-03 16:32:52,288 [INFO] Datos JSON preparados para envío
2025-06-03 16:32:53,344 [INFO] Lectura BMP390
2025-06-03 16:32:53,526 [INFO] Lectura LTR390
2025-06-03 16:32:53,535 [INFO] Lectura desde ESP32-S3 por serial
2025-06-03 16:32:57,492 [INFO] Lectura datos climáticos NASA
2025-06-03 16:32:57,495 [INFO] Datos JSON preparados para envío
2025-06-03 16:32:58,547 [INFO] Lectura BMP390
2025-06-03 16:32:58,732 [INFO] Lectura LTR390
2025-06-03 16:32:58,738 [INFO] Lectura desde ESP32-S3 por serial
2025-06-03 16:33:03,532 [INFO] Lectura datos climáticos NASA
2025-06-03 16:33:03,535 [INFO] Datos JSON preparados para envío
2025-06-03 16:33:04,586 [INFO] Lectura BMP390
2025-06-03 16:33:04,770 [INFO] Lectura LTR390
2025-06-03 16:33:04,777 [INFO] Lectura desde ESP32-S3 por serial
2025-06-03 16:33:08,648 [INFO] Lectura datos climáticos NASA
2025-06-03 16:33:08,651 [INFO] Datos JSON preparados para envío
2025-06-03 16:33:09,704 [INFO] Lectura BMP390
2025-06-03 16:33:09,887 [INFO] Lectura LTR390
2025-06-03 16:33:09,892 [INFO] Lectura desde ESP32-S3 por serial
2025-06-03 16:33:14,279 [INFO] Lectura datos climáticos NASA
2025-06-03 16:33:14,282 [INFO] Datos JSON preparados para envío
2025-06-03 16:33:15,337 [INFO] Lectura BMP390
2025-06-03 16:33:15,517 [INFO] Lectura LTR390
2025-06-03 16:33:15,522 [INFO] Lectura desde ESP32-S3 por serial
2025-06-03 16:33:19,801 [INFO] Lectura datos climáticos NASA
2025-06-03 16:33:19,805 [INFO] Datos JSON preparados para envío
2025-06-03 16:33:20,855 [INFO] Lectura BMP390
2025-06-03 16:33:21,032 [INFO] Lectura LTR390
2025-06-03 16:33:21,035 [INFO] Lectura desde ESP32-S3 por serial
2025-06-03 16:33:25,124 [INFO] Lectura datos climáticos NASA
2025-06-03 16:33:25,127 [INFO] Datos JSON preparados para envío
2025-06-03 16:33:26,178 [INFO] Lectura BMP390
2025-06-03 16:33:26,358 [INFO] Lectura LTR390
2025-06-03 16:33:26,363 [INFO] Lectura desde ESP32-S3 por serial
2025-06-03 16:33:30,956 [INFO] Lectura datos climáticos NASA
2025-06-03 16:33:30,959 [INFO] Datos JSON preparados para envío
2025-06-03 16:33:32,013 [INFO] Lectura BMP390
2025-06-03 16:33:32,195 [INFO] Lectura LTR390
2025-06-03 16:33:32,197 [INFO] Lectura desde ESP32-S3 por serial
2025-06-03 16:33:35,356 [INFO] Lectura datos climáticos NASA
2025-06-03 16:33:35,359 [INFO] Datos JSON preparados para envío
2025-06-03 16:33:36,411 [INFO] Lectura BMP390
2025-06-03 16:33:36,590 [INFO] Lectura LTR390
2025-06-03 16:33:36,596 [INFO] Lectura desde ESP32-S3 por serial
2025-06-03 16:33:39,860 [INFO] Lectura datos climáticos NASA
2025-06-03 16:33:39,863 [INFO] Datos JSON preparados para envío
2025-06-03 16:33:40,916 [INFO] Lectura BMP390
2025-06-03 16:33:41,102 [INFO] Lectura LTR390
2025-06-03 16:33:41,108 [INFO] Lectura desde ESP32-S3 por serial
2025-06-03 16:33:45,078 [INFO] Lectura datos climáticos NASA
2025-06-03 16:33:45,081 [INFO] Datos JSON preparados para envío
2025-06-03 16:33:46,134 [INFO] Lectura BMP390
2025-06-03 16:33:46,316 [INFO] Lectura LTR390
2025-06-03 16:33:46,322 [INFO] Lectura desde ESP32-S3 por serial
2025-06-03 16:33:50,406 [INFO] Lectura datos climáticos NASA
2025-06-03 16:33:50,409 [INFO] Datos JSON preparados para envío
2025-06-03 16:33:51,461 [INFO] Lectura BMP390
2025-06-03 16:33:51,641 [INFO] Lectura LTR390
2025-06-03 16:33:51,647 [INFO] Lectura desde ESP32-S3 por serial
2025-06-03 16:33:54,800 [INFO] Lectura datos climáticos NASA
2025-06-03 16:33:54,805 [INFO] Datos JSON preparados para envío
2025-06-03 16:33:55,863 [INFO] Lectura BMP390
2025-06-03 16:33:56,044 [INFO] Lectura LTR390
2025-06-03 16:33:56,050 [INFO] Lectura desde ESP32-S3 por serial
2025-06-03 16:34:00,635 [INFO] Lectura datos climáticos NASA
2025-06-03 16:34:00,638 [INFO] Datos JSON preparados para envío
2025-06-03 16:34:01,690 [INFO] Lectura BMP390
2025-06-03 16:34:01,871 [INFO] Lectura LTR390
2025-06-03 16:34:01,877 [INFO] Lectura desde ESP32-S3 por serial
2025-06-03 16:34:05,583 [INFO] Lectura datos climáticos NASA
2025-06-03 16:34:05,586 [INFO] Datos JSON preparados para envío
2025-06-03 16:34:06,638 [INFO] Lectura BMP390
2025-06-03 16:34:06,820 [INFO] Lectura LTR390
2025-06-03 16:34:06,826 [INFO] Lectura desde ESP32-S3 por serial
2025-06-03 16:34:10,457 [INFO] Lectura datos climáticos NASA
2025-06-03 16:34:10,460 [INFO] Datos JSON preparados para envío
2025-06-03 16:34:11,510 [INFO] Lectura BMP390
2025-06-03 16:34:11,694 [INFO] Lectura LTR390
2025-06-03 16:34:11,700 [INFO] Lectura desde ESP32-S3 por serial
2025-06-03 16:34:16,802 [INFO] Lectura datos climáticos NASA
2025-06-03 16:34:16,805 [INFO] Datos JSON preparados para envío
2025-06-03 16:34:17,863 [INFO] Lectura BMP390
2025-06-03 16:34:18,043 [INFO] Lectura LTR390
2025-06-03 16:34:18,049 [INFO] Lectura desde ESP32-S3 por serial
2025-06-03 16:34:21,408 [INFO] Lectura datos climáticos NASA
2025-06-03 16:34:21,410 [INFO] Datos JSON preparados para envío
2025-06-03 16:34:22,462 [INFO] Lectura BMP390
2025-06-03 16:34:22,642 [INFO] Lectura LTR390
2025-06-03 16:34:22,648 [INFO] Lectura desde ESP32-S3 por serial
2025-06-03 16:34:26,319 [INFO] Lectura datos climáticos NASA
2025-06-03 16:34:26,322 [INFO] Datos JSON preparados para envío
2025-06-03 16:34:27,375 [INFO] Lectura BMP390
2025-06-03 16:34:27,555 [INFO] Lectura LTR390
2025-06-03 16:34:27,560 [INFO] Lectura desde ESP32-S3 por serial
2025-06-03 16:34:31,333 [INFO] Lectura datos climáticos NASA
2025-06-03 16:34:31,336 [INFO] Datos JSON preparados para envío
2025-06-03 16:34:32,389 [INFO] Lectura BMP390
2025-06-03 16:34:32,572 [INFO] Lectura LTR390
2025-06-03 16:34:32,577 [INFO] Lectura desde ESP32-S3 por serial
2025-06-03 16:34:36,346 [INFO] Lectura datos climáticos NASA
2025-06-03 16:34:36,348 [INFO] Datos JSON preparados para envío
2025-06-03 16:34:37,401 [INFO] Lectura BMP390
2025-06-03 16:34:37,580 [INFO] Lectura LTR390
2025-06-03 16:34:37,585 [INFO] Lectura desde ESP32-S3 por serial
2025-06-03 16:34:40,645 [INFO] Lectura datos climáticos NASA
2025-06-03 16:34:40,648 [INFO] Datos JSON preparados para envío
2025-06-03 16:34:41,702 [INFO] Lectura BMP390
2025-06-03 16:34:41,881 [INFO] Lectura LTR390
2025-06-03 16:34:41,887 [INFO] Lectura desde ESP32-S3 por serial
2025-06-03 16:34:46,074 [INFO] Lectura datos climáticos NASA
2025-06-03 16:34:46,077 [INFO] Datos JSON preparados para envío
2025-06-03 16:34:47,133 [INFO] Lectura BMP390
2025-06-03 16:34:47,313 [INFO] Lectura LTR390
2025-06-03 16:34:47,324 [INFO] Lectura desde ESP32-S3 por serial
2025-06-03 16:34:51,290 [INFO] Lectura datos climáticos NASA
2025-06-03 16:34:51,293 [INFO] Datos JSON preparados para envío
2025-06-03 16:34:52,346 [INFO] Lectura BMP390
2025-06-03 16:34:52,525 [INFO] Lectura LTR390
2025-06-03 16:34:52,531 [INFO] Lectura desde ESP32-S3 por serial
2025-06-03 16:34:56,504 [INFO] Lectura datos climáticos NASA
2025-06-03 16:34:56,506 [INFO] Datos JSON preparados para envío
2025-06-03 16:34:57,557 [INFO] Lectura BMP390
2025-06-03 16:34:57,736 [INFO] Lectura LTR390
2025-06-03 16:34:57,744 [INFO] Lectura desde ESP32-S3 por serial
2025-06-03 16:35:01,216 [INFO] Lectura datos climáticos NASA
2025-06-03 16:35:01,221 [INFO] Datos JSON preparados para envío
2025-06-03 16:35:02,273 [INFO] Lectura BMP390
2025-06-03 16:35:02,452 [INFO] Lectura LTR390
2025-06-03 16:35:02,458 [INFO] Lectura desde ESP32-S3 por serial
2025-06-03 16:35:06,845 [INFO] Lectura datos climáticos NASA
2025-06-03 16:35:06,848 [INFO] Datos JSON preparados para envío
2025-06-03 16:35:07,898 [INFO] Lectura BMP390
2025-06-03 16:35:08,075 [INFO] Lectura LTR390
2025-06-03 16:35:08,079 [INFO] Lectura desde ESP32-S3 por serial
2025-06-03 16:35:12,267 [INFO] Lectura datos climáticos NASA
2025-06-03 16:35:12,269 [INFO] Datos JSON preparados para envío
2025-06-03 16:35:13,322 [INFO] Lectura BMP390
2025-06-03 16:35:13,507 [INFO] Lectura LTR390
2025-06-03 16:35:13,513 [INFO] Lectura desde ESP32-S3 por serial
2025-06-03 16:35:17,390 [INFO] Lectura datos climáticos NASA
2025-06-03 16:35:17,393 [INFO] Datos JSON preparados para envío
2025-06-03 16:35:18,445 [INFO] Lectura BMP390
2025-06-03 16:35:18,624 [INFO] Lectura LTR390
2025-06-03 16:35:18,630 [INFO] Lectura desde ESP32-S3 por serial
2025-06-03 16:35:22,093 [INFO] Lectura datos climáticos NASA
2025-06-03 16:35:22,095 [INFO] Datos JSON preparados para envío
2025-06-03 16:35:23,148 [INFO] Lectura BMP390
2025-06-03 16:35:23,331 [INFO] Lectura LTR390
2025-06-03 16:35:23,337 [INFO] Lectura desde ESP32-S3 por serial
2025-06-03 16:35:27,005 [INFO] Lectura datos climáticos NASA
2025-06-03 16:35:27,008 [INFO] Datos JSON preparados para envío
2025-06-03 16:35:28,063 [INFO] Lectura BMP390
2025-06-03 16:35:28,243 [INFO] Lectura LTR390
2025-06-03 16:35:28,249 [INFO] Lectura desde ESP32-S3 por serial
2025-06-03 16:35:31,761 [INFO] Lectura datos climáticos NASA
2025-06-03 16:35:31,764 [INFO] Datos JSON preparados para envío
2025-06-03 16:35:32,823 [INFO] Lectura BMP390
2025-06-03 16:35:33,004 [INFO] Lectura LTR390
2025-06-03 16:35:33,011 [INFO] Lectura desde ESP32-S3 por serial
2025-06-03 16:35:37,442 [INFO] Lectura datos climáticos NASA
2025-06-03 16:35:37,446 [INFO] Datos JSON preparados para envío
2025-06-03 16:35:38,496 [INFO] Lectura BMP390
2025-06-03 16:35:38,677 [INFO] Lectura LTR390
2025-06-03 16:35:38,683 [INFO] Lectura desde ESP32-S3 por serial
2025-06-03 16:35:42,358 [INFO] Lectura datos climáticos NASA
2025-06-03 16:35:42,361 [INFO] Datos JSON preparados para envío
2025-06-03 16:35:43,413 [INFO] Lectura BMP390
2025-06-03 16:35:43,591 [INFO] Lectura LTR390
2025-06-03 16:35:43,597 [INFO] Lectura desde ESP32-S3 por serial
2025-06-03 16:35:46,856 [INFO] Lectura datos climáticos NASA
2025-06-03 16:35:46,859 [INFO] Datos JSON preparados para envío
2025-06-03 16:35:47,912 [INFO] Lectura BMP390
2025-06-03 16:35:48,092 [INFO] Lectura LTR390
2025-06-03 16:35:48,098 [INFO] Lectura desde ESP32-S3 por serial
2025-06-03 16:35:51,973 [INFO] Lectura datos climáticos NASA
2025-06-03 16:35:51,976 [INFO] Datos JSON preparados para envío
2025-06-03 16:35:53,032 [INFO] Lectura BMP390
2025-06-03 16:35:53,215 [INFO] Lectura LTR390
2025-06-03 16:35:53,224 [INFO] Lectura desde ESP32-S3 por serial
2025-06-03 16:35:57,093 [INFO] Lectura datos climáticos NASA
2025-06-03 16:35:57,097 [INFO] Datos JSON preparados para envío
2025-06-03 16:35:58,149 [INFO] Lectura BMP390
2025-06-03 16:35:58,330 [INFO] Lectura LTR390
2025-06-03 16:35:58,337 [INFO] Lectura desde ESP32-S3 por serial
2025-06-03 16:36:03,031 [INFO] Lectura datos climáticos NASA
2025-06-03 16:36:03,034 [INFO] Datos JSON preparados para envío
2025-06-03 16:36:04,085 [INFO] Lectura BMP390
2025-06-03 16:36:04,265 [INFO] Lectura LTR390
2025-06-03 16:36:04,272 [INFO] Lectura desde ESP32-S3 por serial
2025-06-03 16:36:08,550 [INFO] Lectura datos climáticos NASA
2025-06-03 16:36:08,553 [INFO] Datos JSON preparados para envío
2025-06-03 16:36:09,606 [INFO] Lectura BMP390
2025-06-03 16:36:09,786 [INFO] Lectura LTR390
2025-06-03 16:36:09,793 [INFO] Lectura desde ESP32-S3 por serial
2025-06-03 16:36:13,871 [INFO] Lectura datos climáticos NASA
2025-06-03 16:36:13,874 [INFO] Datos JSON preparados para envío
2025-06-03 16:36:14,930 [INFO] Lectura BMP390
2025-06-03 16:36:15,112 [INFO] Lectura LTR390
2025-06-03 16:36:15,118 [INFO] Lectura desde ESP32-S3 por serial
2025-06-03 16:36:18,785 [INFO] Lectura datos climáticos NASA
2025-06-03 16:36:18,788 [INFO] Datos JSON preparados para envío
2025-06-03 16:36:19,840 [INFO] Lectura BMP390
2025-06-03 16:36:20,024 [INFO] Lectura LTR390
2025-06-03 16:36:20,030 [INFO] Lectura desde ESP32-S3 por serial
2025-06-03 16:36:23,798 [INFO] Lectura datos climáticos NASA
2025-06-03 16:36:23,801 [INFO] Datos JSON preparados para envío
2025-06-03 16:36:24,855 [INFO] Lectura BMP390
2025-06-03 16:36:25,036 [INFO] Lectura LTR390
2025-06-03 16:36:25,043 [INFO] Lectura desde ESP32-S3 por serial
2025-06-03 16:36:28,506 [INFO] Lectura datos climáticos NASA
2025-06-03 16:36:28,508 [INFO] Datos JSON preparados para envío
2025-06-03 16:36:29,562 [INFO] Lectura BMP390
2025-06-03 16:36:29,744 [INFO] Lectura LTR390
2025-06-03 16:36:29,750 [INFO] Lectura desde ESP32-S3 por serial
2025-06-03 16:36:33,724 [INFO] Lectura datos climáticos NASA
2025-06-03 16:36:33,727 [INFO] Datos JSON preparados para envío
2025-06-03 16:36:34,781 [INFO] Lectura BMP390
2025-06-03 16:36:34,962 [INFO] Lectura LTR390
2025-06-03 16:36:34,968 [INFO] Lectura desde ESP32-S3 por serial
2025-06-03 16:36:38,942 [INFO] Lectura datos climáticos NASA
2025-06-03 16:36:38,945 [INFO] Datos JSON preparados para envío
2025-06-03 16:36:40,001 [INFO] Lectura BMP390
2025-06-03 16:36:40,182 [INFO] Lectura LTR390
2025-06-03 16:36:40,188 [INFO] Lectura desde ESP32-S3 por serial
2025-06-03 16:36:44,879 [INFO] Lectura datos climáticos NASA
2025-06-03 16:36:44,882 [INFO] Datos JSON preparados para envío
2025-06-03 16:36:45,938 [INFO] Lectura BMP390
2025-06-03 16:36:46,117 [INFO] Lectura LTR390
2025-06-03 16:36:46,124 [INFO] Lectura desde ESP32-S3 por serial
2025-06-03 16:36:49,790 [INFO] Lectura datos climáticos NASA
2025-06-03 16:36:49,793 [INFO] Datos JSON preparados para envío
2025-06-03 16:36:50,846 [INFO] Lectura BMP390
2025-06-03 16:36:51,026 [INFO] Lectura LTR390
2025-06-03 16:36:51,032 [INFO] Lectura desde ESP32-S3 por serial
2025-06-03 16:36:56,137 [INFO] Lectura datos climáticos NASA
2025-06-03 16:36:56,140 [INFO] Datos JSON preparados para envío
2025-06-03 16:36:57,193 [INFO] Lectura BMP390
2025-06-03 16:36:57,373 [INFO] Lectura LTR390
2025-06-03 16:36:57,377 [INFO] Lectura desde ESP32-S3 por serial
2025-06-03 16:37:01,866 [INFO] Lectura datos climáticos NASA
2025-06-03 16:37:01,869 [INFO] Datos JSON preparados para envío
2025-06-03 16:37:02,922 [INFO] Lectura BMP390
2025-06-03 16:37:03,104 [INFO] Lectura LTR390
2025-06-03 16:37:03,110 [INFO] Lectura desde ESP32-S3 por serial
2025-06-03 16:37:06,781 [INFO] Lectura datos climáticos NASA
2025-06-03 16:37:06,784 [INFO] Datos JSON preparados para envío
2025-06-03 16:37:07,836 [INFO] Lectura BMP390
2025-06-03 16:37:08,015 [INFO] Lectura LTR390
2025-06-03 16:37:08,021 [INFO] Lectura desde ESP32-S3 por serial
2025-06-03 16:37:11,897 [INFO] Lectura datos climáticos NASA
2025-06-03 16:37:11,900 [INFO] Datos JSON preparados para envío
2025-06-03 16:37:12,953 [INFO] Lectura BMP390
2025-06-03 16:37:13,132 [INFO] Lectura LTR390
2025-06-03 16:37:13,139 [INFO] Lectura desde ESP32-S3 por serial
2025-06-03 16:37:17,224 [INFO] Lectura datos climáticos NASA
2025-06-03 16:37:17,227 [INFO] Datos JSON preparados para envío
2025-06-03 16:37:18,286 [INFO] Lectura BMP390
2025-06-03 16:37:18,465 [INFO] Lectura LTR390
2025-06-03 16:37:18,470 [INFO] Lectura desde ESP32-S3 por serial
2025-06-03 16:37:22,443 [INFO] Lectura datos climáticos NASA
2025-06-03 16:37:22,445 [INFO] Datos JSON preparados para envío
2025-06-03 16:37:23,498 [INFO] Lectura BMP390
2025-06-03 16:37:23,681 [INFO] Lectura LTR390
2025-06-03 16:37:23,688 [INFO] Lectura desde ESP32-S3 por serial
2025-06-03 16:37:27,068 [INFO] Lectura datos climáticos NASA
2025-06-03 16:37:27,071 [INFO] Datos JSON preparados para envío
2025-06-03 16:37:28,126 [INFO] Lectura BMP390
2025-06-03 16:37:28,307 [INFO] Lectura LTR390
2025-06-03 16:37:28,317 [INFO] Lectura desde ESP32-S3 por serial
2025-06-03 16:37:32,157 [INFO] Lectura datos climáticos NASA
2025-06-03 16:37:32,160 [INFO] Datos JSON preparados para envío
2025-06-03 16:37:33,213 [INFO] Lectura BMP390
2025-06-03 16:37:33,393 [INFO] Lectura LTR390
2025-06-03 16:37:33,399 [INFO] Lectura desde ESP32-S3 por serial
2025-06-03 16:37:37,591 [INFO] Lectura datos climáticos NASA
2025-06-03 16:37:37,593 [INFO] Datos JSON preparados para envío
2025-06-03 16:37:38,650 [INFO] Lectura BMP390
2025-06-03 16:37:38,831 [INFO] Lectura LTR390
2025-06-03 16:37:38,837 [INFO] Lectura desde ESP32-S3 por serial
2025-06-03 16:37:43,421 [INFO] Lectura datos climáticos NASA
2025-06-03 16:37:43,424 [INFO] Datos JSON preparados para envío
2025-06-03 16:37:44,477 [INFO] Lectura BMP390
2025-06-03 16:37:44,660 [INFO] Lectura LTR390
2025-06-03 16:37:44,666 [INFO] Lectura desde ESP32-S3 por serial
2025-06-03 16:37:49,247 [INFO] Lectura datos climáticos NASA
2025-06-03 16:37:49,250 [INFO] Datos JSON preparados para envío
2025-06-03 16:37:50,305 [INFO] Lectura BMP390
2025-06-03 16:37:50,487 [INFO] Lectura LTR390
2025-06-03 16:37:50,493 [INFO] Lectura desde ESP32-S3 por serial
2025-06-03 16:37:54,073 [INFO] Lectura datos climáticos NASA
2025-06-03 16:37:54,075 [INFO] Datos JSON preparados para envío
2025-06-03 16:37:55,128 [INFO] Lectura BMP390
2025-06-03 16:37:55,308 [INFO] Lectura LTR390
2025-06-03 16:37:55,315 [INFO] Lectura desde ESP32-S3 por serial
2025-06-03 16:37:59,076 [INFO] Lectura datos climáticos NASA
2025-06-03 16:37:59,079 [INFO] Datos JSON preparados para envío
2025-06-03 16:38:00,137 [INFO] Lectura BMP390
2025-06-03 16:38:00,317 [INFO] Lectura LTR390
2025-06-03 16:38:00,325 [INFO] Lectura desde ESP32-S3 por serial
2025-06-03 16:38:04,087 [INFO] Lectura datos climáticos NASA
2025-06-03 16:38:04,090 [INFO] Datos JSON preparados para envío
2025-06-03 16:38:05,144 [INFO] Lectura BMP390
2025-06-03 16:38:05,326 [INFO] Lectura LTR390
2025-06-03 16:38:05,334 [INFO] Lectura desde ESP32-S3 por serial
2025-06-03 16:38:08,788 [INFO] Lectura datos climáticos NASA
2025-06-03 16:38:08,789 [INFO] Datos JSON preparados para envío
2025-06-03 16:38:09,843 [INFO] Lectura BMP390
2025-06-03 16:38:10,023 [INFO] Lectura LTR390
2025-06-03 16:38:10,029 [INFO] Lectura desde ESP32-S3 por serial
2025-06-03 16:38:14,014 [INFO] Lectura datos climáticos NASA
2025-06-03 16:38:14,016 [INFO] Datos JSON preparados para envío
2025-06-03 16:38:15,069 [INFO] Lectura BMP390
2025-06-03 16:38:15,251 [INFO] Lectura LTR390
2025-06-03 16:38:15,258 [INFO] Lectura desde ESP32-S3 por serial
2025-06-03 16:38:19,524 [INFO] Lectura datos climáticos NASA
2025-06-03 16:38:19,526 [INFO] Datos JSON preparados para envío
2025-06-03 16:38:20,580 [INFO] Lectura BMP390
2025-06-03 16:38:20,764 [INFO] Lectura LTR390
2025-06-03 16:38:20,770 [INFO] Lectura desde ESP32-S3 por serial
2025-06-03 16:38:25,063 [INFO] Lectura datos climáticos NASA
2025-06-03 16:38:25,066 [INFO] Datos JSON preparados para envío
2025-06-03 16:38:26,122 [INFO] Lectura BMP390
2025-06-03 16:38:26,302 [INFO] Lectura LTR390
2025-06-03 16:38:26,310 [INFO] Lectura desde ESP32-S3 por serial
2025-06-03 16:38:30,485 [INFO] Lectura datos climáticos NASA
2025-06-03 16:38:30,487 [INFO] Datos JSON preparados para envío
2025-06-03 16:38:31,538 [INFO] Lectura BMP390
2025-06-03 16:38:31,724 [INFO] Lectura LTR390
2025-06-03 16:38:31,730 [INFO] Lectura desde ESP32-S3 por serial
2025-06-03 16:38:35,499 [INFO] Lectura datos climáticos NASA
2025-06-03 16:38:35,501 [INFO] Datos JSON preparados para envío
2025-06-03 16:38:36,552 [INFO] Lectura BMP390
2025-06-03 16:38:36,727 [INFO] Lectura LTR390
2025-06-03 16:38:36,730 [INFO] Lectura desde ESP32-S3 por serial
2025-06-03 16:38:40,512 [INFO] Lectura datos climáticos NASA
2025-06-03 16:38:40,514 [INFO] Datos JSON preparados para envío
2025-06-03 16:38:41,570 [INFO] Lectura BMP390
2025-06-03 16:38:41,753 [INFO] Lectura LTR390
2025-06-03 16:38:41,759 [INFO] Lectura desde ESP32-S3 por serial
2025-06-03 16:38:45,426 [INFO] Lectura datos climáticos NASA
2025-06-03 16:38:45,429 [INFO] Datos JSON preparados para envío
2025-06-03 16:38:46,481 [INFO] Lectura BMP390
2025-06-03 16:38:46,660 [INFO] Lectura LTR390
2025-06-03 16:38:46,666 [INFO] Lectura desde ESP32-S3 por serial
2025-06-03 16:38:50,543 [INFO] Lectura datos climáticos NASA
2025-06-03 16:38:50,545 [INFO] Datos JSON preparados para envío
2025-06-03 16:38:51,596 [INFO] Lectura BMP390
2025-06-03 16:38:51,777 [INFO] Lectura LTR390
2025-06-03 16:38:51,780 [INFO] Lectura desde ESP32-S3 por serial
2025-06-03 16:38:55,471 [INFO] Lectura datos climáticos NASA
2025-06-03 16:38:55,473 [INFO] Datos JSON preparados para envío
2025-06-03 16:38:56,526 [INFO] Lectura BMP390
2025-06-03 16:38:56,706 [INFO] Lectura LTR390
2025-06-03 16:38:56,712 [INFO] Lectura desde ESP32-S3 por serial
2025-06-03 16:39:00,985 [INFO] Lectura datos climáticos NASA
2025-06-03 16:39:00,987 [INFO] Datos JSON preparados para envío
2025-06-03 16:39:02,042 [INFO] Lectura BMP390
2025-06-03 16:39:02,223 [INFO] Lectura LTR390
2025-06-03 16:39:02,228 [INFO] Lectura desde ESP32-S3 por serial
2025-06-03 16:39:06,304 [INFO] Lectura datos climáticos NASA
2025-06-03 16:39:06,306 [INFO] Datos JSON preparados para envío
2025-06-03 16:39:07,360 [INFO] Lectura BMP390
2025-06-03 16:39:07,539 [INFO] Lectura LTR390
2025-06-03 16:39:07,545 [INFO] Lectura desde ESP32-S3 por serial
2025-06-03 16:39:11,624 [INFO] Lectura datos climáticos NASA
2025-06-03 16:39:11,626 [INFO] Datos JSON preparados para envío
2025-06-03 16:39:12,678 [INFO] Lectura BMP390
2025-06-03 16:39:12,855 [INFO] Lectura LTR390
2025-06-03 16:39:12,860 [INFO] Lectura desde ESP32-S3 por serial
2025-06-03 16:39:16,742 [INFO] Lectura datos climáticos NASA
2025-06-03 16:39:16,745 [INFO] Datos JSON preparados para envío
2025-06-03 16:39:17,797 [INFO] Lectura BMP390
2025-06-03 16:39:17,979 [INFO] Lectura LTR390
2025-06-03 16:39:17,985 [INFO] Lectura desde ESP32-S3 por serial
2025-06-03 16:39:21,653 [INFO] Lectura datos climáticos NASA
2025-06-03 16:39:21,656 [INFO] Datos JSON preparados para envío
2025-06-03 16:39:22,709 [INFO] Lectura BMP390
2025-06-03 16:39:22,889 [INFO] Lectura LTR390
2025-06-03 16:39:22,895 [INFO] Lectura desde ESP32-S3 por serial
2025-06-03 16:39:26,667 [INFO] Lectura datos climáticos NASA
2025-06-03 16:39:26,671 [INFO] Datos JSON preparados para envío
2025-06-03 16:39:27,723 [INFO] Lectura BMP390
2025-06-03 16:39:27,904 [INFO] Lectura LTR390
2025-06-03 16:39:27,910 [INFO] Lectura desde ESP32-S3 por serial
2025-06-03 16:39:31,886 [INFO] Lectura datos climáticos NASA
2025-06-03 16:39:31,889 [INFO] Datos JSON preparados para envío
2025-06-03 16:39:32,942 [INFO] Lectura BMP390
2025-06-03 16:39:33,121 [INFO] Lectura LTR390
2025-06-03 16:39:33,128 [INFO] Lectura desde ESP32-S3 por serial
2025-06-03 16:39:37,627 [INFO] Lectura datos climáticos NASA
2025-06-03 16:39:37,630 [INFO] Datos JSON preparados para envío
2025-06-03 16:39:38,683 [INFO] Lectura BMP390
2025-06-03 16:39:38,862 [INFO] Lectura LTR390
2025-06-03 16:39:38,868 [INFO] Lectura desde ESP32-S3 por serial
2025-06-03 16:39:42,427 [INFO] Lectura datos climáticos NASA
2025-06-03 16:39:42,429 [INFO] Datos JSON preparados para envío
2025-06-03 16:39:43,481 [INFO] Lectura BMP390
2025-06-03 16:39:43,660 [INFO] Lectura LTR390
2025-06-03 16:39:43,666 [INFO] Lectura desde ESP32-S3 por serial
2025-06-03 16:39:47,135 [INFO] Lectura datos climáticos NASA
2025-06-03 16:39:47,138 [INFO] Datos JSON preparados para envío
2025-06-03 16:39:48,191 [INFO] Lectura BMP390
2025-06-03 16:39:48,373 [INFO] Lectura LTR390
2025-06-03 16:39:48,378 [INFO] Lectura desde ESP32-S3 por serial
2025-06-03 16:39:52,610 [INFO] Lectura datos climáticos NASA
2025-06-03 16:39:52,613 [INFO] Datos JSON preparados para envío
2025-06-03 16:39:53,666 [INFO] Lectura BMP390
2025-06-03 16:39:53,846 [INFO] Lectura LTR390
2025-06-03 16:39:53,852 [INFO] Lectura desde ESP32-S3 por serial
2025-06-03 16:39:57,163 [INFO] Lectura datos climáticos NASA
2025-06-03 16:39:57,165 [INFO] Datos JSON preparados para envío
2025-06-03 16:39:58,218 [INFO] Lectura BMP390
2025-06-03 16:39:58,397 [INFO] Lectura LTR390
2025-06-03 16:39:58,402 [INFO] Lectura desde ESP32-S3 por serial
2025-06-03 16:40:03,406 [INFO] Lectura datos climáticos NASA
2025-06-03 16:40:03,408 [INFO] Datos JSON preparados para envío
2025-06-03 16:40:04,462 [INFO] Lectura BMP390
2025-06-03 16:40:04,643 [INFO] Lectura LTR390
2025-06-03 16:40:04,650 [INFO] Lectura desde ESP32-S3 por serial
2025-06-03 16:40:08,931 [INFO] Lectura datos climáticos NASA
2025-06-03 16:40:08,934 [INFO] Datos JSON preparados para envío
2025-06-03 16:40:09,987 [INFO] Lectura BMP390
2025-06-03 16:40:10,169 [INFO] Lectura LTR390
2025-06-03 16:40:10,177 [INFO] Lectura desde ESP32-S3 por serial
2025-06-03 16:40:14,456 [INFO] Lectura datos climáticos NASA
2025-06-03 16:40:14,460 [INFO] Datos JSON preparados para envío
2025-06-03 16:40:15,511 [INFO] Lectura BMP390
2025-06-03 16:40:15,695 [INFO] Lectura LTR390
2025-06-03 16:40:15,702 [INFO] Lectura desde ESP32-S3 por serial
2025-06-03 16:40:20,189 [INFO] Lectura datos climáticos NASA
2025-06-03 16:40:20,192 [INFO] Datos JSON preparados para envío
2025-06-03 16:40:21,243 [INFO] Lectura BMP390
2025-06-03 16:40:21,425 [INFO] Lectura LTR390
2025-06-03 16:40:21,430 [INFO] Lectura desde ESP32-S3 por serial
2025-06-03 16:40:25,203 [INFO] Lectura datos climáticos NASA
2025-06-03 16:40:25,206 [INFO] Datos JSON preparados para envío
2025-06-03 16:40:26,259 [INFO] Lectura BMP390
2025-06-03 16:40:26,441 [INFO] Lectura LTR390
2025-06-03 16:40:26,445 [INFO] Lectura desde ESP32-S3 por serial
2025-06-03 16:40:30,836 [INFO] Lectura datos climáticos NASA
2025-06-03 16:40:30,839 [INFO] Datos JSON preparados para envío
2025-06-03 16:40:31,893 [INFO] Lectura BMP390
2025-06-03 16:40:32,077 [INFO] Lectura LTR390
2025-06-03 16:40:32,083 [INFO] Lectura desde ESP32-S3 por serial
2025-06-03 16:40:35,543 [INFO] Lectura datos climáticos NASA
2025-06-03 16:40:35,546 [INFO] Datos JSON preparados para envío
2025-06-03 16:40:36,600 [INFO] Lectura BMP390
2025-06-03 16:40:36,775 [INFO] Lectura LTR390
2025-06-03 16:40:36,778 [INFO] Lectura desde ESP32-S3 por serial
2025-06-03 16:40:40,554 [INFO] Lectura datos climáticos NASA
2025-06-03 16:40:40,558 [INFO] Datos JSON preparados para envío
2025-06-03 16:40:41,607 [INFO] Lectura BMP390
2025-06-03 16:40:41,785 [INFO] Lectura LTR390
2025-06-03 16:40:41,787 [INFO] Lectura desde ESP32-S3 por serial
2025-06-03 16:40:45,463 [INFO] Lectura datos climáticos NASA
2025-06-03 16:40:45,465 [INFO] Datos JSON preparados para envío
2025-06-03 16:40:46,517 [INFO] Lectura BMP390
2025-06-03 16:40:46,696 [INFO] Lectura LTR390
2025-06-03 16:40:46,702 [INFO] Lectura desde ESP32-S3 por serial
2025-06-03 16:40:50,235 [INFO] Lectura datos climáticos NASA
2025-06-03 16:40:50,237 [INFO] Datos JSON preparados para envío
2025-06-03 16:40:51,289 [INFO] Lectura BMP390
2025-06-03 16:40:51,470 [INFO] Lectura LTR390
2025-06-03 16:40:51,476 [INFO] Lectura desde ESP32-S3 por serial
2025-06-03 16:40:55,699 [INFO] Lectura datos climáticos NASA
2025-06-03 16:40:55,701 [INFO] Datos JSON preparados para envío
2025-06-03 16:40:56,754 [INFO] Lectura BMP390
2025-06-03 16:40:56,935 [INFO] Lectura LTR390
2025-06-03 16:40:56,942 [INFO] Lectura desde ESP32-S3 por serial
2025-06-03 16:41:00,506 [INFO] Lectura datos climáticos NASA
2025-06-03 16:41:00,510 [INFO] Datos JSON preparados para envío
2025-06-03 16:41:01,563 [INFO] Lectura BMP390
2025-06-03 16:41:01,744 [INFO] Lectura LTR390
2025-06-03 16:41:01,750 [INFO] Lectura desde ESP32-S3 por serial
2025-06-03 16:41:06,036 [INFO] Lectura datos climáticos NASA
2025-06-03 16:41:06,039 [INFO] Datos JSON preparados para envío
2025-06-03 16:41:07,092 [INFO] Lectura BMP390
2025-06-03 16:41:07,272 [INFO] Lectura LTR390
2025-06-03 16:41:07,278 [INFO] Lectura desde ESP32-S3 por serial
2025-06-03 16:41:11,053 [INFO] Lectura datos climáticos NASA
2025-06-03 16:41:11,056 [INFO] Datos JSON preparados para envío
2025-06-03 16:41:12,111 [INFO] Lectura BMP390
2025-06-03 16:41:12,291 [INFO] Lectura LTR390
2025-06-03 16:41:12,296 [INFO] Lectura desde ESP32-S3 por serial
2025-06-03 16:41:16,573 [INFO] Lectura datos climáticos NASA
2025-06-03 16:41:16,575 [INFO] Datos JSON preparados para envío
2025-06-03 16:41:17,630 [INFO] Lectura BMP390
2025-06-03 16:41:17,810 [INFO] Lectura LTR390
2025-06-03 16:41:17,816 [INFO] Lectura desde ESP32-S3 por serial
2025-06-03 16:41:22,304 [INFO] Lectura datos climáticos NASA
2025-06-03 16:41:22,307 [INFO] Datos JSON preparados para envío
2025-06-03 16:41:23,360 [INFO] Lectura BMP390
2025-06-03 16:41:23,541 [INFO] Lectura LTR390
2025-06-03 16:41:23,546 [INFO] Lectura desde ESP32-S3 por serial
2025-06-03 16:41:27,420 [INFO] Lectura datos climáticos NASA
2025-06-03 16:41:27,422 [INFO] Datos JSON preparados para envío
2025-06-03 16:41:28,476 [INFO] Lectura BMP390
2025-06-03 16:41:28,658 [INFO] Lectura LTR390
2025-06-03 16:41:28,665 [INFO] Lectura desde ESP32-S3 por serial
