2025-05-31 01:01:04,625 [INFO] Inicio del sistema
2025-05-31 01:01:05,756 [INFO] Lectura BMP390
2025-05-31 01:01:05,818 [INFO] [31m[1mWARNING: This is a development server. Do not use it in a production deployment. Use a production WSGI server instead.[0m
 * Running on all addresses (0.0.0.0)
 * Running on http://127.0.0.1:8080
 * Running on http://127.0.0.1:8080
2025-05-31 01:01:05,818 [INFO] [33mPress CTRL+C to quit[0m
2025-05-31 01:01:05,980 [INFO] Lectura LTR390
2025-05-31 01:01:06,462 [WARNING] Lectura serial fallida o formato incorrecto
2025-05-31 01:01:06,496 [ERROR] Error al leer datos climáticos NASA
2025-05-31 01:01:06,498 [INFO] Datos JSON preparados para envío
2025-05-31 01:01:07,550 [INFO] Lectura BMP390
2025-05-31 01:01:07,731 [INFO] Lectura LTR390
2025-05-31 01:01:08,640 [INFO] Lectura desde ESP32-S3 por serial
2025-05-31 01:01:12,602 [INFO] Lectura datos climáticos NASA
2025-05-31 01:01:12,604 [INFO] Datos JSON preparados para envío
2025-05-31 01:01:13,656 [INFO] Lectura BMP390
2025-05-31 01:01:13,838 [INFO] Lectura LTR390
2025-05-31 01:01:13,840 [INFO] Lectura desde ESP32-S3 por serial
2025-05-31 01:01:18,184 [INFO] Lectura datos climáticos NASA
2025-05-31 01:01:18,186 [INFO] Datos JSON preparados para envío
2025-05-31 01:01:19,236 [INFO] Lectura BMP390
2025-05-31 01:01:19,416 [INFO] Lectura LTR390
2025-05-31 01:01:19,419 [INFO] Lectura desde ESP32-S3 por serial
2025-05-31 01:01:23,482 [INFO] Lectura datos climáticos NASA
2025-05-31 01:01:23,484 [INFO] Datos JSON preparados para envío
2025-05-31 01:01:24,537 [INFO] Lectura BMP390
2025-05-31 01:01:24,714 [INFO] Lectura LTR390
2025-05-31 01:01:24,716 [INFO] Lectura desde ESP32-S3 por serial
2025-05-31 01:01:27,960 [INFO] Lectura datos climáticos NASA
2025-05-31 01:01:27,961 [INFO] Datos JSON preparados para envío
2025-05-31 01:01:29,012 [INFO] Lectura BMP390
2025-05-31 01:01:29,189 [INFO] Lectura LTR390
2025-05-31 01:01:29,192 [INFO] Lectura desde ESP32-S3 por serial
2025-05-31 01:01:44,072 [INFO] Lectura datos climáticos NASA
2025-05-31 01:01:44,074 [INFO] Datos JSON preparados para envío
2025-05-31 01:01:45,126 [INFO] Lectura BMP390
2025-05-31 01:01:45,303 [INFO] Lectura LTR390
2025-05-31 01:01:45,306 [INFO] Lectura desde ESP32-S3 por serial
2025-05-31 01:01:49,601 [INFO] Lectura datos climáticos NASA
2025-05-31 01:01:49,603 [INFO] Datos JSON preparados para envío
2025-05-31 01:01:50,653 [INFO] Lectura BMP390
2025-05-31 01:01:50,833 [INFO] Lectura LTR390
2025-05-31 01:01:50,836 [INFO] Lectura desde ESP32-S3 por serial
2025-05-31 01:01:55,036 [INFO] Lectura datos climáticos NASA
2025-05-31 01:01:55,038 [INFO] Datos JSON preparados para envío
2025-05-31 01:01:56,087 [INFO] Lectura BMP390
2025-05-31 01:01:56,264 [INFO] Lectura LTR390
2025-05-31 01:01:56,267 [INFO] Lectura desde ESP32-S3 por serial
2025-05-31 01:02:00,045 [INFO] Lectura datos climáticos NASA
2025-05-31 01:02:00,047 [INFO] Datos JSON preparados para envío
2025-05-31 01:02:01,097 [INFO] Lectura BMP390
2025-05-31 01:02:01,276 [INFO] Lectura LTR390
2025-05-31 01:02:01,280 [INFO] Lectura desde ESP32-S3 por serial
2025-05-31 01:02:06,197 [INFO] Lectura datos climáticos NASA
2025-05-31 01:02:06,200 [INFO] Datos JSON preparados para envío
2025-05-31 01:02:07,255 [INFO] Lectura BMP390
2025-05-31 01:02:07,435 [INFO] Lectura LTR390
2025-05-31 01:02:07,440 [INFO] Lectura desde ESP32-S3 por serial
2025-05-31 01:02:11,208 [INFO] Lectura datos climáticos NASA
2025-05-31 01:02:11,210 [INFO] Datos JSON preparados para envío
2025-05-31 01:02:12,261 [INFO] Lectura BMP390
2025-05-31 01:02:12,438 [INFO] Lectura LTR390
2025-05-31 01:02:12,440 [INFO] Lectura desde ESP32-S3 por serial
2025-05-31 01:02:16,332 [INFO] Lectura datos climáticos NASA
2025-05-31 01:02:16,335 [INFO] Datos JSON preparados para envío
2025-05-31 01:02:17,390 [INFO] Lectura BMP390
2025-05-31 01:02:17,571 [INFO] Lectura LTR390
2025-05-31 01:02:17,577 [INFO] Lectura desde ESP32-S3 por serial
2025-05-31 01:02:22,143 [INFO] Lectura datos climáticos NASA
2025-05-31 01:02:22,146 [INFO] Datos JSON preparados para envío
2025-05-31 01:02:23,197 [INFO] Lectura BMP390
2025-05-31 01:02:23,378 [INFO] Lectura LTR390
2025-05-31 01:02:23,384 [INFO] Lectura desde ESP32-S3 por serial
2025-05-31 01:02:27,144 [INFO] Lectura datos climáticos NASA
2025-05-31 01:02:27,147 [INFO] Datos JSON preparados para envío
2025-05-31 01:02:28,200 [INFO] Lectura BMP390
2025-05-31 01:02:28,380 [INFO] Lectura LTR390
2025-05-31 01:02:28,386 [INFO] Lectura desde ESP32-S3 por serial
2025-05-31 01:02:32,204 [INFO] Lectura datos climáticos NASA
2025-05-31 01:02:32,206 [INFO] Datos JSON preparados para envío
2025-05-31 01:02:33,263 [INFO] Lectura BMP390
2025-05-31 01:02:33,447 [INFO] Lectura LTR390
2025-05-31 01:02:33,452 [INFO] Lectura desde ESP32-S3 por serial
2025-05-31 01:02:37,163 [INFO] Lectura datos climáticos NASA
2025-05-31 01:02:37,166 [INFO] Datos JSON preparados para envío
2025-05-31 01:02:38,219 [INFO] Lectura BMP390
2025-05-31 01:02:38,404 [INFO] Lectura LTR390
2025-05-31 01:02:38,410 [INFO] Lectura desde ESP32-S3 por serial
2025-05-31 01:02:42,280 [INFO] Lectura datos climáticos NASA
2025-05-31 01:02:42,285 [INFO] Datos JSON preparados para envío
2025-05-31 01:02:43,338 [INFO] Lectura BMP390
2025-05-31 01:02:43,517 [INFO] Lectura LTR390
2025-05-31 01:02:43,523 [INFO] Lectura desde ESP32-S3 por serial
2025-05-31 01:02:47,290 [INFO] Lectura datos climáticos NASA
2025-05-31 01:02:47,292 [INFO] Datos JSON preparados para envío
2025-05-31 01:02:48,344 [INFO] Lectura BMP390
2025-05-31 01:02:48,534 [INFO] Lectura LTR390
2025-05-31 01:02:48,540 [INFO] Lectura desde ESP32-S3 por serial
2025-05-31 01:02:52,208 [INFO] Lectura datos climáticos NASA
2025-05-31 01:02:52,211 [INFO] Datos JSON preparados para envío
2025-05-31 01:02:53,266 [INFO] Lectura BMP390
2025-05-31 01:02:53,447 [INFO] Lectura LTR390
2025-05-31 01:02:53,453 [INFO] Lectura desde ESP32-S3 por serial
2025-05-31 01:02:57,118 [INFO] Lectura datos climáticos NASA
2025-05-31 01:02:57,123 [INFO] Datos JSON preparados para envío
2025-05-31 01:02:58,173 [INFO] Lectura BMP390
2025-05-31 01:02:58,349 [INFO] Lectura LTR390
2025-05-31 01:02:58,352 [INFO] Lectura desde ESP32-S3 por serial
2025-05-31 01:03:01,519 [INFO] Lectura datos climáticos NASA
2025-05-31 01:03:01,522 [INFO] Datos JSON preparados para envío
2025-05-31 01:03:02,577 [INFO] Lectura BMP390
2025-05-31 01:03:02,758 [INFO] Lectura LTR390
2025-05-31 01:03:02,763 [INFO] Lectura desde ESP32-S3 por serial
2025-05-31 01:03:06,945 [INFO] Lectura datos climáticos NASA
2025-05-31 01:03:06,948 [INFO] Datos JSON preparados para envío
2025-05-31 01:03:08,000 [INFO] Lectura BMP390
2025-05-31 01:03:08,183 [INFO] Lectura LTR390
2025-05-31 01:03:08,189 [INFO] Lectura desde ESP32-S3 por serial
2025-05-31 01:03:11,749 [INFO] Lectura datos climáticos NASA
2025-05-31 01:03:11,755 [INFO] Datos JSON preparados para envío
2025-05-31 01:03:12,809 [INFO] Lectura BMP390
2025-05-31 01:03:12,989 [INFO] Lectura LTR390
2025-05-31 01:03:12,995 [INFO] Lectura desde ESP32-S3 por serial
2025-05-31 01:03:16,664 [INFO] Lectura datos climáticos NASA
2025-05-31 01:03:16,667 [INFO] Datos JSON preparados para envío
2025-05-31 01:03:17,720 [INFO] Lectura BMP390
2025-05-31 01:03:17,901 [INFO] Lectura LTR390
2025-05-31 01:03:17,908 [INFO] Lectura desde ESP32-S3 por serial
2025-05-31 01:03:21,885 [INFO] Lectura datos climáticos NASA
2025-05-31 01:03:21,887 [INFO] Datos JSON preparados para envío
2025-05-31 01:03:22,938 [INFO] Lectura BMP390
2025-05-31 01:03:23,118 [INFO] Lectura LTR390
2025-05-31 01:03:23,121 [INFO] Lectura desde ESP32-S3 por serial
2025-05-31 01:03:26,389 [INFO] Lectura datos climáticos NASA
2025-05-31 01:03:26,391 [INFO] Datos JSON preparados para envío
2025-05-31 01:03:27,444 [INFO] Lectura BMP390
2025-05-31 01:03:27,624 [INFO] Lectura LTR390
2025-05-31 01:03:27,630 [INFO] Lectura desde ESP32-S3 por serial
2025-05-31 01:03:31,241 [INFO] Lectura datos climáticos NASA
2025-05-31 01:03:31,244 [INFO] Datos JSON preparados para envío
2025-05-31 01:03:32,294 [INFO] Lectura BMP390
2025-05-31 01:03:32,473 [INFO] Lectura LTR390
2025-05-31 01:03:32,476 [INFO] Lectura desde ESP32-S3 por serial
2025-05-31 01:03:36,315 [INFO] Lectura datos climáticos NASA
2025-05-31 01:03:36,316 [INFO] Datos JSON preparados para envío
2025-05-31 01:03:37,368 [INFO] Lectura BMP390
2025-05-31 01:03:37,547 [INFO] Lectura LTR390
2025-05-31 01:03:37,553 [INFO] Lectura desde ESP32-S3 por serial
2025-05-31 01:03:40,610 [INFO] Lectura datos climáticos NASA
2025-05-31 01:03:40,613 [INFO] Datos JSON preparados para envío
2025-05-31 01:03:41,666 [INFO] Lectura BMP390
2025-05-31 01:03:41,847 [INFO] Lectura LTR390
2025-05-31 01:03:41,853 [INFO] Lectura desde ESP32-S3 por serial
2025-05-31 01:03:47,068 [INFO] Lectura datos climáticos NASA
2025-05-31 01:03:47,070 [INFO] Datos JSON preparados para envío
2025-05-31 01:03:48,122 [INFO] Lectura BMP390
2025-05-31 01:03:48,302 [INFO] Lectura LTR390
2025-05-31 01:03:48,305 [INFO] Lectura desde ESP32-S3 por serial
2025-05-31 01:03:52,107 [INFO] Lectura datos climáticos NASA
2025-05-31 01:03:52,110 [INFO] Datos JSON preparados para envío
2025-05-31 01:03:53,168 [INFO] Lectura BMP390
2025-05-31 01:03:53,351 [INFO] Lectura LTR390
2025-05-31 01:03:53,356 [INFO] Lectura desde ESP32-S3 por serial
2025-05-31 01:03:57,294 [INFO] Lectura datos climáticos NASA
2025-05-31 01:03:57,297 [INFO] Datos JSON preparados para envío
2025-05-31 01:03:58,355 [INFO] Lectura BMP390
2025-05-31 01:03:58,537 [INFO] Lectura LTR390
2025-05-31 01:03:58,543 [INFO] Lectura desde ESP32-S3 por serial
2025-05-31 01:04:02,614 [INFO] Lectura datos climáticos NASA
2025-05-31 01:04:02,617 [INFO] Datos JSON preparados para envío
2025-05-31 01:04:03,676 [INFO] Lectura BMP390
2025-05-31 01:04:03,856 [INFO] Lectura LTR390
2025-05-31 01:04:03,862 [INFO] Lectura desde ESP32-S3 por serial
2025-05-31 01:04:07,527 [INFO] Lectura datos climáticos NASA
2025-05-31 01:04:07,530 [INFO] Datos JSON preparados para envío
2025-05-31 01:04:08,583 [INFO] Lectura BMP390
2025-05-31 01:04:08,764 [INFO] Lectura LTR390
2025-05-31 01:04:08,770 [INFO] Lectura desde ESP32-S3 por serial
2025-05-31 01:04:12,748 [INFO] Lectura datos climáticos NASA
2025-05-31 01:04:12,751 [INFO] Datos JSON preparados para envío
2025-05-31 01:04:13,803 [INFO] Lectura BMP390
2025-05-31 01:04:13,987 [INFO] Lectura LTR390
2025-05-31 01:04:13,992 [INFO] Lectura desde ESP32-S3 por serial
2025-05-31 01:04:17,249 [INFO] Lectura datos climáticos NASA
2025-05-31 01:04:17,252 [INFO] Datos JSON preparados para envío
2025-05-31 01:04:18,304 [INFO] Lectura BMP390
2025-05-31 01:04:18,484 [INFO] Lectura LTR390
2025-05-31 01:04:18,490 [INFO] Lectura desde ESP32-S3 por serial
2025-05-31 01:04:22,369 [INFO] Lectura datos climáticos NASA
2025-05-31 01:04:22,371 [INFO] Datos JSON preparados para envío
2025-05-31 01:04:23,421 [INFO] Lectura BMP390
2025-05-31 01:04:23,599 [INFO] Lectura LTR390
2025-05-31 01:04:23,602 [INFO] Lectura desde ESP32-S3 por serial
2025-05-31 01:04:27,517 [INFO] Lectura datos climáticos NASA
2025-05-31 01:04:27,520 [INFO] Datos JSON preparados para envío
2025-05-31 01:04:28,571 [INFO] Lectura BMP390
2025-05-31 01:04:28,749 [INFO] Lectura LTR390
2025-05-31 01:04:28,753 [INFO] Lectura desde ESP32-S3 por serial
2025-05-31 01:04:32,630 [INFO] Lectura datos climáticos NASA
2025-05-31 01:04:32,632 [INFO] Datos JSON preparados para envío
2025-05-31 01:04:33,683 [INFO] Lectura BMP390
2025-05-31 01:04:33,864 [INFO] Lectura LTR390
2025-05-31 01:04:33,869 [INFO] Lectura desde ESP32-S3 por serial
2025-05-31 01:04:38,738 [INFO] Lectura datos climáticos NASA
2025-05-31 01:04:38,740 [INFO] Datos JSON preparados para envío
2025-05-31 01:04:39,797 [INFO] Lectura BMP390
2025-05-31 01:04:39,976 [INFO] Lectura LTR390
2025-05-31 01:04:39,983 [INFO] Lectura desde ESP32-S3 por serial
2025-05-31 01:04:43,649 [INFO] Lectura datos climáticos NASA
2025-05-31 01:04:43,652 [INFO] Datos JSON preparados para envío
2025-05-31 01:04:44,705 [INFO] Lectura BMP390
2025-05-31 01:04:44,892 [INFO] Lectura LTR390
2025-05-31 01:04:44,898 [INFO] Lectura desde ESP32-S3 por serial
2025-05-31 01:04:48,660 [INFO] Lectura datos climáticos NASA
2025-05-31 01:04:48,662 [INFO] Datos JSON preparados para envío
2025-05-31 01:04:49,714 [INFO] Lectura BMP390
2025-05-31 01:04:49,894 [INFO] Lectura LTR390
2025-05-31 01:04:49,900 [INFO] Lectura desde ESP32-S3 por serial
2025-05-31 01:04:53,375 [INFO] Lectura datos climáticos NASA
2025-05-31 01:04:53,377 [INFO] Datos JSON preparados para envío
2025-05-31 01:04:54,430 [INFO] Lectura BMP390
2025-05-31 01:04:54,610 [INFO] Lectura LTR390
2025-05-31 01:04:54,616 [INFO] Lectura desde ESP32-S3 por serial
2025-05-31 01:04:58,285 [INFO] Lectura datos climáticos NASA
2025-05-31 01:04:58,288 [INFO] Datos JSON preparados para envío
2025-05-31 01:04:59,341 [INFO] Lectura BMP390
2025-05-31 01:04:59,520 [INFO] Lectura LTR390
2025-05-31 01:04:59,523 [INFO] Lectura desde ESP32-S3 por serial
2025-05-31 01:05:03,709 [INFO] Lectura datos climáticos NASA
2025-05-31 01:05:03,711 [INFO] Datos JSON preparados para envío
2025-05-31 01:05:04,765 [INFO] Lectura BMP390
2025-05-31 01:05:04,947 [INFO] Lectura LTR390
2025-05-31 01:05:04,954 [INFO] Lectura desde ESP32-S3 por serial
2025-05-31 01:05:08,775 [INFO] Lectura datos climáticos NASA
2025-05-31 01:05:08,778 [INFO] Datos JSON preparados para envío
2025-05-31 01:05:09,834 [INFO] Lectura BMP390
2025-05-31 01:05:10,013 [INFO] Lectura LTR390
2025-05-31 01:05:10,020 [INFO] Lectura desde ESP32-S3 por serial
2025-05-31 01:05:13,920 [INFO] Lectura datos climáticos NASA
2025-05-31 01:05:13,923 [INFO] Datos JSON preparados para envío
2025-05-31 01:05:14,977 [INFO] Lectura BMP390
2025-05-31 01:05:15,160 [INFO] Lectura LTR390
2025-05-31 01:05:15,165 [INFO] Lectura desde ESP32-S3 por serial
2025-05-31 01:05:18,648 [INFO] Lectura datos climáticos NASA
2025-05-31 01:05:18,652 [INFO] Datos JSON preparados para envío
2025-05-31 01:05:19,705 [INFO] Lectura BMP390
2025-05-31 01:05:19,888 [INFO] Lectura LTR390
2025-05-31 01:05:19,893 [INFO] Lectura desde ESP32-S3 por serial
2025-05-31 01:05:24,375 [INFO] Lectura datos climáticos NASA
2025-05-31 01:05:24,376 [INFO] Datos JSON preparados para envío
2025-05-31 01:05:25,426 [INFO] Lectura BMP390
2025-05-31 01:05:25,614 [INFO] Lectura LTR390
2025-05-31 01:05:25,617 [INFO] Lectura desde ESP32-S3 por serial
2025-05-31 01:05:29,597 [INFO] Lectura datos climáticos NASA
2025-05-31 01:05:29,600 [INFO] Datos JSON preparados para envío
2025-05-31 01:05:30,653 [INFO] Lectura BMP390
2025-05-31 01:05:30,832 [INFO] Lectura LTR390
2025-05-31 01:05:30,839 [INFO] Lectura desde ESP32-S3 por serial
2025-05-31 01:05:34,816 [INFO] Lectura datos climáticos NASA
2025-05-31 01:05:34,818 [INFO] Datos JSON preparados para envío
2025-05-31 01:05:35,871 [INFO] Lectura BMP390
2025-05-31 01:05:36,050 [INFO] Lectura LTR390
2025-05-31 01:05:36,054 [INFO] Lectura desde ESP32-S3 por serial
2025-05-31 01:05:40,752 [INFO] Lectura datos climáticos NASA
2025-05-31 01:05:40,755 [INFO] Datos JSON preparados para envío
2025-05-31 01:05:41,808 [INFO] Lectura BMP390
2025-05-31 01:05:41,989 [INFO] Lectura LTR390
2025-05-31 01:05:41,994 [INFO] Lectura desde ESP32-S3 por serial
2025-05-31 01:05:45,562 [INFO] Lectura datos climáticos NASA
2025-05-31 01:05:45,565 [INFO] Datos JSON preparados para envío
2025-05-31 01:05:46,618 [INFO] Lectura BMP390
2025-05-31 01:05:46,802 [INFO] Lectura LTR390
2025-05-31 01:05:46,810 [INFO] Lectura desde ESP32-S3 por serial
2025-05-31 01:05:51,804 [INFO] Lectura datos climáticos NASA
2025-05-31 01:05:51,807 [INFO] Datos JSON preparados para envío
2025-05-31 01:05:52,862 [INFO] Lectura BMP390
2025-05-31 01:05:53,044 [INFO] Lectura LTR390
2025-05-31 01:05:53,050 [INFO] Lectura desde ESP32-S3 por serial
2025-05-31 01:05:56,818 [INFO] Lectura datos climáticos NASA
2025-05-31 01:05:56,821 [INFO] Datos JSON preparados para envío
2025-05-31 01:05:57,879 [INFO] Lectura BMP390
2025-05-31 01:05:58,061 [INFO] Lectura LTR390
2025-05-31 01:05:58,069 [INFO] Lectura desde ESP32-S3 por serial
2025-05-31 01:06:02,034 [INFO] Lectura datos climáticos NASA
2025-05-31 01:06:02,035 [INFO] Datos JSON preparados para envío
2025-05-31 01:06:03,100 [INFO] Lectura BMP390
2025-05-31 01:06:03,283 [INFO] Lectura LTR390
2025-05-31 01:06:03,289 [INFO] Lectura desde ESP32-S3 por serial
2025-05-31 01:06:06,863 [INFO] Lectura datos climáticos NASA
2025-05-31 01:06:06,866 [INFO] Datos JSON preparados para envío
2025-05-31 01:06:07,919 [INFO] Lectura BMP390
2025-05-31 01:06:08,099 [INFO] Lectura LTR390
2025-05-31 01:06:08,105 [INFO] Lectura desde ESP32-S3 por serial
2025-05-31 01:06:11,934 [INFO] Lectura datos climáticos NASA
2025-05-31 01:06:11,937 [INFO] Datos JSON preparados para envío
2025-05-31 01:06:12,988 [INFO] Lectura BMP390
2025-05-31 01:06:13,167 [INFO] Lectura LTR390
2025-05-31 01:06:13,170 [INFO] Lectura desde ESP32-S3 por serial
2025-05-31 01:06:16,774 [INFO] Lectura datos climáticos NASA
2025-05-31 01:06:16,777 [INFO] Datos JSON preparados para envío
2025-05-31 01:06:17,830 [INFO] Lectura BMP390
2025-05-31 01:06:18,010 [INFO] Lectura LTR390
2025-05-31 01:06:18,016 [INFO] Lectura desde ESP32-S3 por serial
2025-05-31 01:06:21,545 [INFO] Lectura datos climáticos NASA
2025-05-31 01:06:21,547 [INFO] Datos JSON preparados para envío
2025-05-31 01:06:22,602 [INFO] Lectura BMP390
2025-05-31 01:06:22,782 [INFO] Lectura LTR390
2025-05-31 01:06:22,785 [INFO] Lectura desde ESP32-S3 por serial
2025-05-31 01:06:26,005 [INFO] Lectura datos climáticos NASA
2025-05-31 01:06:26,007 [INFO] Datos JSON preparados para envío
2025-05-31 01:06:27,059 [INFO] Lectura BMP390
2025-05-31 01:06:27,238 [INFO] Lectura LTR390
2025-05-31 01:06:27,244 [INFO] Lectura desde ESP32-S3 por serial
2025-05-31 01:06:31,011 [INFO] Lectura datos climáticos NASA
2025-05-31 01:06:31,013 [INFO] Datos JSON preparados para envío
2025-05-31 01:06:32,063 [INFO] Lectura BMP390
2025-05-31 01:06:32,242 [INFO] Lectura LTR390
2025-05-31 01:06:32,248 [INFO] Lectura desde ESP32-S3 por serial
2025-05-31 01:06:35,910 [INFO] Lectura datos climáticos NASA
2025-05-31 01:06:35,913 [INFO] Datos JSON preparados para envío
2025-05-31 01:06:36,971 [INFO] Lectura BMP390
2025-05-31 01:06:37,148 [INFO] Lectura LTR390
2025-05-31 01:06:37,150 [INFO] Lectura desde ESP32-S3 por serial
2025-05-31 01:06:41,576 [INFO] Lectura datos climáticos NASA
2025-05-31 01:06:41,578 [INFO] Datos JSON preparados para envío
2025-05-31 01:06:42,630 [INFO] Lectura BMP390
2025-05-31 01:06:42,812 [INFO] Lectura LTR390
2025-05-31 01:06:42,816 [INFO] Lectura desde ESP32-S3 por serial
2025-05-31 01:06:46,348 [INFO] Lectura datos climáticos NASA
2025-05-31 01:06:46,349 [INFO] Datos JSON preparados para envío
2025-05-31 01:06:47,407 [INFO] Lectura BMP390
2025-05-31 01:06:47,601 [INFO] Lectura LTR390
2025-05-31 01:06:47,605 [INFO] Lectura desde ESP32-S3 por serial
2025-05-31 01:06:51,156 [INFO] Lectura datos climáticos NASA
2025-05-31 01:06:51,157 [INFO] Datos JSON preparados para envío
2025-05-31 01:06:52,210 [INFO] Lectura BMP390
2025-05-31 01:06:52,388 [INFO] Lectura LTR390
2025-05-31 01:06:52,391 [INFO] Lectura desde ESP32-S3 por serial
2025-05-31 01:06:56,074 [INFO] Lectura datos climáticos NASA
2025-05-31 01:06:56,076 [INFO] Datos JSON preparados para envío
2025-05-31 01:06:57,130 [INFO] Lectura BMP390
2025-05-31 01:06:57,311 [INFO] Lectura LTR390
2025-05-31 01:06:57,317 [INFO] Lectura desde ESP32-S3 por serial
2025-05-31 01:07:01,802 [INFO] Lectura datos climáticos NASA
2025-05-31 01:07:01,804 [INFO] Datos JSON preparados para envío
2025-05-31 01:07:02,856 [INFO] Lectura BMP390
2025-05-31 01:07:03,033 [INFO] Lectura LTR390
2025-05-31 01:07:03,036 [INFO] Lectura desde ESP32-S3 por serial
2025-05-31 01:07:07,736 [INFO] Lectura datos climáticos NASA
2025-05-31 01:07:07,747 [INFO] Datos JSON preparados para envío
2025-05-31 01:07:08,802 [INFO] Lectura BMP390
2025-05-31 01:07:08,982 [INFO] Lectura LTR390
2025-05-31 01:07:08,988 [INFO] Lectura desde ESP32-S3 por serial
2025-05-31 01:07:12,443 [INFO] Lectura datos climáticos NASA
2025-05-31 01:07:12,446 [INFO] Datos JSON preparados para envío
2025-05-31 01:07:13,497 [INFO] Lectura BMP390
2025-05-31 01:07:13,674 [INFO] Lectura LTR390
2025-05-31 01:07:13,677 [INFO] Lectura desde ESP32-S3 por serial
2025-05-31 01:07:17,868 [INFO] Lectura datos climáticos NASA
2025-05-31 01:07:17,871 [INFO] Datos JSON preparados para envío
2025-05-31 01:07:18,924 [INFO] Lectura BMP390
2025-05-31 01:07:19,105 [INFO] Lectura LTR390
2025-05-31 01:07:19,111 [INFO] Lectura desde ESP32-S3 por serial
2025-05-31 01:07:23,705 [INFO] Lectura datos climáticos NASA
2025-05-31 01:07:23,708 [INFO] Datos JSON preparados para envío
2025-05-31 01:07:24,760 [INFO] Lectura BMP390
2025-05-31 01:07:24,941 [INFO] Lectura LTR390
2025-05-31 01:07:24,947 [INFO] Lectura desde ESP32-S3 por serial
2025-05-31 01:07:29,738 [INFO] Lectura datos climáticos NASA
2025-05-31 01:07:29,741 [INFO] Datos JSON preparados para envío
2025-05-31 01:07:30,791 [INFO] Lectura BMP390
2025-05-31 01:07:30,971 [INFO] Lectura LTR390
2025-05-31 01:07:30,978 [INFO] Lectura desde ESP32-S3 por serial
2025-05-31 01:07:34,447 [INFO] Lectura datos climáticos NASA
2025-05-31 01:07:34,450 [INFO] Datos JSON preparados para envío
2025-05-31 01:07:35,502 [INFO] Lectura BMP390
2025-05-31 01:07:35,682 [INFO] Lectura LTR390
2025-05-31 01:07:35,688 [INFO] Lectura desde ESP32-S3 por serial
2025-05-31 01:07:39,153 [INFO] Lectura datos climáticos NASA
2025-05-31 01:07:39,158 [INFO] Datos JSON preparados para envío
2025-05-31 01:07:40,211 [INFO] Lectura BMP390
2025-05-31 01:07:40,394 [INFO] Lectura LTR390
2025-05-31 01:07:40,400 [INFO] Lectura desde ESP32-S3 por serial
2025-05-31 01:07:43,762 [INFO] Lectura datos climáticos NASA
2025-05-31 01:07:43,765 [INFO] Datos JSON preparados para envío
2025-05-31 01:07:44,818 [INFO] Lectura BMP390
2025-05-31 01:07:44,998 [INFO] Lectura LTR390
2025-05-31 01:07:45,005 [INFO] Lectura desde ESP32-S3 por serial
2025-05-31 01:07:49,595 [INFO] Lectura datos climáticos NASA
2025-05-31 01:07:49,598 [INFO] Datos JSON preparados para envío
2025-05-31 01:07:50,654 [INFO] Lectura BMP390
2025-05-31 01:07:50,830 [INFO] Lectura LTR390
2025-05-31 01:07:50,834 [INFO] Lectura desde ESP32-S3 por serial
2025-05-31 01:07:54,502 [INFO] Lectura datos climáticos NASA
2025-05-31 01:07:54,505 [INFO] Datos JSON preparados para envío
2025-05-31 01:07:55,558 [INFO] Lectura BMP390
2025-05-31 01:07:55,742 [INFO] Lectura LTR390
2025-05-31 01:07:55,748 [INFO] Lectura desde ESP32-S3 por serial
2025-05-31 01:07:59,619 [INFO] Lectura datos climáticos NASA
2025-05-31 01:07:59,622 [INFO] Datos JSON preparados para envío
2025-05-31 01:08:00,678 [INFO] Lectura BMP390
2025-05-31 01:08:00,858 [INFO] Lectura LTR390
2025-05-31 01:08:00,864 [INFO] Lectura desde ESP32-S3 por serial
2025-05-31 01:08:04,430 [INFO] Lectura datos climáticos NASA
2025-05-31 01:08:04,433 [INFO] Datos JSON preparados para envío
2025-05-31 01:08:05,484 [INFO] Lectura BMP390
2025-05-31 01:08:05,673 [INFO] Lectura LTR390
2025-05-31 01:08:05,679 [INFO] Lectura desde ESP32-S3 por serial
2025-05-31 01:08:09,034 [INFO] Lectura datos climáticos NASA
2025-05-31 01:08:09,037 [INFO] Datos JSON preparados para envío
2025-05-31 01:08:10,092 [INFO] Lectura BMP390
2025-05-31 01:08:10,271 [INFO] Lectura LTR390
2025-05-31 01:08:10,277 [INFO] Lectura desde ESP32-S3 por serial
2025-05-31 01:08:14,399 [INFO] Lectura datos climáticos NASA
2025-05-31 01:08:14,401 [INFO] Datos JSON preparados para envío
2025-05-31 01:08:15,452 [INFO] Lectura BMP390
2025-05-31 01:08:15,630 [INFO] Lectura LTR390
2025-05-31 01:08:15,633 [INFO] Lectura desde ESP32-S3 por serial
2025-05-31 01:08:19,268 [INFO] Lectura datos climáticos NASA
2025-05-31 01:08:19,271 [INFO] Datos JSON preparados para envío
2025-05-31 01:08:20,323 [INFO] Lectura BMP390
2025-05-31 01:08:20,503 [INFO] Lectura LTR390
2025-05-31 01:08:20,509 [INFO] Lectura desde ESP32-S3 por serial
2025-05-31 01:08:24,371 [INFO] Lectura datos climáticos NASA
2025-05-31 01:08:24,378 [INFO] Datos JSON preparados para envío
2025-05-31 01:08:25,430 [INFO] Lectura BMP390
2025-05-31 01:08:25,611 [INFO] Lectura LTR390
2025-05-31 01:08:25,618 [INFO] Lectura desde ESP32-S3 por serial
2025-05-31 01:08:28,716 [INFO] Lectura datos climáticos NASA
2025-05-31 01:08:28,719 [INFO] Datos JSON preparados para envío
2025-05-31 01:08:29,771 [INFO] Lectura BMP390
2025-05-31 01:08:29,953 [INFO] Lectura LTR390
2025-05-31 01:08:29,959 [INFO] Lectura desde ESP32-S3 por serial
2025-05-31 01:08:33,396 [INFO] Lectura datos climáticos NASA
2025-05-31 01:08:33,399 [INFO] Datos JSON preparados para envío
2025-05-31 01:08:34,455 [INFO] Lectura BMP390
2025-05-31 01:08:34,637 [INFO] Lectura LTR390
2025-05-31 01:08:34,644 [INFO] Lectura desde ESP32-S3 por serial
2025-05-31 01:08:38,810 [INFO] Lectura datos climáticos NASA
2025-05-31 01:08:38,812 [INFO] Datos JSON preparados para envío
2025-05-31 01:08:39,863 [INFO] Lectura BMP390
2025-05-31 01:08:40,040 [INFO] Lectura LTR390
2025-05-31 01:08:40,043 [INFO] Lectura desde ESP32-S3 por serial
2025-05-31 01:08:44,528 [INFO] Lectura datos climáticos NASA
2025-05-31 01:08:44,531 [INFO] Datos JSON preparados para envío
2025-05-31 01:08:45,586 [INFO] Lectura BMP390
2025-05-31 01:08:45,765 [INFO] Lectura LTR390
2025-05-31 01:08:45,771 [INFO] Lectura desde ESP32-S3 por serial
2025-05-31 01:08:50,070 [INFO] Lectura datos climáticos NASA
2025-05-31 01:08:50,073 [INFO] Datos JSON preparados para envío
2025-05-31 01:08:51,128 [INFO] Lectura BMP390
2025-05-31 01:08:51,305 [INFO] Lectura LTR390
2025-05-31 01:08:51,308 [INFO] Lectura desde ESP32-S3 por serial
2025-05-31 01:08:54,676 [INFO] Lectura datos climáticos NASA
2025-05-31 01:08:54,679 [INFO] Datos JSON preparados para envío
2025-05-31 01:08:55,731 [INFO] Lectura BMP390
2025-05-31 01:08:55,913 [INFO] Lectura LTR390
2025-05-31 01:08:55,919 [INFO] Lectura desde ESP32-S3 por serial
2025-05-31 01:08:59,690 [INFO] Lectura datos climáticos NASA
2025-05-31 01:08:59,695 [INFO] Datos JSON preparados para envío
2025-05-31 01:09:00,748 [INFO] Lectura BMP390
2025-05-31 01:09:00,930 [INFO] Lectura LTR390
2025-05-31 01:09:00,937 [INFO] Lectura desde ESP32-S3 por serial
2025-05-31 01:09:04,600 [INFO] Lectura datos climáticos NASA
2025-05-31 01:09:04,602 [INFO] Datos JSON preparados para envío
2025-05-31 01:09:05,654 [INFO] Lectura BMP390
2025-05-31 01:09:05,834 [INFO] Lectura LTR390
2025-05-31 01:09:05,840 [INFO] Lectura desde ESP32-S3 por serial
2025-05-31 01:09:09,433 [INFO] Lectura datos climáticos NASA
2025-05-31 01:09:09,436 [INFO] Datos JSON preparados para envío
2025-05-31 01:09:10,489 [INFO] Lectura BMP390
2025-05-31 01:09:10,668 [INFO] Lectura LTR390
2025-05-31 01:09:10,674 [INFO] Lectura desde ESP32-S3 por serial
2025-05-31 01:09:14,324 [INFO] Lectura datos climáticos NASA
2025-05-31 01:09:14,326 [INFO] Datos JSON preparados para envío
2025-05-31 01:09:15,376 [INFO] Lectura BMP390
2025-05-31 01:09:15,553 [INFO] Lectura LTR390
2025-05-31 01:09:15,555 [INFO] Lectura desde ESP32-S3 por serial
2025-05-31 01:09:18,521 [INFO] Lectura datos climáticos NASA
2025-05-31 01:09:18,523 [INFO] Datos JSON preparados para envío
2025-05-31 01:09:19,576 [INFO] Lectura BMP390
2025-05-31 01:09:19,759 [INFO] Lectura LTR390
2025-05-31 01:09:19,765 [INFO] Lectura desde ESP32-S3 por serial
2025-05-31 01:09:23,841 [INFO] Lectura datos climáticos NASA
2025-05-31 01:09:23,843 [INFO] Datos JSON preparados para envío
2025-05-31 01:09:24,896 [INFO] Lectura BMP390
2025-05-31 01:09:25,077 [INFO] Lectura LTR390
2025-05-31 01:09:25,083 [INFO] Lectura desde ESP32-S3 por serial
2025-05-31 01:09:29,775 [INFO] Lectura datos climáticos NASA
2025-05-31 01:09:29,778 [INFO] Datos JSON preparados para envío
2025-05-31 01:09:30,831 [INFO] Lectura BMP390
2025-05-31 01:09:31,011 [INFO] Lectura LTR390
2025-05-31 01:09:31,017 [INFO] Lectura desde ESP32-S3 por serial
2025-05-31 01:09:34,996 [INFO] Lectura datos climáticos NASA
2025-05-31 01:09:34,999 [INFO] Datos JSON preparados para envío
2025-05-31 01:09:36,056 [INFO] Lectura BMP390
2025-05-31 01:09:36,235 [INFO] Lectura LTR390
2025-05-31 01:09:36,242 [INFO] Lectura desde ESP32-S3 por serial
2025-05-31 01:09:40,314 [INFO] Lectura datos climáticos NASA
2025-05-31 01:09:40,315 [INFO] Datos JSON preparados para envío
2025-05-31 01:09:41,372 [INFO] Lectura BMP390
2025-05-31 01:09:41,551 [INFO] Lectura LTR390
2025-05-31 01:09:41,556 [INFO] Lectura desde ESP32-S3 por serial
2025-05-31 01:09:45,848 [INFO] Lectura datos climáticos NASA
2025-05-31 01:09:45,851 [INFO] Datos JSON preparados para envío
2025-05-31 01:09:46,904 [INFO] Lectura BMP390
2025-05-31 01:09:47,084 [INFO] Lectura LTR390
2025-05-31 01:09:47,091 [INFO] Lectura desde ESP32-S3 por serial
2025-05-31 01:09:50,959 [INFO] Lectura datos climáticos NASA
2025-05-31 01:09:50,962 [INFO] Datos JSON preparados para envío
2025-05-31 01:09:52,013 [INFO] Lectura BMP390
2025-05-31 01:09:52,191 [INFO] Lectura LTR390
2025-05-31 01:09:52,193 [INFO] Lectura desde ESP32-S3 por serial
2025-05-31 01:09:55,768 [INFO] Lectura datos climáticos NASA
2025-05-31 01:09:55,770 [INFO] Datos JSON preparados para envío
2025-05-31 01:09:56,827 [INFO] Lectura BMP390
2025-05-31 01:09:57,006 [INFO] Lectura LTR390
2025-05-31 01:09:57,012 [INFO] Lectura desde ESP32-S3 por serial
2025-05-31 01:10:00,680 [INFO] Lectura datos climáticos NASA
2025-05-31 01:10:00,683 [INFO] Datos JSON preparados para envío
2025-05-31 01:10:01,735 [INFO] Lectura BMP390
2025-05-31 01:10:01,917 [INFO] Lectura LTR390
2025-05-31 01:10:01,923 [INFO] Lectura desde ESP32-S3 por serial
2025-05-31 01:10:05,490 [INFO] Lectura datos climáticos NASA
2025-05-31 01:10:05,492 [INFO] Datos JSON preparados para envío
2025-05-31 01:10:06,546 [INFO] Lectura BMP390
2025-05-31 01:10:06,732 [INFO] Lectura LTR390
2025-05-31 01:10:06,738 [INFO] Lectura desde ESP32-S3 por serial
2025-05-31 01:10:10,433 [INFO] Lectura datos climáticos NASA
2025-05-31 01:10:10,436 [INFO] Datos JSON preparados para envío
2025-05-31 01:10:11,489 [INFO] Lectura BMP390
2025-05-31 01:10:11,672 [INFO] Lectura LTR390
2025-05-31 01:10:11,678 [INFO] Lectura desde ESP32-S3 por serial
2025-05-31 01:10:15,518 [INFO] Lectura datos climáticos NASA
2025-05-31 01:10:15,520 [INFO] Datos JSON preparados para envío
2025-05-31 01:10:16,576 [INFO] Lectura BMP390
2025-05-31 01:10:16,758 [INFO] Lectura LTR390
2025-05-31 01:10:16,762 [INFO] Lectura desde ESP32-S3 por serial
2025-05-31 01:10:20,535 [INFO] Lectura datos climáticos NASA
2025-05-31 01:10:20,536 [INFO] Datos JSON preparados para envío
2025-05-31 01:10:21,591 [INFO] Lectura BMP390
2025-05-31 01:10:21,772 [INFO] Lectura LTR390
2025-05-31 01:10:21,778 [INFO] Lectura desde ESP32-S3 por serial
2025-05-31 01:10:25,141 [INFO] Lectura datos climáticos NASA
2025-05-31 01:10:25,144 [INFO] Datos JSON preparados para envío
2025-05-31 01:10:26,198 [INFO] Lectura BMP390
2025-05-31 01:10:26,379 [INFO] Lectura LTR390
2025-05-31 01:10:26,385 [INFO] Lectura desde ESP32-S3 por serial
2025-05-31 01:10:29,331 [INFO] Lectura datos climáticos NASA
2025-05-31 01:10:29,332 [INFO] Datos JSON preparados para envío
2025-05-31 01:10:30,385 [INFO] Lectura BMP390
2025-05-31 01:10:30,565 [INFO] Lectura LTR390
2025-05-31 01:10:30,571 [INFO] Lectura desde ESP32-S3 por serial
2025-05-31 01:10:34,365 [INFO] Lectura datos climáticos NASA
2025-05-31 01:10:34,368 [INFO] Datos JSON preparados para envío
2025-05-31 01:10:35,421 [INFO] Lectura BMP390
2025-05-31 01:10:35,603 [INFO] Lectura LTR390
2025-05-31 01:10:35,609 [INFO] Lectura desde ESP32-S3 por serial
2025-05-31 01:10:38,748 [INFO] Lectura datos climáticos NASA
2025-05-31 01:10:38,751 [INFO] Datos JSON preparados para envío
2025-05-31 01:10:39,805 [INFO] Lectura BMP390
2025-05-31 01:10:39,988 [INFO] Lectura LTR390
2025-05-31 01:10:39,992 [INFO] Lectura desde ESP32-S3 por serial
2025-05-31 01:10:42,951 [INFO] Lectura datos climáticos NASA
2025-05-31 01:10:42,954 [INFO] Datos JSON preparados para envío
2025-05-31 01:10:44,006 [INFO] Lectura BMP390
2025-05-31 01:10:44,190 [INFO] Lectura LTR390
2025-05-31 01:10:44,197 [INFO] Lectura desde ESP32-S3 por serial
2025-05-31 01:10:48,065 [INFO] Lectura datos climáticos NASA
2025-05-31 01:10:48,068 [INFO] Datos JSON preparados para envío
2025-05-31 01:10:49,121 [INFO] Lectura BMP390
2025-05-31 01:10:49,306 [INFO] Lectura LTR390
2025-05-31 01:10:49,312 [INFO] Lectura desde ESP32-S3 por serial
2025-05-31 01:10:52,357 [INFO] Lectura datos climáticos NASA
2025-05-31 01:10:52,358 [INFO] Datos JSON preparados para envío
2025-05-31 01:10:53,408 [INFO] Lectura BMP390
2025-05-31 01:10:53,587 [INFO] Lectura LTR390
2025-05-31 01:10:53,590 [INFO] Lectura desde ESP32-S3 por serial
2025-05-31 01:10:57,171 [INFO] Lectura datos climáticos NASA
2025-05-31 01:10:57,173 [INFO] Datos JSON preparados para envío
2025-05-31 01:10:58,224 [INFO] Lectura BMP390
2025-05-31 01:10:58,405 [INFO] Lectura LTR390
2025-05-31 01:10:58,411 [INFO] Lectura desde ESP32-S3 por serial
2025-05-31 01:11:01,672 [INFO] Lectura datos climáticos NASA
2025-05-31 01:11:01,674 [INFO] Datos JSON preparados para envío
2025-05-31 01:11:02,727 [INFO] Lectura BMP390
2025-05-31 01:11:02,907 [INFO] Lectura LTR390
2025-05-31 01:11:02,912 [INFO] Lectura desde ESP32-S3 por serial
2025-05-31 01:11:06,272 [INFO] Lectura datos climáticos NASA
2025-05-31 01:11:06,274 [INFO] Datos JSON preparados para envío
2025-05-31 01:11:07,326 [INFO] Lectura BMP390
2025-05-31 01:11:07,516 [INFO] Lectura LTR390
2025-05-31 01:11:07,522 [INFO] Lectura desde ESP32-S3 por serial
2025-05-31 01:11:10,677 [INFO] Lectura datos climáticos NASA
2025-05-31 01:11:10,680 [INFO] Datos JSON preparados para envío
2025-05-31 01:11:11,733 [INFO] Lectura BMP390
2025-05-31 01:11:11,913 [INFO] Lectura LTR390
2025-05-31 01:11:11,918 [INFO] Lectura desde ESP32-S3 por serial
2025-05-31 01:11:15,795 [INFO] Lectura datos climáticos NASA
2025-05-31 01:11:15,797 [INFO] Datos JSON preparados para envío
2025-05-31 01:11:16,847 [INFO] Lectura BMP390
2025-05-31 01:11:17,024 [INFO] Lectura LTR390
2025-05-31 01:11:17,028 [INFO] Lectura desde ESP32-S3 por serial
2025-05-31 01:11:20,506 [INFO] Lectura datos climáticos NASA
2025-05-31 01:11:20,515 [INFO] Datos JSON preparados para envío
2025-05-31 01:11:21,568 [INFO] Lectura BMP390
2025-05-31 01:11:21,748 [INFO] Lectura LTR390
2025-05-31 01:11:21,754 [INFO] Lectura desde ESP32-S3 por serial
2025-05-31 01:11:24,595 [INFO] Lectura datos climáticos NASA
2025-05-31 01:11:24,598 [INFO] Datos JSON preparados para envío
2025-05-31 01:11:25,651 [INFO] Lectura BMP390
2025-05-31 01:11:25,831 [INFO] Lectura LTR390
2025-05-31 01:11:25,836 [INFO] Lectura desde ESP32-S3 por serial
2025-05-31 01:11:29,197 [INFO] Lectura datos climáticos NASA
2025-05-31 01:11:29,198 [INFO] Datos JSON preparados para envío
2025-05-31 01:11:30,253 [INFO] Lectura BMP390
2025-05-31 01:11:30,432 [INFO] Lectura LTR390
2025-05-31 01:11:30,437 [INFO] Lectura desde ESP32-S3 por serial
2025-05-31 01:11:33,328 [INFO] Lectura datos climáticos NASA
2025-05-31 01:11:33,331 [INFO] Datos JSON preparados para envío
2025-05-31 01:11:34,383 [INFO] Lectura BMP390
2025-05-31 01:11:34,566 [INFO] Lectura LTR390
2025-05-31 01:11:34,572 [INFO] Lectura desde ESP32-S3 por serial
2025-05-31 01:11:37,442 [INFO] Lectura datos climáticos NASA
2025-05-31 01:11:37,445 [INFO] Datos JSON preparados para envío
2025-05-31 01:11:38,497 [INFO] Lectura BMP390
2025-05-31 01:11:38,677 [INFO] Lectura LTR390
2025-05-31 01:11:38,683 [INFO] Lectura desde ESP32-S3 por serial
2025-05-31 01:11:42,882 [INFO] Lectura datos climáticos NASA
2025-05-31 01:11:42,883 [INFO] Datos JSON preparados para envío
2025-05-31 01:11:43,937 [INFO] Lectura BMP390
2025-05-31 01:11:44,114 [INFO] Lectura LTR390
2025-05-31 01:11:44,117 [INFO] Lectura desde ESP32-S3 por serial
2025-05-31 01:11:47,739 [INFO] Lectura datos climáticos NASA
2025-05-31 01:11:47,741 [INFO] Datos JSON preparados para envío
2025-05-31 01:11:48,796 [INFO] Lectura BMP390
2025-05-31 01:11:48,976 [INFO] Lectura LTR390
2025-05-31 01:11:48,982 [INFO] Lectura desde ESP32-S3 por serial
2025-05-31 01:11:52,790 [INFO] Lectura datos climáticos NASA
2025-05-31 01:11:52,793 [INFO] Datos JSON preparados para envío
2025-05-31 01:11:53,854 [INFO] Lectura BMP390
2025-05-31 01:11:54,033 [INFO] Lectura LTR390
2025-05-31 01:11:54,037 [INFO] Lectura desde ESP32-S3 por serial
2025-05-31 01:11:57,137 [INFO] Lectura datos climáticos NASA
2025-05-31 01:11:57,142 [INFO] Datos JSON preparados para envío
2025-05-31 01:11:58,195 [INFO] Lectura BMP390
2025-05-31 01:11:58,379 [INFO] Lectura LTR390
2025-05-31 01:11:58,386 [INFO] Lectura desde ESP32-S3 por serial
2025-05-31 01:12:02,048 [INFO] Lectura datos climáticos NASA
2025-05-31 01:12:02,051 [INFO] Datos JSON preparados para envío
2025-05-31 01:12:03,104 [INFO] Lectura BMP390
2025-05-31 01:12:03,285 [INFO] Lectura LTR390
2025-05-31 01:12:03,291 [INFO] Lectura desde ESP32-S3 por serial
2025-05-31 01:12:06,694 [INFO] Lectura datos climáticos NASA
2025-05-31 01:12:06,696 [INFO] Datos JSON preparados para envío
2025-05-31 01:12:07,748 [INFO] Lectura BMP390
2025-05-31 01:12:07,931 [INFO] Lectura LTR390
2025-05-31 01:12:07,936 [INFO] Lectura desde ESP32-S3 por serial
2025-05-31 01:12:11,257 [INFO] Lectura datos climáticos NASA
2025-05-31 01:12:11,260 [INFO] Datos JSON preparados para envío
2025-05-31 01:12:12,313 [INFO] Lectura BMP390
2025-05-31 01:12:12,493 [INFO] Lectura LTR390
2025-05-31 01:12:12,500 [INFO] Lectura desde ESP32-S3 por serial
2025-05-31 01:12:16,477 [INFO] Lectura datos climáticos NASA
2025-05-31 01:12:16,480 [INFO] Datos JSON preparados para envío
2025-05-31 01:12:17,532 [INFO] Lectura BMP390
2025-05-31 01:12:17,711 [INFO] Lectura LTR390
2025-05-31 01:12:17,714 [INFO] Lectura desde ESP32-S3 por serial
2025-05-31 01:12:21,694 [INFO] Lectura datos climáticos NASA
2025-05-31 01:12:21,696 [INFO] Datos JSON preparados para envío
2025-05-31 01:12:22,746 [INFO] Lectura BMP390
2025-05-31 01:12:22,927 [INFO] Lectura LTR390
2025-05-31 01:12:22,931 [INFO] Lectura desde ESP32-S3 por serial
2025-05-31 01:12:26,405 [INFO] Lectura datos climáticos NASA
2025-05-31 01:12:26,408 [INFO] Datos JSON preparados para envío
2025-05-31 01:12:27,461 [INFO] Lectura BMP390
2025-05-31 01:12:27,644 [INFO] Lectura LTR390
2025-05-31 01:12:27,650 [INFO] Lectura desde ESP32-S3 por serial
2025-05-31 01:12:31,026 [INFO] Lectura datos climáticos NASA
2025-05-31 01:12:31,028 [INFO] Datos JSON preparados para envío
2025-05-31 01:12:32,080 [INFO] Lectura BMP390
2025-05-31 01:12:32,260 [INFO] Lectura LTR390
2025-05-31 01:12:32,267 [INFO] Lectura desde ESP32-S3 por serial
2025-05-31 01:12:35,346 [INFO] Lectura datos climáticos NASA
2025-05-31 01:12:35,349 [INFO] Datos JSON preparados para envío
2025-05-31 01:12:36,400 [INFO] Lectura BMP390
2025-05-31 01:12:36,586 [INFO] Lectura LTR390
2025-05-31 01:12:36,593 [INFO] Lectura desde ESP32-S3 por serial
2025-05-31 01:12:39,707 [INFO] Lectura datos climáticos NASA
2025-05-31 01:12:39,710 [INFO] Datos JSON preparados para envío
2025-05-31 01:12:40,763 [INFO] Lectura BMP390
2025-05-31 01:12:40,942 [INFO] Lectura LTR390
2025-05-31 01:12:40,948 [INFO] Lectura desde ESP32-S3 por serial
2025-05-31 01:12:44,415 [INFO] Lectura datos climáticos NASA
2025-05-31 01:12:44,418 [INFO] Datos JSON preparados para envío
2025-05-31 01:12:45,470 [INFO] Lectura BMP390
2025-05-31 01:12:45,655 [INFO] Lectura LTR390
2025-05-31 01:12:45,661 [INFO] Lectura desde ESP32-S3 por serial
2025-05-31 01:12:49,532 [INFO] Lectura datos climáticos NASA
2025-05-31 01:12:49,535 [INFO] Datos JSON preparados para envío
2025-05-31 01:12:50,589 [INFO] Lectura BMP390
2025-05-31 01:12:50,773 [INFO] Lectura LTR390
2025-05-31 01:12:50,778 [INFO] Lectura desde ESP32-S3 por serial
2025-05-31 01:12:54,345 [INFO] Lectura datos climáticos NASA
2025-05-31 01:12:54,346 [INFO] Datos JSON preparados para envío
2025-05-31 01:12:55,396 [INFO] Lectura BMP390
2025-05-31 01:12:55,575 [INFO] Lectura LTR390
2025-05-31 01:12:55,580 [INFO] Lectura desde ESP32-S3 por serial
2025-05-31 01:12:59,258 [INFO] Lectura datos climáticos NASA
2025-05-31 01:12:59,261 [INFO] Datos JSON preparados para envío
2025-05-31 01:13:00,314 [INFO] Lectura BMP390
2025-05-31 01:13:00,494 [INFO] Lectura LTR390
2025-05-31 01:13:00,499 [INFO] Lectura desde ESP32-S3 por serial
2025-05-31 01:13:04,636 [INFO] Lectura datos climáticos NASA
2025-05-31 01:13:04,639 [INFO] Datos JSON preparados para envío
2025-05-31 01:13:05,692 [INFO] Lectura BMP390
2025-05-31 01:13:05,871 [INFO] Lectura LTR390
2025-05-31 01:13:05,875 [INFO] Lectura desde ESP32-S3 por serial
2025-05-31 01:13:09,998 [INFO] Lectura datos climáticos NASA
2025-05-31 01:13:10,000 [INFO] Datos JSON preparados para envío
2025-05-31 01:13:11,053 [INFO] Lectura BMP390
2025-05-31 01:13:11,233 [INFO] Lectura LTR390
2025-05-31 01:13:11,240 [INFO] Lectura desde ESP32-S3 por serial
2025-05-31 01:13:15,115 [INFO] Lectura datos climáticos NASA
2025-05-31 01:13:15,118 [INFO] Datos JSON preparados para envío
2025-05-31 01:13:16,170 [INFO] Lectura BMP390
2025-05-31 01:13:16,351 [INFO] Lectura LTR390
2025-05-31 01:13:16,357 [INFO] Lectura desde ESP32-S3 por serial
2025-05-31 01:13:19,818 [INFO] Lectura datos climáticos NASA
2025-05-31 01:13:19,820 [INFO] Datos JSON preparados para envío
2025-05-31 01:13:20,870 [INFO] Lectura BMP390
2025-05-31 01:13:21,051 [INFO] Lectura LTR390
2025-05-31 01:13:21,057 [INFO] Lectura desde ESP32-S3 por serial
2025-05-31 01:13:25,042 [INFO] Lectura datos climáticos NASA
2025-05-31 01:13:25,045 [INFO] Datos JSON preparados para envío
2025-05-31 01:13:26,097 [INFO] Lectura BMP390
2025-05-31 01:13:26,278 [INFO] Lectura LTR390
2025-05-31 01:13:26,284 [INFO] Lectura desde ESP32-S3 por serial
2025-05-31 01:13:29,750 [INFO] Lectura datos climáticos NASA
2025-05-31 01:13:29,752 [INFO] Datos JSON preparados para envío
2025-05-31 01:13:30,804 [INFO] Lectura BMP390
2025-05-31 01:13:30,984 [INFO] Lectura LTR390
2025-05-31 01:13:30,988 [INFO] Lectura desde ESP32-S3 por serial
2025-05-31 01:13:34,865 [INFO] Lectura datos climáticos NASA
2025-05-31 01:13:34,868 [INFO] Datos JSON preparados para envío
2025-05-31 01:13:35,920 [INFO] Lectura BMP390
2025-05-31 01:13:36,100 [INFO] Lectura LTR390
2025-05-31 01:13:36,106 [INFO] Lectura desde ESP32-S3 por serial
2025-05-31 01:13:39,368 [INFO] Lectura datos climáticos NASA
2025-05-31 01:13:39,372 [INFO] Datos JSON preparados para envío
2025-05-31 01:13:40,425 [INFO] Lectura BMP390
2025-05-31 01:13:40,605 [INFO] Lectura LTR390
2025-05-31 01:13:40,611 [INFO] Lectura desde ESP32-S3 por serial
2025-05-31 01:13:45,148 [INFO] Lectura datos climáticos NASA
2025-05-31 01:13:45,150 [INFO] Datos JSON preparados para envío
2025-05-31 01:13:46,209 [INFO] Lectura BMP390
2025-05-31 01:13:46,408 [INFO] Lectura LTR390
2025-05-31 01:13:46,411 [INFO] Lectura desde ESP32-S3 por serial
2025-05-31 01:13:49,703 [INFO] Lectura datos climáticos NASA
2025-05-31 01:13:49,708 [INFO] Datos JSON preparados para envío
2025-05-31 01:13:50,761 [INFO] Lectura BMP390
2025-05-31 01:13:50,941 [INFO] Lectura LTR390
2025-05-31 01:13:50,947 [INFO] Lectura desde ESP32-S3 por serial
2025-05-31 01:13:54,206 [INFO] Lectura datos climáticos NASA
2025-05-31 01:13:54,209 [INFO] Datos JSON preparados para envío
2025-05-31 01:13:55,260 [INFO] Lectura BMP390
2025-05-31 01:13:55,437 [INFO] Lectura LTR390
2025-05-31 01:13:55,439 [INFO] Lectura desde ESP32-S3 por serial
2025-05-31 01:13:59,038 [INFO] Lectura datos climáticos NASA
2025-05-31 01:13:59,041 [INFO] Datos JSON preparados para envío
2025-05-31 01:14:00,094 [INFO] Lectura BMP390
2025-05-31 01:14:00,278 [INFO] Lectura LTR390
2025-05-31 01:14:00,284 [INFO] Lectura desde ESP32-S3 por serial
2025-05-31 01:14:04,355 [INFO] Lectura datos climáticos NASA
2025-05-31 01:14:04,358 [INFO] Datos JSON preparados para envío
2025-05-31 01:14:05,412 [INFO] Lectura BMP390
2025-05-31 01:14:05,592 [INFO] Lectura LTR390
2025-05-31 01:14:05,598 [INFO] Lectura desde ESP32-S3 por serial
2025-05-31 01:14:08,839 [INFO] Lectura datos climáticos NASA
2025-05-31 01:14:08,841 [INFO] Datos JSON preparados para envío
2025-05-31 01:14:09,895 [INFO] Lectura BMP390
2025-05-31 01:14:10,074 [INFO] Lectura LTR390
2025-05-31 01:14:10,080 [INFO] Lectura desde ESP32-S3 por serial
2025-05-31 01:14:14,776 [INFO] Lectura datos climáticos NASA
2025-05-31 01:14:14,779 [INFO] Datos JSON preparados para envío
2025-05-31 01:14:15,831 [INFO] Lectura BMP390
2025-05-31 01:14:16,010 [INFO] Lectura LTR390
2025-05-31 01:14:16,016 [INFO] Lectura desde ESP32-S3 por serial
2025-05-31 01:14:20,606 [INFO] Lectura datos climáticos NASA
2025-05-31 01:14:20,607 [INFO] Datos JSON preparados para envío
2025-05-31 01:14:21,659 [INFO] Lectura BMP390
2025-05-31 01:14:21,839 [INFO] Lectura LTR390
2025-05-31 01:14:21,847 [INFO] Lectura desde ESP32-S3 por serial
2025-05-31 01:14:25,666 [INFO] Lectura datos climáticos NASA
2025-05-31 01:14:25,669 [INFO] Datos JSON preparados para envío
2025-05-31 01:14:26,722 [INFO] Lectura BMP390
2025-05-31 01:14:26,904 [INFO] Lectura LTR390
2025-05-31 01:14:26,910 [INFO] Lectura desde ESP32-S3 por serial
2025-05-31 01:14:30,251 [INFO] Lectura datos climáticos NASA
2025-05-31 01:14:30,254 [INFO] Datos JSON preparados para envío
2025-05-31 01:14:31,308 [INFO] Lectura BMP390
2025-05-31 01:14:31,485 [INFO] Lectura LTR390
2025-05-31 01:14:31,488 [INFO] Lectura desde ESP32-S3 por serial
2025-05-31 01:14:34,834 [INFO] Lectura datos climáticos NASA
2025-05-31 01:14:34,837 [INFO] Datos JSON preparados para envío
2025-05-31 01:14:35,889 [INFO] Lectura BMP390
2025-05-31 01:14:36,069 [INFO] Lectura LTR390
2025-05-31 01:14:36,076 [INFO] Lectura desde ESP32-S3 por serial
2025-05-31 01:14:39,437 [INFO] Lectura datos climáticos NASA
2025-05-31 01:14:39,441 [INFO] Datos JSON preparados para envío
2025-05-31 01:14:40,494 [INFO] Lectura BMP390
2025-05-31 01:14:40,675 [INFO] Lectura LTR390
2025-05-31 01:14:40,681 [INFO] Lectura desde ESP32-S3 por serial
2025-05-31 01:14:43,838 [INFO] Lectura datos climáticos NASA
2025-05-31 01:14:43,839 [INFO] Datos JSON preparados para envío
2025-05-31 01:14:44,892 [INFO] Lectura BMP390
2025-05-31 01:14:45,072 [INFO] Lectura LTR390
2025-05-31 01:14:45,080 [INFO] Lectura desde ESP32-S3 por serial
2025-05-31 01:14:48,854 [INFO] Lectura datos climáticos NASA
2025-05-31 01:14:48,857 [INFO] Datos JSON preparados para envío
2025-05-31 01:14:49,910 [INFO] Lectura BMP390
2025-05-31 01:14:50,092 [INFO] Lectura LTR390
2025-05-31 01:14:50,098 [INFO] Lectura desde ESP32-S3 por serial
2025-05-31 01:14:53,253 [INFO] Lectura datos climáticos NASA
2025-05-31 01:14:53,256 [INFO] Datos JSON preparados para envío
2025-05-31 01:14:54,308 [INFO] Lectura BMP390
2025-05-31 01:14:54,493 [INFO] Lectura LTR390
2025-05-31 01:14:54,500 [INFO] Lectura desde ESP32-S3 por serial
2025-05-31 01:14:57,963 [INFO] Lectura datos climáticos NASA
2025-05-31 01:14:57,966 [INFO] Datos JSON preparados para envío
2025-05-31 01:14:59,019 [INFO] Lectura BMP390
2025-05-31 01:14:59,200 [INFO] Lectura LTR390
2025-05-31 01:14:59,206 [INFO] Lectura desde ESP32-S3 por serial
2025-05-31 01:15:02,976 [INFO] Lectura datos climáticos NASA
2025-05-31 01:15:02,984 [INFO] Datos JSON preparados para envío
2025-05-31 01:15:04,037 [INFO] Lectura BMP390
2025-05-31 01:15:04,217 [INFO] Lectura LTR390
2025-05-31 01:15:04,223 [INFO] Lectura desde ESP32-S3 por serial
2025-05-31 01:15:07,987 [INFO] Lectura datos climáticos NASA
2025-05-31 01:15:07,992 [INFO] Datos JSON preparados para envío
2025-05-31 01:15:09,045 [INFO] Lectura BMP390
2025-05-31 01:15:09,226 [INFO] Lectura LTR390
2025-05-31 01:15:09,229 [INFO] Lectura desde ESP32-S3 por serial
2025-05-31 01:15:14,259 [INFO] Lectura datos climáticos NASA
2025-05-31 01:15:14,262 [INFO] Datos JSON preparados para envío
2025-05-31 01:15:15,314 [INFO] Lectura BMP390
2025-05-31 01:15:15,495 [INFO] Lectura LTR390
2025-05-31 01:15:15,501 [INFO] Lectura desde ESP32-S3 por serial
2025-05-31 01:15:19,409 [INFO] Lectura datos climáticos NASA
2025-05-31 01:15:19,416 [INFO] Datos JSON preparados para envío
2025-05-31 01:15:20,466 [INFO] Lectura BMP390
2025-05-31 01:15:20,643 [INFO] Lectura LTR390
2025-05-31 01:15:20,646 [INFO] Lectura desde ESP32-S3 por serial
2025-05-31 01:15:23,931 [INFO] Lectura datos climáticos NASA
2025-05-31 01:15:23,933 [INFO] Datos JSON preparados para envío
2025-05-31 01:15:24,984 [INFO] Lectura BMP390
2025-05-31 01:15:25,166 [INFO] Lectura LTR390
2025-05-31 01:15:25,170 [INFO] Lectura desde ESP32-S3 por serial
2025-05-31 01:15:28,674 [INFO] Lectura datos climáticos NASA
2025-05-31 01:15:28,676 [INFO] Datos JSON preparados para envío
2025-05-31 01:15:29,730 [INFO] Lectura BMP390
2025-05-31 01:15:29,916 [INFO] Lectura LTR390
2025-05-31 01:15:29,920 [INFO] Lectura desde ESP32-S3 por serial
2025-05-31 01:15:33,118 [INFO] Lectura datos climáticos NASA
2025-05-31 01:15:33,120 [INFO] Datos JSON preparados para envío
2025-05-31 01:15:34,171 [INFO] Lectura BMP390
2025-05-31 01:15:34,352 [INFO] Lectura LTR390
2025-05-31 01:15:34,355 [INFO] Lectura desde ESP32-S3 por serial
2025-05-31 01:15:37,672 [INFO] Lectura datos climáticos NASA
2025-05-31 01:15:37,675 [INFO] Datos JSON preparados para envío
2025-05-31 01:15:38,728 [INFO] Lectura BMP390
2025-05-31 01:15:38,908 [INFO] Lectura LTR390
2025-05-31 01:15:38,912 [INFO] Lectura desde ESP32-S3 por serial
2025-05-31 01:15:42,373 [INFO] Lectura datos climáticos NASA
2025-05-31 01:15:42,376 [INFO] Datos JSON preparados para envío
2025-05-31 01:15:43,427 [INFO] Lectura BMP390
2025-05-31 01:15:43,607 [INFO] Lectura LTR390
2025-05-31 01:15:43,612 [INFO] Lectura desde ESP32-S3 por serial
2025-05-31 01:15:47,566 [INFO] Lectura datos climáticos NASA
2025-05-31 01:15:47,568 [INFO] Datos JSON preparados para envío
2025-05-31 01:15:48,622 [INFO] Lectura BMP390
2025-05-31 01:15:48,801 [INFO] Lectura LTR390
2025-05-31 01:15:48,808 [INFO] Lectura desde ESP32-S3 por serial
2025-05-31 01:15:52,354 [INFO] Lectura datos climáticos NASA
2025-05-31 01:15:52,357 [INFO] Datos JSON preparados para envío
2025-05-31 01:15:53,411 [INFO] Lectura BMP390
2025-05-31 01:15:53,597 [INFO] Lectura LTR390
2025-05-31 01:15:53,603 [INFO] Lectura desde ESP32-S3 por serial
2025-05-31 01:15:56,505 [INFO] Lectura datos climáticos NASA
2025-05-31 01:15:56,508 [INFO] Datos JSON preparados para envío
2025-05-31 01:15:57,562 [INFO] Lectura BMP390
2025-05-31 01:15:57,740 [INFO] Lectura LTR390
2025-05-31 01:15:57,742 [INFO] Lectura desde ESP32-S3 por serial
2025-05-31 01:16:01,144 [INFO] Lectura datos climáticos NASA
2025-05-31 01:16:01,147 [INFO] Datos JSON preparados para envío
2025-05-31 01:16:02,203 [INFO] Lectura BMP390
2025-05-31 01:16:02,385 [INFO] Lectura LTR390
2025-05-31 01:16:02,392 [INFO] Lectura desde ESP32-S3 por serial
2025-05-31 01:16:05,810 [INFO] Lectura datos climáticos NASA
2025-05-31 01:16:05,813 [INFO] Datos JSON preparados para envío
2025-05-31 01:16:06,865 [INFO] Lectura BMP390
2025-05-31 01:16:07,048 [INFO] Lectura LTR390
2025-05-31 01:16:07,054 [INFO] Lectura desde ESP32-S3 por serial
2025-05-31 01:16:10,431 [INFO] Lectura datos climáticos NASA
2025-05-31 01:16:10,433 [INFO] Datos JSON preparados para envío
2025-05-31 01:16:11,488 [INFO] Lectura BMP390
2025-05-31 01:16:11,668 [INFO] Lectura LTR390
2025-05-31 01:16:11,674 [INFO] Lectura desde ESP32-S3 por serial
2025-05-31 01:16:14,678 [INFO] Lectura datos climáticos NASA
2025-05-31 01:16:14,681 [INFO] Datos JSON preparados para envío
2025-05-31 01:16:15,734 [INFO] Lectura BMP390
2025-05-31 01:16:15,919 [INFO] Lectura LTR390
2025-05-31 01:16:15,925 [INFO] Lectura desde ESP32-S3 por serial
2025-05-31 01:16:19,266 [INFO] Lectura datos climáticos NASA
2025-05-31 01:16:19,268 [INFO] Datos JSON preparados para envío
2025-05-31 01:16:20,336 [INFO] Lectura BMP390
2025-05-31 01:16:20,517 [INFO] Lectura LTR390
2025-05-31 01:16:20,520 [INFO] Lectura desde ESP32-S3 por serial
2025-05-31 01:16:23,645 [INFO] Lectura datos climáticos NASA
2025-05-31 01:16:23,648 [INFO] Datos JSON preparados para envío
2025-05-31 01:16:24,701 [INFO] Lectura BMP390
2025-05-31 01:16:24,881 [INFO] Lectura LTR390
2025-05-31 01:16:24,887 [INFO] Lectura desde ESP32-S3 por serial
2025-05-31 01:16:28,594 [INFO] Lectura datos climáticos NASA
2025-05-31 01:16:28,595 [INFO] Datos JSON preparados para envío
2025-05-31 01:16:29,648 [INFO] Lectura BMP390
2025-05-31 01:16:29,828 [INFO] Lectura LTR390
2025-05-31 01:16:29,834 [INFO] Lectura desde ESP32-S3 por serial
2025-05-31 01:16:40,863 [INFO] Inicio del sistema
2025-05-31 01:16:41,984 [INFO] Lectura BMP390
2025-05-31 01:16:42,050 [INFO] [31m[1mWARNING: This is a development server. Do not use it in a production deployment. Use a production WSGI server instead.[0m
 * Running on all addresses (0.0.0.0)
 * Running on http://127.0.0.1:8080
 * Running on http://127.0.0.1:8080
2025-05-31 01:16:42,050 [INFO] [33mPress CTRL+C to quit[0m
2025-05-31 01:16:42,204 [INFO] Lectura LTR390
2025-05-31 01:16:42,500 [WARNING] Lectura serial fallida o formato incorrecto
2025-05-31 01:16:42,524 [ERROR] Error al leer datos climáticos NASA
2025-05-31 01:16:42,525 [INFO] Datos JSON preparados para envío
2025-05-31 01:16:43,576 [INFO] Lectura BMP390
2025-05-31 01:16:43,757 [INFO] Lectura LTR390
2025-05-31 01:16:44,679 [INFO] Lectura desde ESP32-S3 por serial
2025-05-31 01:16:48,337 [INFO] Lectura datos climáticos NASA
2025-05-31 01:16:48,338 [INFO] Datos JSON preparados para envío
2025-05-31 01:16:49,390 [INFO] Lectura BMP390
2025-05-31 01:16:49,566 [INFO] Lectura LTR390
2025-05-31 01:16:49,569 [INFO] Lectura desde ESP32-S3 por serial
2025-05-31 01:16:53,366 [INFO] Lectura datos climáticos NASA
2025-05-31 01:16:53,368 [INFO] Datos JSON preparados para envío
2025-05-31 01:16:54,420 [INFO] Lectura BMP390
2025-05-31 01:16:54,596 [INFO] Lectura LTR390
2025-05-31 01:16:54,599 [INFO] Lectura desde ESP32-S3 por serial
2025-05-31 01:16:58,279 [INFO] Lectura datos climáticos NASA
2025-05-31 01:16:58,281 [INFO] Datos JSON preparados para envío
2025-05-31 01:16:59,335 [INFO] Lectura BMP390
2025-05-31 01:16:59,512 [INFO] Lectura LTR390
2025-05-31 01:16:59,515 [INFO] Lectura desde ESP32-S3 por serial
2025-05-31 01:17:03,179 [INFO] Lectura datos climáticos NASA
2025-05-31 01:17:03,180 [INFO] Datos JSON preparados para envío
2025-05-31 01:17:04,234 [INFO] Lectura BMP390
2025-05-31 01:17:04,415 [INFO] Lectura LTR390
2025-05-31 01:17:04,419 [INFO] Lectura desde ESP32-S3 por serial
2025-05-31 01:17:18,614 [INFO] Lectura datos climáticos NASA
2025-05-31 01:17:18,616 [INFO] Datos JSON preparados para envío
2025-05-31 01:17:19,666 [INFO] Lectura BMP390
2025-05-31 01:17:19,842 [INFO] Lectura LTR390
2025-05-31 01:17:19,845 [INFO] Lectura desde ESP32-S3 por serial
2025-05-31 01:17:23,849 [INFO] Lectura datos climáticos NASA
2025-05-31 01:17:23,851 [INFO] Datos JSON preparados para envío
2025-05-31 01:17:24,902 [INFO] Lectura BMP390
2025-05-31 01:17:25,080 [INFO] Lectura LTR390
2025-05-31 01:17:25,083 [INFO] Lectura desde ESP32-S3 por serial
2025-05-31 01:17:28,717 [INFO] Lectura datos climáticos NASA
2025-05-31 01:17:28,718 [INFO] Datos JSON preparados para envío
2025-05-31 01:17:29,769 [INFO] Lectura BMP390
2025-05-31 01:17:29,949 [INFO] Lectura LTR390
2025-05-31 01:17:29,952 [INFO] Lectura desde ESP32-S3 por serial
2025-05-31 01:17:33,840 [INFO] Lectura datos climáticos NASA
2025-05-31 01:17:33,841 [INFO] Datos JSON preparados para envío
2025-05-31 01:17:34,895 [INFO] Lectura BMP390
2025-05-31 01:17:35,083 [INFO] Lectura LTR390
2025-05-31 01:17:35,085 [INFO] Lectura desde ESP32-S3 por serial
2025-05-31 01:17:38,047 [INFO] Lectura datos climáticos NASA
2025-05-31 01:17:38,049 [INFO] Datos JSON preparados para envío
2025-05-31 01:17:39,102 [INFO] Lectura BMP390
2025-05-31 01:17:39,283 [INFO] Lectura LTR390
2025-05-31 01:17:39,288 [INFO] Lectura desde ESP32-S3 por serial
2025-05-31 01:17:42,669 [INFO] Lectura datos climáticos NASA
2025-05-31 01:17:42,672 [INFO] Datos JSON preparados para envío
2025-05-31 01:17:43,730 [INFO] Lectura BMP390
2025-05-31 01:17:43,913 [INFO] Lectura LTR390
2025-05-31 01:17:43,919 [INFO] Lectura desde ESP32-S3 por serial
2025-05-31 01:17:47,263 [INFO] Lectura datos climáticos NASA
2025-05-31 01:17:47,264 [INFO] Datos JSON preparados para envío
2025-05-31 01:17:48,320 [INFO] Lectura BMP390
2025-05-31 01:17:48,501 [INFO] Lectura LTR390
2025-05-31 01:17:48,507 [INFO] Lectura desde ESP32-S3 por serial
2025-05-31 01:17:52,187 [INFO] Lectura datos climáticos NASA
2025-05-31 01:17:52,190 [INFO] Datos JSON preparados para envío
2025-05-31 01:17:53,242 [INFO] Lectura BMP390
2025-05-31 01:17:53,423 [INFO] Lectura LTR390
2025-05-31 01:17:53,428 [INFO] Lectura desde ESP32-S3 por serial
2025-05-31 01:17:56,676 [INFO] Lectura datos climáticos NASA
2025-05-31 01:17:56,678 [INFO] Datos JSON preparados para envío
2025-05-31 01:17:57,732 [INFO] Lectura BMP390
2025-05-31 01:17:57,911 [INFO] Lectura LTR390
2025-05-31 01:17:57,914 [INFO] Lectura desde ESP32-S3 por serial
2025-05-31 01:18:01,200 [INFO] Lectura datos climáticos NASA
2025-05-31 01:18:01,203 [INFO] Datos JSON preparados para envío
2025-05-31 01:18:02,256 [INFO] Lectura BMP390
2025-05-31 01:18:02,437 [INFO] Lectura LTR390
2025-05-31 01:18:02,443 [INFO] Lectura desde ESP32-S3 por serial
2025-05-31 01:18:06,452 [INFO] Lectura datos climáticos NASA
2025-05-31 01:18:06,455 [INFO] Datos JSON preparados para envío
2025-05-31 01:18:07,507 [INFO] Lectura BMP390
2025-05-31 01:18:07,688 [INFO] Lectura LTR390
2025-05-31 01:18:07,694 [INFO] Lectura desde ESP32-S3 por serial
2025-05-31 01:18:11,734 [INFO] Lectura datos climáticos NASA
2025-05-31 01:18:11,736 [INFO] Datos JSON preparados para envío
2025-05-31 01:18:12,792 [INFO] Lectura BMP390
2025-05-31 01:18:12,976 [INFO] Lectura LTR390
2025-05-31 01:18:12,982 [INFO] Lectura desde ESP32-S3 por serial
2025-05-31 01:18:16,910 [INFO] Lectura datos climáticos NASA
2025-05-31 01:18:16,913 [INFO] Datos JSON preparados para envío
2025-05-31 01:18:17,969 [INFO] Lectura BMP390
2025-05-31 01:18:18,150 [INFO] Lectura LTR390
2025-05-31 01:18:18,156 [INFO] Lectura desde ESP32-S3 por serial
2025-05-31 01:18:21,367 [INFO] Lectura datos climáticos NASA
2025-05-31 01:18:21,369 [INFO] Datos JSON preparados para envío
2025-05-31 01:18:22,419 [INFO] Lectura BMP390
2025-05-31 01:18:22,599 [INFO] Lectura LTR390
2025-05-31 01:18:22,602 [INFO] Lectura desde ESP32-S3 por serial
2025-05-31 01:18:25,909 [INFO] Lectura datos climáticos NASA
2025-05-31 01:18:25,912 [INFO] Datos JSON preparados para envío
2025-05-31 01:18:26,964 [INFO] Lectura BMP390
2025-05-31 01:18:27,153 [INFO] Lectura LTR390
2025-05-31 01:18:27,159 [INFO] Lectura desde ESP32-S3 por serial
2025-05-31 01:18:30,451 [INFO] Lectura datos climáticos NASA
2025-05-31 01:18:30,453 [INFO] Datos JSON preparados para envío
2025-05-31 01:18:31,505 [INFO] Lectura BMP390
2025-05-31 01:18:31,687 [INFO] Lectura LTR390
2025-05-31 01:18:31,693 [INFO] Lectura desde ESP32-S3 por serial
2025-05-31 01:18:36,324 [INFO] Lectura datos climáticos NASA
2025-05-31 01:18:36,326 [INFO] Datos JSON preparados para envío
2025-05-31 01:18:37,379 [INFO] Lectura BMP390
2025-05-31 01:18:37,561 [INFO] Lectura LTR390
2025-05-31 01:18:37,567 [INFO] Lectura desde ESP32-S3 por serial
2025-05-31 01:18:41,526 [INFO] Lectura datos climáticos NASA
2025-05-31 01:18:41,529 [INFO] Datos JSON preparados para envío
2025-05-31 01:18:42,583 [INFO] Lectura BMP390
2025-05-31 01:18:42,763 [INFO] Lectura LTR390
2025-05-31 01:18:42,769 [INFO] Lectura desde ESP32-S3 por serial
2025-05-31 01:18:46,135 [INFO] Lectura datos climáticos NASA
2025-05-31 01:18:46,138 [INFO] Datos JSON preparados para envío
2025-05-31 01:18:47,190 [INFO] Lectura BMP390
2025-05-31 01:18:47,369 [INFO] Lectura LTR390
2025-05-31 01:18:47,372 [INFO] Lectura desde ESP32-S3 por serial
2025-05-31 01:18:50,586 [INFO] Lectura datos climáticos NASA
2025-05-31 01:18:50,589 [INFO] Datos JSON preparados para envío
2025-05-31 01:18:51,644 [INFO] Lectura BMP390
2025-05-31 01:18:51,824 [INFO] Lectura LTR390
2025-05-31 01:18:51,830 [INFO] Lectura desde ESP32-S3 por serial
2025-05-31 01:18:54,955 [INFO] Lectura datos climáticos NASA
2025-05-31 01:18:54,958 [INFO] Datos JSON preparados para envío
2025-05-31 01:18:56,011 [INFO] Lectura BMP390
2025-05-31 01:18:56,194 [INFO] Lectura LTR390
2025-05-31 01:18:56,200 [INFO] Lectura desde ESP32-S3 por serial
2025-05-31 01:19:00,918 [INFO] Lectura datos climáticos NASA
2025-05-31 01:19:00,921 [INFO] Datos JSON preparados para envío
2025-05-31 01:19:01,974 [INFO] Lectura BMP390
2025-05-31 01:19:02,155 [INFO] Lectura LTR390
2025-05-31 01:19:02,161 [INFO] Lectura desde ESP32-S3 por serial
2025-05-31 01:19:05,842 [INFO] Lectura datos climáticos NASA
2025-05-31 01:19:05,843 [INFO] Datos JSON preparados para envío
2025-05-31 01:19:06,895 [INFO] Lectura BMP390
2025-05-31 01:19:07,071 [INFO] Lectura LTR390
2025-05-31 01:19:07,074 [INFO] Lectura desde ESP32-S3 por serial
2025-05-31 01:19:10,466 [INFO] Lectura datos climáticos NASA
2025-05-31 01:19:10,469 [INFO] Datos JSON preparados para envío
2025-05-31 01:19:11,521 [INFO] Lectura BMP390
2025-05-31 01:19:11,699 [INFO] Lectura LTR390
2025-05-31 01:19:11,703 [INFO] Lectura desde ESP32-S3 por serial
2025-05-31 01:19:15,382 [INFO] Lectura datos climáticos NASA
2025-05-31 01:19:15,385 [INFO] Datos JSON preparados para envío
2025-05-31 01:19:16,437 [INFO] Lectura BMP390
2025-05-31 01:19:16,619 [INFO] Lectura LTR390
2025-05-31 01:19:16,625 [INFO] Lectura desde ESP32-S3 por serial
2025-05-31 01:19:20,624 [INFO] Lectura datos climáticos NASA
2025-05-31 01:19:20,627 [INFO] Datos JSON preparados para envío
2025-05-31 01:19:21,682 [INFO] Lectura BMP390
2025-05-31 01:19:21,868 [INFO] Lectura LTR390
2025-05-31 01:19:21,873 [INFO] Lectura desde ESP32-S3 por serial
2025-05-31 01:19:25,236 [INFO] Lectura datos climáticos NASA
2025-05-31 01:19:25,239 [INFO] Datos JSON preparados para envío
2025-05-31 01:19:26,292 [INFO] Lectura BMP390
2025-05-31 01:19:26,479 [INFO] Lectura LTR390
2025-05-31 01:19:26,485 [INFO] Lectura desde ESP32-S3 por serial
2025-05-31 01:19:30,465 [INFO] Lectura datos climáticos NASA
2025-05-31 01:19:30,468 [INFO] Datos JSON preparados para envío
2025-05-31 01:19:31,524 [INFO] Lectura BMP390
2025-05-31 01:19:31,707 [INFO] Lectura LTR390
2025-05-31 01:19:31,712 [INFO] Lectura desde ESP32-S3 por serial
2025-05-31 01:19:34,769 [INFO] Lectura datos climáticos NASA
2025-05-31 01:19:34,772 [INFO] Datos JSON preparados para envío
2025-05-31 01:19:35,822 [INFO] Lectura BMP390
2025-05-31 01:19:36,001 [INFO] Lectura LTR390
2025-05-31 01:19:36,004 [INFO] Lectura desde ESP32-S3 por serial
2025-05-31 01:19:39,381 [INFO] Lectura datos climáticos NASA
2025-05-31 01:19:39,384 [INFO] Datos JSON preparados para envío
2025-05-31 01:19:40,437 [INFO] Lectura BMP390
2025-05-31 01:19:40,617 [INFO] Lectura LTR390
2025-05-31 01:19:40,623 [INFO] Lectura desde ESP32-S3 por serial
2025-05-31 01:19:44,300 [INFO] Lectura datos climáticos NASA
2025-05-31 01:19:44,303 [INFO] Datos JSON preparados para envío
2025-05-31 01:19:45,354 [INFO] Lectura BMP390
2025-05-31 01:19:45,538 [INFO] Lectura LTR390
2025-05-31 01:19:45,545 [INFO] Lectura desde ESP32-S3 por serial
2025-05-31 01:19:49,523 [INFO] Lectura datos climáticos NASA
2025-05-31 01:19:49,525 [INFO] Datos JSON preparados para envío
2025-05-31 01:19:50,577 [INFO] Lectura BMP390
2025-05-31 01:19:50,762 [INFO] Lectura LTR390
2025-05-31 01:19:50,769 [INFO] Lectura desde ESP32-S3 por serial
2025-05-31 01:19:54,784 [INFO] Lectura datos climáticos NASA
2025-05-31 01:19:54,790 [INFO] Datos JSON preparados para envío
2025-05-31 01:19:55,843 [INFO] Lectura BMP390
2025-05-31 01:19:56,026 [INFO] Lectura LTR390
2025-05-31 01:19:56,034 [INFO] Lectura desde ESP32-S3 por serial
2025-05-31 01:19:59,282 [INFO] Lectura datos climáticos NASA
2025-05-31 01:19:59,285 [INFO] Datos JSON preparados para envío
2025-05-31 01:20:00,335 [INFO] Lectura BMP390
2025-05-31 01:20:00,512 [INFO] Lectura LTR390
2025-05-31 01:20:00,515 [INFO] Lectura desde ESP32-S3 por serial
2025-05-31 01:20:03,932 [INFO] Lectura datos climáticos NASA
2025-05-31 01:20:03,934 [INFO] Datos JSON preparados para envío
2025-05-31 01:20:04,989 [INFO] Lectura BMP390
2025-05-31 01:20:05,169 [INFO] Lectura LTR390
2025-05-31 01:20:05,175 [INFO] Lectura desde ESP32-S3 por serial
2025-05-31 01:20:09,436 [INFO] Lectura datos climáticos NASA
2025-05-31 01:20:09,438 [INFO] Datos JSON preparados para envío
2025-05-31 01:20:10,492 [INFO] Lectura BMP390
2025-05-31 01:20:10,672 [INFO] Lectura LTR390
2025-05-31 01:20:10,675 [INFO] Lectura desde ESP32-S3 por serial
2025-05-31 01:20:13,999 [INFO] Lectura datos climáticos NASA
2025-05-31 01:20:14,002 [INFO] Datos JSON preparados para envío
2025-05-31 01:20:15,052 [INFO] Lectura BMP390
2025-05-31 01:20:15,232 [INFO] Lectura LTR390
2025-05-31 01:20:15,239 [INFO] Lectura desde ESP32-S3 por serial
2025-05-31 01:20:18,796 [INFO] Lectura datos climáticos NASA
2025-05-31 01:20:18,799 [INFO] Datos JSON preparados para envío
2025-05-31 01:20:19,851 [INFO] Lectura BMP390
2025-05-31 01:20:20,031 [INFO] Lectura LTR390
2025-05-31 01:20:20,037 [INFO] Lectura desde ESP32-S3 por serial
2025-05-31 01:20:23,698 [INFO] Lectura datos climáticos NASA
2025-05-31 01:20:23,701 [INFO] Datos JSON preparados para envío
2025-05-31 01:20:24,759 [INFO] Lectura BMP390
2025-05-31 01:20:24,935 [INFO] Lectura LTR390
2025-05-31 01:20:24,939 [INFO] Lectura desde ESP32-S3 por serial
2025-05-31 01:20:28,091 [INFO] Lectura datos climáticos NASA
2025-05-31 01:20:28,094 [INFO] Datos JSON preparados para envío
2025-05-31 01:20:29,147 [INFO] Lectura BMP390
2025-05-31 01:20:29,330 [INFO] Lectura LTR390
2025-05-31 01:20:29,336 [INFO] Lectura desde ESP32-S3 por serial
2025-05-31 01:20:33,381 [INFO] Lectura datos climáticos NASA
2025-05-31 01:20:33,383 [INFO] Datos JSON preparados para envío
2025-05-31 01:20:34,440 [INFO] Lectura BMP390
2025-05-31 01:20:34,622 [INFO] Lectura LTR390
2025-05-31 01:20:34,628 [INFO] Lectura desde ESP32-S3 por serial
2025-05-31 01:20:38,415 [INFO] Lectura datos climáticos NASA
2025-05-31 01:20:38,418 [INFO] Datos JSON preparados para envío
2025-05-31 01:20:39,471 [INFO] Lectura BMP390
2025-05-31 01:20:39,656 [INFO] Lectura LTR390
2025-05-31 01:20:39,662 [INFO] Lectura desde ESP32-S3 por serial
2025-05-31 01:20:43,787 [INFO] Lectura datos climáticos NASA
2025-05-31 01:20:43,789 [INFO] Datos JSON preparados para envío
2025-05-31 01:20:44,843 [INFO] Lectura BMP390
2025-05-31 01:20:45,039 [INFO] Lectura LTR390
2025-05-31 01:20:45,042 [INFO] Lectura desde ESP32-S3 por serial
2025-05-31 01:20:48,345 [INFO] Lectura datos climáticos NASA
2025-05-31 01:20:48,346 [INFO] Datos JSON preparados para envío
2025-05-31 01:20:49,396 [INFO] Lectura BMP390
2025-05-31 01:20:49,573 [INFO] Lectura LTR390
2025-05-31 01:20:49,575 [INFO] Lectura desde ESP32-S3 por serial
2025-05-31 01:20:52,957 [INFO] Lectura datos climáticos NASA
2025-05-31 01:20:52,960 [INFO] Datos JSON preparados para envío
2025-05-31 01:20:54,012 [INFO] Lectura BMP390
2025-05-31 01:20:54,192 [INFO] Lectura LTR390
2025-05-31 01:20:54,198 [INFO] Lectura desde ESP32-S3 por serial
2025-05-31 01:20:57,548 [INFO] Lectura datos climáticos NASA
2025-05-31 01:20:57,550 [INFO] Datos JSON preparados para envío
2025-05-31 01:20:58,604 [INFO] Lectura BMP390
2025-05-31 01:20:58,784 [INFO] Lectura LTR390
2025-05-31 01:20:58,790 [INFO] Lectura desde ESP32-S3 por serial
2025-05-31 01:21:02,186 [INFO] Lectura datos climáticos NASA
2025-05-31 01:21:02,188 [INFO] Datos JSON preparados para envío
2025-05-31 01:21:03,241 [INFO] Lectura BMP390
2025-05-31 01:21:03,421 [INFO] Lectura LTR390
2025-05-31 01:21:03,427 [INFO] Lectura desde ESP32-S3 por serial
2025-05-31 01:21:07,071 [INFO] Lectura datos climáticos NASA
2025-05-31 01:21:07,073 [INFO] Datos JSON preparados para envío
2025-05-31 01:21:08,125 [INFO] Lectura BMP390
2025-05-31 01:21:08,304 [INFO] Lectura LTR390
2025-05-31 01:21:08,312 [INFO] Lectura desde ESP32-S3 por serial
2025-05-31 01:21:12,371 [INFO] Lectura datos climáticos NASA
2025-05-31 01:21:12,373 [INFO] Datos JSON preparados para envío
2025-05-31 01:21:13,424 [INFO] Lectura BMP390
2025-05-31 01:21:13,601 [INFO] Lectura LTR390
2025-05-31 01:21:13,605 [INFO] Lectura desde ESP32-S3 por serial
2025-05-31 01:21:17,261 [INFO] Lectura datos climáticos NASA
2025-05-31 01:21:17,264 [INFO] Datos JSON preparados para envío
2025-05-31 01:21:18,318 [INFO] Lectura BMP390
2025-05-31 01:21:18,503 [INFO] Lectura LTR390
2025-05-31 01:21:18,510 [INFO] Lectura desde ESP32-S3 por serial
2025-05-31 01:21:22,791 [INFO] Lectura datos climáticos NASA
2025-05-31 01:21:22,793 [INFO] Datos JSON preparados para envío
2025-05-31 01:21:23,846 [INFO] Lectura BMP390
2025-05-31 01:21:24,028 [INFO] Lectura LTR390
2025-05-31 01:21:24,035 [INFO] Lectura desde ESP32-S3 por serial
2025-05-31 01:21:27,370 [INFO] Lectura datos climáticos NASA
2025-05-31 01:21:27,373 [INFO] Datos JSON preparados para envío
2025-05-31 01:21:28,429 [INFO] Lectura BMP390
2025-05-31 01:21:28,608 [INFO] Lectura LTR390
2025-05-31 01:21:28,615 [INFO] Lectura desde ESP32-S3 por serial
2025-05-31 01:21:32,620 [INFO] Lectura datos climáticos NASA
2025-05-31 01:21:32,623 [INFO] Datos JSON preparados para envío
2025-05-31 01:21:33,675 [INFO] Lectura BMP390
2025-05-31 01:21:33,859 [INFO] Lectura LTR390
2025-05-31 01:21:33,867 [INFO] Lectura desde ESP32-S3 por serial
2025-05-31 01:21:38,150 [INFO] Lectura datos climáticos NASA
2025-05-31 01:21:38,152 [INFO] Datos JSON preparados para envío
2025-05-31 01:21:39,204 [INFO] Lectura BMP390
2025-05-31 01:21:39,385 [INFO] Lectura LTR390
2025-05-31 01:21:39,393 [INFO] Lectura desde ESP32-S3 por serial
2025-05-31 01:21:42,758 [INFO] Lectura datos climáticos NASA
2025-05-31 01:21:42,761 [INFO] Datos JSON preparados para envío
2025-05-31 01:21:43,812 [INFO] Lectura BMP390
2025-05-31 01:21:43,992 [INFO] Lectura LTR390
2025-05-31 01:21:43,997 [INFO] Lectura desde ESP32-S3 por serial
2025-05-31 01:21:47,366 [INFO] Lectura datos climáticos NASA
2025-05-31 01:21:47,369 [INFO] Datos JSON preparados para envío
2025-05-31 01:21:48,421 [INFO] Lectura BMP390
2025-05-31 01:21:48,600 [INFO] Lectura LTR390
2025-05-31 01:21:48,607 [INFO] Lectura desde ESP32-S3 por serial
2025-05-31 01:21:51,977 [INFO] Lectura datos climáticos NASA
2025-05-31 01:21:51,980 [INFO] Datos JSON preparados para envío
2025-05-31 01:21:53,036 [INFO] Lectura BMP390
2025-05-31 01:21:53,216 [INFO] Lectura LTR390
2025-05-31 01:21:53,222 [INFO] Lectura desde ESP32-S3 por serial
2025-05-31 01:21:56,581 [INFO] Lectura datos climáticos NASA
2025-05-31 01:21:56,583 [INFO] Datos JSON preparados para envío
2025-05-31 01:21:57,636 [INFO] Lectura BMP390
2025-05-31 01:21:57,817 [INFO] Lectura LTR390
2025-05-31 01:21:57,823 [INFO] Lectura desde ESP32-S3 por serial
2025-05-31 01:22:01,492 [INFO] Lectura datos climáticos NASA
2025-05-31 01:22:01,497 [INFO] Datos JSON preparados para envío
2025-05-31 01:22:02,548 [INFO] Lectura BMP390
2025-05-31 01:22:02,725 [INFO] Lectura LTR390
2025-05-31 01:22:02,728 [INFO] Lectura desde ESP32-S3 por serial
2025-05-31 01:22:06,410 [INFO] Lectura datos climáticos NASA
2025-05-31 01:22:06,413 [INFO] Datos JSON preparados para envío
2025-05-31 01:22:07,466 [INFO] Lectura BMP390
2025-05-31 01:22:07,647 [INFO] Lectura LTR390
2025-05-31 01:22:07,653 [INFO] Lectura desde ESP32-S3 por serial
2025-05-31 01:22:11,630 [INFO] Lectura datos climáticos NASA
2025-05-31 01:22:11,633 [INFO] Datos JSON preparados para envío
2025-05-31 01:22:12,686 [INFO] Lectura BMP390
2025-05-31 01:22:12,866 [INFO] Lectura LTR390
2025-05-31 01:22:12,872 [INFO] Lectura desde ESP32-S3 por serial
2025-05-31 01:22:16,853 [INFO] Lectura datos climáticos NASA
2025-05-31 01:22:16,857 [INFO] Datos JSON preparados para envío
2025-05-31 01:22:17,910 [INFO] Lectura BMP390
2025-05-31 01:22:18,090 [INFO] Lectura LTR390
2025-05-31 01:22:18,096 [INFO] Lectura desde ESP32-S3 por serial
2025-05-31 01:22:22,384 [INFO] Lectura datos climáticos NASA
2025-05-31 01:22:22,387 [INFO] Datos JSON preparados para envío
2025-05-31 01:22:23,440 [INFO] Lectura BMP390
2025-05-31 01:22:23,620 [INFO] Lectura LTR390
2025-05-31 01:22:23,627 [INFO] Lectura desde ESP32-S3 por serial
2025-05-31 01:22:27,204 [INFO] Lectura datos climáticos NASA
2025-05-31 01:22:27,206 [INFO] Datos JSON preparados para envío
2025-05-31 01:22:28,260 [INFO] Lectura BMP390
2025-05-31 01:22:28,440 [INFO] Lectura LTR390
2025-05-31 01:22:28,447 [INFO] Lectura desde ESP32-S3 por serial
2025-05-31 01:22:31,903 [INFO] Lectura datos climáticos NASA
2025-05-31 01:22:31,906 [INFO] Datos JSON preparados para envío
2025-05-31 01:22:32,958 [INFO] Lectura BMP390
2025-05-31 01:22:33,139 [INFO] Lectura LTR390
2025-05-31 01:22:33,145 [INFO] Lectura desde ESP32-S3 por serial
2025-05-31 01:22:36,300 [INFO] Lectura datos climáticos NASA
2025-05-31 01:22:36,301 [INFO] Datos JSON preparados para envío
2025-05-31 01:22:37,352 [INFO] Lectura BMP390
2025-05-31 01:22:37,533 [INFO] Lectura LTR390
2025-05-31 01:22:37,536 [INFO] Lectura desde ESP32-S3 por serial
2025-05-31 01:22:40,810 [INFO] Lectura datos climáticos NASA
2025-05-31 01:22:40,813 [INFO] Datos JSON preparados para envío
2025-05-31 01:22:41,866 [INFO] Lectura BMP390
2025-05-31 01:22:42,050 [INFO] Lectura LTR390
2025-05-31 01:22:42,056 [INFO] Lectura desde ESP32-S3 por serial
2025-05-31 01:22:46,029 [INFO] Lectura datos climáticos NASA
2025-05-31 01:22:46,031 [INFO] Datos JSON preparados para envío
2025-05-31 01:22:47,086 [INFO] Lectura BMP390
2025-05-31 01:22:47,270 [INFO] Lectura LTR390
2025-05-31 01:22:47,276 [INFO] Lectura desde ESP32-S3 por serial
2025-05-31 01:22:51,016 [INFO] Lectura datos climáticos NASA
2025-05-31 01:22:51,018 [INFO] Datos JSON preparados para envío
2025-05-31 01:22:52,072 [INFO] Lectura BMP390
2025-05-31 01:22:52,249 [INFO] Lectura LTR390
2025-05-31 01:22:52,255 [INFO] Lectura desde ESP32-S3 por serial
2025-05-31 01:22:55,422 [INFO] Lectura datos climáticos NASA
2025-05-31 01:22:55,425 [INFO] Datos JSON preparados para envío
2025-05-31 01:22:56,482 [INFO] Lectura BMP390
2025-05-31 01:22:56,665 [INFO] Lectura LTR390
2025-05-31 01:22:56,672 [INFO] Lectura desde ESP32-S3 por serial
2025-05-31 01:23:00,225 [INFO] Lectura datos climáticos NASA
2025-05-31 01:23:00,228 [INFO] Datos JSON preparados para envío
2025-05-31 01:23:01,282 [INFO] Lectura BMP390
2025-05-31 01:23:01,464 [INFO] Lectura LTR390
2025-05-31 01:23:01,470 [INFO] Lectura desde ESP32-S3 por serial
2025-05-31 01:23:04,830 [INFO] Lectura datos climáticos NASA
2025-05-31 01:23:04,833 [INFO] Datos JSON preparados para envío
2025-05-31 01:23:05,887 [INFO] Lectura BMP390
2025-05-31 01:23:06,067 [INFO] Lectura LTR390
2025-05-31 01:23:06,073 [INFO] Lectura desde ESP32-S3 por serial
2025-05-31 01:23:09,944 [INFO] Lectura datos climáticos NASA
2025-05-31 01:23:09,947 [INFO] Datos JSON preparados para envío
2025-05-31 01:23:11,000 [INFO] Lectura BMP390
2025-05-31 01:23:11,180 [INFO] Lectura LTR390
2025-05-31 01:23:11,187 [INFO] Lectura desde ESP32-S3 por serial
2025-05-31 01:23:15,096 [INFO] Lectura datos climáticos NASA
2025-05-31 01:23:15,098 [INFO] Datos JSON preparados para envío
2025-05-31 01:23:16,149 [INFO] Lectura BMP390
2025-05-31 01:23:16,329 [INFO] Lectura LTR390
2025-05-31 01:23:16,336 [INFO] Lectura desde ESP32-S3 por serial
2025-05-31 01:23:20,113 [INFO] Lectura datos climáticos NASA
2025-05-31 01:23:20,116 [INFO] Datos JSON preparados para envío
2025-05-31 01:23:21,169 [INFO] Lectura BMP390
2025-05-31 01:23:21,349 [INFO] Lectura LTR390
2025-05-31 01:23:21,356 [INFO] Lectura desde ESP32-S3 por serial
2025-05-31 01:23:25,779 [INFO] Lectura datos climáticos NASA
2025-05-31 01:23:25,782 [INFO] Datos JSON preparados para envío
2025-05-31 01:23:26,832 [INFO] Lectura BMP390
2025-05-31 01:23:27,009 [INFO] Lectura LTR390
2025-05-31 01:23:27,011 [INFO] Lectura desde ESP32-S3 por serial
2025-05-31 01:23:30,572 [INFO] Lectura datos climáticos NASA
2025-05-31 01:23:30,575 [INFO] Datos JSON preparados para envío
2025-05-31 01:23:31,628 [INFO] Lectura BMP390
2025-05-31 01:23:31,807 [INFO] Lectura LTR390
2025-05-31 01:23:31,814 [INFO] Lectura desde ESP32-S3 por serial
2025-05-31 01:23:35,181 [INFO] Lectura datos climáticos NASA
2025-05-31 01:23:35,184 [INFO] Datos JSON preparados para envío
2025-05-31 01:23:36,237 [INFO] Lectura BMP390
2025-05-31 01:23:36,421 [INFO] Lectura LTR390
2025-05-31 01:23:36,426 [INFO] Lectura desde ESP32-S3 por serial
2025-05-31 01:23:40,093 [INFO] Lectura datos climáticos NASA
2025-05-31 01:23:40,094 [INFO] Datos JSON preparados para envío
2025-05-31 01:23:41,146 [INFO] Lectura BMP390
2025-05-31 01:23:41,327 [INFO] Lectura LTR390
2025-05-31 01:23:41,332 [INFO] Lectura desde ESP32-S3 por serial
2025-05-31 01:23:45,318 [INFO] Lectura datos climáticos NASA
2025-05-31 01:23:45,321 [INFO] Datos JSON preparados para envío
2025-05-31 01:23:46,373 [INFO] Lectura BMP390
2025-05-31 01:23:46,555 [INFO] Lectura LTR390
2025-05-31 01:23:46,558 [INFO] Lectura desde ESP32-S3 por serial
2025-05-31 01:23:50,238 [INFO] Lectura datos climáticos NASA
2025-05-31 01:23:50,241 [INFO] Datos JSON preparados para envío
2025-05-31 01:23:51,293 [INFO] Lectura BMP390
2025-05-31 01:23:51,474 [INFO] Lectura LTR390
2025-05-31 01:23:51,479 [INFO] Lectura desde ESP32-S3 por serial
2025-05-31 01:23:54,974 [INFO] Lectura datos climáticos NASA
2025-05-31 01:23:54,977 [INFO] Datos JSON preparados para envío
2025-05-31 01:23:56,032 [INFO] Lectura BMP390
2025-05-31 01:23:56,215 [INFO] Lectura LTR390
2025-05-31 01:23:56,228 [INFO] Lectura desde ESP32-S3 por serial
2025-05-31 01:24:00,065 [INFO] Lectura datos climáticos NASA
2025-05-31 01:24:00,068 [INFO] Datos JSON preparados para envío
2025-05-31 01:24:01,122 [INFO] Lectura BMP390
2025-05-31 01:24:01,306 [INFO] Lectura LTR390
2025-05-31 01:24:01,313 [INFO] Lectura desde ESP32-S3 por serial
2025-05-31 01:24:04,981 [INFO] Lectura datos climáticos NASA
2025-05-31 01:24:04,986 [INFO] Datos JSON preparados para envío
2025-05-31 01:24:06,052 [INFO] Lectura BMP390
2025-05-31 01:24:06,235 [INFO] Lectura LTR390
2025-05-31 01:24:06,241 [INFO] Lectura desde ESP32-S3 por serial
2025-05-31 01:24:10,203 [INFO] Lectura datos climáticos NASA
2025-05-31 01:24:10,206 [INFO] Datos JSON preparados para envío
2025-05-31 01:24:11,260 [INFO] Lectura BMP390
2025-05-31 01:24:11,442 [INFO] Lectura LTR390
2025-05-31 01:24:11,448 [INFO] Lectura desde ESP32-S3 por serial
2025-05-31 01:24:15,329 [INFO] Lectura datos climáticos NASA
2025-05-31 01:24:15,331 [INFO] Datos JSON preparados para envío
2025-05-31 01:24:16,381 [INFO] Lectura BMP390
2025-05-31 01:24:16,556 [INFO] Lectura LTR390
2025-05-31 01:24:16,559 [INFO] Lectura desde ESP32-S3 por serial
2025-05-31 01:24:20,455 [INFO] Lectura datos climáticos NASA
2025-05-31 01:24:20,457 [INFO] Datos JSON preparados para envío
2025-05-31 01:24:21,513 [INFO] Lectura BMP390
2025-05-31 01:24:21,693 [INFO] Lectura LTR390
2025-05-31 01:24:21,699 [INFO] Lectura desde ESP32-S3 por serial
2025-05-31 01:24:25,105 [INFO] Lectura datos climáticos NASA
2025-05-31 01:24:25,108 [INFO] Datos JSON preparados para envío
2025-05-31 01:24:26,161 [INFO] Lectura BMP390
2025-05-31 01:24:26,342 [INFO] Lectura LTR390
2025-05-31 01:24:26,347 [INFO] Lectura desde ESP32-S3 por serial
2025-05-31 01:24:35,194 [INFO] Lectura datos climáticos NASA
2025-05-31 01:24:35,200 [INFO] Datos JSON preparados para envío
2025-05-31 01:24:36,256 [INFO] Lectura BMP390
2025-05-31 01:24:36,434 [INFO] Lectura LTR390
2025-05-31 01:24:36,437 [INFO] Lectura desde ESP32-S3 por serial
2025-05-31 01:24:39,693 [INFO] Lectura datos climáticos NASA
2025-05-31 01:24:39,694 [INFO] Datos JSON preparados para envío
2025-05-31 01:24:40,745 [INFO] Lectura BMP390
2025-05-31 01:24:40,923 [INFO] Lectura LTR390
2025-05-31 01:24:40,926 [INFO] Lectura desde ESP32-S3 por serial
2025-05-31 01:24:45,497 [INFO] Lectura datos climáticos NASA
2025-05-31 01:24:45,499 [INFO] Datos JSON preparados para envío
2025-05-31 01:24:46,557 [INFO] Lectura BMP390
2025-05-31 01:24:46,753 [INFO] Lectura LTR390
2025-05-31 01:24:46,758 [INFO] Lectura desde ESP32-S3 por serial
2025-05-31 01:24:47,490 [INFO] Movimiento hacia adelante
2025-05-31 01:24:47,519 [INFO] 192.168.95.147 - - [31/May/2025 01:24:47] "POST /mover HTTP/1.1" 200 -
2025-05-31 01:24:49,234 [INFO] 192.168.95.147 - - [31/May/2025 01:24:49] "GET / HTTP/1.1" 200 -
2025-05-31 01:24:50,257 [INFO] Lectura datos climáticos NASA
2025-05-31 01:24:50,259 [INFO] Datos JSON preparados para envío
2025-05-31 01:24:50,681 [INFO] Movimiento hacia adelante
2025-05-31 01:24:51,320 [INFO] Lectura BMP390
2025-05-31 01:24:51,517 [INFO] Lectura LTR390
2025-05-31 01:24:51,522 [INFO] Lectura desde ESP32-S3 por serial
2025-05-31 01:24:53,787 [INFO] Movimiento hacia adelante
2025-05-31 01:24:54,841 [INFO] Lectura datos climáticos NASA
2025-05-31 01:24:54,844 [INFO] Datos JSON preparados para envío
2025-05-31 01:24:55,901 [INFO] Lectura BMP390
2025-05-31 01:24:56,097 [INFO] Lectura LTR390
2025-05-31 01:24:56,103 [INFO] Lectura desde ESP32-S3 por serial
2025-05-31 01:24:56,979 [INFO] Movimiento hacia adelante
2025-05-31 01:25:00,023 [INFO] Lectura datos climáticos NASA
2025-05-31 01:25:00,025 [INFO] Datos JSON preparados para envío
2025-05-31 01:25:00,123 [INFO] Movimiento hacia adelante
2025-05-31 01:25:01,083 [INFO] Lectura BMP390
2025-05-31 01:25:01,277 [INFO] Lectura LTR390
2025-05-31 01:25:01,280 [INFO] Lectura desde ESP32-S3 por serial
2025-05-31 01:25:03,287 [INFO] Movimiento hacia adelante
2025-05-31 01:25:06,359 [INFO] Movimiento hacia adelante
2025-05-31 01:25:09,545 [INFO] Movimiento hacia adelante
2025-05-31 01:25:11,312 [ERROR] Error al leer datos climáticos NASA
2025-05-31 01:25:11,313 [INFO] Datos JSON preparados para envío
2025-05-31 01:25:12,370 [INFO] Lectura BMP390
2025-05-31 01:25:12,566 [INFO] Lectura LTR390
2025-05-31 01:25:12,572 [INFO] Lectura desde ESP32-S3 por serial
2025-05-31 01:25:12,730 [INFO] Movimiento hacia adelante
2025-05-31 01:25:15,873 [INFO] Movimiento hacia adelante
2025-05-31 01:25:16,549 [INFO] Lectura datos climáticos NASA
2025-05-31 01:25:16,551 [INFO] Datos JSON preparados para envío
2025-05-31 01:25:17,610 [INFO] Lectura BMP390
2025-05-31 01:25:17,808 [INFO] Lectura LTR390
2025-05-31 01:25:17,813 [INFO] Lectura desde ESP32-S3 por serial
2025-05-31 01:25:18,990 [INFO] Movimiento hacia adelante
2025-05-31 01:25:21,159 [INFO] Lectura datos climáticos NASA
2025-05-31 01:25:21,161 [INFO] Datos JSON preparados para envío
2025-05-31 01:25:22,152 [INFO] Movimiento hacia adelante
2025-05-31 01:25:22,222 [INFO] Lectura BMP390
2025-05-31 01:25:22,420 [INFO] Lectura LTR390
2025-05-31 01:25:22,426 [INFO] Lectura desde ESP32-S3 por serial
2025-05-31 01:25:25,333 [INFO] Movimiento hacia adelante
2025-05-31 01:25:26,380 [INFO] Lectura datos climáticos NASA
2025-05-31 01:25:26,384 [INFO] Datos JSON preparados para envío
2025-05-31 01:25:27,443 [INFO] Lectura BMP390
2025-05-31 01:25:27,643 [INFO] Lectura LTR390
2025-05-31 01:25:27,649 [INFO] Lectura desde ESP32-S3 por serial
2025-05-31 01:25:28,504 [INFO] Movimiento hacia adelante
2025-05-31 01:25:31,583 [INFO] Movimiento hacia adelante
2025-05-31 01:25:31,602 [INFO] Lectura datos climáticos NASA
2025-05-31 01:25:31,605 [INFO] Datos JSON preparados para envío
2025-05-31 01:25:32,659 [INFO] Lectura BMP390
2025-05-31 01:25:32,846 [INFO] Lectura LTR390
2025-05-31 01:25:32,852 [INFO] Lectura desde ESP32-S3 por serial
2025-05-31 01:25:34,769 [INFO] Movimiento hacia adelante
2025-05-31 01:25:37,746 [INFO] Lectura datos climáticos NASA
2025-05-31 01:25:37,754 [INFO] Datos JSON preparados para envío
2025-05-31 01:25:37,925 [INFO] Movimiento hacia adelante
2025-05-31 01:25:38,815 [INFO] Lectura BMP390
2025-05-31 01:25:39,005 [INFO] Lectura LTR390
2025-05-31 01:25:39,011 [INFO] Lectura desde ESP32-S3 por serial
2025-05-31 01:25:41,073 [INFO] Movimiento hacia adelante
2025-05-31 01:25:43,581 [INFO] Lectura datos climáticos NASA
2025-05-31 01:25:43,584 [INFO] Datos JSON preparados para envío
2025-05-31 01:25:44,196 [INFO] Movimiento hacia adelante
2025-05-31 01:25:44,642 [INFO] Lectura BMP390
2025-05-31 01:25:44,837 [INFO] Lectura LTR390
2025-05-31 01:25:44,843 [INFO] Lectura desde ESP32-S3 por serial
2025-05-31 01:25:47,387 [INFO] Movimiento hacia adelante
2025-05-31 01:25:49,109 [INFO] Lectura datos climáticos NASA
2025-05-31 01:25:49,112 [INFO] Datos JSON preparados para envío
2025-05-31 01:25:50,175 [INFO] Lectura BMP390
2025-05-31 01:25:50,363 [INFO] Lectura LTR390
2025-05-31 01:25:50,371 [INFO] Lectura desde ESP32-S3 por serial
2025-05-31 01:25:50,580 [INFO] Movimiento hacia adelante
2025-05-31 01:25:53,690 [INFO] Movimiento hacia adelante
2025-05-31 01:25:54,639 [INFO] Lectura datos climáticos NASA
2025-05-31 01:25:54,641 [INFO] Datos JSON preparados para envío
2025-05-31 01:25:55,703 [INFO] Lectura BMP390
2025-05-31 01:25:55,890 [INFO] Lectura LTR390
2025-05-31 01:25:55,898 [INFO] Lectura desde ESP32-S3 por serial
2025-05-31 01:25:56,865 [INFO] Movimiento hacia adelante
2025-05-31 01:25:59,858 [INFO] Lectura datos climáticos NASA
2025-05-31 01:25:59,861 [INFO] Datos JSON preparados para envío
2025-05-31 01:26:00,018 [INFO] Movimiento hacia adelante
2025-05-31 01:26:00,918 [INFO] Lectura BMP390
2025-05-31 01:26:01,117 [INFO] Lectura LTR390
2025-05-31 01:26:01,123 [INFO] Lectura desde ESP32-S3 por serial
2025-05-31 01:26:03,204 [INFO] Movimiento hacia adelante
2025-05-31 01:26:05,078 [INFO] Lectura datos climáticos NASA
2025-05-31 01:26:05,080 [INFO] Datos JSON preparados para envío
2025-05-31 01:26:06,139 [INFO] Lectura BMP390
2025-05-31 01:26:06,300 [INFO] Movimiento hacia adelante
2025-05-31 01:26:06,330 [INFO] Lectura LTR390
2025-05-31 01:26:06,336 [INFO] Lectura desde ESP32-S3 por serial
2025-05-31 01:26:09,460 [INFO] Movimiento hacia adelante
2025-05-31 01:26:09,994 [INFO] Lectura datos climáticos NASA
2025-05-31 01:26:09,997 [INFO] Datos JSON preparados para envío
2025-05-31 01:26:11,058 [INFO] Lectura BMP390
2025-05-31 01:26:11,253 [INFO] Lectura LTR390
2025-05-31 01:26:11,259 [INFO] Lectura desde ESP32-S3 por serial
2025-05-31 01:26:12,647 [INFO] Movimiento hacia adelante
2025-05-31 01:26:14,773 [INFO] Lectura datos climáticos NASA
2025-05-31 01:26:14,776 [INFO] Datos JSON preparados para envío
2025-05-31 01:26:15,802 [INFO] Movimiento hacia adelante
2025-05-31 01:26:15,832 [INFO] Lectura BMP390
2025-05-31 01:26:16,028 [INFO] Lectura LTR390
2025-05-31 01:26:16,033 [INFO] Lectura desde ESP32-S3 por serial
2025-05-31 01:26:18,904 [INFO] Movimiento hacia adelante
2025-05-31 01:26:19,886 [INFO] Lectura datos climáticos NASA
2025-05-31 01:26:19,889 [INFO] Datos JSON preparados para envío
2025-05-31 01:26:20,944 [INFO] Lectura BMP390
2025-05-31 01:26:21,140 [INFO] Lectura LTR390
2025-05-31 01:26:21,148 [INFO] Lectura desde ESP32-S3 por serial
2025-05-31 01:26:22,090 [INFO] Movimiento hacia adelante
2025-05-31 01:26:24,739 [INFO] Lectura datos climáticos NASA
2025-05-31 01:26:24,742 [INFO] Datos JSON preparados para envío
2025-05-31 01:26:25,241 [INFO] Movimiento hacia adelante
2025-05-31 01:26:25,800 [INFO] Lectura BMP390
2025-05-31 01:26:25,995 [INFO] Lectura LTR390
2025-05-31 01:26:26,001 [INFO] Lectura desde ESP32-S3 por serial
2025-05-31 01:26:28,413 [INFO] Movimiento hacia adelante
2025-05-31 01:26:30,266 [INFO] Lectura datos climáticos NASA
2025-05-31 01:26:30,268 [INFO] Datos JSON preparados para envío
2025-05-31 01:26:31,326 [INFO] Lectura BMP390
2025-05-31 01:26:31,512 [INFO] Lectura LTR390
2025-05-31 01:26:31,518 [INFO] Lectura desde ESP32-S3 por serial
2025-05-31 01:26:31,520 [INFO] Movimiento hacia adelante
2025-05-31 01:26:34,679 [INFO] Movimiento hacia adelante
2025-05-31 01:26:35,488 [INFO] Lectura datos climáticos NASA
2025-05-31 01:26:35,491 [INFO] Datos JSON preparados para envío
2025-05-31 01:26:36,548 [INFO] Lectura BMP390
2025-05-31 01:26:36,744 [INFO] Lectura LTR390
2025-05-31 01:26:36,750 [INFO] Lectura desde ESP32-S3 por serial
2025-05-31 01:26:37,861 [INFO] Movimiento hacia adelante
2025-05-31 01:26:40,951 [INFO] Movimiento hacia adelante
2025-05-31 01:26:41,690 [INFO] Lectura datos climáticos NASA
2025-05-31 01:26:41,692 [INFO] Datos JSON preparados para envío
2025-05-31 01:26:42,748 [INFO] Lectura BMP390
2025-05-31 01:26:42,941 [INFO] Lectura LTR390
2025-05-31 01:26:42,944 [INFO] Lectura desde ESP32-S3 por serial
2025-05-31 01:26:44,046 [INFO] Movimiento hacia adelante
2025-05-31 01:26:46,237 [INFO] Lectura datos climáticos NASA
2025-05-31 01:26:46,239 [INFO] Datos JSON preparados para envío
2025-05-31 01:26:47,186 [INFO] Movimiento hacia adelante
2025-05-31 01:26:47,296 [INFO] Lectura BMP390
2025-05-31 01:26:47,491 [INFO] Lectura LTR390
2025-05-31 01:26:47,497 [INFO] Lectura desde ESP32-S3 por serial
2025-05-31 01:26:50,388 [INFO] Movimiento hacia adelante
2025-05-31 01:26:53,521 [INFO] Movimiento hacia adelante
2025-05-31 01:26:56,607 [INFO] Movimiento hacia adelante
2025-05-31 01:26:59,755 [INFO] Movimiento hacia adelante
2025-05-31 01:27:02,899 [INFO] Movimiento hacia adelante
2025-05-31 01:27:06,072 [INFO] Movimiento hacia adelante
2025-05-31 01:27:09,179 [INFO] Movimiento hacia adelante
2025-05-31 01:27:09,362 [INFO] Lectura datos climáticos NASA
2025-05-31 01:27:09,365 [INFO] Datos JSON preparados para envío
2025-05-31 01:27:10,426 [INFO] Lectura BMP390
2025-05-31 01:27:10,614 [INFO] Lectura LTR390
2025-05-31 01:27:10,619 [INFO] Lectura desde ESP32-S3 por serial
2025-05-31 01:27:12,367 [INFO] Movimiento hacia adelante
2025-05-31 01:27:14,079 [INFO] Lectura datos climáticos NASA
2025-05-31 01:27:14,082 [INFO] Datos JSON preparados para envío
2025-05-31 01:27:15,143 [INFO] Lectura BMP390
2025-05-31 01:27:15,331 [INFO] Lectura LTR390
2025-05-31 01:27:15,337 [INFO] Lectura desde ESP32-S3 por serial
2025-05-31 01:27:15,548 [INFO] Movimiento hacia adelante
2025-05-31 01:27:18,645 [INFO] Movimiento hacia adelante
2025-05-31 01:27:19,439 [INFO] Lectura datos climáticos NASA
2025-05-31 01:27:19,440 [INFO] Datos JSON preparados para envío
2025-05-31 01:27:20,502 [INFO] Lectura BMP390
2025-05-31 01:27:20,697 [INFO] Lectura LTR390
2025-05-31 01:27:20,703 [INFO] Lectura desde ESP32-S3 por serial
2025-05-31 01:27:21,781 [INFO] Movimiento hacia adelante
2025-05-31 01:27:24,324 [INFO] Lectura datos climáticos NASA
2025-05-31 01:27:24,327 [INFO] Datos JSON preparados para envío
2025-05-31 01:27:24,929 [INFO] Movimiento hacia adelante
2025-05-31 01:27:25,385 [INFO] Lectura BMP390
2025-05-31 01:27:25,574 [INFO] Lectura LTR390
2025-05-31 01:27:25,579 [INFO] Lectura desde ESP32-S3 por serial
2025-05-31 01:27:28,111 [INFO] Movimiento hacia adelante
2025-05-31 01:27:29,239 [INFO] Lectura datos climáticos NASA
2025-05-31 01:27:29,243 [INFO] Datos JSON preparados para envío
2025-05-31 01:27:30,299 [INFO] Lectura BMP390
2025-05-31 01:27:30,493 [INFO] Lectura LTR390
2025-05-31 01:27:30,497 [INFO] Lectura desde ESP32-S3 por serial
2025-05-31 01:27:31,230 [INFO] Movimiento hacia adelante
2025-05-31 01:27:34,160 [INFO] Lectura datos climáticos NASA
2025-05-31 01:27:34,167 [INFO] Datos JSON preparados para envío
2025-05-31 01:27:34,396 [INFO] Movimiento hacia adelante
2025-05-31 01:27:35,225 [INFO] Lectura BMP390
2025-05-31 01:27:35,423 [INFO] Lectura LTR390
2025-05-31 01:27:35,433 [INFO] Lectura desde ESP32-S3 por serial
2025-05-31 01:27:37,588 [INFO] Movimiento hacia adelante
2025-05-31 01:27:39,385 [INFO] Lectura datos climáticos NASA
2025-05-31 01:27:39,388 [INFO] Datos JSON preparados para envío
2025-05-31 01:27:40,450 [INFO] Lectura BMP390
2025-05-31 01:27:40,635 [INFO] Lectura LTR390
2025-05-31 01:27:40,642 [INFO] Lectura desde ESP32-S3 por serial
2025-05-31 01:27:40,779 [INFO] Movimiento hacia adelante
2025-05-31 01:27:43,848 [INFO] Movimiento hacia adelante
2025-05-31 01:27:44,012 [INFO] Lectura datos climáticos NASA
2025-05-31 01:27:44,013 [INFO] Datos JSON preparados para envío
2025-05-31 01:27:45,072 [INFO] Lectura BMP390
2025-05-31 01:27:45,268 [INFO] Lectura LTR390
2025-05-31 01:27:45,275 [INFO] Lectura desde ESP32-S3 por serial
2025-05-31 01:27:47,039 [INFO] Movimiento hacia adelante
2025-05-31 01:27:48,913 [INFO] Lectura datos climáticos NASA
2025-05-31 01:27:48,915 [INFO] Datos JSON preparados para envío
2025-05-31 01:27:49,974 [INFO] Lectura BMP390
2025-05-31 01:27:50,155 [INFO] Lectura LTR390
2025-05-31 01:27:50,161 [INFO] Lectura desde ESP32-S3 por serial
2025-05-31 01:27:50,213 [INFO] Movimiento hacia adelante
2025-05-31 01:27:53,368 [INFO] Movimiento hacia adelante
2025-05-31 01:27:54,443 [INFO] Lectura datos climáticos NASA
2025-05-31 01:27:54,444 [INFO] Datos JSON preparados para envío
2025-05-31 01:27:55,506 [INFO] Lectura BMP390
2025-05-31 01:27:55,693 [INFO] Lectura LTR390
2025-05-31 01:27:55,699 [INFO] Lectura desde ESP32-S3 por serial
2025-05-31 01:27:56,488 [INFO] Movimiento hacia adelante
2025-05-31 01:27:59,646 [INFO] Movimiento hacia adelante
2025-05-31 01:27:59,674 [INFO] Lectura datos climáticos NASA
2025-05-31 01:27:59,677 [INFO] Datos JSON preparados para envío
2025-05-31 01:28:00,739 [INFO] Lectura BMP390
2025-05-31 01:28:00,934 [INFO] Lectura LTR390
2025-05-31 01:28:00,940 [INFO] Lectura desde ESP32-S3 por serial
2025-05-31 01:28:02,847 [INFO] Movimiento hacia adelante
2025-05-31 01:28:04,590 [INFO] Lectura datos climáticos NASA
2025-05-31 01:28:04,593 [INFO] Datos JSON preparados para envío
2025-05-31 01:28:05,649 [INFO] Lectura BMP390
2025-05-31 01:28:05,845 [INFO] Lectura LTR390
2025-05-31 01:28:05,850 [INFO] Lectura desde ESP32-S3 por serial
2025-05-31 01:28:06,044 [INFO] Movimiento hacia adelante
2025-05-31 01:28:09,127 [INFO] Movimiento hacia adelante
2025-05-31 01:28:09,505 [INFO] Lectura datos climáticos NASA
2025-05-31 01:28:09,508 [INFO] Datos JSON preparados para envío
2025-05-31 01:28:10,570 [INFO] Lectura BMP390
2025-05-31 01:28:10,757 [INFO] Lectura LTR390
2025-05-31 01:28:10,763 [INFO] Lectura desde ESP32-S3 por serial
2025-05-31 01:28:12,365 [INFO] Movimiento hacia adelante
2025-05-31 01:28:14,717 [INFO] Lectura datos climáticos NASA
2025-05-31 01:28:14,720 [INFO] Datos JSON preparados para envío
2025-05-31 01:28:15,529 [INFO] Movimiento hacia adelante
2025-05-31 01:28:15,779 [INFO] Lectura BMP390
2025-05-31 01:28:15,965 [INFO] Lectura LTR390
2025-05-31 01:28:15,971 [INFO] Lectura desde ESP32-S3 por serial
2025-05-31 01:28:18,698 [INFO] Movimiento hacia adelante
2025-05-31 01:28:19,425 [INFO] Lectura datos climáticos NASA
2025-05-31 01:28:19,427 [INFO] Datos JSON preparados para envío
2025-05-31 01:28:20,487 [INFO] Lectura BMP390
2025-05-31 01:28:20,676 [INFO] Lectura LTR390
2025-05-31 01:28:20,682 [INFO] Lectura desde ESP32-S3 por serial
2025-05-31 01:28:21,832 [INFO] Movimiento hacia adelante
2025-05-31 01:28:24,318 [INFO] Lectura datos climáticos NASA
2025-05-31 01:28:24,321 [INFO] Datos JSON preparados para envío
2025-05-31 01:28:25,001 [INFO] Movimiento hacia adelante
2025-05-31 01:28:25,377 [INFO] Lectura BMP390
2025-05-31 01:28:25,573 [INFO] Lectura LTR390
2025-05-31 01:28:25,579 [INFO] Lectura desde ESP32-S3 por serial
2025-05-31 01:28:28,177 [INFO] Movimiento hacia adelante
2025-05-31 01:28:29,131 [INFO] Lectura datos climáticos NASA
2025-05-31 01:28:29,134 [INFO] Datos JSON preparados para envío
2025-05-31 01:28:30,191 [INFO] Lectura BMP390
2025-05-31 01:28:30,384 [INFO] Lectura LTR390
2025-05-31 01:28:30,387 [INFO] Lectura desde ESP32-S3 por serial
2025-05-31 01:28:31,323 [INFO] Movimiento hacia adelante
2025-05-31 01:28:34,045 [INFO] Lectura datos climáticos NASA
2025-05-31 01:28:34,048 [INFO] Datos JSON preparados para envío
2025-05-31 01:28:34,459 [INFO] Movimiento hacia adelante
2025-05-31 01:28:35,105 [INFO] Lectura BMP390
2025-05-31 01:28:35,301 [INFO] Lectura LTR390
2025-05-31 01:28:35,312 [INFO] Lectura desde ESP32-S3 por serial
2025-05-31 01:28:37,638 [INFO] Movimiento hacia adelante
2025-05-31 01:28:38,759 [INFO] Lectura datos climáticos NASA
2025-05-31 01:28:38,762 [INFO] Datos JSON preparados para envío
2025-05-31 01:28:39,820 [INFO] Lectura BMP390
2025-05-31 01:28:40,004 [INFO] Lectura LTR390
2025-05-31 01:28:40,010 [INFO] Lectura desde ESP32-S3 por serial
2025-05-31 01:28:40,834 [INFO] Movimiento hacia adelante
2025-05-31 01:28:43,933 [INFO] Movimiento hacia adelante
2025-05-31 01:28:43,968 [INFO] Lectura datos climáticos NASA
2025-05-31 01:28:43,969 [INFO] Datos JSON preparados para envío
2025-05-31 01:28:45,023 [INFO] Lectura BMP390
2025-05-31 01:28:45,212 [INFO] Lectura LTR390
2025-05-31 01:28:45,217 [INFO] Lectura desde ESP32-S3 por serial
2025-05-31 01:28:47,130 [INFO] Movimiento hacia adelante
2025-05-31 01:28:49,718 [INFO] Lectura datos climáticos NASA
2025-05-31 01:28:49,720 [INFO] Datos JSON preparados para envío
2025-05-31 01:28:50,312 [INFO] Movimiento hacia adelante
2025-05-31 01:28:50,776 [INFO] Lectura BMP390
2025-05-31 01:28:50,975 [INFO] Lectura LTR390
2025-05-31 01:28:50,981 [INFO] Lectura desde ESP32-S3 por serial
2025-05-31 01:28:53,482 [INFO] Movimiento hacia adelante
2025-05-31 01:28:54,447 [INFO] Lectura datos climáticos NASA
2025-05-31 01:28:54,450 [INFO] Datos JSON preparados para envío
2025-05-31 01:28:55,506 [INFO] Lectura BMP390
2025-05-31 01:28:55,696 [INFO] Lectura LTR390
2025-05-31 01:28:55,699 [INFO] Lectura desde ESP32-S3 por serial
2025-05-31 01:28:56,600 [INFO] Movimiento hacia adelante
2025-05-31 01:28:58,942 [INFO] 192.168.95.147 - - [31/May/2025 01:28:58] "GET / HTTP/1.1" 200 -
2025-05-31 01:28:59,764 [INFO] Movimiento hacia adelante
2025-05-31 01:28:59,987 [INFO] Lectura datos climáticos NASA
2025-05-31 01:28:59,990 [INFO] Datos JSON preparados para envío
2025-05-31 01:29:01,048 [INFO] Lectura BMP390
2025-05-31 01:29:01,243 [INFO] Lectura LTR390
2025-05-31 01:29:01,249 [INFO] Lectura desde ESP32-S3 por serial
2025-05-31 01:29:02,960 [INFO] Movimiento hacia adelante
2025-05-31 01:29:04,512 [INFO] Lectura datos climáticos NASA
2025-05-31 01:29:04,515 [INFO] Datos JSON preparados para envío
2025-05-31 01:29:05,575 [INFO] Lectura BMP390
2025-05-31 01:29:05,762 [INFO] Lectura LTR390
2025-05-31 01:29:05,768 [INFO] Lectura desde ESP32-S3 por serial
2025-05-31 01:29:06,163 [INFO] Movimiento hacia adelante
2025-05-31 01:29:09,251 [INFO] Movimiento hacia adelante
2025-05-31 01:29:10,050 [INFO] Lectura datos climáticos NASA
2025-05-31 01:29:10,052 [INFO] Datos JSON preparados para envío
2025-05-31 01:29:11,111 [INFO] Lectura BMP390
2025-05-31 01:29:11,307 [INFO] Lectura LTR390
2025-05-31 01:29:11,312 [INFO] Lectura desde ESP32-S3 por serial
2025-05-31 01:29:12,449 [INFO] Movimiento hacia adelante
2025-05-31 01:29:14,880 [INFO] Lectura datos climáticos NASA
2025-05-31 01:29:14,883 [INFO] Datos JSON preparados para envío
2025-05-31 01:29:15,610 [INFO] Movimiento hacia adelante
2025-05-31 01:29:15,877 [INFO] 192.168.95.147 - - [31/May/2025 01:29:15] "GET /datos HTTP/1.1" 200 -
2025-05-31 01:29:15,942 [INFO] Lectura BMP390
2025-05-31 01:29:16,137 [INFO] Lectura LTR390
2025-05-31 01:29:16,143 [INFO] Lectura desde ESP32-S3 por serial
2025-05-31 01:29:16,924 [INFO] 192.168.95.147 - - [31/May/2025 01:29:16] "GET /datos HTTP/1.1" 200 -
2025-05-31 01:29:17,582 [INFO] 192.168.95.147 - - [31/May/2025 01:29:17] "GET /datos HTTP/1.1" 200 -
2025-05-31 01:29:18,188 [INFO] 192.168.95.147 - - [31/May/2025 01:29:18] "GET /datos HTTP/1.1" 200 -
2025-05-31 01:29:18,355 [INFO] 192.168.95.147 - - [31/May/2025 01:29:18] "GET /datos HTTP/1.1" 200 -
2025-05-31 01:29:18,830 [INFO] Movimiento hacia adelante
2025-05-31 01:29:19,084 [INFO] 192.168.95.147 - - [31/May/2025 01:29:19] "GET /datos HTTP/1.1" 200 -
2025-05-31 01:29:19,196 [INFO] 192.168.95.147 - - [31/May/2025 01:29:19] "GET /datos HTTP/1.1" 200 -
2025-05-31 01:29:19,362 [INFO] Lectura datos climáticos NASA
2025-05-31 01:29:19,364 [INFO] Datos JSON preparados para envío
2025-05-31 01:29:20,049 [INFO] 192.168.95.147 - - [31/May/2025 01:29:20] "GET /datos HTTP/1.1" 200 -
2025-05-31 01:29:20,420 [INFO] Lectura BMP390
2025-05-31 01:29:20,619 [INFO] Lectura LTR390
2025-05-31 01:29:20,623 [INFO] Lectura desde ESP32-S3 por serial
2025-05-31 01:29:20,713 [INFO] 192.168.95.147 - - [31/May/2025 01:29:20] "GET /datos HTTP/1.1" 200 -
2025-05-31 01:29:20,871 [INFO] 192.168.95.147 - - [31/May/2025 01:29:20] "GET /datos HTTP/1.1" 200 -
2025-05-31 01:29:22,057 [INFO] Movimiento hacia adelante
2025-05-31 01:29:22,490 [INFO] 192.168.95.147 - - [31/May/2025 01:29:22] "GET /datos HTTP/1.1" 200 -
2025-05-31 01:29:23,285 [INFO] 192.168.95.147 - - [31/May/2025 01:29:23] "GET /datos HTTP/1.1" 200 -
2025-05-31 01:29:23,552 [INFO] 192.168.95.147 - - [31/May/2025 01:29:23] "GET /datos HTTP/1.1" 200 -
2025-05-31 01:29:23,781 [INFO] 192.168.95.147 - - [31/May/2025 01:29:23] "GET /datos HTTP/1.1" 200 -
2025-05-31 01:29:24,007 [INFO] 192.168.95.147 - - [31/May/2025 01:29:24] "GET /datos HTTP/1.1" 200 -
2025-05-31 01:29:24,265 [INFO] 192.168.95.147 - - [31/May/2025 01:29:24] "GET /datos HTTP/1.1" 200 -
2025-05-31 01:29:24,437 [INFO] 192.168.95.147 - - [31/May/2025 01:29:24] "GET /datos HTTP/1.1" 200 -
2025-05-31 01:29:24,611 [INFO] 192.168.95.147 - - [31/May/2025 01:29:24] "GET /datos HTTP/1.1" 200 -
2025-05-31 01:29:24,792 [INFO] 192.168.95.147 - - [31/May/2025 01:29:24] "GET /datos HTTP/1.1" 200 -
2025-05-31 01:29:24,954 [INFO] 192.168.95.147 - - [31/May/2025 01:29:24] "GET /datos HTTP/1.1" 200 -
2025-05-31 01:29:25,260 [INFO] Movimiento hacia adelante
2025-05-31 01:29:25,814 [INFO] Lectura datos climáticos NASA
2025-05-31 01:29:25,817 [INFO] Datos JSON preparados para envío
2025-05-31 01:29:26,882 [INFO] Lectura BMP390
2025-05-31 01:29:27,078 [INFO] Lectura LTR390
2025-05-31 01:29:27,085 [INFO] Lectura desde ESP32-S3 por serial
2025-05-31 01:29:28,441 [INFO] Movimiento hacia adelante
2025-05-31 01:29:28,777 [INFO] 192.168.95.147 - - [31/May/2025 01:29:28] "GET / HTTP/1.1" 200 -
2025-05-31 01:29:30,313 [INFO] Lectura datos climáticos NASA
2025-05-31 01:29:30,316 [INFO] Datos JSON preparados para envío
2025-05-31 01:29:31,374 [INFO] Lectura BMP390
2025-05-31 01:29:31,560 [INFO] Lectura LTR390
2025-05-31 01:29:31,562 [INFO] Lectura desde ESP32-S3 por serial
2025-05-31 01:29:31,613 [INFO] Movimiento hacia adelante
2025-05-31 01:29:34,683 [INFO] Movimiento hacia adelante
2025-05-31 01:29:35,229 [INFO] Lectura datos climáticos NASA
2025-05-31 01:29:35,231 [INFO] Datos JSON preparados para envío
2025-05-31 01:29:36,295 [INFO] Lectura BMP390
2025-05-31 01:29:36,482 [INFO] Lectura LTR390
2025-05-31 01:29:36,488 [INFO] Lectura desde ESP32-S3 por serial
2025-05-31 01:29:37,882 [INFO] Movimiento hacia adelante
2025-05-31 01:29:40,450 [INFO] Lectura datos climáticos NASA
2025-05-31 01:29:40,454 [INFO] Datos JSON preparados para envío
2025-05-31 01:29:41,039 [INFO] Movimiento hacia adelante
2025-05-31 01:29:41,514 [INFO] Lectura BMP390
2025-05-31 01:29:41,712 [INFO] Lectura LTR390
2025-05-31 01:29:41,717 [INFO] Lectura desde ESP32-S3 por serial
2025-05-31 01:29:42,443 [INFO] 192.168.95.147 - - [31/May/2025 01:29:42] "POST /mover HTTP/1.1" 200 -
2025-05-31 01:29:45,063 [INFO] 192.168.95.147 - - [31/May/2025 01:29:45] "GET / HTTP/1.1" 200 -
2025-05-31 01:29:45,333 [INFO] Lectura datos climáticos NASA
2025-05-31 01:29:45,336 [INFO] Datos JSON preparados para envío
2025-05-31 01:29:46,388 [INFO] Lectura BMP390
2025-05-31 01:29:46,571 [INFO] Lectura LTR390
2025-05-31 01:29:46,578 [INFO] Lectura desde ESP32-S3 por serial
2025-05-31 01:29:50,588 [INFO] Lectura datos climáticos NASA
2025-05-31 01:29:50,591 [INFO] Datos JSON preparados para envío
2025-05-31 01:29:51,642 [INFO] Lectura BMP390
2025-05-31 01:29:51,823 [INFO] Lectura LTR390
2025-05-31 01:29:51,830 [INFO] Lectura desde ESP32-S3 por serial
2025-05-31 01:29:55,808 [INFO] Lectura datos climáticos NASA
2025-05-31 01:29:55,810 [INFO] Datos JSON preparados para envío
2025-05-31 01:29:56,859 [INFO] Lectura BMP390
2025-05-31 01:29:57,039 [INFO] Lectura LTR390
2025-05-31 01:29:57,042 [INFO] Lectura desde ESP32-S3 por serial
2025-05-31 01:30:01,034 [INFO] Lectura datos climáticos NASA
2025-05-31 01:30:01,037 [INFO] Datos JSON preparados para envío
2025-05-31 01:30:02,091 [INFO] Lectura BMP390
2025-05-31 01:30:02,273 [INFO] Lectura LTR390
2025-05-31 01:30:02,279 [INFO] Lectura desde ESP32-S3 por serial
2025-05-31 01:30:06,257 [INFO] Lectura datos climáticos NASA
2025-05-31 01:30:06,260 [INFO] Datos JSON preparados para envío
2025-05-31 01:30:07,313 [INFO] Lectura BMP390
2025-05-31 01:30:07,493 [INFO] Lectura LTR390
2025-05-31 01:30:07,498 [INFO] Lectura desde ESP32-S3 por serial
2025-05-31 01:30:11,173 [INFO] Lectura datos climáticos NASA
2025-05-31 01:30:11,176 [INFO] Datos JSON preparados para envío
2025-05-31 01:30:12,229 [INFO] Lectura BMP390
2025-05-31 01:30:12,409 [INFO] Lectura LTR390
2025-05-31 01:30:12,415 [INFO] Lectura desde ESP32-S3 por serial
2025-05-31 01:30:15,784 [INFO] Lectura datos climáticos NASA
2025-05-31 01:30:15,787 [INFO] Datos JSON preparados para envío
2025-05-31 01:30:16,839 [INFO] Lectura BMP390
2025-05-31 01:30:17,022 [INFO] Lectura LTR390
2025-05-31 01:30:17,029 [INFO] Lectura desde ESP32-S3 por serial
2025-05-31 01:30:20,477 [INFO] Lectura datos climáticos NASA
2025-05-31 01:30:20,479 [INFO] Datos JSON preparados para envío
2025-05-31 01:30:21,529 [INFO] Lectura BMP390
2025-05-31 01:30:21,707 [INFO] Lectura LTR390
2025-05-31 01:30:21,714 [INFO] Lectura desde ESP32-S3 por serial
2025-05-31 01:30:42,975 [INFO] Lectura datos climáticos NASA
2025-05-31 01:30:42,976 [INFO] Datos JSON preparados para envío
2025-05-31 01:30:44,029 [INFO] Lectura BMP390
2025-05-31 01:30:44,209 [INFO] Lectura LTR390
2025-05-31 01:30:44,212 [INFO] Lectura desde ESP32-S3 por serial
2025-05-31 01:30:47,870 [INFO] Lectura datos climáticos NASA
2025-05-31 01:30:47,871 [INFO] Datos JSON preparados para envío
2025-05-31 01:30:48,921 [INFO] Lectura BMP390
2025-05-31 01:30:49,098 [INFO] Lectura LTR390
2025-05-31 01:30:49,101 [INFO] Lectura desde ESP32-S3 por serial
2025-05-31 01:30:54,180 [INFO] Lectura datos climáticos NASA
2025-05-31 01:30:54,183 [INFO] Datos JSON preparados para envío
2025-05-31 01:30:55,238 [INFO] Lectura BMP390
2025-05-31 01:30:55,420 [INFO] Lectura LTR390
2025-05-31 01:30:55,426 [INFO] Lectura desde ESP32-S3 por serial
2025-05-31 01:31:00,629 [INFO] Lectura datos climáticos NASA
2025-05-31 01:31:00,632 [INFO] Datos JSON preparados para envío
2025-05-31 01:31:01,689 [INFO] Lectura BMP390
2025-05-31 01:31:01,869 [INFO] Lectura LTR390
2025-05-31 01:31:01,875 [INFO] Lectura desde ESP32-S3 por serial
2025-05-31 01:31:07,079 [INFO] Lectura datos climáticos NASA
2025-05-31 01:31:07,082 [INFO] Datos JSON preparados para envío
2025-05-31 01:31:08,134 [INFO] Lectura BMP390
2025-05-31 01:31:08,313 [INFO] Lectura LTR390
2025-05-31 01:31:08,316 [INFO] Lectura desde ESP32-S3 por serial
2025-05-31 01:31:12,060 [INFO] Lectura datos climáticos NASA
2025-05-31 01:31:12,063 [INFO] Datos JSON preparados para envío
2025-05-31 01:31:13,115 [INFO] Lectura BMP390
2025-05-31 01:31:13,301 [INFO] Lectura LTR390
2025-05-31 01:31:13,307 [INFO] Lectura desde ESP32-S3 por serial
2025-05-31 01:31:17,523 [INFO] Lectura datos climáticos NASA
2025-05-31 01:31:17,526 [INFO] Datos JSON preparados para envío
2025-05-31 01:31:18,577 [INFO] Lectura BMP390
2025-05-31 01:31:18,758 [INFO] Lectura LTR390
2025-05-31 01:31:18,764 [INFO] Lectura desde ESP32-S3 por serial
2025-05-31 01:31:23,671 [INFO] Lectura datos climáticos NASA
2025-05-31 01:31:23,674 [INFO] Datos JSON preparados para envío
2025-05-31 01:31:24,726 [INFO] Lectura BMP390
2025-05-31 01:31:24,910 [INFO] Lectura LTR390
2025-05-31 01:31:24,916 [INFO] Lectura desde ESP32-S3 por serial
2025-05-31 01:31:29,810 [INFO] Lectura datos climáticos NASA
2025-05-31 01:31:29,814 [INFO] Datos JSON preparados para envío
2025-05-31 01:31:30,868 [INFO] Lectura BMP390
2025-05-31 01:31:31,048 [INFO] Lectura LTR390
2025-05-31 01:31:31,054 [INFO] Lectura desde ESP32-S3 por serial
2025-05-31 01:31:35,953 [INFO] Lectura datos climáticos NASA
2025-05-31 01:31:35,956 [INFO] Datos JSON preparados para envío
2025-05-31 01:31:37,009 [INFO] Lectura BMP390
2025-05-31 01:31:37,189 [INFO] Lectura LTR390
2025-05-31 01:31:37,195 [INFO] Lectura desde ESP32-S3 por serial
2025-05-31 01:31:41,482 [INFO] Lectura datos climáticos NASA
2025-05-31 01:31:41,485 [INFO] Datos JSON preparados para envío
2025-05-31 01:31:42,538 [INFO] Lectura BMP390
2025-05-31 01:31:42,720 [INFO] Lectura LTR390
2025-05-31 01:31:42,723 [INFO] Lectura desde ESP32-S3 por serial
2025-05-31 01:31:46,395 [INFO] Lectura datos climáticos NASA
2025-05-31 01:31:46,398 [INFO] Datos JSON preparados para envío
2025-05-31 01:31:47,450 [INFO] Lectura BMP390
2025-05-31 01:31:47,638 [INFO] Lectura LTR390
2025-05-31 01:31:47,643 [INFO] Lectura desde ESP32-S3 por serial
2025-05-31 01:31:56,502 [INFO] Lectura datos climáticos NASA
2025-05-31 01:31:56,505 [INFO] Datos JSON preparados para envío
2025-05-31 01:31:57,555 [INFO] Lectura BMP390
2025-05-31 01:31:57,732 [INFO] Lectura LTR390
2025-05-31 01:31:57,735 [INFO] Lectura desde ESP32-S3 por serial
2025-05-31 01:32:01,724 [INFO] Lectura datos climáticos NASA
2025-05-31 01:32:01,727 [INFO] Datos JSON preparados para envío
2025-05-31 01:32:02,782 [INFO] Lectura BMP390
2025-05-31 01:32:02,963 [INFO] Lectura LTR390
2025-05-31 01:32:02,969 [INFO] Lectura desde ESP32-S3 por serial
2025-05-31 01:32:07,255 [INFO] Lectura datos climáticos NASA
2025-05-31 01:32:07,259 [INFO] Datos JSON preparados para envío
2025-05-31 01:32:08,312 [INFO] Lectura BMP390
2025-05-31 01:32:08,492 [INFO] Lectura LTR390
2025-05-31 01:32:08,498 [INFO] Lectura desde ESP32-S3 por serial
2025-05-31 01:32:12,478 [INFO] Lectura datos climáticos NASA
2025-05-31 01:32:12,481 [INFO] Datos JSON preparados para envío
2025-05-31 01:32:13,534 [INFO] Lectura BMP390
2025-05-31 01:32:13,716 [INFO] Lectura LTR390
2025-05-31 01:32:13,722 [INFO] Lectura desde ESP32-S3 por serial
2025-05-31 01:32:17,995 [INFO] Lectura datos climáticos NASA
2025-05-31 01:32:18,000 [INFO] Datos JSON preparados para envío
2025-05-31 01:32:19,054 [INFO] Lectura BMP390
2025-05-31 01:32:19,237 [INFO] Lectura LTR390
2025-05-31 01:32:19,243 [INFO] Lectura desde ESP32-S3 por serial
2025-05-31 01:32:23,601 [INFO] Lectura datos climáticos NASA
2025-05-31 01:32:23,604 [INFO] Datos JSON preparados para envío
2025-05-31 01:32:24,656 [INFO] Lectura BMP390
2025-05-31 01:32:24,842 [INFO] Lectura LTR390
2025-05-31 01:32:24,849 [INFO] Lectura desde ESP32-S3 por serial
2025-05-31 01:32:29,103 [INFO] Lectura datos climáticos NASA
2025-05-31 01:32:29,106 [INFO] Datos JSON preparados para envío
2025-05-31 01:32:30,158 [INFO] Lectura BMP390
2025-05-31 01:32:30,338 [INFO] Lectura LTR390
2025-05-31 01:32:30,344 [INFO] Lectura desde ESP32-S3 por serial
2025-05-31 01:32:35,245 [INFO] Lectura datos climáticos NASA
2025-05-31 01:32:35,247 [INFO] Datos JSON preparados para envío
2025-05-31 01:32:36,303 [INFO] Lectura BMP390
2025-05-31 01:32:36,483 [INFO] Lectura LTR390
2025-05-31 01:32:36,489 [INFO] Lectura desde ESP32-S3 por serial
2025-05-31 01:32:39,875 [INFO] Lectura datos climáticos NASA
2025-05-31 01:32:39,878 [INFO] Datos JSON preparados para envío
2025-05-31 01:32:40,930 [INFO] Lectura BMP390
2025-05-31 01:32:41,110 [INFO] Lectura LTR390
2025-05-31 01:32:41,116 [INFO] Lectura desde ESP32-S3 por serial
2025-05-31 01:32:45,081 [INFO] Lectura datos climáticos NASA
2025-05-31 01:32:45,083 [INFO] Datos JSON preparados para envío
2025-05-31 01:32:46,134 [INFO] Lectura BMP390
2025-05-31 01:32:46,315 [INFO] Lectura LTR390
2025-05-31 01:32:46,318 [INFO] Lectura desde ESP32-S3 por serial
2025-05-31 01:32:50,045 [INFO] Lectura datos climáticos NASA
2025-05-31 01:32:50,046 [INFO] Datos JSON preparados para envío
2025-05-31 01:32:51,098 [INFO] Lectura BMP390
2025-05-31 01:32:51,276 [INFO] Lectura LTR390
2025-05-31 01:32:51,283 [INFO] Lectura desde ESP32-S3 por serial
2025-05-31 01:32:56,140 [INFO] Lectura datos climáticos NASA
2025-05-31 01:32:56,142 [INFO] Datos JSON preparados para envío
2025-05-31 01:32:57,195 [INFO] Lectura BMP390
2025-05-31 01:32:57,375 [INFO] Lectura LTR390
2025-05-31 01:32:57,381 [INFO] Lectura desde ESP32-S3 por serial
2025-05-31 01:33:01,361 [INFO] Lectura datos climáticos NASA
2025-05-31 01:33:01,364 [INFO] Datos JSON preparados para envío
2025-05-31 01:33:02,417 [INFO] Lectura BMP390
2025-05-31 01:33:02,597 [INFO] Lectura LTR390
2025-05-31 01:33:02,602 [INFO] Lectura desde ESP32-S3 por serial
2025-05-31 01:33:06,584 [INFO] Lectura datos climáticos NASA
2025-05-31 01:33:06,587 [INFO] Datos JSON preparados para envío
2025-05-31 01:33:07,644 [INFO] Lectura BMP390
2025-05-31 01:33:07,824 [INFO] Lectura LTR390
2025-05-31 01:33:07,830 [INFO] Lectura desde ESP32-S3 por serial
2025-05-31 01:33:12,422 [INFO] Lectura datos climáticos NASA
2025-05-31 01:33:12,425 [INFO] Datos JSON preparados para envío
2025-05-31 01:33:13,477 [INFO] Lectura BMP390
2025-05-31 01:33:13,657 [INFO] Lectura LTR390
2025-05-31 01:33:13,663 [INFO] Lectura desde ESP32-S3 por serial
2025-05-31 01:33:18,261 [INFO] Lectura datos climáticos NASA
2025-05-31 01:33:18,263 [INFO] Datos JSON preparados para envío
2025-05-31 01:33:19,320 [INFO] Lectura BMP390
2025-05-31 01:33:19,503 [INFO] Lectura LTR390
2025-05-31 01:33:19,510 [INFO] Lectura desde ESP32-S3 por serial
2025-05-31 01:33:23,786 [INFO] Lectura datos climáticos NASA
2025-05-31 01:33:23,788 [INFO] Datos JSON preparados para envío
2025-05-31 01:33:24,843 [INFO] Lectura BMP390
2025-05-31 01:33:25,023 [INFO] Lectura LTR390
2025-05-31 01:33:25,029 [INFO] Lectura desde ESP32-S3 por serial
2025-05-31 01:33:40,057 [ERROR] Error al leer datos climáticos NASA
2025-05-31 01:33:40,059 [INFO] Datos JSON preparados para envío
2025-05-31 01:33:41,111 [INFO] Lectura BMP390
2025-05-31 01:33:41,296 [INFO] Lectura LTR390
2025-05-31 01:33:41,303 [INFO] Lectura desde ESP32-S3 por serial
2025-05-31 01:33:41,324 [ERROR] Error al leer datos climáticos NASA
2025-05-31 01:33:41,326 [INFO] Datos JSON preparados para envío
2025-05-31 01:33:42,379 [INFO] Lectura BMP390
2025-05-31 01:33:42,559 [INFO] Lectura LTR390
2025-05-31 01:33:42,565 [INFO] Lectura desde ESP32-S3 por serial
2025-05-31 01:33:42,583 [ERROR] Error al leer datos climáticos NASA
2025-05-31 01:33:42,584 [INFO] Datos JSON preparados para envío
2025-05-31 01:33:43,643 [INFO] Lectura BMP390
2025-05-31 01:33:43,823 [INFO] Lectura LTR390
2025-05-31 01:33:43,829 [INFO] Lectura desde ESP32-S3 por serial
2025-05-31 01:33:43,850 [ERROR] Error al leer datos climáticos NASA
2025-05-31 01:33:43,852 [INFO] Datos JSON preparados para envío
2025-05-31 01:33:44,905 [INFO] Lectura BMP390
2025-05-31 01:33:45,088 [INFO] Lectura LTR390
2025-05-31 01:33:45,094 [INFO] Lectura desde ESP32-S3 por serial
2025-05-31 01:33:45,114 [ERROR] Error al leer datos climáticos NASA
2025-05-31 01:33:45,116 [INFO] Datos JSON preparados para envío
2025-05-31 01:33:46,170 [INFO] Lectura BMP390
2025-05-31 01:33:46,359 [INFO] Lectura LTR390
2025-05-31 01:33:46,363 [INFO] Lectura desde ESP32-S3 por serial
2025-05-31 01:33:46,377 [ERROR] Error al leer datos climáticos NASA
2025-05-31 01:33:46,378 [INFO] Datos JSON preparados para envío
2025-05-31 01:33:47,435 [INFO] Lectura BMP390
2025-05-31 01:33:47,616 [INFO] Lectura LTR390
2025-05-31 01:33:47,619 [INFO] Lectura desde ESP32-S3 por serial
2025-05-31 01:33:47,629 [ERROR] Error al leer datos climáticos NASA
2025-05-31 01:33:47,630 [INFO] Datos JSON preparados para envío
2025-05-31 01:33:48,682 [INFO] Lectura BMP390
2025-05-31 01:33:48,870 [INFO] Lectura LTR390
2025-05-31 01:33:48,877 [INFO] Lectura desde ESP32-S3 por serial
2025-05-31 01:33:48,895 [ERROR] Error al leer datos climáticos NASA
2025-05-31 01:33:48,897 [INFO] Datos JSON preparados para envío
2025-05-31 01:33:49,951 [INFO] Lectura BMP390
2025-05-31 01:33:50,131 [INFO] Lectura LTR390
2025-05-31 01:33:50,137 [INFO] Lectura desde ESP32-S3 por serial
2025-05-31 01:33:50,158 [ERROR] Error al leer datos climáticos NASA
2025-05-31 01:33:50,161 [INFO] Datos JSON preparados para envío
2025-05-31 01:33:51,213 [INFO] Lectura BMP390
2025-05-31 01:33:51,393 [INFO] Lectura LTR390
2025-05-31 01:33:51,399 [INFO] Lectura desde ESP32-S3 por serial
2025-05-31 01:33:51,418 [ERROR] Error al leer datos climáticos NASA
2025-05-31 01:33:51,420 [INFO] Datos JSON preparados para envío
2025-05-31 01:33:52,472 [INFO] Lectura BMP390
2025-05-31 01:33:52,661 [INFO] Lectura LTR390
2025-05-31 01:33:52,665 [INFO] Lectura desde ESP32-S3 por serial
2025-05-31 01:33:57,641 [INFO] Lectura datos climáticos NASA
2025-05-31 01:33:57,646 [INFO] Datos JSON preparados para envío
2025-05-31 01:33:58,703 [INFO] Lectura BMP390
2025-05-31 01:33:58,880 [INFO] Lectura LTR390
2025-05-31 01:33:58,883 [INFO] Lectura desde ESP32-S3 por serial
2025-05-31 01:34:03,112 [INFO] Lectura datos climáticos NASA
2025-05-31 01:34:03,116 [INFO] Datos JSON preparados para envío
2025-05-31 01:34:04,171 [INFO] Lectura BMP390
2025-05-31 01:34:04,351 [INFO] Lectura LTR390
2025-05-31 01:34:04,358 [INFO] Lectura desde ESP32-S3 por serial
2025-05-31 01:34:07,710 [INFO] Lectura datos climáticos NASA
2025-05-31 01:34:07,713 [INFO] Datos JSON preparados para envío
2025-05-31 01:34:08,765 [INFO] Lectura BMP390
2025-05-31 01:34:08,948 [INFO] Lectura LTR390
2025-05-31 01:34:08,955 [INFO] Lectura desde ESP32-S3 por serial
2025-05-31 01:34:12,941 [INFO] Lectura datos climáticos NASA
2025-05-31 01:34:12,943 [INFO] Datos JSON preparados para envío
2025-05-31 01:34:13,996 [INFO] Lectura BMP390
2025-05-31 01:34:14,176 [INFO] Lectura LTR390
2025-05-31 01:34:14,183 [INFO] Lectura desde ESP32-S3 por serial
2025-05-31 01:34:17,550 [INFO] Lectura datos climáticos NASA
2025-05-31 01:34:17,553 [INFO] Datos JSON preparados para envío
2025-05-31 01:34:18,606 [INFO] Lectura BMP390
2025-05-31 01:34:18,789 [INFO] Lectura LTR390
2025-05-31 01:34:18,795 [INFO] Lectura desde ESP32-S3 por serial
2025-05-31 01:34:22,688 [INFO] Lectura datos climáticos NASA
2025-05-31 01:34:22,693 [INFO] Datos JSON preparados para envío
2025-05-31 01:34:23,744 [INFO] Lectura BMP390
2025-05-31 01:34:23,922 [INFO] Lectura LTR390
2025-05-31 01:34:23,925 [INFO] Lectura desde ESP32-S3 por serial
2025-05-31 01:34:27,687 [INFO] Lectura datos climáticos NASA
2025-05-31 01:34:27,690 [INFO] Datos JSON preparados para envío
2025-05-31 01:34:28,741 [INFO] Lectura BMP390
2025-05-31 01:34:28,925 [INFO] Lectura LTR390
2025-05-31 01:34:28,932 [INFO] Lectura desde ESP32-S3 por serial
2025-05-31 01:34:32,295 [INFO] Lectura datos climáticos NASA
2025-05-31 01:34:32,298 [INFO] Datos JSON preparados para envío
2025-05-31 01:34:33,351 [INFO] Lectura BMP390
2025-05-31 01:34:33,531 [INFO] Lectura LTR390
2025-05-31 01:34:33,537 [INFO] Lectura desde ESP32-S3 por serial
2025-05-31 01:34:37,210 [INFO] Lectura datos climáticos NASA
2025-05-31 01:34:37,213 [INFO] Datos JSON preparados para envío
2025-05-31 01:34:38,266 [INFO] Lectura BMP390
2025-05-31 01:34:38,446 [INFO] Lectura LTR390
2025-05-31 01:34:38,452 [INFO] Lectura desde ESP32-S3 por serial
2025-05-31 01:34:43,453 [INFO] Lectura datos climáticos NASA
2025-05-31 01:34:43,454 [INFO] Datos JSON preparados para envío
2025-05-31 01:34:44,509 [INFO] Lectura BMP390
2025-05-31 01:34:44,689 [INFO] Lectura LTR390
2025-05-31 01:34:44,691 [INFO] Lectura desde ESP32-S3 por serial
2025-05-31 01:34:48,264 [INFO] Lectura datos climáticos NASA
2025-05-31 01:34:48,266 [INFO] Datos JSON preparados para envío
2025-05-31 01:34:49,318 [INFO] Lectura BMP390
2025-05-31 01:34:49,495 [INFO] Lectura LTR390
2025-05-31 01:34:49,498 [INFO] Lectura desde ESP32-S3 por serial
2025-05-31 01:34:52,933 [INFO] Lectura datos climáticos NASA
2025-05-31 01:34:52,936 [INFO] Datos JSON preparados para envío
2025-05-31 01:34:53,988 [INFO] Lectura BMP390
2025-05-31 01:34:54,165 [INFO] Lectura LTR390
2025-05-31 01:34:54,168 [INFO] Lectura desde ESP32-S3 por serial
2025-05-31 01:34:57,688 [INFO] Lectura datos climáticos NASA
2025-05-31 01:34:57,691 [INFO] Datos JSON preparados para envío
2025-05-31 01:34:58,745 [INFO] Lectura BMP390
2025-05-31 01:34:58,926 [INFO] Lectura LTR390
2025-05-31 01:34:58,934 [INFO] Lectura desde ESP32-S3 por serial
2025-05-31 01:35:03,124 [INFO] Lectura datos climáticos NASA
2025-05-31 01:35:03,127 [INFO] Datos JSON preparados para envío
2025-05-31 01:35:04,179 [INFO] Lectura BMP390
2025-05-31 01:35:04,367 [INFO] Lectura LTR390
2025-05-31 01:35:04,373 [INFO] Lectura desde ESP32-S3 por serial
2025-05-31 01:35:07,627 [INFO] Lectura datos climáticos NASA
2025-05-31 01:35:07,630 [INFO] Datos JSON preparados para envío
2025-05-31 01:35:08,681 [INFO] Lectura BMP390
2025-05-31 01:35:08,866 [INFO] Lectura LTR390
2025-05-31 01:35:08,874 [INFO] Lectura desde ESP32-S3 por serial
2025-05-31 01:35:13,956 [INFO] Lectura datos climáticos NASA
2025-05-31 01:35:13,963 [INFO] Datos JSON preparados para envío
2025-05-31 01:35:15,016 [INFO] Lectura BMP390
2025-05-31 01:35:15,196 [INFO] Lectura LTR390
2025-05-31 01:35:15,203 [INFO] Lectura desde ESP32-S3 por serial
2025-05-31 01:35:18,883 [INFO] Lectura datos climáticos NASA
2025-05-31 01:35:18,886 [INFO] Datos JSON preparados para envío
2025-05-31 01:35:19,939 [INFO] Lectura BMP390
2025-05-31 01:35:20,123 [INFO] Lectura LTR390
2025-05-31 01:35:20,129 [INFO] Lectura desde ESP32-S3 por serial
2025-05-31 01:35:23,996 [INFO] Lectura datos climáticos NASA
2025-05-31 01:35:23,997 [INFO] Datos JSON preparados para envío
2025-05-31 01:35:25,047 [INFO] Lectura BMP390
2025-05-31 01:35:25,231 [INFO] Lectura LTR390
2025-05-31 01:35:25,233 [INFO] Lectura desde ESP32-S3 por serial
2025-05-31 01:35:28,929 [INFO] Lectura datos climáticos NASA
2025-05-31 01:35:28,932 [INFO] Datos JSON preparados para envío
2025-05-31 01:35:29,985 [INFO] Lectura BMP390
2025-05-31 01:35:30,168 [INFO] Lectura LTR390
2025-05-31 01:35:30,175 [INFO] Lectura desde ESP32-S3 por serial
2025-05-31 01:35:34,381 [INFO] Lectura datos climáticos NASA
2025-05-31 01:35:34,384 [INFO] Datos JSON preparados para envío
2025-05-31 01:35:35,436 [INFO] Lectura BMP390
2025-05-31 01:35:35,618 [INFO] Lectura LTR390
2025-05-31 01:35:35,624 [INFO] Lectura desde ESP32-S3 por serial
2025-05-31 01:35:39,017 [INFO] Lectura datos climáticos NASA
2025-05-31 01:35:39,019 [INFO] Datos JSON preparados para envío
2025-05-31 01:35:40,072 [INFO] Lectura BMP390
2025-05-31 01:35:40,253 [INFO] Lectura LTR390
2025-05-31 01:35:40,259 [INFO] Lectura desde ESP32-S3 por serial
2025-05-31 01:35:44,072 [INFO] Lectura datos climáticos NASA
2025-05-31 01:35:44,074 [INFO] Datos JSON preparados para envío
2025-05-31 01:35:45,126 [INFO] Lectura BMP390
2025-05-31 01:35:45,306 [INFO] Lectura LTR390
2025-05-31 01:35:45,311 [INFO] Lectura desde ESP32-S3 por serial
2025-05-31 01:35:48,787 [INFO] Lectura datos climáticos NASA
2025-05-31 01:35:48,789 [INFO] Datos JSON preparados para envío
2025-05-31 01:35:49,840 [INFO] Lectura BMP390
2025-05-31 01:35:50,023 [INFO] Lectura LTR390
2025-05-31 01:35:50,030 [INFO] Lectura desde ESP32-S3 por serial
2025-05-31 01:35:53,703 [INFO] Lectura datos climáticos NASA
2025-05-31 01:35:53,706 [INFO] Datos JSON preparados para envío
2025-05-31 01:35:54,759 [INFO] Lectura BMP390
2025-05-31 01:35:54,939 [INFO] Lectura LTR390
2025-05-31 01:35:54,945 [INFO] Lectura desde ESP32-S3 por serial
2025-05-31 01:35:59,228 [INFO] Lectura datos climáticos NASA
2025-05-31 01:35:59,231 [INFO] Datos JSON preparados para envío
2025-05-31 01:36:00,282 [INFO] Lectura BMP390
2025-05-31 01:36:00,463 [INFO] Lectura LTR390
2025-05-31 01:36:00,466 [INFO] Lectura desde ESP32-S3 por serial
2025-05-31 01:36:03,837 [INFO] Lectura datos climáticos NASA
2025-05-31 01:36:03,840 [INFO] Datos JSON preparados para envío
2025-05-31 01:36:04,893 [INFO] Lectura BMP390
2025-05-31 01:36:05,072 [INFO] Lectura LTR390
2025-05-31 01:36:05,078 [INFO] Lectura desde ESP32-S3 por serial
2025-05-31 01:36:08,446 [INFO] Lectura datos climáticos NASA
2025-05-31 01:36:08,449 [INFO] Datos JSON preparados para envío
2025-05-31 01:36:09,502 [INFO] Lectura BMP390
2025-05-31 01:36:09,683 [INFO] Lectura LTR390
2025-05-31 01:36:09,689 [INFO] Lectura desde ESP32-S3 por serial
2025-05-31 01:36:13,358 [INFO] Lectura datos climáticos NASA
2025-05-31 01:36:13,360 [INFO] Datos JSON preparados para envío
2025-05-31 01:36:14,411 [INFO] Lectura BMP390
2025-05-31 01:36:14,591 [INFO] Lectura LTR390
2025-05-31 01:36:14,597 [INFO] Lectura desde ESP32-S3 por serial
2025-05-31 01:36:18,582 [INFO] Lectura datos climáticos NASA
2025-05-31 01:36:18,585 [INFO] Datos JSON preparados para envío
2025-05-31 01:36:19,639 [INFO] Lectura BMP390
2025-05-31 01:36:19,822 [INFO] Lectura LTR390
2025-05-31 01:36:19,828 [INFO] Lectura desde ESP32-S3 por serial
2025-05-31 01:36:23,497 [INFO] Lectura datos climáticos NASA
2025-05-31 01:36:23,500 [INFO] Datos JSON preparados para envío
2025-05-31 01:36:24,551 [INFO] Lectura BMP390
2025-05-31 01:36:24,728 [INFO] Lectura LTR390
2025-05-31 01:36:24,731 [INFO] Lectura desde ESP32-S3 por serial
2025-05-31 01:36:28,720 [INFO] Lectura datos climáticos NASA
2025-05-31 01:36:28,722 [INFO] Datos JSON preparados para envío
2025-05-31 01:36:29,776 [INFO] Lectura BMP390
2025-05-31 01:36:29,956 [INFO] Lectura LTR390
2025-05-31 01:36:29,963 [INFO] Lectura desde ESP32-S3 por serial
2025-05-31 01:36:33,942 [INFO] Lectura datos climáticos NASA
2025-05-31 01:36:33,945 [INFO] Datos JSON preparados para envío
2025-05-31 01:36:34,998 [INFO] Lectura BMP390
2025-05-31 01:36:35,181 [INFO] Lectura LTR390
2025-05-31 01:36:35,187 [INFO] Lectura desde ESP32-S3 por serial
2025-05-31 01:36:39,471 [INFO] Lectura datos climáticos NASA
2025-05-31 01:36:39,476 [INFO] Datos JSON preparados para envío
2025-05-31 01:36:40,539 [INFO] Lectura BMP390
2025-05-31 01:36:40,718 [INFO] Lectura LTR390
2025-05-31 01:36:40,724 [INFO] Lectura desde ESP32-S3 por serial
2025-05-31 01:36:44,999 [INFO] Lectura datos climáticos NASA
2025-05-31 01:36:45,002 [INFO] Datos JSON preparados para envío
2025-05-31 01:36:46,053 [INFO] Lectura BMP390
2025-05-31 01:36:46,239 [INFO] Lectura LTR390
2025-05-31 01:36:46,245 [INFO] Lectura desde ESP32-S3 por serial
2025-05-31 01:36:49,657 [INFO] Lectura datos climáticos NASA
2025-05-31 01:36:49,659 [INFO] Datos JSON preparados para envío
2025-05-31 01:36:50,708 [INFO] Lectura BMP390
2025-05-31 01:36:50,889 [INFO] Lectura LTR390
2025-05-31 01:36:50,892 [INFO] Lectura desde ESP32-S3 por serial
2025-05-31 01:36:54,764 [INFO] Lectura datos climáticos NASA
2025-05-31 01:36:54,771 [INFO] Datos JSON preparados para envío
2025-05-31 01:36:55,825 [INFO] Lectura BMP390
2025-05-31 01:36:56,008 [INFO] Lectura LTR390
2025-05-31 01:36:56,014 [INFO] Lectura desde ESP32-S3 por serial
2025-05-31 01:37:00,497 [INFO] Lectura datos climáticos NASA
2025-05-31 01:37:00,500 [INFO] Datos JSON preparados para envío
2025-05-31 01:37:01,551 [INFO] Lectura BMP390
2025-05-31 01:37:01,727 [INFO] Lectura LTR390
2025-05-31 01:37:01,730 [INFO] Lectura desde ESP32-S3 por serial
2025-05-31 01:37:05,413 [INFO] Lectura datos climáticos NASA
2025-05-31 01:37:05,416 [INFO] Datos JSON preparados para envío
2025-05-31 01:37:06,468 [INFO] Lectura BMP390
2025-05-31 01:37:06,648 [INFO] Lectura LTR390
2025-05-31 01:37:06,653 [INFO] Lectura desde ESP32-S3 por serial
2025-05-31 01:37:10,934 [INFO] Lectura datos climáticos NASA
2025-05-31 01:37:10,937 [INFO] Datos JSON preparados para envío
2025-05-31 01:37:11,989 [INFO] Lectura BMP390
2025-05-31 01:37:12,173 [INFO] Lectura LTR390
2025-05-31 01:37:12,179 [INFO] Lectura desde ESP32-S3 por serial
2025-05-31 01:37:15,527 [INFO] Lectura datos climáticos NASA
2025-05-31 01:37:15,530 [INFO] Datos JSON preparados para envío
2025-05-31 01:37:16,583 [INFO] Lectura BMP390
2025-05-31 01:37:16,763 [INFO] Lectura LTR390
2025-05-31 01:37:16,770 [INFO] Lectura desde ESP32-S3 por serial
2025-05-31 01:37:20,877 [INFO] Lectura datos climáticos NASA
2025-05-31 01:37:20,880 [INFO] Datos JSON preparados para envío
2025-05-31 01:37:21,937 [INFO] Lectura BMP390
2025-05-31 01:37:22,122 [INFO] Lectura LTR390
2025-05-31 01:37:22,128 [INFO] Lectura desde ESP32-S3 por serial
2025-05-31 01:37:27,057 [INFO] Lectura datos climáticos NASA
2025-05-31 01:37:27,059 [INFO] Datos JSON preparados para envío
2025-05-31 01:37:28,111 [INFO] Lectura BMP390
2025-05-31 01:37:28,295 [INFO] Lectura LTR390
2025-05-31 01:37:28,301 [INFO] Lectura desde ESP32-S3 por serial
2025-05-31 01:37:31,968 [INFO] Lectura datos climáticos NASA
2025-05-31 01:37:31,971 [INFO] Datos JSON preparados para envío
2025-05-31 01:37:33,024 [INFO] Lectura BMP390
2025-05-31 01:37:33,205 [INFO] Lectura LTR390
2025-05-31 01:37:33,212 [INFO] Lectura desde ESP32-S3 por serial
2025-05-31 01:37:36,921 [INFO] Lectura datos climáticos NASA
2025-05-31 01:37:36,924 [INFO] Datos JSON preparados para envío
2025-05-31 01:37:37,976 [INFO] Lectura BMP390
2025-05-31 01:37:38,153 [INFO] Lectura LTR390
2025-05-31 01:37:38,156 [INFO] Lectura desde ESP32-S3 por serial
2025-05-31 01:37:41,801 [INFO] Lectura datos climáticos NASA
2025-05-31 01:37:41,804 [INFO] Datos JSON preparados para envío
2025-05-31 01:37:42,859 [INFO] Lectura BMP390
2025-05-31 01:37:43,039 [INFO] Lectura LTR390
2025-05-31 01:37:43,046 [INFO] Lectura desde ESP32-S3 por serial
2025-05-31 01:37:47,327 [INFO] Lectura datos climáticos NASA
2025-05-31 01:37:47,331 [INFO] Datos JSON preparados para envío
2025-05-31 01:37:48,385 [INFO] Lectura BMP390
2025-05-31 01:37:48,565 [INFO] Lectura LTR390
2025-05-31 01:37:48,571 [INFO] Lectura desde ESP32-S3 por serial
2025-05-31 01:37:52,240 [INFO] Lectura datos climáticos NASA
2025-05-31 01:37:52,243 [INFO] Datos JSON preparados para envío
2025-05-31 01:37:53,298 [INFO] Lectura BMP390
2025-05-31 01:37:53,478 [INFO] Lectura LTR390
2025-05-31 01:37:53,484 [INFO] Lectura desde ESP32-S3 por serial
2025-05-31 01:37:57,525 [INFO] Lectura datos climáticos NASA
2025-05-31 01:37:57,529 [INFO] Datos JSON preparados para envío
2025-05-31 01:37:58,581 [INFO] Lectura BMP390
2025-05-31 01:37:58,761 [INFO] Lectura LTR390
2025-05-31 01:37:58,767 [INFO] Lectura desde ESP32-S3 por serial
2025-05-31 01:38:03,021 [INFO] Lectura datos climáticos NASA
2025-05-31 01:38:03,022 [INFO] Datos JSON preparados para envío
2025-05-31 01:38:04,075 [INFO] Lectura BMP390
2025-05-31 01:38:04,261 [INFO] Lectura LTR390
2025-05-31 01:38:04,267 [INFO] Lectura desde ESP32-S3 por serial
2025-05-31 01:38:07,940 [INFO] Lectura datos climáticos NASA
2025-05-31 01:38:07,943 [INFO] Datos JSON preparados para envío
2025-05-31 01:38:09,001 [INFO] Lectura BMP390
2025-05-31 01:38:09,184 [INFO] Lectura LTR390
2025-05-31 01:38:09,190 [INFO] Lectura desde ESP32-S3 por serial
2025-05-31 01:38:13,162 [INFO] Lectura datos climáticos NASA
2025-05-31 01:38:13,164 [INFO] Datos JSON preparados para envío
2025-05-31 01:38:14,217 [INFO] Lectura BMP390
2025-05-31 01:38:14,398 [INFO] Lectura LTR390
2025-05-31 01:38:14,401 [INFO] Lectura desde ESP32-S3 por serial
2025-05-31 01:38:19,008 [INFO] Lectura datos climáticos NASA
2025-05-31 01:38:19,010 [INFO] Datos JSON preparados para envío
2025-05-31 01:38:20,061 [INFO] Lectura BMP390
2025-05-31 01:38:20,242 [INFO] Lectura LTR390
2025-05-31 01:38:20,248 [INFO] Lectura desde ESP32-S3 por serial
2025-05-31 01:38:23,912 [INFO] Lectura datos climáticos NASA
2025-05-31 01:38:23,915 [INFO] Datos JSON preparados para envío
2025-05-31 01:38:24,968 [INFO] Lectura BMP390
2025-05-31 01:38:25,157 [INFO] Lectura LTR390
2025-05-31 01:38:25,164 [INFO] Lectura desde ESP32-S3 por serial
2025-05-31 01:38:29,749 [INFO] Lectura datos climáticos NASA
2025-05-31 01:38:29,752 [INFO] Datos JSON preparados para envío
2025-05-31 01:38:30,806 [INFO] Lectura BMP390
2025-05-31 01:38:30,986 [INFO] Lectura LTR390
2025-05-31 01:38:30,993 [INFO] Lectura desde ESP32-S3 por serial
2025-05-31 01:38:34,666 [INFO] Lectura datos climáticos NASA
2025-05-31 01:38:34,669 [INFO] Datos JSON preparados para envío
2025-05-31 01:38:35,724 [INFO] Lectura BMP390
2025-05-31 01:38:35,904 [INFO] Lectura LTR390
2025-05-31 01:38:35,910 [INFO] Lectura desde ESP32-S3 por serial
2025-05-31 01:38:39,575 [INFO] Lectura datos climáticos NASA
2025-05-31 01:38:39,577 [INFO] Datos JSON preparados para envío
2025-05-31 01:38:40,629 [INFO] Lectura BMP390
2025-05-31 01:38:40,810 [INFO] Lectura LTR390
2025-05-31 01:38:40,815 [INFO] Lectura desde ESP32-S3 por serial
2025-05-31 01:38:44,710 [INFO] Lectura datos climáticos NASA
2025-05-31 01:38:44,713 [INFO] Datos JSON preparados para envío
2025-05-31 01:38:45,767 [INFO] Lectura BMP390
2025-05-31 01:38:45,948 [INFO] Lectura LTR390
2025-05-31 01:38:45,954 [INFO] Lectura desde ESP32-S3 por serial
2025-05-31 01:38:50,368 [INFO] Lectura datos climáticos NASA
2025-05-31 01:38:50,370 [INFO] Datos JSON preparados para envío
2025-05-31 01:38:51,424 [INFO] Lectura BMP390
2025-05-31 01:38:51,605 [INFO] Lectura LTR390
2025-05-31 01:38:51,610 [INFO] Lectura desde ESP32-S3 por serial
2025-05-31 01:38:55,037 [INFO] Lectura datos climáticos NASA
2025-05-31 01:38:55,038 [INFO] Datos JSON preparados para envío
2025-05-31 01:38:56,089 [INFO] Lectura BMP390
2025-05-31 01:38:56,272 [INFO] Lectura LTR390
2025-05-31 01:38:56,275 [INFO] Lectura desde ESP32-S3 por serial
2025-05-31 01:38:59,896 [INFO] Lectura datos climáticos NASA
2025-05-31 01:38:59,898 [INFO] Datos JSON preparados para envío
2025-05-31 01:39:00,947 [INFO] Lectura BMP390
2025-05-31 01:39:01,127 [INFO] Lectura LTR390
2025-05-31 01:39:01,133 [INFO] Lectura desde ESP32-S3 por serial
2025-05-31 01:39:05,441 [INFO] Lectura datos climáticos NASA
2025-05-31 01:39:05,444 [INFO] Datos JSON preparados para envío
2025-05-31 01:39:06,501 [INFO] Lectura BMP390
2025-05-31 01:39:06,680 [INFO] Lectura LTR390
2025-05-31 01:39:06,686 [INFO] Lectura desde ESP32-S3 por serial
2025-05-31 01:39:10,454 [INFO] Lectura datos climáticos NASA
2025-05-31 01:39:10,458 [INFO] Datos JSON preparados para envío
2025-05-31 01:39:11,511 [INFO] Lectura BMP390
2025-05-31 01:39:11,691 [INFO] Lectura LTR390
2025-05-31 01:39:11,698 [INFO] Lectura desde ESP32-S3 por serial
2025-05-31 01:39:15,076 [INFO] Lectura datos climáticos NASA
2025-05-31 01:39:15,078 [INFO] Datos JSON preparados para envío
2025-05-31 01:39:16,130 [INFO] Lectura BMP390
2025-05-31 01:39:16,307 [INFO] Lectura LTR390
2025-05-31 01:39:16,310 [INFO] Lectura desde ESP32-S3 por serial
2025-05-31 01:39:20,415 [INFO] Lectura datos climáticos NASA
2025-05-31 01:39:20,418 [INFO] Datos JSON preparados para envío
2025-05-31 01:39:21,470 [INFO] Lectura BMP390
2025-05-31 01:39:21,655 [INFO] Lectura LTR390
2025-05-31 01:39:21,662 [INFO] Lectura desde ESP32-S3 por serial
2025-05-31 01:39:25,741 [INFO] Lectura datos climáticos NASA
2025-05-31 01:39:25,744 [INFO] Datos JSON preparados para envío
2025-05-31 01:39:26,796 [INFO] Lectura BMP390
2025-05-31 01:39:26,976 [INFO] Lectura LTR390
2025-05-31 01:39:26,979 [INFO] Lectura desde ESP32-S3 por serial
2025-05-31 01:39:30,407 [INFO] Lectura datos climáticos NASA
2025-05-31 01:39:30,410 [INFO] Datos JSON preparados para envío
2025-05-31 01:39:31,465 [INFO] Lectura BMP390
2025-05-31 01:39:31,645 [INFO] Lectura LTR390
2025-05-31 01:39:31,654 [INFO] Lectura desde ESP32-S3 por serial
2025-05-31 01:39:36,055 [INFO] Lectura datos climáticos NASA
2025-05-31 01:39:36,058 [INFO] Datos JSON preparados para envío
2025-05-31 01:39:37,109 [INFO] Lectura BMP390
2025-05-31 01:39:37,292 [INFO] Lectura LTR390
2025-05-31 01:39:37,302 [INFO] Lectura desde ESP32-S3 por serial
2025-05-31 01:39:40,553 [INFO] Lectura datos climáticos NASA
2025-05-31 01:39:40,554 [INFO] Datos JSON preparados para envío
2025-05-31 01:39:41,611 [INFO] Lectura BMP390
2025-05-31 01:39:41,792 [INFO] Lectura LTR390
2025-05-31 01:39:41,801 [INFO] Lectura desde ESP32-S3 por serial
2025-05-31 01:39:45,151 [INFO] Lectura datos climáticos NASA
2025-05-31 01:39:45,154 [INFO] Datos JSON preparados para envío
2025-05-31 01:39:46,207 [INFO] Lectura BMP390
2025-05-31 01:39:46,387 [INFO] Lectura LTR390
2025-05-31 01:39:46,393 [INFO] Lectura desde ESP32-S3 por serial
2025-05-31 01:39:52,993 [INFO] Lectura datos climáticos NASA
2025-05-31 01:39:52,994 [INFO] Datos JSON preparados para envío
2025-05-31 01:39:54,047 [INFO] Lectura BMP390
2025-05-31 01:39:54,226 [INFO] Lectura LTR390
2025-05-31 01:39:54,232 [INFO] Lectura desde ESP32-S3 por serial
2025-05-31 01:39:57,911 [INFO] Lectura datos climáticos NASA
2025-05-31 01:39:57,914 [INFO] Datos JSON preparados para envío
2025-05-31 01:39:58,967 [INFO] Lectura BMP390
2025-05-31 01:39:59,148 [INFO] Lectura LTR390
2025-05-31 01:39:59,154 [INFO] Lectura desde ESP32-S3 por serial
2025-05-31 01:40:02,828 [INFO] Lectura datos climáticos NASA
2025-05-31 01:40:02,831 [INFO] Datos JSON preparados para envío
2025-05-31 01:40:03,885 [INFO] Lectura BMP390
2025-05-31 01:40:04,064 [INFO] Lectura LTR390
2025-05-31 01:40:04,067 [INFO] Lectura desde ESP32-S3 por serial
2025-05-31 01:40:07,742 [INFO] Lectura datos climáticos NASA
2025-05-31 01:40:07,745 [INFO] Datos JSON preparados para envío
2025-05-31 01:40:08,798 [INFO] Lectura BMP390
2025-05-31 01:40:08,979 [INFO] Lectura LTR390
2025-05-31 01:40:08,985 [INFO] Lectura desde ESP32-S3 por serial
2025-05-31 01:40:13,269 [INFO] Lectura datos climáticos NASA
2025-05-31 01:40:13,272 [INFO] Datos JSON preparados para envío
2025-05-31 01:40:14,325 [INFO] Lectura BMP390
2025-05-31 01:40:14,505 [INFO] Lectura LTR390
2025-05-31 01:40:14,511 [INFO] Lectura desde ESP32-S3 por serial
2025-05-31 01:40:18,492 [INFO] Lectura datos climáticos NASA
2025-05-31 01:40:18,495 [INFO] Datos JSON preparados para envío
2025-05-31 01:40:19,548 [INFO] Lectura BMP390
2025-05-31 01:40:19,730 [INFO] Lectura LTR390
2025-05-31 01:40:19,736 [INFO] Lectura desde ESP32-S3 por serial
2025-05-31 01:40:24,942 [INFO] Lectura datos climáticos NASA
2025-05-31 01:40:24,949 [INFO] Datos JSON preparados para envío
2025-05-31 01:40:26,000 [INFO] Lectura BMP390
2025-05-31 01:40:26,184 [INFO] Lectura LTR390
2025-05-31 01:40:26,191 [INFO] Lectura desde ESP32-S3 por serial
2025-05-31 01:40:29,858 [INFO] Lectura datos climáticos NASA
2025-05-31 01:40:29,861 [INFO] Datos JSON preparados para envío
2025-05-31 01:40:30,913 [INFO] Lectura BMP390
2025-05-31 01:40:31,096 [INFO] Lectura LTR390
2025-05-31 01:40:31,102 [INFO] Lectura desde ESP32-S3 por serial
2025-05-31 01:40:34,771 [INFO] Lectura datos climáticos NASA
2025-05-31 01:40:34,774 [INFO] Datos JSON preparados para envío
2025-05-31 01:40:35,828 [INFO] Lectura BMP390
2025-05-31 01:40:36,011 [INFO] Lectura LTR390
2025-05-31 01:40:36,017 [INFO] Lectura desde ESP32-S3 por serial
2025-05-31 01:40:39,312 [INFO] Lectura datos climáticos NASA
2025-05-31 01:40:39,317 [INFO] Datos JSON preparados para envío
2025-05-31 01:40:40,375 [INFO] Lectura BMP390
2025-05-31 01:40:40,551 [INFO] Lectura LTR390
2025-05-31 01:40:40,554 [INFO] Lectura desde ESP32-S3 por serial
2025-05-31 01:40:43,989 [INFO] Lectura datos climáticos NASA
2025-05-31 01:40:43,993 [INFO] Datos JSON preparados para envío
2025-05-31 01:40:45,049 [INFO] Lectura BMP390
2025-05-31 01:40:45,232 [INFO] Lectura LTR390
2025-05-31 01:40:45,237 [INFO] Lectura desde ESP32-S3 por serial
2025-05-31 01:40:48,903 [INFO] Lectura datos climáticos NASA
2025-05-31 01:40:48,906 [INFO] Datos JSON preparados para envío
2025-05-31 01:40:49,959 [INFO] Lectura BMP390
2025-05-31 01:40:50,140 [INFO] Lectura LTR390
2025-05-31 01:40:50,146 [INFO] Lectura desde ESP32-S3 por serial
2025-05-31 01:40:53,856 [INFO] Lectura datos climáticos NASA
2025-05-31 01:40:53,858 [INFO] Datos JSON preparados para envío
2025-05-31 01:40:54,912 [INFO] Lectura BMP390
2025-05-31 01:40:55,093 [INFO] Lectura LTR390
2025-05-31 01:40:55,101 [INFO] Lectura desde ESP32-S3 por serial
2025-05-31 01:41:05,312 [ERROR] Error al leer datos climáticos NASA
2025-05-31 01:41:05,313 [INFO] Datos JSON preparados para envío
2025-05-31 01:41:06,368 [INFO] Lectura BMP390
2025-05-31 01:41:06,548 [INFO] Lectura LTR390
2025-05-31 01:41:06,554 [INFO] Lectura desde ESP32-S3 por serial
2025-05-31 01:41:10,407 [INFO] Lectura datos climáticos NASA
2025-05-31 01:41:10,409 [INFO] Datos JSON preparados para envío
2025-05-31 01:41:11,466 [INFO] Lectura BMP390
2025-05-31 01:41:11,646 [INFO] Lectura LTR390
2025-05-31 01:41:11,652 [INFO] Lectura desde ESP32-S3 por serial
2025-05-31 01:41:15,216 [INFO] Lectura datos climáticos NASA
2025-05-31 01:41:15,219 [INFO] Datos JSON preparados para envío
2025-05-31 01:41:16,271 [INFO] Lectura BMP390
2025-05-31 01:41:16,452 [INFO] Lectura LTR390
2025-05-31 01:41:16,455 [INFO] Lectura desde ESP32-S3 por serial
2025-05-31 01:41:20,650 [INFO] Lectura datos climáticos NASA
2025-05-31 01:41:20,653 [INFO] Datos JSON preparados para envío
2025-05-31 01:41:21,707 [INFO] Lectura BMP390
2025-05-31 01:41:21,889 [INFO] Lectura LTR390
2025-05-31 01:41:21,895 [INFO] Lectura desde ESP32-S3 por serial
2025-05-31 01:41:25,455 [INFO] Lectura datos climáticos NASA
2025-05-31 01:41:25,458 [INFO] Datos JSON preparados para envío
2025-05-31 01:41:26,511 [INFO] Lectura BMP390
2025-05-31 01:41:26,692 [INFO] Lectura LTR390
2025-05-31 01:41:26,698 [INFO] Lectura desde ESP32-S3 por serial
2025-05-31 01:41:30,986 [INFO] Lectura datos climáticos NASA
2025-05-31 01:41:30,989 [INFO] Datos JSON preparados para envío
2025-05-31 01:41:32,041 [INFO] Lectura BMP390
2025-05-31 01:41:32,223 [INFO] Lectura LTR390
2025-05-31 01:41:32,229 [INFO] Lectura desde ESP32-S3 por serial
2025-05-31 01:41:36,207 [INFO] Lectura datos climáticos NASA
2025-05-31 01:41:36,210 [INFO] Datos JSON preparados para envío
2025-05-31 01:41:37,267 [INFO] Lectura BMP390
2025-05-31 01:41:37,450 [INFO] Lectura LTR390
2025-05-31 01:41:37,458 [INFO] Lectura desde ESP32-S3 por serial
2025-05-31 01:41:41,435 [INFO] Lectura datos climáticos NASA
2025-05-31 01:41:41,437 [INFO] Datos JSON preparados para envío
2025-05-31 01:41:42,487 [INFO] Lectura BMP390
2025-05-31 01:41:42,663 [INFO] Lectura LTR390
2025-05-31 01:41:42,666 [INFO] Lectura desde ESP32-S3 por serial
2025-05-31 01:41:46,037 [INFO] Lectura datos climáticos NASA
2025-05-31 01:41:46,040 [INFO] Datos JSON preparados para envío
2025-05-31 01:41:47,095 [INFO] Lectura BMP390
2025-05-31 01:41:47,275 [INFO] Lectura LTR390
2025-05-31 01:41:47,281 [INFO] Lectura desde ESP32-S3 por serial
2025-05-31 01:41:51,566 [INFO] Lectura datos climáticos NASA
2025-05-31 01:41:51,569 [INFO] Datos JSON preparados para envío
2025-05-31 01:41:52,621 [INFO] Lectura BMP390
2025-05-31 01:41:52,801 [INFO] Lectura LTR390
2025-05-31 01:41:52,805 [INFO] Lectura desde ESP32-S3 por serial
2025-05-31 01:41:56,484 [INFO] Lectura datos climáticos NASA
2025-05-31 01:41:56,487 [INFO] Datos JSON preparados para envío
2025-05-31 01:41:57,537 [INFO] Lectura BMP390
2025-05-31 01:41:57,719 [INFO] Lectura LTR390
2025-05-31 01:41:57,725 [INFO] Lectura desde ESP32-S3 por serial
2025-05-31 01:42:01,450 [INFO] Lectura datos climáticos NASA
2025-05-31 01:42:01,453 [INFO] Datos JSON preparados para envío
2025-05-31 01:42:02,505 [INFO] Lectura BMP390
2025-05-31 01:42:02,685 [INFO] Lectura LTR390
2025-05-31 01:42:02,691 [INFO] Lectura desde ESP32-S3 por serial
2025-05-31 01:42:07,004 [INFO] Lectura datos climáticos NASA
2025-05-31 01:42:07,005 [INFO] Datos JSON preparados para envío
2025-05-31 01:42:08,062 [INFO] Lectura BMP390
2025-05-31 01:42:08,245 [INFO] Lectura LTR390
2025-05-31 01:42:08,250 [INFO] Lectura desde ESP32-S3 por serial
2025-05-31 01:42:12,040 [INFO] Lectura datos climáticos NASA
2025-05-31 01:42:12,042 [INFO] Datos JSON preparados para envío
2025-05-31 01:42:13,097 [INFO] Lectura BMP390
2025-05-31 01:42:13,280 [INFO] Lectura LTR390
2025-05-31 01:42:13,285 [INFO] Lectura desde ESP32-S3 por serial
2025-05-31 01:42:16,817 [INFO] Lectura datos climáticos NASA
2025-05-31 01:42:16,818 [INFO] Datos JSON preparados para envío
2025-05-31 01:42:17,869 [INFO] Lectura BMP390
2025-05-31 01:42:18,056 [INFO] Lectura LTR390
2025-05-31 01:42:18,059 [INFO] Lectura desde ESP32-S3 por serial
2025-05-31 01:42:22,144 [INFO] Lectura datos climáticos NASA
2025-05-31 01:42:24,946 [INFO] Datos JSON preparados para envío
2025-05-31 01:42:25,999 [INFO] Lectura BMP390
2025-05-31 01:42:26,179 [INFO] Lectura LTR390
2025-05-31 01:42:26,183 [INFO] Lectura desde ESP32-S3 por serial
2025-05-31 01:42:29,668 [INFO] Lectura datos climáticos NASA
2025-05-31 01:42:29,669 [INFO] Datos JSON preparados para envío
2025-05-31 01:42:30,722 [INFO] Lectura BMP390
2025-05-31 01:42:30,906 [INFO] Lectura LTR390
2025-05-31 01:42:30,910 [INFO] Lectura desde ESP32-S3 por serial
2025-05-31 01:42:34,451 [INFO] Lectura datos climáticos NASA
2025-05-31 01:42:34,456 [INFO] Datos JSON preparados para envío
2025-05-31 01:42:35,507 [INFO] Lectura BMP390
2025-05-31 01:42:35,690 [INFO] Lectura LTR390
2025-05-31 01:42:35,697 [INFO] Lectura desde ESP32-S3 por serial
2025-05-31 01:42:39,682 [INFO] Lectura datos climáticos NASA
2025-05-31 01:42:39,684 [INFO] Datos JSON preparados para envío
2025-05-31 01:42:40,739 [INFO] Lectura BMP390
2025-05-31 01:42:40,922 [INFO] Lectura LTR390
2025-05-31 01:42:40,925 [INFO] Lectura desde ESP32-S3 por serial
2025-05-31 01:42:50,955 [ERROR] Error al leer datos climáticos NASA
2025-05-31 01:42:50,956 [INFO] Datos JSON preparados para envío
2025-05-31 01:42:52,007 [INFO] Lectura BMP390
2025-05-31 01:42:52,186 [INFO] Lectura LTR390
2025-05-31 01:42:52,189 [INFO] Lectura desde ESP32-S3 por serial
2025-05-31 01:42:55,498 [INFO] Lectura datos climáticos NASA
2025-05-31 01:42:55,502 [INFO] Datos JSON preparados para envío
2025-05-31 01:42:56,554 [INFO] Lectura BMP390
2025-05-31 01:42:56,733 [INFO] Lectura LTR390
2025-05-31 01:42:56,736 [INFO] Lectura desde ESP32-S3 por serial
2025-05-31 01:43:00,301 [INFO] Lectura datos climáticos NASA
2025-05-31 01:43:00,303 [INFO] Datos JSON preparados para envío
2025-05-31 01:43:01,357 [INFO] Lectura BMP390
2025-05-31 01:43:01,539 [INFO] Lectura LTR390
2025-05-31 01:43:01,545 [INFO] Lectura desde ESP32-S3 por serial
2025-05-31 01:43:05,289 [INFO] Lectura datos climáticos NASA
2025-05-31 01:43:05,292 [INFO] Datos JSON preparados para envío
2025-05-31 01:43:06,343 [INFO] Lectura BMP390
2025-05-31 01:43:06,523 [INFO] Lectura LTR390
2025-05-31 01:43:06,526 [INFO] Lectura desde ESP32-S3 por serial
2025-05-31 01:43:10,693 [INFO] Lectura datos climáticos NASA
2025-05-31 01:43:10,700 [INFO] Datos JSON preparados para envío
2025-05-31 01:43:11,753 [INFO] Lectura BMP390
2025-05-31 01:43:11,936 [INFO] Lectura LTR390
2025-05-31 01:43:11,939 [INFO] Lectura desde ESP32-S3 por serial
2025-05-31 01:43:15,699 [INFO] Lectura datos climáticos NASA
2025-05-31 01:43:15,708 [INFO] Datos JSON preparados para envío
2025-05-31 01:43:16,759 [INFO] Lectura BMP390
2025-05-31 01:43:16,938 [INFO] Lectura LTR390
2025-05-31 01:43:16,944 [INFO] Lectura desde ESP32-S3 por serial
2025-05-31 01:43:20,644 [INFO] Lectura datos climáticos NASA
2025-05-31 01:43:20,645 [INFO] Datos JSON preparados para envío
2025-05-31 01:43:21,697 [INFO] Lectura BMP390
2025-05-31 01:43:21,877 [INFO] Lectura LTR390
2025-05-31 01:43:21,880 [INFO] Lectura desde ESP32-S3 por serial
2025-05-31 01:43:25,992 [INFO] Lectura datos climáticos NASA
2025-05-31 01:43:25,994 [INFO] Datos JSON preparados para envío
2025-05-31 01:43:27,047 [INFO] Lectura BMP390
2025-05-31 01:43:27,226 [INFO] Lectura LTR390
2025-05-31 01:43:27,229 [INFO] Lectura desde ESP32-S3 por serial
2025-05-31 01:43:31,105 [INFO] Lectura datos climáticos NASA
2025-05-31 01:43:31,109 [INFO] Datos JSON preparados para envío
2025-05-31 01:43:32,161 [INFO] Lectura BMP390
2025-05-31 01:43:32,351 [INFO] Lectura LTR390
2025-05-31 01:43:32,354 [INFO] Lectura desde ESP32-S3 por serial
2025-05-31 01:43:35,906 [INFO] Lectura datos climáticos NASA
2025-05-31 01:43:35,907 [INFO] Datos JSON preparados para envío
2025-05-31 01:43:36,960 [INFO] Lectura BMP390
2025-05-31 01:43:37,141 [INFO] Lectura LTR390
2025-05-31 01:43:37,146 [INFO] Lectura desde ESP32-S3 por serial
2025-05-31 01:43:41,229 [INFO] Lectura datos climáticos NASA
2025-05-31 01:43:41,236 [INFO] Datos JSON preparados para envío
2025-05-31 01:43:42,291 [INFO] Lectura BMP390
2025-05-31 01:43:42,470 [INFO] Lectura LTR390
2025-05-31 01:43:42,473 [INFO] Lectura desde ESP32-S3 por serial
2025-05-31 01:43:45,934 [INFO] Lectura datos climáticos NASA
2025-05-31 01:43:45,937 [INFO] Datos JSON preparados para envío
2025-05-31 01:43:46,990 [INFO] Lectura BMP390
2025-05-31 01:43:47,171 [INFO] Lectura LTR390
2025-05-31 01:43:47,177 [INFO] Lectura desde ESP32-S3 por serial
2025-05-31 01:44:08,886 [INFO] Lectura datos climáticos NASA
2025-05-31 01:44:08,889 [INFO] Datos JSON preparados para envío
2025-05-31 01:44:09,941 [INFO] Lectura BMP390
2025-05-31 01:44:10,122 [INFO] Lectura LTR390
2025-05-31 01:44:10,129 [INFO] Lectura desde ESP32-S3 por serial
2025-05-31 01:44:14,406 [INFO] Lectura datos climáticos NASA
2025-05-31 01:44:14,409 [INFO] Datos JSON preparados para envío
2025-05-31 01:44:15,462 [INFO] Lectura BMP390
2025-05-31 01:44:15,642 [INFO] Lectura LTR390
2025-05-31 01:44:15,648 [INFO] Lectura desde ESP32-S3 por serial
2025-05-31 01:44:19,987 [INFO] Lectura datos climáticos NASA
2025-05-31 01:44:19,989 [INFO] Datos JSON preparados para envío
2025-05-31 01:44:21,042 [INFO] Lectura BMP390
2025-05-31 01:44:21,222 [INFO] Lectura LTR390
2025-05-31 01:44:21,229 [INFO] Lectura desde ESP32-S3 por serial
2025-05-31 01:44:26,077 [INFO] Lectura datos climáticos NASA
2025-05-31 01:44:26,080 [INFO] Datos JSON preparados para envío
2025-05-31 01:44:27,133 [INFO] Lectura BMP390
2025-05-31 01:44:27,315 [INFO] Lectura LTR390
2025-05-31 01:44:27,323 [INFO] Lectura desde ESP32-S3 por serial
2025-05-31 01:44:30,685 [INFO] Lectura datos climáticos NASA
2025-05-31 01:44:30,688 [INFO] Datos JSON preparados para envío
2025-05-31 01:44:31,740 [INFO] Lectura BMP390
2025-05-31 01:44:31,917 [INFO] Lectura LTR390
2025-05-31 01:44:31,919 [INFO] Lectura desde ESP32-S3 por serial
2025-05-31 01:44:35,453 [INFO] Lectura datos climáticos NASA
2025-05-31 01:44:35,455 [INFO] Datos JSON preparados para envío
2025-05-31 01:44:36,509 [INFO] Lectura BMP390
2025-05-31 01:44:36,689 [INFO] Lectura LTR390
2025-05-31 01:44:36,695 [INFO] Lectura desde ESP32-S3 por serial
2025-05-31 01:44:41,128 [INFO] Lectura datos climáticos NASA
2025-05-31 01:44:41,131 [INFO] Datos JSON preparados para envío
2025-05-31 01:44:42,185 [INFO] Lectura BMP390
2025-05-31 01:44:42,365 [INFO] Lectura LTR390
2025-05-31 01:44:42,371 [INFO] Lectura desde ESP32-S3 por serial
2025-05-31 01:44:47,580 [INFO] Lectura datos climáticos NASA
2025-05-31 01:44:47,582 [INFO] Datos JSON preparados para envío
2025-05-31 01:44:48,637 [INFO] Lectura BMP390
2025-05-31 01:44:48,818 [INFO] Lectura LTR390
2025-05-31 01:44:48,824 [INFO] Lectura desde ESP32-S3 por serial
2025-05-31 01:44:52,856 [INFO] Lectura datos climáticos NASA
2025-05-31 01:44:52,857 [INFO] Datos JSON preparados para envío
2025-05-31 01:44:53,907 [INFO] Lectura BMP390
2025-05-31 01:44:54,088 [INFO] Lectura LTR390
2025-05-31 01:44:54,094 [INFO] Lectura desde ESP32-S3 por serial
2025-05-31 01:44:57,716 [INFO] Lectura datos climáticos NASA
2025-05-31 01:44:57,719 [INFO] Datos JSON preparados para envío
2025-05-31 01:44:58,770 [INFO] Lectura BMP390
2025-05-31 01:44:58,951 [INFO] Lectura LTR390
2025-05-31 01:44:58,957 [INFO] Lectura desde ESP32-S3 por serial
2025-05-31 01:45:03,246 [INFO] Lectura datos climáticos NASA
2025-05-31 01:45:03,249 [INFO] Datos JSON preparados para envío
2025-05-31 01:45:04,300 [INFO] Lectura BMP390
2025-05-31 01:45:04,481 [INFO] Lectura LTR390
2025-05-31 01:45:04,487 [INFO] Lectura desde ESP32-S3 por serial
2025-05-31 01:45:08,158 [INFO] Lectura datos climáticos NASA
2025-05-31 01:45:08,160 [INFO] Datos JSON preparados para envío
2025-05-31 01:45:09,210 [INFO] Lectura BMP390
2025-05-31 01:45:09,396 [INFO] Lectura LTR390
2025-05-31 01:45:09,403 [INFO] Lectura desde ESP32-S3 por serial
2025-05-31 01:45:30,968 [INFO] Lectura datos climáticos NASA
2025-05-31 01:45:30,970 [INFO] Datos JSON preparados para envío
2025-05-31 01:45:32,021 [INFO] Lectura BMP390
2025-05-31 01:45:32,198 [INFO] Lectura LTR390
2025-05-31 01:45:32,201 [INFO] Lectura desde ESP32-S3 por serial
2025-05-31 01:45:37,035 [INFO] Lectura datos climáticos NASA
2025-05-31 01:45:37,038 [INFO] Datos JSON preparados para envío
2025-05-31 01:45:38,089 [INFO] Lectura BMP390
2025-05-31 01:45:38,269 [INFO] Lectura LTR390
2025-05-31 01:45:38,276 [INFO] Lectura desde ESP32-S3 por serial
2025-05-31 01:45:42,565 [INFO] Lectura datos climáticos NASA
2025-05-31 01:45:42,568 [INFO] Datos JSON preparados para envío
2025-05-31 01:45:43,621 [INFO] Lectura BMP390
2025-05-31 01:45:43,802 [INFO] Lectura LTR390
2025-05-31 01:45:43,807 [INFO] Lectura desde ESP32-S3 por serial
2025-05-31 01:45:47,479 [INFO] Lectura datos climáticos NASA
2025-05-31 01:45:47,482 [INFO] Datos JSON preparados para envío
2025-05-31 01:45:48,534 [INFO] Lectura BMP390
2025-05-31 01:45:48,714 [INFO] Lectura LTR390
2025-05-31 01:45:48,719 [INFO] Lectura desde ESP32-S3 por serial
2025-05-31 01:45:52,395 [INFO] Lectura datos climáticos NASA
2025-05-31 01:45:52,398 [INFO] Datos JSON preparados para envío
2025-05-31 01:45:53,449 [INFO] Lectura BMP390
2025-05-31 01:45:53,634 [INFO] Lectura LTR390
2025-05-31 01:45:53,640 [INFO] Lectura desde ESP32-S3 por serial
2025-05-31 01:45:57,306 [INFO] Lectura datos climáticos NASA
2025-05-31 01:45:57,307 [INFO] Datos JSON preparados para envío
2025-05-31 01:45:58,359 [INFO] Lectura BMP390
2025-05-31 01:45:58,544 [INFO] Lectura LTR390
2025-05-31 01:45:58,549 [INFO] Lectura desde ESP32-S3 por serial
2025-05-31 01:46:02,904 [INFO] Lectura datos climáticos NASA
2025-05-31 01:46:02,906 [INFO] Datos JSON preparados para envío
2025-05-31 01:46:03,956 [INFO] Lectura BMP390
2025-05-31 01:46:04,137 [INFO] Lectura LTR390
2025-05-31 01:46:04,140 [INFO] Lectura desde ESP32-S3 por serial
2025-05-31 01:46:08,078 [INFO] Lectura datos climáticos NASA
2025-05-31 01:46:08,080 [INFO] Datos JSON preparados para envío
2025-05-31 01:46:09,131 [INFO] Lectura BMP390
2025-05-31 01:46:09,308 [INFO] Lectura LTR390
2025-05-31 01:46:09,311 [INFO] Lectura desde ESP32-S3 por serial
2025-05-31 01:46:13,591 [INFO] Lectura datos climáticos NASA
2025-05-31 01:46:13,595 [INFO] Datos JSON preparados para envío
2025-05-31 01:46:14,648 [INFO] Lectura BMP390
2025-05-31 01:46:14,829 [INFO] Lectura LTR390
2025-05-31 01:46:14,836 [INFO] Lectura desde ESP32-S3 por serial
2025-05-31 01:46:18,696 [INFO] Lectura datos climáticos NASA
2025-05-31 01:46:18,699 [INFO] Datos JSON preparados para envío
2025-05-31 01:46:19,753 [INFO] Lectura BMP390
2025-05-31 01:46:19,932 [INFO] Lectura LTR390
2025-05-31 01:46:19,937 [INFO] Lectura desde ESP32-S3 por serial
2025-05-31 01:46:24,335 [INFO] Lectura datos climáticos NASA
2025-05-31 01:46:24,338 [INFO] Datos JSON preparados para envío
2025-05-31 01:46:25,395 [INFO] Lectura BMP390
2025-05-31 01:46:25,577 [INFO] Lectura LTR390
2025-05-31 01:46:25,583 [INFO] Lectura desde ESP32-S3 por serial
2025-05-31 01:46:29,073 [INFO] Lectura datos climáticos NASA
2025-05-31 01:46:29,076 [INFO] Datos JSON preparados para envío
2025-05-31 01:46:30,129 [INFO] Lectura BMP390
2025-05-31 01:46:30,309 [INFO] Lectura LTR390
2025-05-31 01:46:30,314 [INFO] Lectura desde ESP32-S3 por serial
2025-05-31 01:46:34,544 [INFO] Lectura datos climáticos NASA
2025-05-31 01:46:34,546 [INFO] Datos JSON preparados para envío
2025-05-31 01:46:35,600 [INFO] Lectura BMP390
2025-05-31 01:46:35,780 [INFO] Lectura LTR390
2025-05-31 01:46:35,787 [INFO] Lectura desde ESP32-S3 por serial
2025-05-31 01:46:39,478 [INFO] Lectura datos climáticos NASA
2025-05-31 01:46:39,481 [INFO] Datos JSON preparados para envío
2025-05-31 01:46:40,534 [INFO] Lectura BMP390
2025-05-31 01:46:40,714 [INFO] Lectura LTR390
2025-05-31 01:46:40,720 [INFO] Lectura desde ESP32-S3 por serial
2025-05-31 01:46:45,513 [INFO] Lectura datos climáticos NASA
2025-05-31 01:46:45,514 [INFO] Datos JSON preparados para envío
2025-05-31 01:46:46,564 [INFO] Lectura BMP390
2025-05-31 01:46:46,741 [INFO] Lectura LTR390
2025-05-31 01:46:46,743 [INFO] Lectura desde ESP32-S3 por serial
2025-05-31 01:46:50,473 [INFO] Lectura datos climáticos NASA
2025-05-31 01:46:50,476 [INFO] Datos JSON preparados para envío
2025-05-31 01:46:51,531 [INFO] Lectura BMP390
2025-05-31 01:46:51,711 [INFO] Lectura LTR390
2025-05-31 01:46:51,717 [INFO] Lectura desde ESP32-S3 por serial
2025-05-31 01:46:55,204 [INFO] Lectura datos climáticos NASA
2025-05-31 01:46:55,207 [INFO] Datos JSON preparados para envío
2025-05-31 01:46:56,260 [INFO] Lectura BMP390
2025-05-31 01:46:56,440 [INFO] Lectura LTR390
2025-05-31 01:46:56,447 [INFO] Lectura desde ESP32-S3 por serial
2025-05-31 01:47:00,031 [INFO] Lectura datos climáticos NASA
2025-05-31 01:47:00,032 [INFO] Datos JSON preparados para envío
2025-05-31 01:47:01,083 [INFO] Lectura BMP390
2025-05-31 01:47:01,261 [INFO] Lectura LTR390
2025-05-31 01:47:01,264 [INFO] Lectura desde ESP32-S3 por serial
2025-05-31 01:47:05,028 [INFO] Lectura datos climáticos NASA
2025-05-31 01:47:05,030 [INFO] Datos JSON preparados para envío
2025-05-31 01:47:06,084 [INFO] Lectura BMP390
2025-05-31 01:47:06,267 [INFO] Lectura LTR390
2025-05-31 01:47:06,273 [INFO] Lectura desde ESP32-S3 por serial
2025-05-31 01:47:09,801 [INFO] Lectura datos climáticos NASA
2025-05-31 01:47:09,803 [INFO] Datos JSON preparados para envío
2025-05-31 01:47:10,853 [INFO] Lectura BMP390
2025-05-31 01:47:11,037 [INFO] Lectura LTR390
2025-05-31 01:47:11,043 [INFO] Lectura desde ESP32-S3 por serial
2025-05-31 01:47:14,442 [INFO] Lectura datos climáticos NASA
2025-05-31 01:47:14,445 [INFO] Datos JSON preparados para envío
2025-05-31 01:47:15,497 [INFO] Lectura BMP390
2025-05-31 01:47:15,683 [INFO] Lectura LTR390
2025-05-31 01:47:15,689 [INFO] Lectura desde ESP32-S3 por serial
2025-05-31 01:47:19,230 [INFO] Lectura datos climáticos NASA
2025-05-31 01:47:19,234 [INFO] Datos JSON preparados para envío
2025-05-31 01:47:20,291 [INFO] Lectura BMP390
2025-05-31 01:47:20,473 [INFO] Lectura LTR390
2025-05-31 01:47:20,479 [INFO] Lectura desde ESP32-S3 por serial
2025-05-31 01:47:23,884 [INFO] Lectura datos climáticos NASA
2025-05-31 01:47:23,887 [INFO] Datos JSON preparados para envío
2025-05-31 01:47:24,944 [INFO] Lectura BMP390
2025-05-31 01:47:25,123 [INFO] Lectura LTR390
2025-05-31 01:47:25,129 [INFO] Lectura desde ESP32-S3 por serial
2025-05-31 01:47:28,856 [INFO] Lectura datos climáticos NASA
2025-05-31 01:47:28,858 [INFO] Datos JSON preparados para envío
2025-05-31 01:47:29,909 [INFO] Lectura BMP390
2025-05-31 01:47:30,091 [INFO] Lectura LTR390
2025-05-31 01:47:30,097 [INFO] Lectura desde ESP32-S3 por serial
2025-05-31 01:47:33,567 [INFO] Lectura datos climáticos NASA
2025-05-31 01:47:33,569 [INFO] Datos JSON preparados para envío
2025-05-31 01:47:34,619 [INFO] Lectura BMP390
2025-05-31 01:47:34,796 [INFO] Lectura LTR390
2025-05-31 01:47:34,799 [INFO] Lectura desde ESP32-S3 por serial
2025-05-31 01:47:38,969 [INFO] Lectura datos climáticos NASA
2025-05-31 01:47:38,972 [INFO] Datos JSON preparados para envío
2025-05-31 01:47:40,024 [INFO] Lectura BMP390
2025-05-31 01:47:40,205 [INFO] Lectura LTR390
2025-05-31 01:47:40,210 [INFO] Lectura desde ESP32-S3 por serial
2025-05-31 01:47:44,699 [INFO] Lectura datos climáticos NASA
2025-05-31 01:47:44,702 [INFO] Datos JSON preparados para envío
2025-05-31 01:47:45,753 [INFO] Lectura BMP390
2025-05-31 01:47:45,941 [INFO] Lectura LTR390
2025-05-31 01:47:45,944 [INFO] Lectura desde ESP32-S3 por serial
2025-05-31 01:47:49,582 [INFO] Lectura datos climáticos NASA
2025-05-31 01:47:49,585 [INFO] Datos JSON preparados para envío
2025-05-31 01:47:50,637 [INFO] Lectura BMP390
2025-05-31 01:47:50,819 [INFO] Lectura LTR390
2025-05-31 01:47:50,825 [INFO] Lectura desde ESP32-S3 por serial
2025-05-31 01:47:54,226 [INFO] Lectura datos climáticos NASA
2025-05-31 01:47:54,228 [INFO] Datos JSON preparados para envío
2025-05-31 01:47:55,281 [INFO] Lectura BMP390
2025-05-31 01:47:55,464 [INFO] Lectura LTR390
2025-05-31 01:47:55,470 [INFO] Lectura desde ESP32-S3 por serial
2025-05-31 01:47:59,105 [INFO] Lectura datos climáticos NASA
2025-05-31 01:47:59,107 [INFO] Datos JSON preparados para envío
2025-05-31 01:48:00,164 [INFO] Lectura BMP390
2025-05-31 01:48:00,344 [INFO] Lectura LTR390
2025-05-31 01:48:00,350 [INFO] Lectura desde ESP32-S3 por serial
2025-05-31 01:48:04,302 [INFO] Lectura datos climáticos NASA
2025-05-31 01:48:04,304 [INFO] Datos JSON preparados para envío
2025-05-31 01:48:05,364 [INFO] Lectura BMP390
2025-05-31 01:48:05,543 [INFO] Lectura LTR390
2025-05-31 01:48:05,548 [INFO] Lectura desde ESP32-S3 por serial
2025-05-31 01:48:09,987 [INFO] Lectura datos climáticos NASA
2025-05-31 01:48:09,988 [INFO] Datos JSON preparados para envío
2025-05-31 01:48:11,039 [INFO] Lectura BMP390
2025-05-31 01:48:11,222 [INFO] Lectura LTR390
2025-05-31 01:48:11,225 [INFO] Lectura desde ESP32-S3 por serial
2025-05-31 01:48:14,664 [INFO] Lectura datos climáticos NASA
2025-05-31 01:48:14,667 [INFO] Datos JSON preparados para envío
2025-05-31 01:48:15,721 [INFO] Lectura BMP390
2025-05-31 01:48:15,903 [INFO] Lectura LTR390
2025-05-31 01:48:15,908 [INFO] Lectura desde ESP32-S3 por serial
2025-05-31 01:48:19,336 [INFO] Lectura datos climáticos NASA
2025-05-31 01:48:19,338 [INFO] Datos JSON preparados para envío
2025-05-31 01:48:20,390 [INFO] Lectura BMP390
2025-05-31 01:48:20,570 [INFO] Lectura LTR390
2025-05-31 01:48:20,576 [INFO] Lectura desde ESP32-S3 por serial
2025-05-31 01:48:23,846 [INFO] Lectura datos climáticos NASA
2025-05-31 01:48:23,849 [INFO] Datos JSON preparados para envío
2025-05-31 01:48:24,903 [INFO] Lectura BMP390
2025-05-31 01:48:25,083 [INFO] Lectura LTR390
2025-05-31 01:48:25,089 [INFO] Lectura desde ESP32-S3 por serial
2025-05-31 01:48:28,641 [INFO] Lectura datos climáticos NASA
2025-05-31 01:48:28,645 [INFO] Datos JSON preparados para envío
2025-05-31 01:48:29,696 [INFO] Lectura BMP390
2025-05-31 01:48:29,876 [INFO] Lectura LTR390
2025-05-31 01:48:29,882 [INFO] Lectura desde ESP32-S3 por serial
2025-05-31 01:48:34,309 [INFO] Lectura datos climáticos NASA
2025-05-31 01:48:34,315 [INFO] Datos JSON preparados para envío
2025-05-31 01:48:35,364 [INFO] Lectura BMP390
2025-05-31 01:48:35,541 [INFO] Lectura LTR390
2025-05-31 01:48:35,544 [INFO] Lectura desde ESP32-S3 por serial
2025-05-31 01:48:39,761 [INFO] Lectura datos climáticos NASA
2025-05-31 01:48:39,764 [INFO] Datos JSON preparados para envío
2025-05-31 01:48:40,817 [INFO] Lectura BMP390
2025-05-31 01:48:40,997 [INFO] Lectura LTR390
2025-05-31 01:48:41,003 [INFO] Lectura desde ESP32-S3 por serial
2025-05-31 01:48:44,722 [INFO] Lectura datos climáticos NASA
2025-05-31 01:48:44,725 [INFO] Datos JSON preparados para envío
2025-05-31 01:48:45,780 [INFO] Lectura BMP390
2025-05-31 01:48:45,963 [INFO] Lectura LTR390
2025-05-31 01:48:45,971 [INFO] Lectura desde ESP32-S3 por serial
2025-05-31 01:48:49,478 [INFO] Lectura datos climáticos NASA
2025-05-31 01:48:49,481 [INFO] Datos JSON preparados para envío
2025-05-31 01:48:50,533 [INFO] Lectura BMP390
2025-05-31 01:48:50,713 [INFO] Lectura LTR390
2025-05-31 01:48:50,719 [INFO] Lectura desde ESP32-S3 por serial
2025-05-31 01:48:54,675 [INFO] Lectura datos climáticos NASA
2025-05-31 01:48:54,678 [INFO] Datos JSON preparados para envío
2025-05-31 01:48:55,731 [INFO] Lectura BMP390
2025-05-31 01:48:55,912 [INFO] Lectura LTR390
2025-05-31 01:48:55,918 [INFO] Lectura desde ESP32-S3 por serial
2025-05-31 01:48:59,719 [INFO] Lectura datos climáticos NASA
2025-05-31 01:48:59,721 [INFO] Datos JSON preparados para envío
2025-05-31 01:49:00,773 [INFO] Lectura BMP390
2025-05-31 01:49:00,954 [INFO] Lectura LTR390
2025-05-31 01:49:00,960 [INFO] Lectura desde ESP32-S3 por serial
2025-05-31 01:49:05,060 [INFO] Lectura datos climáticos NASA
2025-05-31 01:49:05,063 [INFO] Datos JSON preparados para envío
2025-05-31 01:49:06,115 [INFO] Lectura BMP390
2025-05-31 01:49:06,294 [INFO] Lectura LTR390
2025-05-31 01:49:06,298 [INFO] Lectura desde ESP32-S3 por serial
2025-05-31 01:49:09,896 [INFO] Lectura datos climáticos NASA
2025-05-31 01:49:09,899 [INFO] Datos JSON preparados para envío
2025-05-31 01:49:10,949 [INFO] Lectura BMP390
2025-05-31 01:49:11,127 [INFO] Lectura LTR390
2025-05-31 01:49:11,131 [INFO] Lectura desde ESP32-S3 por serial
2025-05-31 01:49:15,182 [INFO] Lectura datos climáticos NASA
2025-05-31 01:49:15,184 [INFO] Datos JSON preparados para envío
2025-05-31 01:49:16,237 [INFO] Lectura BMP390
2025-05-31 01:49:16,417 [INFO] Lectura LTR390
2025-05-31 01:49:16,423 [INFO] Lectura desde ESP32-S3 por serial
2025-05-31 01:49:20,331 [INFO] Lectura datos climáticos NASA
2025-05-31 01:49:20,333 [INFO] Datos JSON preparados para envío
2025-05-31 01:49:21,386 [INFO] Lectura BMP390
2025-05-31 01:49:21,569 [INFO] Lectura LTR390
2025-05-31 01:49:21,575 [INFO] Lectura desde ESP32-S3 por serial
2025-05-31 01:49:25,118 [INFO] Lectura datos climáticos NASA
2025-05-31 01:49:25,121 [INFO] Datos JSON preparados para envío
2025-05-31 01:49:26,175 [INFO] Lectura BMP390
2025-05-31 01:49:26,356 [INFO] Lectura LTR390
2025-05-31 01:49:26,363 [INFO] Lectura desde ESP32-S3 por serial
2025-05-31 01:49:29,794 [INFO] Lectura datos climáticos NASA
2025-05-31 01:49:29,797 [INFO] Datos JSON preparados para envío
2025-05-31 01:49:30,848 [INFO] Lectura BMP390
2025-05-31 01:49:31,032 [INFO] Lectura LTR390
2025-05-31 01:49:31,038 [INFO] Lectura desde ESP32-S3 por serial
2025-05-31 01:49:34,669 [INFO] Lectura datos climáticos NASA
2025-05-31 01:49:34,672 [INFO] Datos JSON preparados para envío
2025-05-31 01:49:35,722 [INFO] Lectura BMP390
2025-05-31 01:49:35,900 [INFO] Lectura LTR390
2025-05-31 01:49:35,902 [INFO] Lectura desde ESP32-S3 por serial
2025-05-31 01:49:39,530 [INFO] Lectura datos climáticos NASA
2025-05-31 01:49:39,535 [INFO] Datos JSON preparados para envío
2025-05-31 01:49:40,587 [INFO] Lectura BMP390
2025-05-31 01:49:40,768 [INFO] Lectura LTR390
2025-05-31 01:49:40,774 [INFO] Lectura desde ESP32-S3 por serial
2025-05-31 01:50:02,574 [INFO] Lectura datos climáticos NASA
2025-05-31 01:50:02,577 [INFO] Datos JSON preparados para envío
2025-05-31 01:50:03,634 [INFO] Lectura BMP390
2025-05-31 01:50:03,815 [INFO] Lectura LTR390
2025-05-31 01:50:03,821 [INFO] Lectura desde ESP32-S3 por serial
2025-05-31 01:50:08,438 [INFO] Lectura datos climáticos NASA
2025-05-31 01:50:08,440 [INFO] Datos JSON preparados para envío
2025-05-31 01:50:09,493 [INFO] Lectura BMP390
2025-05-31 01:50:09,670 [INFO] Lectura LTR390
2025-05-31 01:50:09,673 [INFO] Lectura desde ESP32-S3 por serial
2025-05-31 01:50:13,064 [INFO] Lectura datos climáticos NASA
2025-05-31 01:50:13,066 [INFO] Datos JSON preparados para envío
2025-05-31 01:50:14,121 [INFO] Lectura BMP390
2025-05-31 01:50:14,301 [INFO] Lectura LTR390
2025-05-31 01:50:14,308 [INFO] Lectura desde ESP32-S3 por serial
2025-05-31 01:50:17,817 [INFO] Lectura datos climáticos NASA
2025-05-31 01:50:17,820 [INFO] Datos JSON preparados para envío
2025-05-31 01:50:18,871 [INFO] Lectura BMP390
2025-05-31 01:50:19,051 [INFO] Lectura LTR390
2025-05-31 01:50:19,058 [INFO] Lectura desde ESP32-S3 por serial
2025-05-31 01:50:22,635 [INFO] Lectura datos climáticos NASA
2025-05-31 01:50:22,638 [INFO] Datos JSON preparados para envío
2025-05-31 01:50:23,689 [INFO] Lectura BMP390
2025-05-31 01:50:23,865 [INFO] Lectura LTR390
2025-05-31 01:50:23,868 [INFO] Lectura desde ESP32-S3 por serial
2025-05-31 01:50:27,198 [INFO] Lectura datos climáticos NASA
2025-05-31 01:50:27,201 [INFO] Datos JSON preparados para envío
2025-05-31 01:50:28,254 [INFO] Lectura BMP390
2025-05-31 01:50:28,437 [INFO] Lectura LTR390
2025-05-31 01:50:28,443 [INFO] Lectura desde ESP32-S3 por serial
2025-05-31 01:50:32,955 [INFO] Lectura datos climáticos NASA
2025-05-31 01:50:32,958 [INFO] Datos JSON preparados para envío
2025-05-31 01:50:34,010 [INFO] Lectura BMP390
2025-05-31 01:50:34,190 [INFO] Lectura LTR390
2025-05-31 01:50:34,196 [INFO] Lectura desde ESP32-S3 por serial
2025-05-31 01:50:38,730 [INFO] Lectura datos climáticos NASA
2025-05-31 01:50:38,733 [INFO] Datos JSON preparados para envío
2025-05-31 01:50:39,787 [INFO] Lectura BMP390
2025-05-31 01:50:39,971 [INFO] Lectura LTR390
2025-05-31 01:50:39,976 [INFO] Lectura desde ESP32-S3 por serial
2025-05-31 01:50:44,429 [INFO] Lectura datos climáticos NASA
2025-05-31 01:50:44,432 [INFO] Datos JSON preparados para envío
2025-05-31 01:50:45,487 [INFO] Lectura BMP390
2025-05-31 01:50:45,667 [INFO] Lectura LTR390
2025-05-31 01:50:45,673 [INFO] Lectura desde ESP32-S3 por serial
2025-05-31 01:50:49,257 [INFO] Lectura datos climáticos NASA
2025-05-31 01:50:49,259 [INFO] Datos JSON preparados para envío
2025-05-31 01:50:50,315 [INFO] Lectura BMP390
2025-05-31 01:50:50,496 [INFO] Lectura LTR390
2025-05-31 01:50:50,502 [INFO] Lectura desde ESP32-S3 por serial
2025-05-31 01:50:54,038 [INFO] Lectura datos climáticos NASA
2025-05-31 01:50:54,043 [INFO] Datos JSON preparados para envío
2025-05-31 01:50:55,094 [INFO] Lectura BMP390
2025-05-31 01:50:55,274 [INFO] Lectura LTR390
2025-05-31 01:50:55,280 [INFO] Lectura desde ESP32-S3 por serial
2025-05-31 01:50:58,601 [INFO] Lectura datos climáticos NASA
2025-05-31 01:50:58,604 [INFO] Datos JSON preparados para envío
2025-05-31 01:50:59,657 [INFO] Lectura BMP390
2025-05-31 01:50:59,840 [INFO] Lectura LTR390
2025-05-31 01:50:59,847 [INFO] Lectura desde ESP32-S3 por serial
2025-05-31 01:51:04,167 [INFO] Lectura datos climáticos NASA
2025-05-31 01:51:04,170 [INFO] Datos JSON preparados para envío
2025-05-31 01:51:05,220 [INFO] Lectura BMP390
2025-05-31 01:51:05,398 [INFO] Lectura LTR390
2025-05-31 01:51:05,401 [INFO] Lectura desde ESP32-S3 por serial
2025-05-31 01:51:08,948 [INFO] Lectura datos climáticos NASA
2025-05-31 01:51:08,952 [INFO] Datos JSON preparados para envío
2025-05-31 01:51:10,008 [INFO] Lectura BMP390
2025-05-31 01:51:10,191 [INFO] Lectura LTR390
2025-05-31 01:51:10,196 [INFO] Lectura desde ESP32-S3 por serial
2025-05-31 01:51:13,740 [INFO] Lectura datos climáticos NASA
2025-05-31 01:51:13,742 [INFO] Datos JSON preparados para envío
2025-05-31 01:51:14,795 [INFO] Lectura BMP390
2025-05-31 01:51:14,975 [INFO] Lectura LTR390
2025-05-31 01:51:14,981 [INFO] Lectura desde ESP32-S3 por serial
2025-05-31 01:51:18,923 [INFO] Lectura datos climáticos NASA
2025-05-31 01:51:18,927 [INFO] Datos JSON preparados para envío
2025-05-31 01:51:19,979 [INFO] Lectura BMP390
2025-05-31 01:51:20,161 [INFO] Lectura LTR390
2025-05-31 01:51:20,166 [INFO] Lectura desde ESP32-S3 por serial
2025-05-31 01:51:23,845 [INFO] Lectura datos climáticos NASA
2025-05-31 01:51:23,847 [INFO] Datos JSON preparados para envío
2025-05-31 01:51:24,899 [INFO] Lectura BMP390
2025-05-31 01:51:25,077 [INFO] Lectura LTR390
2025-05-31 01:51:25,080 [INFO] Lectura desde ESP32-S3 por serial
2025-05-31 01:51:28,501 [INFO] Lectura datos climáticos NASA
2025-05-31 01:51:28,504 [INFO] Datos JSON preparados para envío
2025-05-31 01:51:29,561 [INFO] Lectura BMP390
2025-05-31 01:51:29,741 [INFO] Lectura LTR390
2025-05-31 01:51:29,747 [INFO] Lectura desde ESP32-S3 por serial
2025-05-31 01:51:33,372 [INFO] Lectura datos climáticos NASA
2025-05-31 01:51:33,375 [INFO] Datos JSON preparados para envío
2025-05-31 01:51:34,433 [INFO] Lectura BMP390
2025-05-31 01:51:34,614 [INFO] Lectura LTR390
2025-05-31 01:51:34,626 [INFO] Lectura desde ESP32-S3 por serial
2025-05-31 01:51:38,517 [INFO] Lectura datos climáticos NASA
2025-05-31 01:51:38,519 [INFO] Datos JSON preparados para envío
2025-05-31 01:51:39,572 [INFO] Lectura BMP390
2025-05-31 01:51:39,753 [INFO] Lectura LTR390
2025-05-31 01:51:39,759 [INFO] Lectura desde ESP32-S3 por serial
2025-05-31 01:51:43,913 [INFO] Lectura datos climáticos NASA
2025-05-31 01:51:43,915 [INFO] Datos JSON preparados para envío
2025-05-31 01:51:44,968 [INFO] Lectura BMP390
2025-05-31 01:51:45,154 [INFO] Lectura LTR390
2025-05-31 01:51:45,160 [INFO] Lectura desde ESP32-S3 por serial
2025-05-31 01:51:48,789 [INFO] Lectura datos climáticos NASA
2025-05-31 01:51:48,791 [INFO] Datos JSON preparados para envío
2025-05-31 01:51:49,840 [INFO] Lectura BMP390
2025-05-31 01:51:50,016 [INFO] Lectura LTR390
2025-05-31 01:51:50,019 [INFO] Lectura desde ESP32-S3 por serial
2025-05-31 01:51:53,642 [INFO] Lectura datos climáticos NASA
2025-05-31 01:51:53,645 [INFO] Datos JSON preparados para envío
2025-05-31 01:51:54,697 [INFO] Lectura BMP390
2025-05-31 01:51:54,878 [INFO] Lectura LTR390
2025-05-31 01:51:54,884 [INFO] Lectura desde ESP32-S3 por serial
2025-05-31 01:51:58,786 [INFO] Lectura datos climáticos NASA
2025-05-31 01:51:58,789 [INFO] Datos JSON preparados para envío
2025-05-31 01:51:59,843 [INFO] Lectura BMP390
2025-05-31 01:52:00,028 [INFO] Lectura LTR390
2025-05-31 01:52:00,034 [INFO] Lectura desde ESP32-S3 por serial
2025-05-31 01:52:04,332 [INFO] Lectura datos climáticos NASA
2025-05-31 01:52:04,335 [INFO] Datos JSON preparados para envío
2025-05-31 01:52:05,389 [INFO] Lectura BMP390
2025-05-31 01:52:05,574 [INFO] Lectura LTR390
2025-05-31 01:52:05,580 [INFO] Lectura desde ESP32-S3 por serial
2025-05-31 01:52:09,680 [INFO] Lectura datos climáticos NASA
2025-05-31 01:52:09,681 [INFO] Datos JSON preparados para envío
2025-05-31 01:52:10,732 [INFO] Lectura BMP390
2025-05-31 01:52:10,909 [INFO] Lectura LTR390
2025-05-31 01:52:10,912 [INFO] Lectura desde ESP32-S3 por serial
2025-05-31 01:52:15,272 [INFO] Lectura datos climáticos NASA
2025-05-31 01:52:15,274 [INFO] Datos JSON preparados para envío
2025-05-31 01:52:16,327 [INFO] Lectura BMP390
2025-05-31 01:52:16,512 [INFO] Lectura LTR390
2025-05-31 01:52:16,518 [INFO] Lectura desde ESP32-S3 por serial
2025-05-31 01:52:20,258 [INFO] Lectura datos climáticos NASA
2025-05-31 01:52:20,261 [INFO] Datos JSON preparados para envío
2025-05-31 01:52:21,318 [INFO] Lectura BMP390
2025-05-31 01:52:21,500 [INFO] Lectura LTR390
2025-05-31 01:52:21,506 [INFO] Lectura desde ESP32-S3 por serial
2025-05-31 01:52:25,097 [INFO] Lectura datos climáticos NASA
2025-05-31 01:52:25,099 [INFO] Datos JSON preparados para envío
2025-05-31 01:52:26,149 [INFO] Lectura BMP390
2025-05-31 01:52:26,326 [INFO] Lectura LTR390
2025-05-31 01:52:26,329 [INFO] Lectura desde ESP32-S3 por serial
2025-05-31 01:52:29,752 [INFO] Lectura datos climáticos NASA
2025-05-31 01:52:29,755 [INFO] Datos JSON preparados para envío
2025-05-31 01:52:30,811 [INFO] Lectura BMP390
2025-05-31 01:52:30,992 [INFO] Lectura LTR390
2025-05-31 01:52:30,997 [INFO] Lectura desde ESP32-S3 por serial
2025-05-31 01:52:35,105 [INFO] Lectura datos climáticos NASA
2025-05-31 01:52:35,108 [INFO] Datos JSON preparados para envío
2025-05-31 01:52:36,161 [INFO] Lectura BMP390
2025-05-31 01:52:36,341 [INFO] Lectura LTR390
2025-05-31 01:52:36,347 [INFO] Lectura desde ESP32-S3 por serial
2025-05-31 01:52:39,801 [INFO] Lectura datos climáticos NASA
2025-05-31 01:52:39,804 [INFO] Datos JSON preparados para envío
2025-05-31 01:52:40,858 [INFO] Lectura BMP390
2025-05-31 01:52:41,043 [INFO] Lectura LTR390
2025-05-31 01:52:41,048 [INFO] Lectura desde ESP32-S3 por serial
2025-05-31 01:52:49,626 [INFO] Lectura datos climáticos NASA
2025-05-31 01:52:49,627 [INFO] Datos JSON preparados para envío
2025-05-31 01:52:50,677 [INFO] Lectura BMP390
2025-05-31 01:52:50,854 [INFO] Lectura LTR390
2025-05-31 01:52:50,857 [INFO] Lectura desde ESP32-S3 por serial
2025-05-31 01:52:54,325 [INFO] Lectura datos climáticos NASA
2025-05-31 01:52:54,328 [INFO] Datos JSON preparados para envío
2025-05-31 01:52:55,382 [INFO] Lectura BMP390
2025-05-31 01:52:55,565 [INFO] Lectura LTR390
2025-05-31 01:52:55,571 [INFO] Lectura desde ESP32-S3 por serial
2025-05-31 01:52:59,111 [INFO] Lectura datos climáticos NASA
2025-05-31 01:52:59,114 [INFO] Datos JSON preparados para envío
2025-05-31 01:53:00,167 [INFO] Lectura BMP390
2025-05-31 01:53:00,350 [INFO] Lectura LTR390
2025-05-31 01:53:00,356 [INFO] Lectura desde ESP32-S3 por serial
2025-05-31 01:53:04,720 [INFO] Lectura datos climáticos NASA
2025-05-31 01:53:04,723 [INFO] Datos JSON preparados para envío
2025-05-31 01:53:05,776 [INFO] Lectura BMP390
2025-05-31 01:53:05,955 [INFO] Lectura LTR390
2025-05-31 01:53:05,961 [INFO] Lectura desde ESP32-S3 por serial
2025-05-31 01:53:09,770 [INFO] Lectura datos climáticos NASA
2025-05-31 01:53:09,771 [INFO] Datos JSON preparados para envío
2025-05-31 01:53:10,822 [INFO] Lectura BMP390
2025-05-31 01:53:10,998 [INFO] Lectura LTR390
2025-05-31 01:53:11,001 [INFO] Lectura desde ESP32-S3 por serial
2025-05-31 01:53:14,699 [INFO] Lectura datos climáticos NASA
2025-05-31 01:53:14,701 [INFO] Datos JSON preparados para envío
2025-05-31 01:53:15,752 [INFO] Lectura BMP390
2025-05-31 01:53:15,928 [INFO] Lectura LTR390
2025-05-31 01:53:15,931 [INFO] Lectura desde ESP32-S3 por serial
2025-05-31 01:53:19,658 [INFO] Lectura datos climáticos NASA
2025-05-31 01:53:19,661 [INFO] Datos JSON preparados para envío
2025-05-31 01:53:20,716 [INFO] Lectura BMP390
2025-05-31 01:53:20,896 [INFO] Lectura LTR390
2025-05-31 01:53:20,908 [INFO] Lectura desde ESP32-S3 por serial
2025-05-31 01:53:24,427 [INFO] Lectura datos climáticos NASA
2025-05-31 01:53:24,430 [INFO] Datos JSON preparados para envío
2025-05-31 01:53:25,485 [INFO] Lectura BMP390
2025-05-31 01:53:25,666 [INFO] Lectura LTR390
2025-05-31 01:53:25,672 [INFO] Lectura desde ESP32-S3 por serial
2025-05-31 01:53:34,391 [INFO] Lectura datos climáticos NASA
2025-05-31 01:53:34,394 [INFO] Datos JSON preparados para envío
2025-05-31 01:53:35,446 [INFO] Lectura BMP390
2025-05-31 01:53:35,627 [INFO] Lectura LTR390
2025-05-31 01:53:35,633 [INFO] Lectura desde ESP32-S3 por serial
2025-05-31 01:53:39,279 [INFO] Lectura datos climáticos NASA
2025-05-31 01:53:39,280 [INFO] Datos JSON preparados para envío
2025-05-31 01:53:40,333 [INFO] Lectura BMP390
2025-05-31 01:53:40,514 [INFO] Lectura LTR390
2025-05-31 01:53:40,520 [INFO] Lectura desde ESP32-S3 por serial
2025-05-31 01:53:45,426 [INFO] Lectura datos climáticos NASA
2025-05-31 01:53:45,430 [INFO] Datos JSON preparados para envío
2025-05-31 01:53:46,482 [INFO] Lectura BMP390
2025-05-31 01:53:46,663 [INFO] Lectura LTR390
2025-05-31 01:53:46,669 [INFO] Lectura desde ESP32-S3 por serial
2025-05-31 01:53:50,364 [INFO] Lectura datos climáticos NASA
2025-05-31 01:53:50,366 [INFO] Datos JSON preparados para envío
2025-05-31 01:53:51,419 [INFO] Lectura BMP390
2025-05-31 01:53:51,597 [INFO] Lectura LTR390
2025-05-31 01:53:51,600 [INFO] Lectura desde ESP32-S3 por serial
2025-05-31 01:53:55,520 [INFO] Lectura datos climáticos NASA
2025-05-31 01:53:55,523 [INFO] Datos JSON preparados para envío
2025-05-31 01:53:56,582 [INFO] Lectura BMP390
2025-05-31 01:53:56,765 [INFO] Lectura LTR390
2025-05-31 01:53:56,771 [INFO] Lectura desde ESP32-S3 por serial
2025-05-31 01:54:00,481 [INFO] Lectura datos climáticos NASA
2025-05-31 01:54:00,483 [INFO] Datos JSON preparados para envío
2025-05-31 01:54:01,536 [INFO] Lectura BMP390
2025-05-31 01:54:01,716 [INFO] Lectura LTR390
2025-05-31 01:54:01,722 [INFO] Lectura desde ESP32-S3 por serial
2025-05-31 01:54:05,197 [INFO] Lectura datos climáticos NASA
2025-05-31 01:54:05,200 [INFO] Datos JSON preparados para envío
2025-05-31 01:54:06,253 [INFO] Lectura BMP390
2025-05-31 01:54:06,435 [INFO] Lectura LTR390
2025-05-31 01:54:06,441 [INFO] Lectura desde ESP32-S3 por serial
2025-05-31 01:54:10,185 [INFO] Lectura datos climáticos NASA
2025-05-31 01:54:10,187 [INFO] Datos JSON preparados para envío
2025-05-31 01:54:11,238 [INFO] Lectura BMP390
2025-05-31 01:54:11,418 [INFO] Lectura LTR390
2025-05-31 01:54:11,420 [INFO] Lectura desde ESP32-S3 por serial
2025-05-31 01:54:15,632 [INFO] Lectura datos climáticos NASA
2025-05-31 01:54:15,634 [INFO] Datos JSON preparados para envío
2025-05-31 01:54:16,687 [INFO] Lectura BMP390
2025-05-31 01:54:16,867 [INFO] Lectura LTR390
2025-05-31 01:54:16,874 [INFO] Lectura desde ESP32-S3 por serial
2025-05-31 01:54:21,011 [INFO] Lectura datos climáticos NASA
2025-05-31 01:54:21,014 [INFO] Datos JSON preparados para envío
2025-05-31 01:54:22,069 [INFO] Lectura BMP390
2025-05-31 01:54:22,249 [INFO] Lectura LTR390
2025-05-31 01:54:22,255 [INFO] Lectura desde ESP32-S3 por serial
2025-05-31 01:54:26,323 [INFO] Lectura datos climáticos NASA
2025-05-31 01:54:26,325 [INFO] Datos JSON preparados para envío
2025-05-31 01:54:27,388 [INFO] Lectura BMP390
2025-05-31 01:54:27,566 [INFO] Lectura LTR390
2025-05-31 01:54:27,568 [INFO] Lectura desde ESP32-S3 por serial
2025-05-31 01:54:31,589 [INFO] Lectura datos climáticos NASA
2025-05-31 01:54:31,591 [INFO] Datos JSON preparados para envío
2025-05-31 01:54:32,644 [INFO] Lectura BMP390
2025-05-31 01:54:32,828 [INFO] Lectura LTR390
2025-05-31 01:54:32,833 [INFO] Lectura desde ESP32-S3 por serial
2025-05-31 01:54:54,444 [INFO] Lectura datos climáticos NASA
2025-05-31 01:54:54,447 [INFO] Datos JSON preparados para envío
2025-05-31 01:54:55,501 [INFO] Lectura BMP390
2025-05-31 01:54:55,681 [INFO] Lectura LTR390
2025-05-31 01:54:55,688 [INFO] Lectura desde ESP32-S3 por serial
2025-05-31 01:54:59,213 [INFO] Lectura datos climáticos NASA
2025-05-31 01:54:59,215 [INFO] Datos JSON preparados para envío
2025-05-31 01:55:00,273 [INFO] Lectura BMP390
2025-05-31 01:55:00,453 [INFO] Lectura LTR390
2025-05-31 01:55:00,459 [INFO] Lectura desde ESP32-S3 por serial
2025-05-31 01:55:04,382 [INFO] Lectura datos climáticos NASA
2025-05-31 01:55:04,383 [INFO] Datos JSON preparados para envío
2025-05-31 01:55:05,437 [INFO] Lectura BMP390
2025-05-31 01:55:05,617 [INFO] Lectura LTR390
2025-05-31 01:55:05,623 [INFO] Lectura desde ESP32-S3 por serial
2025-05-31 01:55:09,152 [INFO] Lectura datos climáticos NASA
2025-05-31 01:55:09,154 [INFO] Datos JSON preparados para envío
2025-05-31 01:55:10,209 [INFO] Lectura BMP390
2025-05-31 01:55:10,387 [INFO] Lectura LTR390
2025-05-31 01:55:10,390 [INFO] Lectura desde ESP32-S3 por serial
2025-05-31 01:55:14,273 [INFO] Lectura datos climáticos NASA
2025-05-31 01:55:14,275 [INFO] Datos JSON preparados para envío
2025-05-31 01:55:15,326 [INFO] Lectura BMP390
2025-05-31 01:55:15,507 [INFO] Lectura LTR390
2025-05-31 01:55:15,510 [INFO] Lectura desde ESP32-S3 por serial
2025-05-31 01:55:19,446 [INFO] Lectura datos climáticos NASA
2025-05-31 01:55:19,449 [INFO] Datos JSON preparados para envío
2025-05-31 01:55:20,502 [INFO] Lectura BMP390
2025-05-31 01:55:20,682 [INFO] Lectura LTR390
2025-05-31 01:55:20,687 [INFO] Lectura desde ESP32-S3 por serial
2025-05-31 01:55:24,157 [INFO] Lectura datos climáticos NASA
2025-05-31 01:55:24,160 [INFO] Datos JSON preparados para envío
2025-05-31 01:55:25,213 [INFO] Lectura BMP390
2025-05-31 01:55:25,392 [INFO] Lectura LTR390
2025-05-31 01:55:25,398 [INFO] Lectura desde ESP32-S3 por serial
2025-05-31 01:55:29,540 [INFO] Lectura datos climáticos NASA
2025-05-31 01:55:29,543 [INFO] Datos JSON preparados para envío
2025-05-31 01:55:30,599 [INFO] Lectura BMP390
2025-05-31 01:55:30,783 [INFO] Lectura LTR390
2025-05-31 01:55:30,789 [INFO] Lectura desde ESP32-S3 por serial
2025-05-31 01:55:35,812 [INFO] Lectura datos climáticos NASA
2025-05-31 01:55:35,814 [INFO] Datos JSON preparados para envío
2025-05-31 01:55:36,867 [INFO] Lectura BMP390
2025-05-31 01:55:37,051 [INFO] Lectura LTR390
2025-05-31 01:55:37,057 [INFO] Lectura desde ESP32-S3 por serial
2025-05-31 01:55:41,658 [INFO] Lectura datos climáticos NASA
2025-05-31 01:55:41,661 [INFO] Datos JSON preparados para envío
2025-05-31 01:55:42,713 [INFO] Lectura BMP390
2025-05-31 01:55:42,894 [INFO] Lectura LTR390
2025-05-31 01:55:42,899 [INFO] Lectura desde ESP32-S3 por serial
2025-05-31 01:55:46,479 [INFO] Lectura datos climáticos NASA
2025-05-31 01:55:46,482 [INFO] Datos JSON preparados para envío
2025-05-31 01:55:47,536 [INFO] Lectura BMP390
2025-05-31 01:55:47,719 [INFO] Lectura LTR390
2025-05-31 01:55:47,726 [INFO] Lectura desde ESP32-S3 por serial
2025-05-31 01:55:51,365 [INFO] Lectura datos climáticos NASA
2025-05-31 01:55:51,369 [INFO] Datos JSON preparados para envío
2025-05-31 01:55:52,420 [INFO] Lectura BMP390
2025-05-31 01:55:52,601 [INFO] Lectura LTR390
2025-05-31 01:55:52,604 [INFO] Lectura desde ESP32-S3 por serial
2025-05-31 01:55:56,693 [INFO] Lectura datos climáticos NASA
2025-05-31 01:55:56,695 [INFO] Datos JSON preparados para envío
2025-05-31 01:55:57,748 [INFO] Lectura BMP390
2025-05-31 01:55:57,935 [INFO] Lectura LTR390
2025-05-31 01:55:57,941 [INFO] Lectura desde ESP32-S3 por serial
2025-05-31 01:56:01,423 [INFO] Lectura datos climáticos NASA
2025-05-31 01:56:01,428 [INFO] Datos JSON preparados para envío
2025-05-31 01:56:02,480 [INFO] Lectura BMP390
2025-05-31 01:56:02,663 [INFO] Lectura LTR390
2025-05-31 01:56:02,670 [INFO] Lectura desde ESP32-S3 por serial
2025-05-31 01:56:06,712 [INFO] Lectura datos climáticos NASA
2025-05-31 01:56:06,715 [INFO] Datos JSON preparados para envío
2025-05-31 01:56:07,768 [INFO] Lectura BMP390
2025-05-31 01:56:07,948 [INFO] Lectura LTR390
2025-05-31 01:56:07,955 [INFO] Lectura desde ESP32-S3 por serial
2025-05-31 01:56:11,870 [INFO] Lectura datos climáticos NASA
2025-05-31 01:56:11,872 [INFO] Datos JSON preparados para envío
2025-05-31 01:56:12,925 [INFO] Lectura BMP390
2025-05-31 01:56:13,103 [INFO] Lectura LTR390
2025-05-31 01:56:13,106 [INFO] Lectura desde ESP32-S3 por serial
2025-05-31 01:56:16,690 [INFO] Lectura datos climáticos NASA
2025-05-31 01:56:16,691 [INFO] Datos JSON preparados para envío
2025-05-31 01:56:17,741 [INFO] Lectura BMP390
2025-05-31 01:56:17,918 [INFO] Lectura LTR390
2025-05-31 01:56:17,921 [INFO] Lectura desde ESP32-S3 por serial
2025-05-31 01:56:21,288 [INFO] Lectura datos climáticos NASA
2025-05-31 01:56:21,292 [INFO] Datos JSON preparados para envío
2025-05-31 01:56:22,344 [INFO] Lectura BMP390
2025-05-31 01:56:22,524 [INFO] Lectura LTR390
2025-05-31 01:56:22,530 [INFO] Lectura desde ESP32-S3 por serial
2025-05-31 01:56:26,217 [INFO] Lectura datos climáticos NASA
2025-05-31 01:56:26,220 [INFO] Datos JSON preparados para envío
2025-05-31 01:56:27,270 [INFO] Lectura BMP390
2025-05-31 01:56:27,450 [INFO] Lectura LTR390
2025-05-31 01:56:27,456 [INFO] Lectura desde ESP32-S3 por serial
2025-05-31 01:56:32,851 [INFO] Lectura datos climáticos NASA
2025-05-31 01:56:32,854 [INFO] Datos JSON preparados para envío
2025-05-31 01:56:33,907 [INFO] Lectura BMP390
2025-05-31 01:56:34,089 [INFO] Lectura LTR390
2025-05-31 01:56:34,097 [INFO] Lectura desde ESP32-S3 por serial
2025-05-31 01:56:37,704 [INFO] Lectura datos climáticos NASA
2025-05-31 01:56:37,707 [INFO] Datos JSON preparados para envío
2025-05-31 01:56:38,760 [INFO] Lectura BMP390
2025-05-31 01:56:38,941 [INFO] Lectura LTR390
2025-05-31 01:56:38,947 [INFO] Lectura desde ESP32-S3 por serial
2025-05-31 01:56:43,525 [INFO] Lectura datos climáticos NASA
2025-05-31 01:56:43,529 [INFO] Datos JSON preparados para envío
2025-05-31 01:56:44,582 [INFO] Lectura BMP390
2025-05-31 01:56:44,766 [INFO] Lectura LTR390
2025-05-31 01:56:44,772 [INFO] Lectura desde ESP32-S3 por serial
2025-05-31 01:56:49,119 [INFO] Lectura datos climáticos NASA
2025-05-31 01:56:49,123 [INFO] Datos JSON preparados para envío
2025-05-31 01:56:50,177 [INFO] Lectura BMP390
2025-05-31 01:56:50,357 [INFO] Lectura LTR390
2025-05-31 01:56:50,364 [INFO] Lectura desde ESP32-S3 por serial
2025-05-31 01:56:53,897 [INFO] Lectura datos climáticos NASA
2025-05-31 01:56:53,899 [INFO] Datos JSON preparados para envío
2025-05-31 01:56:54,951 [INFO] Lectura BMP390
2025-05-31 01:56:55,132 [INFO] Lectura LTR390
2025-05-31 01:56:55,140 [INFO] Lectura desde ESP32-S3 por serial
2025-05-31 01:56:58,972 [INFO] Lectura datos climáticos NASA
2025-05-31 01:56:58,975 [INFO] Datos JSON preparados para envío
2025-05-31 01:57:00,028 [INFO] Lectura BMP390
2025-05-31 01:57:00,208 [INFO] Lectura LTR390
2025-05-31 01:57:00,214 [INFO] Lectura desde ESP32-S3 por serial
2025-05-31 01:57:04,502 [INFO] Lectura datos climáticos NASA
2025-05-31 01:57:04,505 [INFO] Datos JSON preparados para envío
2025-05-31 01:57:05,555 [INFO] Lectura BMP390
2025-05-31 01:57:05,736 [INFO] Lectura LTR390
2025-05-31 01:57:05,740 [INFO] Lectura desde ESP32-S3 por serial
2025-05-31 01:57:09,290 [INFO] Lectura datos climáticos NASA
2025-05-31 01:57:09,293 [INFO] Datos JSON preparados para envío
2025-05-31 01:57:10,346 [INFO] Lectura BMP390
2025-05-31 01:57:10,529 [INFO] Lectura LTR390
2025-05-31 01:57:10,536 [INFO] Lectura desde ESP32-S3 por serial
2025-05-31 01:57:14,443 [INFO] Lectura datos climáticos NASA
2025-05-31 01:57:14,445 [INFO] Datos JSON preparados para envío
2025-05-31 01:57:15,498 [INFO] Lectura BMP390
2025-05-31 01:57:15,678 [INFO] Lectura LTR390
2025-05-31 01:57:15,681 [INFO] Lectura desde ESP32-S3 por serial
2025-05-31 01:57:19,257 [INFO] Lectura datos climáticos NASA
2025-05-31 01:57:19,260 [INFO] Datos JSON preparados para envío
2025-05-31 01:57:20,312 [INFO] Lectura BMP390
2025-05-31 01:57:20,493 [INFO] Lectura LTR390
2025-05-31 01:57:20,499 [INFO] Lectura desde ESP32-S3 por serial
2025-05-31 01:57:24,183 [INFO] Lectura datos climáticos NASA
2025-05-31 01:57:24,186 [INFO] Datos JSON preparados para envío
2025-05-31 01:57:25,244 [INFO] Lectura BMP390
2025-05-31 01:57:25,444 [INFO] Lectura LTR390
2025-05-31 01:57:25,450 [INFO] Lectura desde ESP32-S3 por serial
2025-05-31 01:57:29,579 [INFO] Lectura datos climáticos NASA
2025-05-31 01:57:29,581 [INFO] Datos JSON preparados para envío
2025-05-31 01:57:30,632 [INFO] Lectura BMP390
2025-05-31 01:57:30,811 [INFO] Lectura LTR390
2025-05-31 01:57:30,814 [INFO] Lectura desde ESP32-S3 por serial
2025-05-31 01:57:35,014 [INFO] Lectura datos climáticos NASA
2025-05-31 01:57:35,023 [INFO] Datos JSON preparados para envío
2025-05-31 01:57:36,080 [INFO] Lectura BMP390
2025-05-31 01:57:36,261 [INFO] Lectura LTR390
2025-05-31 01:57:36,264 [INFO] Lectura desde ESP32-S3 por serial
2025-05-31 01:57:39,628 [INFO] Lectura datos climáticos NASA
2025-05-31 01:57:39,632 [INFO] Datos JSON preparados para envío
2025-05-31 01:57:40,684 [INFO] Lectura BMP390
2025-05-31 01:57:40,872 [INFO] Lectura LTR390
2025-05-31 01:57:40,878 [INFO] Lectura desde ESP32-S3 por serial
2025-05-31 01:57:44,753 [INFO] Lectura datos climáticos NASA
2025-05-31 01:57:44,755 [INFO] Datos JSON preparados para envío
2025-05-31 01:57:45,810 [INFO] Lectura BMP390
2025-05-31 01:57:45,992 [INFO] Lectura LTR390
2025-05-31 01:57:46,001 [INFO] Lectura desde ESP32-S3 por serial
2025-05-31 01:57:49,671 [INFO] Lectura datos climáticos NASA
2025-05-31 01:57:49,674 [INFO] Datos JSON preparados para envío
2025-05-31 01:57:50,727 [INFO] Lectura BMP390
2025-05-31 01:57:50,906 [INFO] Lectura LTR390
2025-05-31 01:57:50,913 [INFO] Lectura desde ESP32-S3 por serial
2025-05-31 01:57:55,609 [INFO] Lectura datos climáticos NASA
2025-05-31 01:57:55,612 [INFO] Datos JSON preparados para envío
2025-05-31 01:57:56,665 [INFO] Lectura BMP390
2025-05-31 01:57:56,847 [INFO] Lectura LTR390
2025-05-31 01:57:56,853 [INFO] Lectura desde ESP32-S3 por serial
2025-05-31 01:58:00,715 [INFO] Lectura datos climáticos NASA
2025-05-31 01:58:00,718 [INFO] Datos JSON preparados para envío
2025-05-31 01:58:01,770 [INFO] Lectura BMP390
2025-05-31 01:58:01,954 [INFO] Lectura LTR390
2025-05-31 01:58:01,959 [INFO] Lectura desde ESP32-S3 por serial
2025-05-31 01:58:06,189 [INFO] Lectura datos climáticos NASA
2025-05-31 01:58:06,191 [INFO] Datos JSON preparados para envío
2025-05-31 01:58:07,241 [INFO] Lectura BMP390
2025-05-31 01:58:07,424 [INFO] Lectura LTR390
2025-05-31 01:58:07,427 [INFO] Lectura desde ESP32-S3 por serial
2025-05-31 01:58:10,881 [INFO] Lectura datos climáticos NASA
2025-05-31 01:58:10,884 [INFO] Datos JSON preparados para envío
2025-05-31 01:58:11,938 [INFO] Lectura BMP390
2025-05-31 01:58:12,122 [INFO] Lectura LTR390
2025-05-31 01:58:12,128 [INFO] Lectura desde ESP32-S3 por serial
2025-05-31 01:58:15,652 [INFO] Lectura datos climáticos NASA
2025-05-31 01:58:15,653 [INFO] Datos JSON preparados para envío
2025-05-31 01:58:16,709 [INFO] Lectura BMP390
2025-05-31 01:58:16,887 [INFO] Lectura LTR390
2025-05-31 01:58:16,890 [INFO] Lectura desde ESP32-S3 por serial
2025-05-31 01:58:21,140 [INFO] Lectura datos climáticos NASA
2025-05-31 01:58:21,143 [INFO] Datos JSON preparados para envío
2025-05-31 01:58:22,198 [INFO] Lectura BMP390
2025-05-31 01:58:22,380 [INFO] Lectura LTR390
2025-05-31 01:58:22,385 [INFO] Lectura desde ESP32-S3 por serial
2025-05-31 01:58:26,241 [INFO] Lectura datos climáticos NASA
2025-05-31 01:58:26,245 [INFO] Datos JSON preparados para envío
2025-05-31 01:58:27,298 [INFO] Lectura BMP390
2025-05-31 01:58:27,478 [INFO] Lectura LTR390
2025-05-31 01:58:27,485 [INFO] Lectura desde ESP32-S3 por serial
2025-05-31 01:58:30,860 [INFO] Lectura datos climáticos NASA
2025-05-31 01:58:30,862 [INFO] Datos JSON preparados para envío
2025-05-31 01:58:31,915 [INFO] Lectura BMP390
2025-05-31 01:58:32,097 [INFO] Lectura LTR390
2025-05-31 01:58:32,105 [INFO] Lectura desde ESP32-S3 por serial
2025-05-31 01:58:36,380 [INFO] Lectura datos climáticos NASA
2025-05-31 01:58:36,382 [INFO] Datos JSON preparados para envío
2025-05-31 01:58:37,438 [INFO] Lectura BMP390
2025-05-31 01:58:37,622 [INFO] Lectura LTR390
2025-05-31 01:58:37,627 [INFO] Lectura desde ESP32-S3 por serial
2025-05-31 01:58:41,759 [INFO] Lectura datos climáticos NASA
2025-05-31 01:58:41,762 [INFO] Datos JSON preparados para envío
2025-05-31 01:58:42,815 [INFO] Lectura BMP390
2025-05-31 01:58:42,995 [INFO] Lectura LTR390
2025-05-31 01:58:43,000 [INFO] Lectura desde ESP32-S3 por serial
2025-05-31 01:58:46,565 [INFO] Lectura datos climáticos NASA
2025-05-31 01:58:46,568 [INFO] Datos JSON preparados para envío
2025-05-31 01:58:47,622 [INFO] Lectura BMP390
2025-05-31 01:58:47,803 [INFO] Lectura LTR390
2025-05-31 01:58:47,806 [INFO] Lectura desde ESP32-S3 por serial
2025-05-31 01:58:52,560 [INFO] Lectura datos climáticos NASA
2025-05-31 01:58:52,562 [INFO] Datos JSON preparados para envío
2025-05-31 01:58:53,613 [INFO] Lectura BMP390
2025-05-31 01:58:53,793 [INFO] Lectura LTR390
2025-05-31 01:58:53,799 [INFO] Lectura desde ESP32-S3 por serial
2025-05-31 01:58:57,992 [INFO] Lectura datos climáticos NASA
2025-05-31 01:58:57,995 [INFO] Datos JSON preparados para envío
2025-05-31 01:58:59,048 [INFO] Lectura BMP390
2025-05-31 01:58:59,228 [INFO] Lectura LTR390
2025-05-31 01:58:59,234 [INFO] Lectura desde ESP32-S3 por serial
2025-05-31 01:59:02,902 [INFO] Lectura datos climáticos NASA
2025-05-31 01:59:02,904 [INFO] Datos JSON preparados para envío
2025-05-31 01:59:03,962 [INFO] Lectura BMP390
2025-05-31 01:59:04,145 [INFO] Lectura LTR390
2025-05-31 01:59:04,151 [INFO] Lectura desde ESP32-S3 por serial
2025-05-31 01:59:07,921 [INFO] Lectura datos climáticos NASA
2025-05-31 01:59:07,923 [INFO] Datos JSON preparados para envío
2025-05-31 01:59:08,973 [INFO] Lectura BMP390
2025-05-31 01:59:09,154 [INFO] Lectura LTR390
2025-05-31 01:59:09,160 [INFO] Lectura desde ESP32-S3 por serial
2025-05-31 01:59:12,760 [INFO] Lectura datos climáticos NASA
2025-05-31 01:59:12,763 [INFO] Datos JSON preparados para envío
2025-05-31 01:59:13,815 [INFO] Lectura BMP390
2025-05-31 01:59:13,997 [INFO] Lectura LTR390
2025-05-31 01:59:14,004 [INFO] Lectura desde ESP32-S3 por serial
2025-05-31 01:59:23,961 [INFO] Lectura datos climáticos NASA
2025-05-31 01:59:23,964 [INFO] Datos JSON preparados para envío
2025-05-31 01:59:25,016 [INFO] Lectura BMP390
2025-05-31 01:59:25,197 [INFO] Lectura LTR390
2025-05-31 01:59:25,202 [INFO] Lectura desde ESP32-S3 por serial
2025-05-31 01:59:33,840 [INFO] Lectura datos climáticos NASA
2025-05-31 01:59:33,843 [INFO] Datos JSON preparados para envío
2025-05-31 01:59:34,895 [INFO] Lectura BMP390
2025-05-31 01:59:35,076 [INFO] Lectura LTR390
2025-05-31 01:59:35,083 [INFO] Lectura desde ESP32-S3 por serial
2025-05-31 01:59:39,160 [INFO] Lectura datos climáticos NASA
2025-05-31 01:59:39,163 [INFO] Datos JSON preparados para envío
2025-05-31 01:59:40,213 [INFO] Lectura BMP390
2025-05-31 01:59:40,390 [INFO] Lectura LTR390
2025-05-31 01:59:40,393 [INFO] Lectura desde ESP32-S3 por serial
2025-05-31 01:59:44,016 [INFO] Lectura datos climáticos NASA
2025-05-31 01:59:44,018 [INFO] Datos JSON preparados para envío
2025-05-31 01:59:45,073 [INFO] Lectura BMP390
2025-05-31 01:59:45,258 [INFO] Lectura LTR390
2025-05-31 01:59:45,264 [INFO] Lectura desde ESP32-S3 por serial
2025-05-31 01:59:48,706 [INFO] Lectura datos climáticos NASA
2025-05-31 01:59:48,708 [INFO] Datos JSON preparados para envío
2025-05-31 01:59:49,760 [INFO] Lectura BMP390
2025-05-31 01:59:49,942 [INFO] Lectura LTR390
2025-05-31 01:59:49,948 [INFO] Lectura desde ESP32-S3 por serial
2025-05-31 01:59:53,590 [INFO] Lectura datos climáticos NASA
2025-05-31 01:59:53,593 [INFO] Datos JSON preparados para envío
2025-05-31 01:59:54,645 [INFO] Lectura BMP390
2025-05-31 01:59:54,826 [INFO] Lectura LTR390
2025-05-31 01:59:54,832 [INFO] Lectura desde ESP32-S3 por serial
2025-05-31 01:59:58,400 [INFO] Lectura datos climáticos NASA
2025-05-31 01:59:58,402 [INFO] Datos JSON preparados para envío
2025-05-31 01:59:59,456 [INFO] Lectura BMP390
2025-05-31 01:59:59,636 [INFO] Lectura LTR390
2025-05-31 01:59:59,642 [INFO] Lectura desde ESP32-S3 por serial
2025-05-31 02:00:03,602 [INFO] Lectura datos climáticos NASA
2025-05-31 02:00:03,607 [INFO] Datos JSON preparados para envío
2025-05-31 02:00:04,666 [INFO] Lectura BMP390
2025-05-31 02:00:04,846 [INFO] Lectura LTR390
2025-05-31 02:00:04,852 [INFO] Lectura desde ESP32-S3 por serial
2025-05-31 02:00:08,867 [INFO] Lectura datos climáticos NASA
2025-05-31 02:00:08,869 [INFO] Datos JSON preparados para envío
2025-05-31 02:00:09,924 [INFO] Lectura BMP390
2025-05-31 02:00:10,104 [INFO] Lectura LTR390
2025-05-31 02:00:10,110 [INFO] Lectura desde ESP32-S3 por serial
2025-05-31 02:00:14,774 [INFO] Lectura datos climáticos NASA
2025-05-31 02:00:14,778 [INFO] Datos JSON preparados para envío
2025-05-31 02:00:15,830 [INFO] Lectura BMP390
2025-05-31 02:00:16,010 [INFO] Lectura LTR390
2025-05-31 02:00:16,013 [INFO] Lectura desde ESP32-S3 por serial
2025-05-31 02:00:19,977 [INFO] Lectura datos climáticos NASA
2025-05-31 02:00:19,979 [INFO] Datos JSON preparados para envío
2025-05-31 02:00:21,028 [INFO] Lectura BMP390
2025-05-31 02:00:21,207 [INFO] Lectura LTR390
2025-05-31 02:00:21,212 [INFO] Lectura desde ESP32-S3 por serial
2025-05-31 02:00:25,463 [INFO] Lectura datos climáticos NASA
2025-05-31 02:00:25,472 [INFO] Datos JSON preparados para envío
2025-05-31 02:00:26,523 [INFO] Lectura BMP390
2025-05-31 02:00:26,707 [INFO] Lectura LTR390
2025-05-31 02:00:26,714 [INFO] Lectura desde ESP32-S3 por serial
2025-05-31 02:00:30,685 [INFO] Lectura datos climáticos NASA
2025-05-31 02:00:30,692 [INFO] Datos JSON preparados para envío
2025-05-31 02:00:31,743 [INFO] Lectura BMP390
2025-05-31 02:00:31,922 [INFO] Lectura LTR390
2025-05-31 02:00:31,925 [INFO] Lectura desde ESP32-S3 por serial
2025-05-31 02:00:36,045 [INFO] Lectura datos climáticos NASA
2025-05-31 02:00:36,048 [INFO] Datos JSON preparados para envío
2025-05-31 02:00:37,102 [INFO] Lectura BMP390
2025-05-31 02:00:37,284 [INFO] Lectura LTR390
2025-05-31 02:00:37,290 [INFO] Lectura desde ESP32-S3 por serial
2025-05-31 02:00:41,470 [INFO] Lectura datos climáticos NASA
2025-05-31 02:00:41,473 [INFO] Datos JSON preparados para envío
2025-05-31 02:00:42,526 [INFO] Lectura BMP390
2025-05-31 02:00:42,706 [INFO] Lectura LTR390
2025-05-31 02:00:42,711 [INFO] Lectura desde ESP32-S3 por serial
2025-05-31 02:00:46,485 [INFO] Lectura datos climáticos NASA
2025-05-31 02:00:46,488 [INFO] Datos JSON preparados para envío
2025-05-31 02:00:47,541 [INFO] Lectura BMP390
2025-05-31 02:00:47,721 [INFO] Lectura LTR390
2025-05-31 02:00:47,727 [INFO] Lectura desde ESP32-S3 por serial
2025-05-31 02:00:52,217 [INFO] Lectura datos climáticos NASA
2025-05-31 02:00:52,220 [INFO] Datos JSON preparados para envío
2025-05-31 02:00:53,273 [INFO] Lectura BMP390
2025-05-31 02:00:53,452 [INFO] Lectura LTR390
2025-05-31 02:00:53,458 [INFO] Lectura desde ESP32-S3 por serial
2025-05-31 02:00:57,131 [INFO] Lectura datos climáticos NASA
2025-05-31 02:00:57,133 [INFO] Datos JSON preparados para envío
2025-05-31 02:00:58,186 [INFO] Lectura BMP390
2025-05-31 02:00:58,366 [INFO] Lectura LTR390
2025-05-31 02:00:58,372 [INFO] Lectura desde ESP32-S3 por serial
2025-05-31 02:01:02,043 [INFO] Lectura datos climáticos NASA
2025-05-31 02:01:02,047 [INFO] Datos JSON preparados para envío
2025-05-31 02:01:03,099 [INFO] Lectura BMP390
2025-05-31 02:01:03,279 [INFO] Lectura LTR390
2025-05-31 02:01:03,284 [INFO] Lectura desde ESP32-S3 por serial
2025-05-31 02:01:07,264 [INFO] Lectura datos climáticos NASA
2025-05-31 02:01:07,266 [INFO] Datos JSON preparados para envío
2025-05-31 02:01:08,317 [INFO] Lectura BMP390
2025-05-31 02:01:08,495 [INFO] Lectura LTR390
2025-05-31 02:01:08,499 [INFO] Lectura desde ESP32-S3 por serial
2025-05-31 02:01:12,471 [INFO] Lectura datos climáticos NASA
2025-05-31 02:01:12,474 [INFO] Datos JSON preparados para envío
2025-05-31 02:01:13,527 [INFO] Lectura BMP390
2025-05-31 02:01:13,707 [INFO] Lectura LTR390
2025-05-31 02:01:13,713 [INFO] Lectura desde ESP32-S3 por serial
2025-05-31 02:01:14,664 [INFO] 192.168.95.147 - - [31/May/2025 02:01:14] "GET /datos HTTP/1.1" 200 -
2025-05-31 02:01:18,064 [INFO] Lectura datos climáticos NASA
2025-05-31 02:01:18,066 [INFO] Datos JSON preparados para envío
2025-05-31 02:01:19,119 [INFO] Lectura BMP390
2025-05-31 02:01:19,297 [INFO] Lectura LTR390
2025-05-31 02:01:19,300 [INFO] Lectura desde ESP32-S3 por serial
2025-05-31 02:01:23,015 [INFO] Lectura datos climáticos NASA
2025-05-31 02:01:23,016 [INFO] Datos JSON preparados para envío
2025-05-31 02:01:24,067 [INFO] Lectura BMP390
2025-05-31 02:01:24,246 [INFO] Lectura LTR390
2025-05-31 02:01:24,251 [INFO] Lectura desde ESP32-S3 por serial
2025-05-31 02:01:24,987 [INFO] 192.168.95.147 - - [31/May/2025 02:01:24] "GET /datos HTTP/1.1" 200 -
2025-05-31 02:01:25,621 [INFO] 192.168.95.147 - - [31/May/2025 02:01:25] "GET /datos HTTP/1.1" 200 -
2025-05-31 02:01:26,067 [INFO] 192.168.95.147 - - [31/May/2025 02:01:26] "GET /datos HTTP/1.1" 200 -
2025-05-31 02:01:26,349 [INFO] 192.168.95.147 - - [31/May/2025 02:01:26] "GET /datos HTTP/1.1" 200 -
2025-05-31 02:01:26,574 [INFO] 192.168.95.147 - - [31/May/2025 02:01:26] "GET /datos HTTP/1.1" 200 -
2025-05-31 02:01:26,750 [INFO] 192.168.95.147 - - [31/May/2025 02:01:26] "GET /datos HTTP/1.1" 200 -
2025-05-31 02:01:26,917 [INFO] 192.168.95.147 - - [31/May/2025 02:01:26] "GET /datos HTTP/1.1" 200 -
2025-05-31 02:01:27,077 [INFO] 192.168.95.147 - - [31/May/2025 02:01:27] "GET /datos HTTP/1.1" 200 -
2025-05-31 02:01:27,230 [INFO] 192.168.95.147 - - [31/May/2025 02:01:27] "GET /datos HTTP/1.1" 200 -
2025-05-31 02:01:27,383 [INFO] 192.168.95.147 - - [31/May/2025 02:01:27] "GET /datos HTTP/1.1" 200 -
2025-05-31 02:01:27,528 [INFO] 192.168.95.147 - - [31/May/2025 02:01:27] "GET /datos HTTP/1.1" 200 -
2025-05-31 02:01:27,681 [INFO] 192.168.95.147 - - [31/May/2025 02:01:27] "GET /datos HTTP/1.1" 200 -
2025-05-31 02:01:27,847 [INFO] 192.168.95.147 - - [31/May/2025 02:01:27] "GET /datos HTTP/1.1" 200 -
2025-05-31 02:01:28,028 [INFO] 192.168.95.147 - - [31/May/2025 02:01:28] "GET /datos HTTP/1.1" 200 -
2025-05-31 02:01:28,175 [INFO] 192.168.95.147 - - [31/May/2025 02:01:28] "GET /datos HTTP/1.1" 200 -
2025-05-31 02:01:28,348 [INFO] 192.168.95.147 - - [31/May/2025 02:01:28] "GET /datos HTTP/1.1" 200 -
2025-05-31 02:01:28,361 [INFO] Lectura datos climáticos NASA
2025-05-31 02:01:28,364 [INFO] Datos JSON preparados para envío
2025-05-31 02:01:28,523 [INFO] 192.168.95.147 - - [31/May/2025 02:01:28] "GET /datos HTTP/1.1" 200 -
2025-05-31 02:01:29,419 [INFO] Lectura BMP390
2025-05-31 02:01:29,558 [INFO] 192.168.95.147 - - [31/May/2025 02:01:29] "GET /datos HTTP/1.1" 200 -
2025-05-31 02:01:29,600 [INFO] Lectura LTR390
2025-05-31 02:01:29,606 [INFO] Lectura desde ESP32-S3 por serial
2025-05-31 02:01:29,719 [INFO] 192.168.95.147 - - [31/May/2025 02:01:29] "GET /datos HTTP/1.1" 200 -
2025-05-31 02:01:29,908 [INFO] 192.168.95.147 - - [31/May/2025 02:01:29] "GET /datos HTTP/1.1" 200 -
2025-05-31 02:01:30,085 [INFO] 192.168.95.147 - - [31/May/2025 02:01:30] "GET /datos HTTP/1.1" 200 -
2025-05-31 02:01:30,303 [INFO] 192.168.95.147 - - [31/May/2025 02:01:30] "GET /datos HTTP/1.1" 200 -
2025-05-31 02:01:30,531 [INFO] 192.168.95.147 - - [31/May/2025 02:01:30] "GET /datos HTTP/1.1" 200 -
2025-05-31 02:01:30,779 [INFO] 192.168.95.147 - - [31/May/2025 02:01:30] "GET /datos HTTP/1.1" 200 -
2025-05-31 02:01:30,998 [INFO] 192.168.95.147 - - [31/May/2025 02:01:30] "GET /datos HTTP/1.1" 200 -
2025-05-31 02:01:31,197 [INFO] 192.168.95.147 - - [31/May/2025 02:01:31] "GET /datos HTTP/1.1" 200 -
2025-05-31 02:01:31,363 [INFO] 192.168.95.147 - - [31/May/2025 02:01:31] "GET /datos HTTP/1.1" 200 -
2025-05-31 02:01:31,534 [INFO] 192.168.95.147 - - [31/May/2025 02:01:31] "GET /datos HTTP/1.1" 200 -
2025-05-31 02:01:31,708 [INFO] 192.168.95.147 - - [31/May/2025 02:01:31] "GET /datos HTTP/1.1" 200 -
2025-05-31 02:01:31,868 [INFO] 192.168.95.147 - - [31/May/2025 02:01:31] "GET /datos HTTP/1.1" 200 -
2025-05-31 02:01:32,037 [INFO] 192.168.95.147 - - [31/May/2025 02:01:32] "GET /datos HTTP/1.1" 200 -
2025-05-31 02:01:32,195 [INFO] 192.168.95.147 - - [31/May/2025 02:01:32] "GET /datos HTTP/1.1" 200 -
2025-05-31 02:01:32,549 [INFO] 192.168.95.147 - - [31/May/2025 02:01:32] "GET /datos HTTP/1.1" 200 -
2025-05-31 02:01:32,776 [INFO] 192.168.95.147 - - [31/May/2025 02:01:32] "GET /datos HTTP/1.1" 200 -
2025-05-31 02:01:32,962 [INFO] 192.168.95.147 - - [31/May/2025 02:01:32] "GET /datos HTTP/1.1" 200 -
2025-05-31 02:01:33,177 [INFO] 192.168.95.147 - - [31/May/2025 02:01:33] "GET /datos HTTP/1.1" 200 -
2025-05-31 02:01:33,307 [INFO] 192.168.95.147 - - [31/May/2025 02:01:33] "GET /datos HTTP/1.1" 200 -
2025-05-31 02:01:33,802 [INFO] 192.168.95.147 - - [31/May/2025 02:01:33] "GET /datos HTTP/1.1" 200 -
2025-05-31 02:01:33,859 [INFO] Lectura datos climáticos NASA
2025-05-31 02:01:33,860 [INFO] Datos JSON preparados para envío
2025-05-31 02:01:34,033 [INFO] 192.168.95.147 - - [31/May/2025 02:01:34] "GET /datos HTTP/1.1" 200 -
2025-05-31 02:01:34,414 [INFO] 192.168.95.147 - - [31/May/2025 02:01:34] "GET /datos HTTP/1.1" 200 -
2025-05-31 02:01:34,641 [INFO] 192.168.95.147 - - [31/May/2025 02:01:34] "GET /datos HTTP/1.1" 200 -
2025-05-31 02:01:34,828 [INFO] 192.168.95.147 - - [31/May/2025 02:01:34] "GET /datos HTTP/1.1" 200 -
2025-05-31 02:01:34,912 [INFO] Lectura BMP390
2025-05-31 02:01:34,999 [INFO] 192.168.95.147 - - [31/May/2025 02:01:34] "GET /datos HTTP/1.1" 200 -
2025-05-31 02:01:35,095 [INFO] Lectura LTR390
2025-05-31 02:01:35,101 [INFO] Lectura desde ESP32-S3 por serial
2025-05-31 02:01:35,165 [INFO] 192.168.95.147 - - [31/May/2025 02:01:35] "GET /datos HTTP/1.1" 200 -
2025-05-31 02:01:35,321 [INFO] 192.168.95.147 - - [31/May/2025 02:01:35] "GET /datos HTTP/1.1" 200 -
2025-05-31 02:01:38,892 [INFO] Lectura datos climáticos NASA
2025-05-31 02:01:38,894 [INFO] Datos JSON preparados para envío
2025-05-31 02:01:39,948 [INFO] Lectura BMP390
2025-05-31 02:01:40,132 [INFO] Lectura LTR390
2025-05-31 02:01:40,133 [WARNING] Lectura serial fallida o formato incorrecto
2025-05-31 02:01:44,422 [INFO] Lectura datos climáticos NASA
2025-05-31 02:01:44,425 [INFO] Datos JSON preparados para envío
2025-05-31 02:01:44,953 [INFO] 192.168.95.147 - - [31/May/2025 02:01:44] "GET /datos HTTP/1.1" 200 -
2025-05-31 02:01:45,477 [INFO] Lectura BMP390
2025-05-31 02:01:45,653 [INFO] Lectura LTR390
2025-05-31 02:01:45,654 [WARNING] Lectura serial fallida o formato incorrecto
2025-05-31 02:01:49,339 [INFO] Lectura datos climáticos NASA
2025-05-31 02:01:49,342 [INFO] Datos JSON preparados para envío
2025-05-31 02:01:50,394 [INFO] Lectura BMP390
2025-05-31 02:01:50,574 [INFO] Lectura LTR390
2025-05-31 02:01:50,575 [WARNING] Lectura serial fallida o formato incorrecto
2025-05-31 02:01:54,561 [INFO] Lectura datos climáticos NASA
2025-05-31 02:01:54,564 [INFO] Datos JSON preparados para envío
2025-05-31 02:01:55,618 [INFO] Lectura BMP390
2025-05-31 02:01:55,800 [INFO] Lectura LTR390
2025-05-31 02:01:55,801 [WARNING] Lectura serial fallida o formato incorrecto
2025-05-31 02:01:57,747 [INFO] 192.168.95.147 - - [31/May/2025 02:01:57] "GET /datos HTTP/1.1" 200 -
2025-05-31 02:01:58,266 [INFO] 192.168.95.147 - - [31/May/2025 02:01:58] "GET /datos HTTP/1.1" 200 -
2025-05-31 02:01:58,613 [INFO] 192.168.95.147 - - [31/May/2025 02:01:58] "GET /datos HTTP/1.1" 200 -
2025-05-31 02:01:58,947 [INFO] 192.168.95.147 - - [31/May/2025 02:01:58] "GET /datos HTTP/1.1" 200 -
2025-05-31 02:01:59,179 [INFO] Lectura datos climáticos NASA
2025-05-31 02:01:59,182 [INFO] Datos JSON preparados para envío
2025-05-31 02:01:59,200 [INFO] 192.168.95.147 - - [31/May/2025 02:01:59] "GET /datos HTTP/1.1" 200 -
2025-05-31 02:01:59,370 [INFO] 192.168.95.147 - - [31/May/2025 02:01:59] "GET /datos HTTP/1.1" 200 -
2025-05-31 02:01:59,524 [INFO] 192.168.95.147 - - [31/May/2025 02:01:59] "GET /datos HTTP/1.1" 200 -
2025-05-31 02:01:59,715 [INFO] 192.168.95.147 - - [31/May/2025 02:01:59] "GET /datos HTTP/1.1" 200 -
2025-05-31 02:01:59,878 [INFO] 192.168.95.147 - - [31/May/2025 02:01:59] "GET /datos HTTP/1.1" 200 -
2025-05-31 02:02:00,021 [INFO] 192.168.95.147 - - [31/May/2025 02:02:00] "GET /datos HTTP/1.1" 200 -
2025-05-31 02:02:00,123 [INFO] 192.168.95.147 - - [31/May/2025 02:02:00] "GET /datos HTTP/1.1" 200 -
2025-05-31 02:02:00,234 [INFO] Lectura BMP390
2025-05-31 02:02:00,249 [INFO] 192.168.95.147 - - [31/May/2025 02:02:00] "GET /datos HTTP/1.1" 200 -
2025-05-31 02:02:00,368 [INFO] 192.168.95.147 - - [31/May/2025 02:02:00] "GET /datos HTTP/1.1" 200 -
2025-05-31 02:02:00,418 [INFO] Lectura LTR390
2025-05-31 02:02:00,419 [WARNING] Lectura serial fallida o formato incorrecto
2025-05-31 02:02:00,525 [INFO] 192.168.95.147 - - [31/May/2025 02:02:00] "GET /datos HTTP/1.1" 200 -
2025-05-31 02:02:00,860 [INFO] 192.168.95.147 - - [31/May/2025 02:02:00] "GET /datos HTTP/1.1" 200 -
2025-05-31 02:02:03,783 [INFO] 192.168.95.147 - - [31/May/2025 02:02:03] "GET /datos HTTP/1.1" 200 -
2025-05-31 02:02:04,008 [INFO] 192.168.95.147 - - [31/May/2025 02:02:04] "GET /datos HTTP/1.1" 200 -
2025-05-31 02:02:04,062 [INFO] Lectura datos climáticos NASA
2025-05-31 02:02:04,065 [INFO] Datos JSON preparados para envío
2025-05-31 02:02:04,135 [INFO] 192.168.95.147 - - [31/May/2025 02:02:04] "GET /datos HTTP/1.1" 200 -
2025-05-31 02:02:04,249 [INFO] 192.168.95.147 - - [31/May/2025 02:02:04] "GET /datos HTTP/1.1" 200 -
2025-05-31 02:02:04,395 [INFO] 192.168.95.147 - - [31/May/2025 02:02:04] "GET /datos HTTP/1.1" 200 -
2025-05-31 02:02:04,524 [INFO] 192.168.95.147 - - [31/May/2025 02:02:04] "GET /datos HTTP/1.1" 200 -
2025-05-31 02:02:04,644 [INFO] 192.168.95.147 - - [31/May/2025 02:02:04] "GET /datos HTTP/1.1" 200 -
2025-05-31 02:02:05,117 [INFO] Lectura BMP390
2025-05-31 02:02:05,297 [INFO] Lectura LTR390
2025-05-31 02:02:05,298 [WARNING] Lectura serial fallida o formato incorrecto
2025-05-31 02:02:07,499 [INFO] 192.168.95.147 - - [31/May/2025 02:02:07] "GET /datos HTTP/1.1" 200 -
2025-05-31 02:02:07,653 [INFO] 192.168.95.147 - - [31/May/2025 02:02:07] "GET /datos HTTP/1.1" 200 -
2025-05-31 02:02:07,785 [INFO] 192.168.95.147 - - [31/May/2025 02:02:07] "GET /datos HTTP/1.1" 200 -
2025-05-31 02:02:07,923 [INFO] 192.168.95.147 - - [31/May/2025 02:02:07] "GET /datos HTTP/1.1" 200 -
2025-05-31 02:02:08,753 [INFO] Lectura datos climáticos NASA
2025-05-31 02:02:08,756 [INFO] Datos JSON preparados para envío
2025-05-31 02:02:09,808 [INFO] Lectura BMP390
2025-05-31 02:02:09,984 [INFO] Lectura LTR390
2025-05-31 02:02:09,985 [WARNING] Lectura serial fallida o formato incorrecto
2025-05-31 02:02:14,607 [INFO] Lectura datos climáticos NASA
2025-05-31 02:02:14,610 [INFO] Datos JSON preparados para envío
2025-05-31 02:02:15,662 [INFO] Lectura BMP390
2025-05-31 02:02:15,841 [INFO] Lectura LTR390
2025-05-31 02:02:15,842 [WARNING] Lectura serial fallida o formato incorrecto
2025-05-31 02:02:19,744 [INFO] Lectura datos climáticos NASA
2025-05-31 02:02:19,746 [INFO] Datos JSON preparados para envío
2025-05-31 02:02:20,091 [INFO] 192.168.95.147 - - [31/May/2025 02:02:20] "GET /datos HTTP/1.1" 200 -
2025-05-31 02:02:20,798 [INFO] Lectura BMP390
2025-05-31 02:02:20,983 [INFO] Lectura LTR390
2025-05-31 02:02:20,984 [WARNING] Lectura serial fallida o formato incorrecto
2025-05-31 02:02:22,307 [INFO] 192.168.95.147 - - [31/May/2025 02:02:22] "GET /datos HTTP/1.1" 200 -
2025-05-31 02:02:22,538 [INFO] 192.168.95.147 - - [31/May/2025 02:02:22] "GET /datos HTTP/1.1" 200 -
2025-05-31 02:02:23,496 [INFO] 192.168.95.147 - - [31/May/2025 02:02:23] "GET /datos HTTP/1.1" 200 -
2025-05-31 02:02:24,451 [INFO] Lectura datos climáticos NASA
2025-05-31 02:02:24,455 [INFO] Datos JSON preparados para envío
2025-05-31 02:02:25,508 [INFO] Lectura BMP390
2025-05-31 02:02:25,687 [INFO] Lectura LTR390
2025-05-31 02:02:25,688 [WARNING] Lectura serial fallida o formato incorrecto
2025-05-31 02:02:30,413 [INFO] Lectura datos climáticos NASA
2025-05-31 02:02:30,416 [INFO] Datos JSON preparados para envío
2025-05-31 02:02:31,469 [INFO] Lectura BMP390
2025-05-31 02:02:31,648 [INFO] Lectura LTR390
2025-05-31 02:02:31,649 [WARNING] Lectura serial fallida o formato incorrecto
2025-05-31 02:02:35,280 [INFO] Lectura datos climáticos NASA
2025-05-31 02:02:35,283 [INFO] Datos JSON preparados para envío
2025-05-31 02:02:36,336 [INFO] Lectura BMP390
2025-05-31 02:02:36,518 [INFO] Lectura LTR390
2025-05-31 02:02:36,519 [WARNING] Lectura serial fallida o formato incorrecto
2025-05-31 02:02:39,569 [INFO] Lectura datos climáticos NASA
2025-05-31 02:02:39,572 [INFO] Datos JSON preparados para envío
2025-05-31 02:02:40,625 [INFO] Lectura BMP390
2025-05-31 02:02:40,806 [INFO] Lectura LTR390
2025-05-31 02:02:40,807 [WARNING] Lectura serial fallida o formato incorrecto
2025-05-31 02:02:45,290 [INFO] Lectura datos climáticos NASA
2025-05-31 02:02:45,292 [INFO] Datos JSON preparados para envío
2025-05-31 02:02:46,345 [INFO] Lectura BMP390
2025-05-31 02:02:46,526 [INFO] Lectura LTR390
2025-05-31 02:02:46,526 [WARNING] Lectura serial fallida o formato incorrecto
2025-05-31 02:02:50,465 [INFO] Lectura datos climáticos NASA
2025-05-31 02:02:50,468 [INFO] Datos JSON preparados para envío
2025-05-31 02:02:51,524 [INFO] Lectura BMP390
2025-05-31 02:02:51,705 [INFO] Lectura LTR390
2025-05-31 02:02:51,706 [WARNING] Lectura serial fallida o formato incorrecto
2025-05-31 02:02:57,295 [INFO] Lectura datos climáticos NASA
2025-05-31 02:02:57,297 [INFO] Datos JSON preparados para envío
2025-05-31 02:02:58,349 [INFO] Lectura BMP390
2025-05-31 02:02:58,525 [INFO] Lectura LTR390
2025-05-31 02:02:58,526 [WARNING] Lectura serial fallida o formato incorrecto
2025-05-31 02:03:02,399 [INFO] Lectura datos climáticos NASA
2025-05-31 02:03:02,402 [INFO] Datos JSON preparados para envío
2025-05-31 02:03:03,459 [INFO] Lectura BMP390
2025-05-31 02:03:03,639 [INFO] Lectura LTR390
2025-05-31 02:03:03,640 [WARNING] Lectura serial fallida o formato incorrecto
2025-05-31 02:03:07,157 [INFO] Lectura datos climáticos NASA
2025-05-31 02:03:07,160 [INFO] Datos JSON preparados para envío
2025-05-31 02:03:08,217 [INFO] Lectura BMP390
2025-05-31 02:03:08,396 [INFO] Lectura LTR390
2025-05-31 02:03:08,397 [WARNING] Lectura serial fallida o formato incorrecto
2025-05-31 02:03:12,630 [INFO] Lectura datos climáticos NASA
2025-05-31 02:03:12,632 [INFO] Datos JSON preparados para envío
2025-05-31 02:03:13,682 [INFO] Lectura BMP390
2025-05-31 02:03:13,858 [INFO] Lectura LTR390
2025-05-31 02:03:13,859 [WARNING] Lectura serial fallida o formato incorrecto
2025-05-31 02:03:18,130 [INFO] Lectura datos climáticos NASA
2025-05-31 02:03:18,132 [INFO] Datos JSON preparados para envío
2025-05-31 02:03:05,697 [INFO] Inicio del sistema
2025-05-31 02:03:06,830 [INFO] Lectura BMP390
2025-05-31 02:03:06,868 [INFO] [31m[1mWARNING: This is a development server. Do not use it in a production deployment. Use a production WSGI server instead.[0m
 * Running on all addresses (0.0.0.0)
 * Running on http://127.0.0.1:8080
 * Running on http://127.0.0.1:8080
2025-05-31 02:03:06,869 [INFO] [33mPress CTRL+C to quit[0m
2025-05-31 02:03:07,042 [INFO] Lectura LTR390
2025-05-31 02:03:07,468 [WARNING] Lectura serial fallida o formato incorrecto
2025-05-31 02:03:07,488 [ERROR] Error al leer datos climáticos NASA
2025-05-31 02:03:07,489 [INFO] Datos JSON preparados para envío
2025-05-31 02:03:08,539 [INFO] Lectura BMP390
2025-05-31 02:03:08,720 [INFO] Lectura LTR390
2025-05-31 02:03:09,646 [INFO] Lectura desde ESP32-S3 por serial
2025-05-31 02:03:13,286 [INFO] Lectura datos climáticos NASA
2025-05-31 02:03:13,288 [INFO] Datos JSON preparados para envío
2025-05-31 02:03:14,344 [INFO] Lectura BMP390
2025-05-31 02:03:14,521 [INFO] Lectura LTR390
2025-05-31 02:03:14,524 [INFO] Lectura desde ESP32-S3 por serial
2025-05-31 02:03:18,830 [INFO] Lectura datos climáticos NASA
2025-05-31 02:03:18,833 [INFO] Datos JSON preparados para envío
2025-05-31 02:03:19,882 [INFO] Lectura BMP390
2025-05-31 02:03:20,059 [INFO] Lectura LTR390
2025-05-31 02:03:20,062 [INFO] Lectura desde ESP32-S3 por serial
2025-05-31 02:03:24,475 [INFO] Lectura datos climáticos NASA
2025-05-31 02:03:24,477 [INFO] Datos JSON preparados para envío
2025-05-31 02:03:25,526 [INFO] Lectura BMP390
2025-05-31 02:03:25,703 [INFO] Lectura LTR390
2025-05-31 02:03:25,706 [INFO] Lectura desde ESP32-S3 por serial
2025-05-31 02:03:29,313 [INFO] Lectura datos climáticos NASA
2025-05-31 02:03:29,314 [INFO] Datos JSON preparados para envío
2025-05-31 02:03:30,367 [INFO] Lectura BMP390
2025-05-31 02:03:30,550 [INFO] Lectura LTR390
2025-05-31 02:03:30,553 [INFO] Lectura desde ESP32-S3 por serial
2025-05-31 02:04:23,134 [INFO] Lectura datos climáticos NASA
2025-05-31 02:04:23,136 [INFO] Datos JSON preparados para envío
2025-05-31 02:04:24,187 [INFO] Lectura BMP390
2025-05-31 02:04:24,363 [INFO] Lectura LTR390
2025-05-31 02:04:24,367 [INFO] Lectura desde ESP32-S3 por serial
2025-05-31 02:04:28,111 [INFO] Lectura datos climáticos NASA
2025-05-31 02:04:28,113 [INFO] Datos JSON preparados para envío
2025-05-31 02:04:29,163 [INFO] Lectura BMP390
2025-05-31 02:04:29,339 [INFO] Lectura LTR390
2025-05-31 02:04:29,342 [INFO] Lectura desde ESP32-S3 por serial
2025-05-31 02:04:33,584 [INFO] Lectura datos climáticos NASA
2025-05-31 02:04:33,586 [INFO] Datos JSON preparados para envío
2025-05-31 02:04:34,635 [INFO] Lectura BMP390
2025-05-31 02:04:34,812 [INFO] Lectura LTR390
2025-05-31 02:04:34,815 [INFO] Lectura desde ESP32-S3 por serial
2025-05-31 02:04:38,644 [INFO] Lectura datos climáticos NASA
2025-05-31 02:04:38,646 [INFO] Datos JSON preparados para envío
2025-05-31 02:04:39,696 [INFO] Lectura BMP390
2025-05-31 02:04:39,873 [INFO] Lectura LTR390
2025-05-31 02:04:39,875 [INFO] Lectura desde ESP32-S3 por serial
2025-05-31 02:04:40,938 [INFO] 192.168.95.147 - - [31/May/2025 02:04:40] "GET /datos HTTP/1.1" 200 -
2025-05-31 02:04:44,484 [INFO] Lectura datos climáticos NASA
2025-05-31 02:04:44,487 [INFO] Datos JSON preparados para envío
2025-05-31 02:04:45,540 [INFO] Lectura BMP390
2025-05-31 02:04:45,720 [INFO] Lectura LTR390
2025-05-31 02:04:45,726 [INFO] Lectura desde ESP32-S3 por serial
2025-05-31 02:04:47,808 [INFO] 192.168.95.147 - - [31/May/2025 02:04:47] "GET /datos HTTP/1.1" 200 -
2025-05-31 02:04:49,300 [INFO] Lectura datos climáticos NASA
2025-05-31 02:04:49,301 [INFO] Datos JSON preparados para envío
2025-05-31 02:04:49,645 [INFO] 192.168.95.147 - - [31/May/2025 02:04:49] "GET /datos HTTP/1.1" 200 -
2025-05-31 02:04:50,167 [INFO] 192.168.95.147 - - [31/May/2025 02:04:50] "GET /datos HTTP/1.1" 200 -
2025-05-31 02:04:50,352 [INFO] Lectura BMP390
2025-05-31 02:04:50,408 [INFO] 192.168.95.147 - - [31/May/2025 02:04:50] "GET /datos HTTP/1.1" 200 -
2025-05-31 02:04:50,531 [INFO] Lectura LTR390
2025-05-31 02:04:50,533 [INFO] Lectura desde ESP32-S3 por serial
2025-05-31 02:04:50,580 [INFO] 192.168.95.147 - - [31/May/2025 02:04:50] "GET /datos HTTP/1.1" 200 -
2025-05-31 02:04:50,762 [INFO] 192.168.95.147 - - [31/May/2025 02:04:50] "GET /datos HTTP/1.1" 200 -
2025-05-31 02:04:50,927 [INFO] 192.168.95.147 - - [31/May/2025 02:04:50] "GET /datos HTTP/1.1" 200 -
2025-05-31 02:04:51,088 [INFO] 192.168.95.147 - - [31/May/2025 02:04:51] "GET /datos HTTP/1.1" 200 -
2025-05-31 02:04:51,282 [INFO] 192.168.95.147 - - [31/May/2025 02:04:51] "GET /datos HTTP/1.1" 200 -
2025-05-31 02:04:55,544 [INFO] Lectura datos climáticos NASA
2025-05-31 02:04:55,546 [INFO] Datos JSON preparados para envío
2025-05-31 02:04:56,598 [INFO] Lectura BMP390
2025-05-31 02:04:56,782 [INFO] Lectura LTR390
2025-05-31 02:04:56,789 [INFO] Lectura desde ESP32-S3 por serial
2025-05-31 02:05:00,285 [INFO] Lectura datos climáticos NASA
2025-05-31 02:05:00,288 [INFO] Datos JSON preparados para envío
2025-05-31 02:05:01,341 [INFO] Lectura BMP390
2025-05-31 02:05:01,520 [INFO] Lectura LTR390
2025-05-31 02:05:01,524 [INFO] Lectura desde ESP32-S3 por serial
2025-05-31 02:05:05,374 [INFO] Lectura datos climáticos NASA
2025-05-31 02:05:05,377 [INFO] Datos JSON preparados para envío
2025-05-31 02:05:06,430 [INFO] Lectura BMP390
2025-05-31 02:05:06,613 [INFO] Lectura LTR390
2025-05-31 02:05:06,620 [INFO] Lectura desde ESP32-S3 por serial
2025-05-31 02:05:21,655 [ERROR] Error al leer datos climáticos NASA
2025-05-31 02:05:21,657 [INFO] Datos JSON preparados para envío
2025-05-31 02:05:22,709 [INFO] Lectura BMP390
2025-05-31 02:05:22,889 [INFO] Lectura LTR390
2025-05-31 02:05:22,894 [INFO] Lectura desde ESP32-S3 por serial
2025-05-31 02:05:22,909 [ERROR] Error al leer datos climáticos NASA
2025-05-31 02:05:22,910 [INFO] Datos JSON preparados para envío
2025-05-31 02:05:23,965 [INFO] Lectura BMP390
2025-05-31 02:05:24,152 [INFO] Lectura LTR390
2025-05-31 02:05:24,155 [INFO] Lectura desde ESP32-S3 por serial
2025-05-31 02:05:27,439 [INFO] Lectura datos climáticos NASA
2025-05-31 02:05:27,440 [INFO] Datos JSON preparados para envío
2025-05-31 02:05:28,498 [INFO] Lectura BMP390
2025-05-31 02:05:28,678 [INFO] Lectura LTR390
2025-05-31 02:05:28,684 [INFO] Lectura desde ESP32-S3 por serial
2025-05-31 02:05:33,025 [INFO] Lectura datos climáticos NASA
2025-05-31 02:05:33,028 [INFO] Datos JSON preparados para envío
2025-05-31 02:05:34,080 [INFO] Lectura BMP390
2025-05-31 02:05:34,265 [INFO] Lectura LTR390
2025-05-31 02:05:34,269 [INFO] Lectura desde ESP32-S3 por serial
2025-05-31 02:05:38,789 [INFO] Lectura datos climáticos NASA
2025-05-31 02:05:38,790 [INFO] Datos JSON preparados para envío
2025-05-31 02:05:39,842 [INFO] Lectura BMP390
2025-05-31 02:05:40,022 [INFO] Lectura LTR390
2025-05-31 02:05:40,025 [INFO] Lectura desde ESP32-S3 por serial
2025-05-31 02:05:43,777 [INFO] Lectura datos climáticos NASA
2025-05-31 02:05:43,779 [INFO] Datos JSON preparados para envío
2025-05-31 02:05:44,832 [INFO] Lectura BMP390
2025-05-31 02:05:45,012 [INFO] Lectura LTR390
2025-05-31 02:05:45,018 [INFO] Lectura desde ESP32-S3 por serial
2025-05-31 02:05:48,999 [INFO] Lectura datos climáticos NASA
2025-05-31 02:05:49,001 [INFO] Datos JSON preparados para envío
2025-05-31 02:05:50,054 [INFO] Lectura BMP390
2025-05-31 02:05:50,231 [INFO] Lectura LTR390
2025-05-31 02:05:50,234 [INFO] Lectura desde ESP32-S3 por serial
2025-05-31 02:05:54,835 [INFO] Lectura datos climáticos NASA
2025-05-31 02:05:54,843 [INFO] Datos JSON preparados para envío
2025-05-31 02:05:55,898 [INFO] Lectura BMP390
2025-05-31 02:05:56,078 [INFO] Lectura LTR390
2025-05-31 02:05:56,084 [INFO] Lectura desde ESP32-S3 por serial
2025-05-31 02:06:00,673 [INFO] Lectura datos climáticos NASA
2025-05-31 02:06:00,676 [INFO] Datos JSON preparados para envío
2025-05-31 02:06:01,734 [INFO] Lectura BMP390
2025-05-31 02:06:01,917 [INFO] Lectura LTR390
2025-05-31 02:06:01,924 [INFO] Lectura desde ESP32-S3 por serial
2025-05-31 02:06:05,898 [INFO] Lectura datos climáticos NASA
2025-05-31 02:06:05,903 [INFO] Datos JSON preparados para envío
2025-05-31 02:06:06,957 [INFO] Lectura BMP390
2025-05-31 02:06:07,143 [INFO] Lectura LTR390
2025-05-31 02:06:07,153 [INFO] Lectura desde ESP32-S3 por serial
2025-05-31 02:06:10,809 [INFO] Lectura datos climáticos NASA
2025-05-31 02:06:10,812 [INFO] Datos JSON preparados para envío
2025-05-31 02:06:11,865 [INFO] Lectura BMP390
2025-05-31 02:06:12,045 [INFO] Lectura LTR390
2025-05-31 02:06:12,051 [INFO] Lectura desde ESP32-S3 por serial
2025-05-31 02:06:16,029 [INFO] Lectura datos climáticos NASA
2025-05-31 02:06:16,032 [INFO] Datos JSON preparados para envío
2025-05-31 02:06:17,085 [INFO] Lectura BMP390
2025-05-31 02:06:17,265 [INFO] Lectura LTR390
2025-05-31 02:06:17,272 [INFO] Lectura desde ESP32-S3 por serial
2025-05-31 02:06:21,011 [INFO] Lectura datos climáticos NASA
2025-05-31 02:06:21,012 [INFO] Datos JSON preparados para envío
2025-05-31 02:06:22,063 [INFO] Lectura BMP390
2025-05-31 02:06:22,244 [INFO] Lectura LTR390
2025-05-31 02:06:22,250 [INFO] Lectura desde ESP32-S3 por serial
2025-05-31 02:06:25,978 [INFO] Lectura datos climáticos NASA
2025-05-31 02:06:25,979 [INFO] Datos JSON preparados para envío
2025-05-31 02:06:27,030 [INFO] Lectura BMP390
2025-05-31 02:06:27,215 [INFO] Lectura LTR390
2025-05-31 02:06:27,218 [INFO] Lectura desde ESP32-S3 por serial
2025-05-31 02:06:31,512 [INFO] Lectura datos climáticos NASA
2025-05-31 02:06:31,515 [INFO] Datos JSON preparados para envío
2025-05-31 02:06:32,568 [INFO] Lectura BMP390
2025-05-31 02:06:32,749 [INFO] Lectura LTR390
2025-05-31 02:06:32,755 [INFO] Lectura desde ESP32-S3 por serial
2025-05-31 02:06:36,730 [INFO] Lectura datos climáticos NASA
2025-05-31 02:06:36,733 [INFO] Datos JSON preparados para envío
2025-05-31 02:06:37,785 [INFO] Lectura BMP390
2025-05-31 02:06:37,964 [INFO] Lectura LTR390
2025-05-31 02:06:37,969 [INFO] Lectura desde ESP32-S3 por serial
2025-05-31 02:06:41,748 [INFO] Lectura datos climáticos NASA
2025-05-31 02:06:41,752 [INFO] Datos JSON preparados para envío
2025-05-31 02:06:42,805 [INFO] Lectura BMP390
2025-05-31 02:06:42,989 [INFO] Lectura LTR390
2025-05-31 02:06:42,995 [INFO] Lectura desde ESP32-S3 por serial
2025-05-31 02:06:46,143 [INFO] Lectura datos climáticos NASA
2025-05-31 02:06:46,146 [INFO] Datos JSON preparados para envío
2025-05-31 02:06:47,199 [INFO] Lectura BMP390
2025-05-31 02:06:47,379 [INFO] Lectura LTR390
2025-05-31 02:06:47,385 [INFO] Lectura desde ESP32-S3 por serial
2025-05-31 02:06:52,177 [INFO] Lectura datos climáticos NASA
2025-05-31 02:06:52,179 [INFO] Datos JSON preparados para envío
2025-05-31 02:06:53,230 [INFO] Lectura BMP390
2025-05-31 02:06:53,410 [INFO] Lectura LTR390
2025-05-31 02:06:53,417 [INFO] Lectura desde ESP32-S3 por serial
2025-05-31 02:06:56,806 [INFO] Lectura datos climáticos NASA
2025-05-31 02:06:56,809 [INFO] Datos JSON preparados para envío
2025-05-31 02:06:57,861 [INFO] Lectura BMP390
2025-05-31 02:06:58,042 [INFO] Lectura LTR390
2025-05-31 02:06:58,048 [INFO] Lectura desde ESP32-S3 por serial
2025-05-31 02:07:02,601 [INFO] Lectura datos climáticos NASA
2025-05-31 02:07:02,602 [INFO] Datos JSON preparados para envío
2025-05-31 02:07:03,658 [INFO] Lectura BMP390
2025-05-31 02:07:03,838 [INFO] Lectura LTR390
2025-05-31 02:07:03,844 [INFO] Lectura desde ESP32-S3 por serial
2025-05-31 02:07:08,267 [INFO] Lectura datos climáticos NASA
2025-05-31 02:07:08,271 [INFO] Datos JSON preparados para envío
2025-05-31 02:07:09,324 [INFO] Lectura BMP390
2025-05-31 02:07:09,504 [INFO] Lectura LTR390
2025-05-31 02:07:09,509 [INFO] Lectura desde ESP32-S3 por serial
2025-05-31 02:07:14,099 [INFO] Lectura datos climáticos NASA
2025-05-31 02:07:14,100 [INFO] Datos JSON preparados para envío
2025-05-31 02:07:15,156 [INFO] Lectura BMP390
2025-05-31 02:07:15,339 [INFO] Lectura LTR390
2025-05-31 02:07:15,345 [INFO] Lectura desde ESP32-S3 por serial
2025-05-31 02:07:19,010 [INFO] Lectura datos climáticos NASA
2025-05-31 02:07:19,013 [INFO] Datos JSON preparados para envío
2025-05-31 02:07:20,065 [INFO] Lectura BMP390
2025-05-31 02:07:20,246 [INFO] Lectura LTR390
2025-05-31 02:07:20,251 [INFO] Lectura desde ESP32-S3 por serial
                                                                                                                                                                                                                                                                                                             2025-05-31 02:07:02,903 [INFO] Inicio del sistema
2025-05-31 02:07:04,040 [INFO] Lectura BMP390
2025-05-31 02:07:04,087 [INFO] [31m[1mWARNING: This is a development server. Do not use it in a production deployment. Use a production WSGI server instead.[0m
 * Running on all addresses (0.0.0.0)
 * Running on http://127.0.0.1:8080
 * Running on http://127.0.0.1:8080
2025-05-31 02:07:04,088 [INFO] [33mPress CTRL+C to quit[0m
2025-05-31 02:07:04,253 [INFO] Lectura LTR390
2025-05-31 02:07:04,505 [WARNING] Lectura serial fallida o formato incorrecto
2025-05-31 02:07:04,524 [ERROR] Error al leer datos climáticos NASA
2025-05-31 02:07:04,525 [INFO] Datos JSON preparados para envío
2025-05-31 02:07:05,577 [INFO] Lectura BMP390
2025-05-31 02:07:05,754 [INFO] Lectura LTR390
2025-05-31 02:07:06,688 [INFO] Lectura desde ESP32-S3 por serial
2025-05-31 02:07:06,704 [ERROR] Error al leer datos climáticos NASA
2025-05-31 02:07:06,705 [INFO] Datos JSON preparados para envío
2025-05-31 02:07:07,755 [INFO] Lectura BMP390
2025-05-31 02:07:07,931 [INFO] Lectura LTR390
2025-05-31 02:07:08,860 [INFO] Lectura desde ESP32-S3 por serial
2025-05-31 02:07:13,261 [INFO] Lectura datos climáticos NASA
2025-05-31 02:07:13,264 [INFO] Datos JSON preparados para envío
2025-05-31 02:07:14,314 [INFO] Lectura BMP390
2025-05-31 02:07:14,491 [INFO] Lectura LTR390
2025-05-31 02:07:14,494 [INFO] Lectura desde ESP32-S3 por serial
2025-05-31 02:07:18,182 [INFO] Lectura datos climáticos NASA
2025-05-31 02:07:18,184 [INFO] Datos JSON preparados para envío
2025-05-31 02:07:19,234 [INFO] Lectura BMP390
2025-05-31 02:07:19,410 [INFO] Lectura LTR390
2025-05-31 02:07:19,413 [INFO] Lectura desde ESP32-S3 por serial
2025-05-31 02:07:22,477 [INFO] Lectura datos climáticos NASA
2025-05-31 02:07:22,479 [INFO] Datos JSON preparados para envío
2025-05-31 02:07:23,529 [INFO] Lectura BMP390
2025-05-31 02:07:23,705 [INFO] Lectura LTR390
2025-05-31 02:07:23,708 [INFO] Lectura desde ESP32-S3 por serial
2025-05-31 02:07:27,393 [INFO] Lectura datos climáticos NASA
2025-05-31 02:07:27,395 [INFO] Datos JSON preparados para envío
2025-05-31 15:36:34,220 [INFO] Lectura BMP390
2025-05-31 15:36:34,397 [INFO] Lectura LTR390
2025-05-31 15:36:34,399 [INFO] Lectura desde ESP32-S3 por serial
2025-05-31 15:36:38,386 [INFO] Lectura datos climáticos NASA
2025-05-31 15:36:38,388 [INFO] Datos JSON preparados para envío
2025-05-31 15:36:39,441 [INFO] Lectura BMP390
2025-05-31 15:36:39,617 [INFO] Lectura LTR390
2025-05-31 15:36:39,620 [INFO] Lectura desde ESP32-S3 por serial
2025-05-31 15:36:43,303 [INFO] Lectura datos climáticos NASA
2025-05-31 15:36:43,305 [INFO] Datos JSON preparados para envío
2025-05-31 15:36:44,358 [INFO] Lectura BMP390
2025-05-31 15:36:44,535 [INFO] Lectura LTR390
2025-05-31 15:36:44,538 [INFO] Lectura desde ESP32-S3 por serial
2025-05-31 15:36:47,859 [INFO] Lectura datos climáticos NASA
2025-05-31 15:36:47,861 [INFO] Datos JSON preparados para envío
2025-05-31 15:36:48,910 [INFO] Lectura BMP390
2025-05-31 15:36:49,091 [INFO] Lectura LTR390
2025-05-31 15:36:49,093 [INFO] Lectura desde ESP32-S3 por serial
2025-05-31 15:36:52,520 [INFO] Lectura datos climáticos NASA
2025-05-31 15:36:52,522 [INFO] Datos JSON preparados para envío
2025-05-31 15:36:53,573 [INFO] Lectura BMP390
2025-05-31 15:36:53,749 [INFO] Lectura LTR390
2025-05-31 15:36:53,752 [INFO] Lectura desde ESP32-S3 por serial
2025-05-31 15:36:57,438 [INFO] Lectura datos climáticos NASA
2025-05-31 15:36:57,441 [INFO] Datos JSON preparados para envío
2025-05-31 15:36:58,496 [INFO] Lectura BMP390
2025-05-31 15:36:58,677 [INFO] Lectura LTR390
2025-05-31 15:36:58,682 [INFO] Lectura desde ESP32-S3 por serial
2025-05-31 15:37:02,658 [INFO] Lectura datos climáticos NASA
2025-05-31 15:37:02,660 [INFO] Datos JSON preparados para envío
2025-05-31 15:37:03,712 [INFO] Lectura BMP390
2025-05-31 15:37:03,889 [INFO] Lectura LTR390
2025-05-31 15:37:03,892 [INFO] Lectura desde ESP32-S3 por serial
2025-05-31 15:37:07,499 [INFO] Lectura datos climáticos NASA
2025-05-31 15:37:07,502 [INFO] Datos JSON preparados para envío
2025-05-31 15:37:08,559 [INFO] Lectura BMP390
2025-05-31 15:37:08,742 [INFO] Lectura LTR390
2025-05-31 15:37:08,748 [INFO] Lectura desde ESP32-S3 por serial
2025-05-31 15:37:12,182 [INFO] Lectura datos climáticos NASA
2025-05-31 15:37:12,185 [INFO] Datos JSON preparados para envío
2025-05-31 15:37:13,238 [INFO] Lectura BMP390
2025-05-31 15:37:13,420 [INFO] Lectura LTR390
2025-05-31 15:37:13,427 [INFO] Lectura desde ESP32-S3 por serial
2025-05-31 15:37:19,064 [INFO] Lectura datos climáticos NASA
2025-05-31 15:37:19,067 [INFO] Datos JSON preparados para envío
2025-05-31 15:37:20,120 [INFO] Lectura BMP390
2025-05-31 15:37:20,299 [INFO] Lectura LTR390
2025-05-31 15:37:20,306 [INFO] Lectura desde ESP32-S3 por serial
2025-05-31 15:37:24,213 [INFO] Lectura datos climáticos NASA
2025-05-31 15:37:24,216 [INFO] Datos JSON preparados para envío
2025-05-31 15:37:25,268 [INFO] Lectura BMP390
2025-05-31 15:37:25,451 [INFO] Lectura LTR390
2025-05-31 15:37:25,458 [INFO] Lectura desde ESP32-S3 por serial
2025-05-31 15:37:29,226 [INFO] Lectura datos climáticos NASA
2025-05-31 15:37:29,231 [INFO] Datos JSON preparados para envío
2025-05-31 15:37:30,284 [INFO] Lectura BMP390
2025-05-31 15:37:30,466 [INFO] Lectura LTR390
2025-05-31 15:37:30,471 [INFO] Lectura desde ESP32-S3 por serial
2025-05-31 15:37:34,040 [INFO] Lectura datos climáticos NASA
2025-05-31 15:37:34,042 [INFO] Datos JSON preparados para envío
2025-05-31 15:37:35,095 [INFO] Lectura BMP390
2025-05-31 15:37:35,275 [INFO] Lectura LTR390
2025-05-31 15:37:35,281 [INFO] Lectura desde ESP32-S3 por serial
2025-05-31 15:37:38,736 [INFO] Lectura datos climáticos NASA
2025-05-31 15:37:38,739 [INFO] Datos JSON preparados para envío
2025-05-31 15:37:39,791 [INFO] Lectura BMP390
2025-05-31 15:37:39,969 [INFO] Lectura LTR390
2025-05-31 15:37:39,971 [INFO] Lectura desde ESP32-S3 por serial
2025-05-31 15:37:43,957 [INFO] Lectura datos climáticos NASA
2025-05-31 15:37:43,960 [INFO] Datos JSON preparados para envío
2025-05-31 15:37:45,013 [INFO] Lectura BMP390
2025-05-31 15:37:45,196 [INFO] Lectura LTR390
2025-05-31 15:37:45,203 [INFO] Lectura desde ESP32-S3 por serial
2025-05-31 15:37:48,598 [INFO] Lectura datos climáticos NASA
2025-05-31 15:37:48,601 [INFO] Datos JSON preparados para envío
2025-05-31 15:37:49,654 [INFO] Lectura BMP390
2025-05-31 15:37:49,838 [INFO] Lectura LTR390
2025-05-31 15:37:49,844 [INFO] Lectura desde ESP32-S3 por serial
2025-05-31 15:37:53,271 [INFO] Lectura datos climáticos NASA
2025-05-31 15:37:53,275 [INFO] Datos JSON preparados para envío
2025-05-31 15:37:54,327 [INFO] Lectura BMP390
2025-05-31 15:37:54,507 [INFO] Lectura LTR390
2025-05-31 15:37:54,513 [INFO] Lectura desde ESP32-S3 por serial
2025-05-31 15:37:58,183 [INFO] Lectura datos climáticos NASA
2025-05-31 15:37:58,186 [INFO] Datos JSON preparados para envío
2025-05-31 15:37:59,239 [INFO] Lectura BMP390
2025-05-31 15:37:59,420 [INFO] Lectura LTR390
2025-05-31 15:37:59,426 [INFO] Lectura desde ESP32-S3 por serial
2025-05-31 15:38:03,023 [INFO] Lectura datos climáticos NASA
2025-05-31 15:38:03,025 [INFO] Datos JSON preparados para envío
2025-05-31 15:38:04,083 [INFO] Lectura BMP390
2025-05-31 15:38:04,259 [INFO] Lectura LTR390
2025-05-31 15:38:04,261 [INFO] Lectura desde ESP32-S3 por serial
2025-05-31 15:38:08,211 [INFO] Lectura datos climáticos NASA
2025-05-31 15:38:08,216 [INFO] Datos JSON preparados para envío
2025-05-31 15:38:09,270 [INFO] Lectura BMP390
2025-05-31 15:38:09,452 [INFO] Lectura LTR390
2025-05-31 15:38:09,458 [INFO] Lectura desde ESP32-S3 por serial
2025-05-31 15:38:12,815 [INFO] Lectura datos climáticos NASA
2025-05-31 15:38:12,818 [INFO] Datos JSON preparados para envío
2025-05-31 15:38:13,871 [INFO] Lectura BMP390
2025-05-31 15:38:14,053 [INFO] Lectura LTR390
2025-05-31 15:38:14,059 [INFO] Lectura desde ESP32-S3 por serial
2025-05-31 15:38:18,050 [INFO] Lectura datos climáticos NASA
2025-05-31 15:38:18,053 [INFO] Datos JSON preparados para envío
2025-05-31 15:38:19,106 [INFO] Lectura BMP390
2025-05-31 15:38:19,286 [INFO] Lectura LTR390
2025-05-31 15:38:19,291 [INFO] Lectura desde ESP32-S3 por serial
2025-05-31 15:38:22,845 [INFO] Lectura datos climáticos NASA
2025-05-31 15:38:22,848 [INFO] Datos JSON preparados para envío
2025-05-31 15:38:23,898 [INFO] Lectura BMP390
2025-05-31 15:38:24,073 [INFO] Lectura LTR390
2025-05-31 15:38:24,076 [INFO] Lectura desde ESP32-S3 por serial
2025-05-31 15:38:27,855 [INFO] Lectura datos climáticos NASA
2025-05-31 15:38:27,857 [INFO] Datos JSON preparados para envío
2025-05-31 15:38:28,906 [INFO] Lectura BMP390
2025-05-31 15:38:29,083 [INFO] Lectura LTR390
2025-05-31 15:38:29,085 [INFO] Lectura desde ESP32-S3 por serial
2025-05-31 15:38:32,739 [INFO] Lectura datos climáticos NASA
2025-05-31 15:38:32,740 [INFO] Datos JSON preparados para envío
2025-05-31 15:38:33,797 [INFO] Lectura BMP390
2025-05-31 15:38:33,977 [INFO] Lectura LTR390
2025-05-31 15:38:33,983 [INFO] Lectura desde ESP32-S3 por serial
2025-05-31 15:38:37,696 [INFO] Lectura datos climáticos NASA
2025-05-31 15:38:37,699 [INFO] Datos JSON preparados para envío
2025-05-31 15:38:38,753 [INFO] Lectura BMP390
2025-05-31 15:38:38,936 [INFO] Lectura LTR390
2025-05-31 15:38:38,942 [INFO] Lectura desde ESP32-S3 por serial
2025-05-31 15:38:42,391 [INFO] Lectura datos climáticos NASA
2025-05-31 15:38:42,393 [INFO] Datos JSON preparados para envío
2025-05-31 15:38:43,446 [INFO] Lectura BMP390
2025-05-31 15:38:43,626 [INFO] Lectura LTR390
2025-05-31 15:38:43,632 [INFO] Lectura desde ESP32-S3 por serial
2025-05-31 15:38:47,452 [INFO] Lectura datos climáticos NASA
2025-05-31 15:38:47,455 [INFO] Datos JSON preparados para envío
2025-05-31 15:38:48,509 [INFO] Lectura BMP390
2025-05-31 15:38:48,689 [INFO] Lectura LTR390
2025-05-31 15:38:48,696 [INFO] Lectura desde ESP32-S3 por serial
2025-05-31 15:38:52,313 [INFO] Lectura datos climáticos NASA
2025-05-31 15:38:52,315 [INFO] Datos JSON preparados para envío
2025-05-31 15:38:53,367 [INFO] Lectura BMP390
2025-05-31 15:38:53,549 [INFO] Lectura LTR390
2025-05-31 15:38:53,556 [INFO] Lectura desde ESP32-S3 por serial
2025-05-31 15:38:57,126 [INFO] Lectura datos climáticos NASA
2025-05-31 15:38:57,129 [INFO] Datos JSON preparados para envío
2025-05-31 15:38:58,187 [INFO] Lectura BMP390
2025-05-31 15:38:58,371 [INFO] Lectura LTR390
2025-05-31 15:38:58,377 [INFO] Lectura desde ESP32-S3 por serial
2025-05-31 15:39:01,834 [INFO] Lectura datos climáticos NASA
2025-05-31 15:39:01,838 [INFO] Datos JSON preparados para envío
2025-05-31 15:39:02,890 [INFO] Lectura BMP390
2025-05-31 15:39:03,070 [INFO] Lectura LTR390
2025-05-31 15:39:03,076 [INFO] Lectura desde ESP32-S3 por serial
2025-05-31 15:39:06,654 [INFO] Lectura datos climáticos NASA
2025-05-31 15:39:06,657 [INFO] Datos JSON preparados para envío
2025-05-31 15:39:07,710 [INFO] Lectura BMP390
2025-05-31 15:39:07,890 [INFO] Lectura LTR390
2025-05-31 15:39:07,896 [INFO] Lectura desde ESP32-S3 por serial
2025-05-31 15:39:11,283 [INFO] Lectura datos climáticos NASA
2025-05-31 15:39:11,284 [INFO] Datos JSON preparados para envío
2025-05-31 15:39:12,338 [INFO] Lectura BMP390
2025-05-31 15:39:12,518 [INFO] Lectura LTR390
2025-05-31 15:39:12,524 [INFO] Lectura desde ESP32-S3 por serial
2025-05-31 15:39:16,464 [INFO] Lectura datos climáticos NASA
2025-05-31 15:39:16,465 [INFO] Datos JSON preparados para envío
2025-05-31 15:39:17,514 [INFO] Lectura BMP390
2025-05-31 15:39:17,691 [INFO] Lectura LTR390
2025-05-31 15:39:17,694 [INFO] Lectura desde ESP32-S3 por serial
2025-05-31 15:39:21,191 [INFO] Lectura datos climáticos NASA
2025-05-31 15:39:21,193 [INFO] Datos JSON preparados para envío
2025-05-31 15:39:22,249 [INFO] Lectura BMP390
2025-05-31 15:39:22,434 [INFO] Lectura LTR390
2025-05-31 15:39:22,439 [INFO] Lectura desde ESP32-S3 por serial
2025-05-31 15:39:25,840 [INFO] Lectura datos climáticos NASA
2025-05-31 15:39:25,843 [INFO] Datos JSON preparados para envío
2025-05-31 15:39:26,897 [INFO] Lectura BMP390
2025-05-31 15:39:27,076 [INFO] Lectura LTR390
2025-05-31 15:39:27,081 [INFO] Lectura desde ESP32-S3 por serial
2025-05-31 15:39:30,487 [INFO] Lectura datos climáticos NASA
2025-05-31 15:2025-05-31 15:39:15,842 [INFO] Inicio del sistema
2025-05-31 15:39:16,966 [INFO] Lectura BMP390
2025-05-31 15:39:17,022 [INFO] [31m[1mWARNING: This is a development server. Do not use it in a production deployment. Use a production WSGI server instead.[0m
 * Running on all addresses (0.0.0.0)
 * Running on http://127.0.0.1:8080
 * Running on http://127.0.0.1:8080
2025-05-31 15:39:17,022 [INFO] [33mPress CTRL+C to quit[0m
2025-05-31 15:39:17,184 [INFO] Lectura LTR390
2025-05-31 15:39:17,189 [WARNING] Lectura serial fallida o formato incorrecto
2025-05-31 15:39:17,207 [ERROR] Error al leer datos climáticos NASA
2025-05-31 15:39:17,208 [INFO] Datos JSON preparados para envío
2025-05-31 15:39:18,258 [INFO] Lectura BMP390
2025-05-31 15:39:18,435 [INFO] Lectura LTR390
2025-05-31 15:39:19,185 [INFO] Lectura desde ESP32-S3 por serial
2025-05-31 15:39:23,220 [INFO] Lectura datos climáticos NASA
2025-05-31 15:39:23,221 [INFO] Datos JSON preparados para envío
2025-05-31 15:39:24,271 [INFO] Lectura BMP390
2025-05-31 15:39:24,449 [INFO] Lectura LTR390
2025-05-31 15:39:24,452 [INFO] Lectura desde ESP32-S3 por serial
2025-05-31 15:39:28,723 [INFO] Lectura datos climáticos NASA
2025-05-31 15:39:28,725 [INFO] Datos JSON preparados para envío
2025-05-31 15:39:29,775 [INFO] Lectura BMP390
2025-05-31 15:39:29,954 [INFO] Lectura LTR390
2025-05-31 15:39:29,957 [INFO] Lectura desde ESP32-S3 por serial
2025-05-31 15:39:33,644 [INFO] Lectura datos climáticos NASA
2025-05-31 15:39:33,646 [INFO] Datos JSON preparados para envío
2025-05-31 15:39:34,696 [INFO] Lectura BMP390
2025-05-31 15:39:34,876 [INFO] Lectura LTR390
2025-05-31 15:39:34,879 [INFO] Lectura desde ESP32-S3 por serial
2025-05-31 15:39:38,241 [INFO] Lectura datos climáticos NASA
2025-05-31 15:39:38,243 [INFO] Datos JSON preparados para envío
2025-05-31 15:39:39,292 [INFO] Lectura BMP390
2025-05-31 15:39:39,468 [INFO] Lectura LTR390
2025-05-31 15:39:39,471 [INFO] Lectura desde ESP32-S3 por serial
2025-05-31 15:40:28,088 [INFO] Lectura datos climáticos NASA
2025-05-31 15:40:28,090 [INFO] Datos JSON preparados para envío
2025-05-31 15:40:29,143 [INFO] Lectura BMP390
2025-05-31 15:40:29,319 [INFO] Lectura LTR390
2025-05-31 15:40:29,322 [INFO] Lectura desde ESP32-S3 por serial
2025-05-31 15:40:33,172 [INFO] Lectura datos climáticos NASA
2025-05-31 15:40:33,173 [INFO] Datos JSON preparados para envío
2025-05-31 15:40:34,223 [INFO] Lectura BMP390
2025-05-31 15:40:34,399 [INFO] Lectura LTR390
2025-05-31 15:40:34,402 [INFO] Lectura desde ESP32-S3 por serial
2025-05-31 15:40:38,621 [INFO] Lectura datos climáticos NASA
2025-05-31 15:40:38,627 [INFO] Datos JSON preparados para envío
2025-05-31 15:40:39,680 [INFO] Lectura BMP390
2025-05-31 15:40:39,857 [INFO] Lectura LTR390
2025-05-31 15:40:39,859 [INFO] Lectura desde ESP32-S3 por serial
2025-05-31 15:40:43,547 [INFO] Lectura datos climáticos NASA
2025-05-31 15:40:43,552 [INFO] Datos JSON preparados para envío
2025-05-31 15:40:44,605 [INFO] Lectura BMP390
2025-05-31 15:40:44,782 [INFO] Lectura LTR390
2025-05-31 15:40:44,784 [INFO] Lectura desde ESP32-S3 por serial
2025-05-31 15:40:47,922 [INFO] Lectura datos climáticos NASA
2025-05-31 15:40:47,924 [INFO] Datos JSON preparados para envío
2025-05-31 15:40:48,977 [INFO] Lectura BMP390
2025-05-31 15:40:49,157 [INFO] Lectura LTR390
2025-05-31 15:40:49,163 [INFO] Lectura desde ESP32-S3 por serial
2025-05-31 15:40:53,070 [INFO] Lectura datos climáticos NASA
2025-05-31 15:40:53,073 [INFO] Datos JSON preparados para envío
2025-05-31 15:40:54,127 [INFO] Lectura BMP390
2025-05-31 15:40:54,310 [INFO] Lectura LTR390
2025-05-31 15:40:54,315 [INFO] Lectura desde ESP32-S3 por serial
2025-05-31 15:40:57,983 [INFO] Lectura datos climáticos NASA
2025-05-31 15:40:57,985 [INFO] Datos JSON preparados para envío
2025-05-31 15:40:59,038 [INFO] Lectura BMP390
2025-05-31 15:40:59,223 [INFO] Lectura LTR390
2025-05-31 15:40:59,229 [INFO] Lectura desde ESP32-S3 por serial
2025-05-31 15:41:04,124 [INFO] Lectura datos climáticos NASA
2025-05-31 15:41:04,127 [INFO] Datos JSON preparados para envío
2025-05-31 15:41:05,178 [INFO] Lectura BMP390
2025-05-31 15:41:05,358 [INFO] Lectura LTR390
2025-05-31 15:41:05,364 [INFO] Lectura desde ESP32-S3 por serial
2025-05-31 15:41:09,347 [INFO] Lectura datos climáticos NASA
2025-05-31 15:41:09,350 [INFO] Datos JSON preparados para envío
2025-05-31 15:41:10,403 [INFO] Lectura BMP390
2025-05-31 15:41:10,582 [INFO] Lectura LTR390
2025-05-31 15:41:10,588 [INFO] Lectura desde ESP32-S3 por serial
2025-05-31 15:41:14,570 [INFO] Lectura datos climáticos NASA
2025-05-31 15:41:14,573 [INFO] Datos JSON preparados para envío
2025-05-31 15:41:15,631 [INFO] Lectura BMP390
2025-05-31 15:41:15,812 [INFO] Lectura LTR390
2025-05-31 15:41:15,819 [INFO] Lectura desde ESP32-S3 por serial
2025-05-31 15:41:37,458 [INFO] Lectura datos climáticos NASA
2025-05-31 15:41:37,465 [INFO] Datos JSON preparados para envío
2025-05-31 15:41:38,518 [INFO] Lectura BMP390
2025-05-31 15:41:38,697 [INFO] Lectura LTR390
2025-05-31 15:41:38,703 [INFO] Lectura desde ESP32-S3 por serial
2025-05-31 15:41:42,257 [INFO] Lectura datos climáticos NASA
2025-05-31 15:41:42,260 [INFO] Datos JSON preparados para envío
2025-05-31 15:41:43,314 [INFO] Lectura BMP390
2025-05-31 15:41:43,494 [INFO] Lectura LTR390
2025-05-31 15:41:43,497 [INFO] Lectura desde ESP32-S3 por serial
                                                                                                                                                                                                                                                                                                                                                                                                                                                                                                                                                                                                                                                                                                                       2025-05-31 15:41:04,210 [INFO] Inicio del sistema
2025-05-31 15:41:05,341 [INFO] Lectura BMP390
2025-05-31 15:41:05,385 [INFO] [31m[1mWARNING: This is a development server. Do not use it in a production deployment. Use a production WSGI server instead.[0m
 * Running on all addresses (0.0.0.0)
 * Running on http://127.0.0.1:8080
 * Running on http://127.0.0.1:8080
2025-05-31 15:41:05,386 [INFO] [33mPress CTRL+C to quit[0m
2025-05-31 15:41:05,556 [INFO] Lectura LTR390
2025-05-31 15:41:05,610 [WARNING] Lectura serial fallida o formato incorrecto
2025-05-31 15:41:05,629 [ERROR] Error al leer datos climáticos NASA
2025-05-31 15:41:05,630 [INFO] Datos JSON preparados para envío
2025-05-31 15:41:06,685 [INFO] Lectura BMP390
2025-05-31 15:41:06,861 [INFO] Lectura LTR390
2025-05-31 15:41:07,784 [INFO] Lectura desde ESP32-S3 por serial
2025-05-31 15:41:12,119 [INFO] Lectura datos climáticos NASA
2025-05-31 15:41:12,120 [INFO] Datos JSON preparados para envío
2025-05-31 15:41:13,172 [INFO] Lectura BMP390
2025-05-31 15:41:13,349 [INFO] Lectura LTR390
2025-05-31 15:41:13,352 [INFO] Lectura desde ESP32-S3 por serial
2025-05-31 15:41:17,370 [INFO] Lectura datos climáticos NASA
2025-05-31 15:41:17,372 [INFO] Datos JSON preparados para envío
2025-05-31 15:41:18,427 [INFO] Lectura BMP390
2025-05-31 15:41:18,607 [INFO] Lectura LTR390
2025-05-31 15:41:18,610 [INFO] Lectura desde ESP32-S3 por serial
2025-05-31 15:41:21,639 [INFO] Lectura datos climáticos NASA
2025-05-31 15:41:21,640 [INFO] Datos JSON preparados para envío
2025-05-31 15:41:22,690 [INFO] Lectura BMP390
2025-05-31 15:41:22,871 [INFO] Lectura LTR390
2025-05-31 15:41:22,874 [INFO] Lectura desde ESP32-S3 por serial
2025-05-31 15:41:26,669 [INFO] Lectura datos climáticos NASA
2025-05-31 15:41:26,671 [INFO] Datos JSON preparados para envío
2025-05-31 15:41:27,720 [INFO] Lectura BMP390
2025-05-31 15:41:27,897 [INFO] Lectura LTR390
2025-05-31 15:41:27,899 [INFO] Lectura desde ESP32-S3 por serial
2025-05-31 15:42:50,104 [INFO] Lectura datos climáticos NASA
2025-05-31 15:42:50,105 [INFO] Datos JSON preparados para envío
2025-05-31 15:42:51,158 [INFO] Lectura BMP390
2025-05-31 15:42:51,341 [INFO] Lectura LTR390
2025-05-31 15:42:51,343 [INFO] Lectura desde ESP32-S3 por serial
2025-05-31 15:42:55,018 [INFO] Lectura datos climáticos NASA
2025-05-31 15:42:55,021 [INFO] Datos JSON preparados para envío
2025-05-31 15:42:56,073 [INFO] Lectura BMP390
2025-05-31 15:42:56,254 [INFO] Lectura LTR390
2025-05-31 15:42:56,257 [INFO] Lectura desde ESP32-S3 por serial
2025-05-31 15:42:59,934 [INFO] Lectura datos climáticos NASA
2025-05-31 15:42:59,935 [INFO] Datos JSON preparados para envío
2025-05-31 15:43:00,985 [INFO] Lectura BMP390
2025-05-31 15:43:01,161 [INFO] Lectura LTR390
2025-05-31 15:43:01,164 [INFO] Lectura desde ESP32-S3 por serial
2025-05-31 15:43:04,472 [INFO] Lectura datos climáticos NASA
2025-05-31 15:43:04,473 [INFO] Datos JSON preparados para envío
2025-05-31 15:43:05,524 [INFO] Lectura BMP390
2025-05-31 15:43:05,704 [INFO] Lectura LTR390
2025-05-31 15:43:05,707 [INFO] Lectura desde ESP32-S3 por serial
2025-05-31 15:43:09,600 [INFO] Lectura datos climáticos NASA
2025-05-31 15:43:09,603 [INFO] Datos JSON preparados para envío
2025-05-31 15:43:10,655 [INFO] Lectura BMP390
2025-05-31 15:43:10,838 [INFO] Lectura LTR390
2025-05-31 15:43:10,844 [INFO] Lectura desde ESP32-S3 por serial
2025-05-31 15:43:14,684 [INFO] Lectura datos climáticos NASA
2025-05-31 15:43:14,687 [INFO] Datos JSON preparados para envío
2025-05-31 15:43:15,742 [INFO] Lectura BMP390
2025-05-31 15:43:15,922 [INFO] Lectura LTR390
2025-05-31 15:43:15,926 [INFO] Lectura desde ESP32-S3 por serial
2025-05-31 15:43:20,286 [INFO] Lectura datos climáticos NASA
2025-05-31 15:43:20,288 [INFO] Datos JSON preparados para envío
2025-05-31 15:43:21,342 [INFO] Lectura BMP390
2025-05-31 15:43:21,522 [INFO] Lectura LTR390
2025-05-31 15:43:21,527 [INFO] Lectura desde ESP32-S3 por serial
2025-05-31 15:43:25,756 [INFO] Lectura datos climáticos NASA
2025-05-31 15:43:25,759 [INFO] Datos JSON preparados para envío
2025-05-31 15:43:26,813 [INFO] Lectura BMP390
2025-05-31 15:43:26,995 [INFO] Lectura LTR390
2025-05-31 15:43:27,002 [INFO] Lectura desde ESP32-S3 por serial
2025-05-31 15:43:30,978 [INFO] Lectura datos climáticos NASA
2025-05-31 15:43:30,981 [INFO] Datos JSON preparados para envío
2025-05-31 15:43:32,035 [INFO] Lectura BMP390
2025-05-31 15:43:32,220 [INFO] Lectura LTR390
2025-05-31 15:43:32,228 [INFO] Lectura desde ESP32-S3 por serial
2025-05-31 15:43:41,407 [INFO] Lectura datos climáticos NASA
2025-05-31 15:43:41,409 [INFO] Datos JSON preparados para envío
2025-05-31 15:43:42,462 [INFO] Lectura BMP390
2025-05-31 15:43:42,642 [INFO] Lectura LTR390
2025-05-31 15:43:42,648 [INFO] Lectura desde ESP32-S3 por serial
2025-05-31 15:43:46,731 [INFO] Lectura datos climáticos NASA
2025-05-31 15:43:46,733 [INFO] Datos JSON preparados para envío
2025-05-31 15:43:47,786 [INFO] Lectura BMP390
2025-05-31 15:43:47,967 [INFO] Lectura LTR390
2025-05-31 15:43:47,974 [INFO] Lectura desde ESP32-S3 por serial
2025-05-31 15:43:51,642 [INFO] Lectura datos climáticos NASA
2025-05-31 15:43:51,644 [INFO] Datos JSON preparados para envío
2025-05-31 15:43:52,694 [INFO] Lectura BMP390
2025-05-31 15:43:52,869 [INFO] Lectura LTR390
2025-05-31 15:43:52,872 [INFO] Lectura desde ESP32-S3 por serial
2025-05-31 15:43:57,078 [INFO] Lectura datos climáticos NASA
2025-05-31 15:43:57,081 [INFO] Datos JSON preparados para envío
2025-05-31 15:43:58,139 [INFO] Lectura BMP390
2025-05-31 15:43:58,320 [INFO] Lectura LTR390
2025-05-31 15:43:58,326 [INFO] Lectura desde ESP32-S3 por serial
2025-05-31 15:44:01,932 [INFO] Lectura datos climáticos NASA
2025-05-31 15:44:01,935 [INFO] Datos JSON preparados para envío
2025-05-31 15:44:02,989 [INFO] Lectura BMP390
2025-05-31 15:44:03,169 [INFO] Lectura LTR390
2025-05-31 15:44:03,174 [INFO] Lectura desde ESP32-S3 por serial
2025-05-31 15:44:06,378 [INFO] Lectura datos climáticos NASA
2025-05-31 15:44:06,381 [INFO] Datos JSON preparados para envío
2025-05-31 15:44:07,432 [INFO] Lectura BMP390
2025-05-31 15:44:07,615 [INFO] Lectura LTR390
2025-05-31 15:44:07,622 [INFO] Lectura desde ESP32-S3 por serial
2025-05-31 15:44:11,193 [INFO] Lectura datos climáticos NASA
2025-05-31 15:44:11,196 [INFO] Datos JSON preparados para envío
2025-05-31 15:44:12,248 [INFO] Lectura BMP390
2025-05-31 15:44:12,432 [INFO] Lectura LTR390
2025-05-31 15:44:12,437 [INFO] Lectura desde ESP32-S3 por serial
2025-05-31 15:44:16,204 [INFO] Lectura datos climáticos NASA
2025-05-31 15:44:16,207 [INFO] Datos JSON preparados para envío
2025-05-31 15:44:17,257 [INFO] Lectura BMP390
2025-05-31 15:44:17,435 [INFO] Lectura LTR390
2025-05-31 15:44:17,438 [INFO] Lectura desde ESP32-S3 por serial
2025-05-31 15:44:21,321 [INFO] Lectura datos climáticos NASA
2025-05-31 15:44:21,324 [INFO] Datos JSON preparados para envío
2025-05-31 15:44:22,377 [INFO] Lectura BMP390
2025-05-31 15:44:22,556 [INFO] Lectura LTR390
2025-05-31 15:44:22,562 [INFO] Lectura desde ESP32-S3 por serial
2025-05-31 15:44:26,649 [INFO] Lectura datos climáticos NASA
2025-05-31 15:44:26,652 [INFO] Datos JSON preparados para envío
2025-05-31 15:44:27,705 [INFO] Lectura BMP390
2025-05-31 15:44:27,885 [INFO] Lectura LTR390
2025-05-31 15:44:27,891 [INFO] Lectura desde ESP32-S3 por serial
2025-05-31 15:44:31,655 [INFO] Lectura datos climáticos NASA
2025-05-31 15:44:31,658 [INFO] Datos JSON preparados para envío
2025-05-31 15:44:32,709 [INFO] Lectura BMP390
2025-05-31 15:44:32,889 [INFO] Lectura LTR390
2025-05-31 15:44:32,895 [INFO] Lectura desde ESP32-S3 por serial
2025-05-31 15:44:36,141 [INFO] Lectura datos climáticos NASA
2025-05-31 15:44:36,144 [INFO] Datos JSON preparados para envío
2025-05-31 15:44:37,196 [INFO] Lectura BMP390
2025-05-31 15:44:37,381 [INFO] Lectura LTR390
2025-05-31 15:44:37,386 [INFO] Lectura desde ESP32-S3 por serial
2025-05-31 15:44:41,094 [INFO] Lectura datos climáticos NASA
2025-05-31 15:44:41,096 [INFO] Datos JSON preparados para envío
2025-05-31 15:44:42,147 [INFO] Lectura BMP390
2025-05-31 15:44:42,327 [INFO] Lectura LTR390
2025-05-31 15:44:42,333 [INFO] Lectura desde ESP32-S3 por serial
2025-05-31 15:44:45,982 [INFO] Lectura datos climáticos NASA
2025-05-31 15:44:45,985 [INFO] Datos JSON preparados para envío
2025-05-31 15:44:47,039 [INFO] Lectura BMP390
2025-05-31 15:44:47,219 [INFO] Lectura LTR390
2025-05-31 15:44:47,225 [INFO] Lectura desde ESP32-S3 por serial
2025-05-31 15:44:50,576 [INFO] Lectura datos climáticos NASA
2025-05-31 15:44:50,579 [INFO] Datos JSON preparados para envío
2025-05-31 15:44:51,633 [INFO] Lectura BMP390
2025-05-31 15:44:51,816 [INFO] Lectura LTR390
2025-05-31 15:44:51,823 [INFO] Lectura desde ESP32-S3 por serial
2025-05-31 15:44:55,604 [INFO] Lectura datos climáticos NASA
2025-05-31 15:44:55,607 [INFO] Datos JSON preparados para envío
2025-05-31 15:44:56,664 [INFO] Lectura BMP390
2025-05-31 15:44:56,844 [INFO] Lectura LTR390
2025-05-31 15:44:56,850 [INFO] Lectura desde ESP32-S3 por serial
2025-05-31 15:45:00,252 [INFO] Lectura datos climáticos NASA
2025-05-31 15:45:00,255 [INFO] Datos JSON preparados para envío
2025-05-31 15:45:01,309 [INFO] Lectura BMP390
2025-05-31 15:45:01,489 [INFO] Lectura LTR390
2025-05-31 15:45:01,496 [INFO] Lectura desde ESP32-S3 por serial
2025-05-31 15:45:05,177 [INFO] Lectura datos climáticos NASA
2025-05-31 15:45:05,178 [INFO] Datos JSON preparados para envío
2025-05-31 15:45:06,228 [INFO] Lectura BMP390
2025-05-31 15:45:06,406 [INFO] Lectura LTR390
2025-05-31 15:45:06,413 [INFO] Lectura desde ESP32-S3 por serial
2025-05-31 15:45:10,883 [INFO] Lectura datos climáticos NASA
2025-05-31 15:45:10,886 [INFO] Datos JSON preparados para envío
2025-05-31 15:45:11,939 [INFO] Lectura BMP390
2025-05-31 15:45:12,122 [INFO] Lectura LTR390
2025-05-31 15:45:12,128 [INFO] Lectura desde ESP32-S3 por serial
2025-05-31 15:45:15,763 [INFO] Lectura datos climáticos NASA
2025-05-31 15:45:15,766 [INFO] Datos JSON preparados para envío
2025-05-31 15:45:16,816 [INFO] Lectura BMP390
2025-05-31 15:45:16,997 [INFO] Lectura LTR390
2025-05-31 15:45:17,001 [INFO] Lectura desde ESP32-S3 por serial
2025-05-31 15:45:21,596 [INFO] Lectura datos climáticos NASA
2025-05-31 15:45:21,598 [INFO] Datos JSON preparados para envío
2025-05-31 15:45:22,651 [INFO] Lectura BMP390
2025-05-31 15:45:22,836 [INFO] Lectura LTR390
2025-05-31 15:45:22,841 [INFO] Lectura desde ESP32-S3 por serial
2025-05-31 15:45:26,441 [INFO] Lectura datos climáticos NASA
2025-05-31 15:45:26,445 [INFO] Datos JSON preparados para envío
2025-05-31 15:45:27,497 [INFO] Lectura BMP390
2025-05-31 15:45:27,677 [INFO] Lectura LTR390
2025-05-31 15:45:27,683 [INFO] Lectura desde ESP32-S3 por serial
2025-05-31 15:45:31,214 [INFO] Lectura datos climáticos NASA
2025-05-31 15:45:31,218 [INFO] Datos JSON preparados para envío
2025-05-31 15:45:32,271 [INFO] Lectura BMP390
2025-05-31 15:45:32,454 [INFO] Lectura LTR390
2025-05-31 15:45:32,460 [INFO] Lectura desde ESP32-S3 por serial
2025-05-31 15:45:36,130 [INFO] Lectura datos climáticos NASA
2025-05-31 15:45:36,133 [INFO] Datos JSON preparados para envío
2025-05-31 15:45:37,186 [INFO] Lectura BMP390
2025-05-31 15:45:37,367 [INFO] Lectura LTR390
2025-05-31 15:45:37,373 [INFO] Lectura desde ESP32-S3 por serial
2025-05-31 15:45:41,035 [INFO] Lectura datos climáticos NASA
2025-05-31 15:45:41,037 [INFO] Datos JSON preparados para envío
2025-05-31 15:45:42,087 [INFO] Lectura BMP390
2025-05-31 15:45:42,263 [INFO] Lectura LTR390
2025-05-31 15:45:42,266 [INFO] Lectura desde ESP32-S3 por serial
2025-05-31 15:45:46,052 [INFO] Lectura datos climáticos NASA
2025-05-31 15:45:46,055 [INFO] Datos JSON preparados para envío
2025-05-31 15:45:47,108 [INFO] Lectura BMP390
2025-05-31 15:45:47,288 [INFO] Lectura LTR390
2025-05-31 15:45:47,294 [INFO] Lectura desde ESP32-S3 por serial
2025-05-31 15:45:51,654 [INFO] Lectura datos climáticos NASA
2025-05-31 15:45:51,657 [INFO] Datos JSON preparados para envío
2025-05-31 15:45:52,713 [INFO] Lectura BMP390
2025-05-31 15:45:52,896 [INFO] Lectura LTR390
2025-05-31 15:45:52,902 [INFO] Lectura desde ESP32-S3 por serial
2025-05-31 15:45:57,709 [INFO] Lectura datos climáticos NASA
2025-05-31 15:45:57,712 [INFO] Datos JSON preparados para envío
2025-05-31 15:45:58,765 [INFO] Lectura BMP390
2025-05-31 15:45:58,945 [INFO] Lectura LTR390
2025-05-31 15:45:58,951 [INFO] Lectura desde ESP32-S3 por serial
2025-05-31 15:46:02,937 [INFO] Lectura datos climáticos NASA
2025-05-31 15:46:02,940 [INFO] Datos JSON preparados para envío
2025-05-31 15:46:03,995 [INFO] Lectura BMP390
2025-05-31 15:46:04,175 [INFO] Lectura LTR390
2025-05-31 15:46:04,181 [INFO] Lectura desde ESP32-S3 por serial
2025-05-31 15:46:08,157 [INFO] Lectura datos climáticos NASA
2025-05-31 15:46:08,161 [INFO] Datos JSON preparados para envío
2025-05-31 15:46:09,215 [INFO] Lectura BMP390
2025-05-31 15:46:09,395 [INFO] Lectura LTR390
2025-05-31 15:46:09,402 [INFO] Lectura desde ESP32-S3 por serial
2025-05-31 15:46:13,171 [INFO] Lectura datos climáticos NASA
2025-05-31 15:46:13,174 [INFO] Datos JSON preparados para envío
2025-05-31 15:46:14,228 [INFO] Lectura BMP390
2025-05-31 15:46:14,410 [INFO] Lectura LTR390
2025-05-31 15:46:14,415 [INFO] Lectura desde ESP32-S3 por serial
2025-05-31 15:46:18,181 [INFO] Lectura datos climáticos NASA
2025-05-31 15:46:18,183 [INFO] Datos JSON preparados para envío
2025-05-31 15:46:19,236 [INFO] Lectura BMP390
2025-05-31 15:46:19,415 [INFO] Lectura LTR390
2025-05-31 15:46:19,418 [INFO] Lectura desde ESP32-S3 por serial
2025-05-31 15:46:23,813 [INFO] Lectura datos climáticos NASA
2025-05-31 15:46:23,816 [INFO] Datos JSON preparados para envío
2025-05-31 15:46:24,869 [INFO] Lectura BMP390
2025-05-31 15:46:25,053 [INFO] Lectura LTR390
2025-05-31 15:46:25,060 [INFO] Lectura desde ESP32-S3 por serial
2025-05-31 15:46:28,828 [INFO] Lectura datos climáticos NASA
2025-05-31 15:46:28,831 [INFO] Datos JSON preparados para envío
2025-05-31 15:46:29,883 [INFO] Lectura BMP390
2025-05-31 15:46:30,061 [INFO] Lectura LTR390
2025-05-31 15:46:30,065 [INFO] Lectura desde ESP32-S3 por serial
2025-05-31 15:46:34,137 [INFO] Lectura datos climáticos NASA
2025-05-31 15:46:34,140 [INFO] Datos JSON preparados para envío
2025-05-31 15:46:35,194 [INFO] Lectura BMP390
2025-05-31 15:46:35,376 [INFO] Lectura LTR390
2025-05-31 15:46:35,382 [INFO] Lectura desde ESP32-S3 por serial
2025-05-31 15:46:39,240 [INFO] Lectura datos climáticos NASA
2025-05-31 15:46:39,243 [INFO] Datos JSON preparados para envío
2025-05-31 15:46:40,296 [INFO] Lectura BMP390
2025-05-31 15:46:40,476 [INFO] Lectura LTR390
2025-05-31 15:46:40,483 [INFO] Lectura desde ESP32-S3 por serial
2025-05-31 15:46:43,561 [INFO] Lectura datos climáticos NASA
2025-05-31 15:46:43,562 [INFO] Datos JSON preparados para envío
2025-05-31 15:46:44,613 [INFO] Lectura BMP390
2025-05-31 15:46:44,793 [INFO] Lectura LTR390
2025-05-31 15:46:44,801 [INFO] Lectura desde ESP32-S3 por serial
2025-05-31 15:46:48,074 [INFO] Lectura datos climáticos NASA
2025-05-31 15:46:48,076 [INFO] Datos JSON preparados para envío
2025-05-31 15:46:49,133 [INFO] Lectura BMP390
2025-05-31 15:46:49,313 [INFO] Lectura LTR390
2025-05-31 15:46:49,319 [INFO] Lectura desde ESP32-S3 por serial
2025-05-31 15:46:53,389 [INFO] Lectura datos climáticos NASA
2025-05-31 15:46:53,392 [INFO] Datos JSON preparados para envío
2025-05-31 15:46:54,444 [INFO] Lectura BMP390
2025-05-31 15:46:54,620 [INFO] Lectura LTR390
2025-05-31 15:46:54,623 [INFO] Lectura desde ESP32-S3 por serial
2025-05-31 15:46:58,404 [INFO] Lectura datos climáticos NASA
2025-05-31 15:46:58,407 [INFO] Datos JSON preparados para envío
2025-05-31 15:46:59,461 [INFO] Lectura BMP390
2025-05-31 15:46:59,641 [INFO] Lectura LTR390
2025-05-31 15:46:59,647 [INFO] Lectura desde ESP32-S3 por serial
2025-05-31 15:47:03,418 [INFO] Lectura datos climáticos NASA
2025-05-31 15:47:03,422 [INFO] Datos JSON preparados para envío
2025-05-31 15:47:04,480 [INFO] Lectura BMP390
2025-05-31 15:47:04,661 [INFO] Lectura LTR390
2025-05-31 15:47:04,667 [INFO] Lectura desde ESP32-S3 por serial
2025-05-31 15:47:08,638 [INFO] Lectura datos climáticos NASA
2025-05-31 15:47:08,641 [INFO] Datos JSON preparados para envío
2025-05-31 15:47:09,697 [INFO] Lectura BMP390
2025-05-31 15:47:09,877 [INFO] Lectura LTR390
2025-05-31 15:47:09,882 [INFO] Lectura desde ESP32-S3 por serial
2025-05-31 15:47:14,404 [INFO] Lectura datos climáticos NASA
2025-05-31 15:47:14,407 [INFO] Datos JSON preparados para envío
2025-05-31 15:47:15,459 [INFO] Lectura BMP390
2025-05-31 15:47:15,642 [INFO] Lectura LTR390
2025-05-31 15:47:15,649 [INFO] Lectura desde ESP32-S3 por serial
2025-05-31 15:47:19,380 [INFO] Lectura datos climáticos NASA
2025-05-31 15:47:19,382 [INFO] Datos JSON preparados para envío
2025-05-31 15:47:20,431 [INFO] Lectura BMP390
2025-05-31 15:47:20,608 [INFO] Lectura LTR390
2025-05-31 15:47:20,611 [INFO] Lectura desde ESP32-S3 por serial
2025-05-31 15:47:25,526 [INFO] Lectura datos climáticos NASA
2025-05-31 15:47:25,529 [INFO] Datos JSON preparados para envío
2025-05-31 15:47:26,583 [INFO] Lectura BMP390
2025-05-31 15:47:26,763 [INFO] Lectura LTR390
2025-05-31 15:47:26,769 [INFO] Lectura desde ESP32-S3 por serial
2025-05-31 15:47:31,253 [INFO] Lectura datos climáticos NASA
2025-05-31 15:47:31,255 [INFO] Datos JSON preparados para envío
2025-05-31 15:47:32,309 [INFO] Lectura BMP390
2025-05-31 15:47:32,491 [INFO] Lectura LTR390
2025-05-31 15:47:32,497 [INFO] Lectura desde ESP32-S3 por serial
2025-05-31 15:47:36,783 [INFO] Lectura datos climáticos NASA
2025-05-31 15:47:36,791 [INFO] Datos JSON preparados para envío
2025-05-31 15:47:37,844 [INFO] Lectura BMP390
2025-05-31 15:47:38,024 [INFO] Lectura LTR390
2025-05-31 15:47:38,030 [INFO] Lectura desde ESP32-S3 por serial
2025-05-31 15:47:41,800 [INFO] Lectura datos climáticos NASA
2025-05-31 15:47:41,803 [INFO] Datos JSON preparados para envío
2025-05-31 15:47:42,856 [INFO] Lectura BMP390
2025-05-31 15:47:43,035 [INFO] Lectura LTR390
2025-05-31 15:47:43,038 [INFO] Lectura desde ESP32-S3 por serial
2025-05-31 15:47:46,812 [INFO] Lectura datos climáticos NASA
2025-05-31 15:47:46,815 [INFO] Datos JSON preparados para envío
2025-05-31 15:47:47,868 [INFO] Lectura BMP390
2025-05-31 15:47:48,053 [INFO] Lectura LTR390
2025-05-31 15:47:48,059 [INFO] Lectura desde ESP32-S3 por serial
2025-05-31 15:47:51,737 [INFO] Lectura datos climáticos NASA
2025-05-31 15:47:51,740 [INFO] Datos JSON preparados para envío
2025-05-31 15:47:52,793 [INFO] Lectura BMP390
2025-05-31 15:47:52,978 [INFO] Lectura LTR390
2025-05-31 15:47:52,983 [INFO] Lectura desde ESP32-S3 por serial
2025-05-31 15:47:56,631 [INFO] Lectura datos climáticos NASA
2025-05-31 15:47:56,632 [INFO] Datos JSON preparados para envío
2025-05-31 15:47:57,685 [INFO] Lectura BMP390
2025-05-31 15:47:57,866 [INFO] Lectura LTR390
2025-05-31 15:47:57,873 [INFO] Lectura desde ESP32-S3 por serial
2025-05-31 15:48:01,649 [INFO] Lectura datos climáticos NASA
2025-05-31 15:48:01,652 [INFO] Datos JSON preparados para envío
2025-05-31 15:48:02,705 [INFO] Lectura BMP390
2025-05-31 15:48:02,884 [INFO] Lectura LTR390
2025-05-31 15:48:02,890 [INFO] Lectura desde ESP32-S3 por serial
2025-05-31 15:48:06,562 [INFO] Lectura datos climáticos NASA
2025-05-31 15:48:06,564 [INFO] Datos JSON preparados para envío
2025-05-31 15:48:07,618 [INFO] Lectura BMP390
2025-05-31 15:48:07,795 [INFO] Lectura LTR390
2025-05-31 15:48:07,798 [INFO] Lectura desde ESP32-S3 por serial
2025-05-31 15:48:11,372 [INFO] Lectura datos climáticos NASA
2025-05-31 15:48:11,375 [INFO] Datos JSON preparados para envío
2025-05-31 15:48:12,427 [INFO] Lectura BMP390
2025-05-31 15:48:12,610 [INFO] Lectura LTR390
2025-05-31 15:48:12,616 [INFO] Lectura desde ESP32-S3 por serial
2025-05-31 15:48:16,604 [INFO] Lectura datos climáticos NASA
2025-05-31 15:48:16,607 [INFO] Datos JSON preparados para envío
2025-05-31 15:48:17,660 [INFO] Lectura BMP390
2025-05-31 15:48:17,840 [INFO] Lectura LTR390
2025-05-31 15:48:17,847 [INFO] Lectura desde ESP32-S3 por serial
2025-05-31 15:48:21,535 [INFO] Lectura datos climáticos NASA
2025-05-31 15:48:21,538 [INFO] Datos JSON preparados para envío
2025-05-31 15:48:22,593 [INFO] Lectura BMP390
2025-05-31 15:48:22,773 [INFO] Lectura LTR390
2025-05-31 15:48:22,779 [INFO] Lectura desde ESP32-S3 por serial
2025-05-31 15:48:26,518 [INFO] Lectura datos climáticos NASA
2025-05-31 15:48:26,521 [INFO] Datos JSON preparados para envío
2025-05-31 15:48:27,576 [INFO] Lectura BMP390
2025-05-31 15:48:27,756 [INFO] Lectura LTR390
2025-05-31 15:48:27,762 [INFO] Lectura desde ESP32-S3 por serial
2025-05-31 15:48:32,246 [INFO] Lectura datos climáticos NASA
2025-05-31 15:48:32,249 [INFO] Datos JSON preparados para envío
2025-05-31 15:48:33,301 [INFO] Lectura BMP390
2025-05-31 15:48:33,480 [INFO] Lectura LTR390
2025-05-31 15:48:33,486 [INFO] Lectura desde ESP32-S3 por serial
2025-05-31 15:48:37,467 [INFO] Lectura datos climáticos NASA
2025-05-31 15:48:37,470 [INFO] Datos JSON preparados para envío
2025-05-31 15:48:38,523 [INFO] Lectura BMP390
2025-05-31 15:48:38,705 [INFO] Lectura LTR390
2025-05-31 15:48:38,711 [INFO] Lectura desde ESP32-S3 por serial
2025-05-31 15:48:41,868 [INFO] Lectura datos climáticos NASA
2025-05-31 15:48:41,871 [INFO] Datos JSON preparados para envío
2025-05-31 15:48:42,923 [INFO] Lectura BMP390
2025-05-31 15:48:43,103 [INFO] Lectura LTR390
2025-05-31 15:48:43,109 [INFO] Lectura desde ESP32-S3 por serial
2025-05-31 15:48:47,189 [INFO] Lectura datos climáticos NASA
2025-05-31 15:48:47,192 [INFO] Datos JSON preparados para envío
2025-05-31 15:48:48,245 [INFO] Lectura BMP390
2025-05-31 15:48:48,433 [INFO] Lectura LTR390
2025-05-31 15:48:48,440 [INFO] Lectura desde ESP32-S3 por serial
2025-05-31 15:48:52,000 [INFO] Lectura datos climáticos NASA
2025-05-31 15:48:52,002 [INFO] Datos JSON preparados para envío
2025-05-31 15:48:53,055 [INFO] Lectura BMP390
2025-05-31 15:48:53,236 [INFO] Lectura LTR390
2025-05-31 15:48:53,242 [INFO] Lectura desde ESP32-S3 por serial
2025-05-31 15:48:56,601 [INFO] Lectura datos climáticos NASA
2025-05-31 15:48:56,602 [INFO] Datos JSON preparados para envío
2025-05-31 15:48:57,655 [INFO] Lectura BMP390
2025-05-31 15:48:57,837 [INFO] Lectura LTR390
2025-05-31 15:48:57,843 [INFO] Lectura desde ESP32-S3 por serial
2025-05-31 15:49:00,904 [INFO] Lectura datos climáticos NASA
2025-05-31 15:49:00,907 [INFO] Datos JSON preparados para envío
2025-05-31 15:49:01,959 [INFO] Lectura BMP390
2025-05-31 15:49:02,140 [INFO] Lectura LTR390
2025-05-31 15:49:02,146 [INFO] Lectura desde ESP32-S3 por serial
2025-05-31 15:49:06,326 [INFO] Lectura datos climáticos NASA
2025-05-31 15:49:06,331 [INFO] Datos JSON preparados para envío
2025-05-31 15:49:07,383 [INFO] Lectura BMP390
2025-05-31 15:49:07,566 [INFO] Lectura LTR390
2025-05-31 15:49:07,573 [INFO] Lectura desde ESP32-S3 por serial
2025-05-31 15:49:11,340 [INFO] Lectura datos climáticos NASA
2025-05-31 15:49:11,343 [INFO] Datos JSON preparados para envío
2025-05-31 15:49:12,396 [INFO] Lectura BMP390
2025-05-31 15:49:12,575 [INFO] Lectura LTR390
2025-05-31 15:49:12,580 [INFO] Lectura desde ESP32-S3 por serial
2025-05-31 15:49:16,454 [INFO] Lectura datos climáticos NASA
2025-05-31 15:49:16,456 [INFO] Datos JSON preparados para envío
2025-05-31 15:49:17,508 [INFO] Lectura BMP390
2025-05-31 15:49:17,688 [INFO] Lectura LTR390
2025-05-31 15:49:17,694 [INFO] Lectura desde ESP32-S3 por serial
2025-05-31 15:49:21,265 [INFO] Lectura datos climáticos NASA
2025-05-31 15:49:21,266 [INFO] Datos JSON preparados para envío
2025-05-31 15:49:22,318 [INFO] Lectura BMP390
2025-05-31 15:49:22,499 [INFO] Lectura LTR390
2025-05-31 15:49:22,505 [INFO] Lectura desde ESP32-S3 por serial
2025-05-31 15:49:25,668 [INFO] Lectura datos climáticos NASA
2025-05-31 15:49:25,671 [INFO] Datos JSON preparados para envío
2025-05-31 15:49:26,725 [INFO] Lectura BMP390
2025-05-31 15:49:26,909 [INFO] Lectura LTR390
2025-05-31 15:49:26,915 [INFO] Lectura desde ESP32-S3 por serial
2025-05-31 15:49:30,682 [INFO] Lectura datos climáticos NASA
2025-05-31 15:49:30,685 [INFO] Datos JSON preparados para envío
2025-05-31 15:49:31,738 [INFO] Lectura BMP390
2025-05-31 15:49:31,918 [INFO] Lectura LTR390
2025-05-31 15:49:31,924 [INFO] Lectura desde ESP32-S3 por serial
2025-05-31 15:49:36,005 [INFO] Lectura datos climáticos NASA
2025-05-31 15:49:36,010 [INFO] Datos JSON preparados para envío
2025-05-31 15:49:37,062 [INFO] Lectura BMP390
2025-05-31 15:49:37,245 [INFO] Lectura LTR390
2025-05-31 15:49:37,251 [INFO] Lectura desde ESP32-S3 por serial
2025-05-31 15:49:40,404 [INFO] Lectura datos climáticos NASA
2025-05-31 15:49:40,407 [INFO] Datos JSON preparados para envío
2025-05-31 15:49:41,460 [INFO] Lectura BMP390
2025-05-31 15:49:41,643 [INFO] Lectura LTR390
2025-05-31 15:49:41,649 [INFO] Lectura desde ESP32-S3 por serial
2025-05-31 15:49:45,210 [INFO] Lectura datos climáticos NASA
2025-05-31 15:49:45,212 [INFO] Datos JSON preparados para envío
2025-05-31 15:49:46,269 [INFO] Lectura BMP390
2025-05-31 15:49:46,451 [INFO] Lectura LTR390
2025-05-31 15:49:46,457 [INFO] Lectura desde ESP32-S3 por serial
2025-05-31 15:49:50,332 [INFO] Lectura datos climáticos NASA
2025-05-31 15:49:50,339 [INFO] Datos JSON preparados para envío
2025-05-31 15:49:51,393 [INFO] Lectura BMP390
2025-05-31 15:49:51,575 [INFO] Lectura LTR390
2025-05-31 15:49:51,581 [INFO] Lectura desde ESP32-S3 por serial
2025-05-31 15:49:55,383 [INFO] Lectura datos climáticos NASA
2025-05-31 15:49:55,386 [INFO] Datos JSON preparados para envío
2025-05-31 15:49:56,441 [INFO] Lectura BMP390
2025-05-31 15:49:56,619 [INFO] Lectura LTR390
2025-05-31 15:49:56,623 [INFO] Lectura desde ESP32-S3 por serial
2025-05-31 15:50:00,144 [INFO] Lectura datos climáticos NASA
2025-05-31 15:50:00,147 [INFO] Datos JSON preparados para envío
2025-05-31 15:50:01,203 [INFO] Lectura BMP390
2025-05-31 15:50:01,383 [INFO] Lectura LTR390
2025-05-31 15:50:01,389 [INFO] Lectura desde ESP32-S3 por serial
2025-05-31 15:50:05,404 [INFO] Lectura datos climáticos NASA
2025-05-31 15:50:05,407 [INFO] Datos JSON preparados para envío
2025-05-31 15:50:06,459 [INFO] Lectura BMP390
2025-05-31 15:50:06,638 [INFO] Lectura LTR390
2025-05-31 15:50:06,644 [INFO] Lectura desde ESP32-S3 por serial
2025-05-31 15:50:09,884 [INFO] Lectura datos climáticos NASA
2025-05-31 15:50:09,885 [INFO] Datos JSON preparados para envío
2025-05-31 15:50:10,939 [INFO] Lectura BMP390
2025-05-31 15:50:11,123 [INFO] Lectura LTR390
2025-05-31 15:50:11,128 [INFO] Lectura desde ESP32-S3 por serial
2025-05-31 15:50:15,406 [INFO] Lectura datos climáticos NASA
2025-05-31 15:50:15,409 [INFO] Datos JSON preparados para envío
2025-05-31 15:50:16,464 [INFO] Lectura BMP390
2025-05-31 15:50:16,647 [INFO] Lectura LTR390
2025-05-31 15:50:16,653 [INFO] Lectura desde ESP32-S3 por serial
2025-05-31 15:50:21,278 [INFO] Lectura datos climáticos NASA
2025-05-31 15:50:21,280 [INFO] Datos JSON preparados para envío
2025-05-31 15:50:22,332 [INFO] Lectura BMP390
2025-05-31 15:50:22,515 [INFO] Lectura LTR390
2025-05-31 15:50:22,517 [INFO] Lectura desde ESP32-S3 por serial
2025-05-31 15:50:26,557 [INFO] Lectura datos climáticos NASA
2025-05-31 15:50:26,561 [INFO] Datos JSON preparados para envío
2025-05-31 15:50:27,613 [INFO] Lectura BMP390
2025-05-31 15:50:27,793 [INFO] Lectura LTR390
2025-05-31 15:50:27,799 [INFO] Lectura desde ESP32-S3 por serial
2025-05-31 15:50:31,674 [INFO] Lectura datos climáticos NASA
2025-05-31 15:50:31,677 [INFO] Datos JSON preparados para envío
2025-05-31 15:50:32,738 [INFO] Lectura BMP390
2025-05-31 15:50:32,917 [INFO] Lectura LTR390
2025-05-31 15:50:32,920 [INFO] Lectura desde ESP32-S3 por serial
2025-05-31 15:50:37,302 [INFO] Lectura datos climáticos NASA
2025-05-31 15:50:37,305 [INFO] Datos JSON preparados para envío
2025-05-31 15:50:38,360 [INFO] Lectura BMP390
2025-05-31 15:50:38,544 [INFO] Lectura LTR390
2025-05-31 15:50:38,550 [INFO] Lectura desde ESP32-S3 por serial
2025-05-31 15:50:41,600 [INFO] Lectura datos climáticos NASA
2025-05-31 15:50:41,603 [INFO] Datos JSON preparados para envío
2025-05-31 15:50:42,656 [INFO] Lectura BMP390
2025-05-31 15:50:42,836 [INFO] Lectura LTR390
2025-05-31 15:50:42,842 [INFO] Lectura desde ESP32-S3 por serial
2025-05-31 15:50:46,109 [INFO] Lectura datos climáticos NASA
2025-05-31 15:50:46,111 [INFO] Datos JSON preparados para envío
2025-05-31 15:50:47,164 [INFO] Lectura BMP390
2025-05-31 15:50:47,343 [INFO] Lectura LTR390
2025-05-31 15:50:47,349 [INFO] Lectura desde ESP32-S3 por serial
2025-05-31 15:50:51,384 [INFO] Lectura datos climáticos NASA
2025-05-31 15:50:51,387 [INFO] Datos JSON preparados para envío
2025-05-31 15:50:52,439 [INFO] Lectura BMP390
2025-05-31 15:50:52,619 [INFO] Lectura LTR390
2025-05-31 15:50:52,624 [INFO] Lectura desde ESP32-S3 por serial
2025-05-31 15:50:56,953 [INFO] Lectura datos climáticos NASA
2025-05-31 15:50:56,961 [INFO] Datos JSON preparados para envío
2025-05-31 15:50:58,015 [INFO] Lectura BMP390
2025-05-31 15:50:58,195 [INFO] Lectura LTR390
2025-05-31 15:50:58,197 [INFO] Lectura desde ESP32-S3 por serial
2025-05-31 15:51:08,551 [INFO] Lectura datos climáticos NASA
2025-05-31 15:51:08,554 [INFO] Datos JSON preparados para envío
2025-05-31 15:51:09,607 [INFO] Lectura BMP390
2025-05-31 15:51:09,783 [INFO] Lectura LTR390
2025-05-31 15:51:09,786 [INFO] Lectura desde ESP32-S3 por serial
2025-05-31 15:51:13,425 [INFO] Lectura datos climáticos NASA
2025-05-31 15:51:13,427 [INFO] Datos JSON preparados para envío
2025-05-31 15:51:14,483 [INFO] Lectura BMP390
2025-05-31 15:51:14,663 [INFO] Lectura LTR390
2025-05-31 15:51:14,668 [INFO] Lectura desde ESP32-S3 por serial
2025-05-31 15:51:18,033 [INFO] Lectura datos climáticos NASA
2025-05-31 15:51:18,036 [INFO] Datos JSON preparados para envío
2025-05-31 15:51:19,088 [INFO] Lectura BMP390
2025-05-31 15:51:19,270 [INFO] Lectura LTR390
2025-05-31 15:51:19,276 [INFO] Lectura desde ESP32-S3 por serial
2025-05-31 15:51:22,950 [INFO] Lectura datos climáticos NASA
2025-05-31 15:51:22,951 [INFO] Datos JSON preparados para envío
2025-05-31 15:51:24,004 [INFO] Lectura BMP390
2025-05-31 15:51:24,186 [INFO] Lectura LTR390
2025-05-31 15:51:24,192 [INFO] Lectura desde ESP32-S3 por serial
2025-05-31 15:51:28,572 [INFO] Lectura datos climáticos NASA
2025-05-31 15:51:28,575 [INFO] Datos JSON preparados para envío
2025-05-31 15:51:29,628 [INFO] Lectura BMP390
2025-05-31 15:51:29,809 [INFO] Lectura LTR390
2025-05-31 15:51:29,815 [INFO] Lectura desde ESP32-S3 por serial
2025-05-31 15:51:34,000 [INFO] Lectura datos climáticos NASA
2025-05-31 15:51:34,001 [INFO] Datos JSON preparados para envío
2025-05-31 15:51:35,051 [INFO] Lectura BMP390
2025-05-31 15:51:35,229 [INFO] Lectura LTR390
2025-05-31 15:51:35,232 [INFO] Lectura desde ESP32-S3 por serial
2025-05-31 15:51:39,276 [INFO] Lectura datos climáticos NASA
2025-05-31 15:51:39,279 [INFO] Datos JSON preparados para envío
2025-05-31 15:51:40,331 [INFO] Lectura BMP390
2025-05-31 15:51:40,511 [INFO] Lectura LTR390
2025-05-31 15:51:40,517 [INFO] Lectura desde ESP32-S3 por serial
2025-05-31 15:51:43,823 [INFO] Lectura datos climáticos NASA
2025-05-31 15:51:43,825 [INFO] Datos JSON preparados para envío
2025-05-31 15:51:44,878 [INFO] Lectura BMP390
2025-05-31 15:51:45,060 [INFO] Lectura LTR390
2025-05-31 15:51:45,066 [INFO] Lectura desde ESP32-S3 por serial
2025-05-31 15:51:48,631 [INFO] Lectura datos climáticos NASA
2025-05-31 15:51:48,634 [INFO] Datos JSON preparados para envío
2025-05-31 15:51:49,690 [INFO] Lectura BMP390
2025-05-31 15:51:49,871 [INFO] Lectura LTR390
2025-05-31 15:51:49,877 [INFO] Lectura desde ESP32-S3 por serial
2025-05-31 15:51:54,054 [INFO] Lectura datos climáticos NASA
2025-05-31 15:51:54,059 [INFO] Datos JSON preparados para envío
2025-05-31 15:51:55,113 [INFO] Lectura BMP390
2025-05-31 15:51:55,293 [INFO] Lectura LTR390
2025-05-31 15:51:55,300 [INFO] Lectura desde ESP32-S3 por serial
2025-05-31 15:51:58,861 [INFO] Lectura datos climáticos NASA
2025-05-31 15:51:58,862 [INFO] Datos JSON preparados para envío
2025-05-31 15:51:59,912 [INFO] Lectura BMP390
2025-05-31 15:52:00,088 [INFO] Lectura LTR390
2025-05-31 15:52:00,090 [INFO] Lectura desde ESP32-S3 por serial
2025-05-31 15:52:03,367 [INFO] Lectura datos climáticos NASA
2025-05-31 15:52:03,369 [INFO] Datos JSON preparados para envío
2025-05-31 15:52:04,422 [INFO] Lectura BMP390
2025-05-31 15:52:04,603 [INFO] Lectura LTR390
2025-05-31 15:52:04,609 [INFO] Lectura desde ESP32-S3 por serial
2025-05-31 15:52:09,609 [INFO] Lectura datos climáticos NASA
2025-05-31 15:52:09,612 [INFO] Datos JSON preparados para envío
2025-05-31 15:52:10,670 [INFO] Lectura BMP390
2025-05-31 15:52:10,850 [INFO] Lectura LTR390
2025-05-31 15:52:10,852 [INFO] Lectura desde ESP32-S3 por serial
2025-05-31 15:52:15,444 [INFO] Lectura datos climáticos NASA
2025-05-31 15:52:15,446 [INFO] Datos JSON preparados para envío
2025-05-31 15:52:16,500 [INFO] Lectura BMP390
2025-05-31 15:52:16,679 [INFO] Lectura LTR390
2025-05-31 15:52:16,685 [INFO] Lectura desde ESP32-S3 por serial
2025-05-31 15:52:21,276 [INFO] Lectura datos climáticos NASA
2025-05-31 15:52:21,278 [INFO] Datos JSON preparados para envío
2025-05-31 15:52:22,335 [INFO] Lectura BMP390
2025-05-31 15:52:22,517 [INFO] Lectura LTR390
2025-05-31 15:52:22,520 [INFO] Lectura desde ESP32-S3 por serial
2025-05-31 15:52:25,983 [INFO] Lectura datos climáticos NASA
2025-05-31 15:52:25,986 [INFO] Datos JSON preparados para envío
2025-05-31 15:52:27,039 [INFO] Lectura BMP390
2025-05-31 15:52:27,221 [INFO] Lectura LTR390
2025-05-31 15:52:27,227 [INFO] Lectura desde ESP32-S3 por serial
2025-05-31 15:52:30,895 [INFO] Lectura datos climáticos NASA
2025-05-31 15:52:30,900 [INFO] Datos JSON preparados para envío
2025-05-31 15:52:31,952 [INFO] Lectura BMP390
2025-05-31 15:52:32,132 [INFO] Lectura LTR390
2025-05-31 15:52:32,138 [INFO] Lectura desde ESP32-S3 por serial
2025-05-31 15:52:36,632 [INFO] Lectura datos climáticos NASA
2025-05-31 15:52:36,635 [INFO] Datos JSON preparados para envío
2025-05-31 15:52:37,686 [INFO] Lectura BMP390
2025-05-31 15:52:37,868 [INFO] Lectura LTR390
2025-05-31 15:52:37,874 [INFO] Lectura desde ESP32-S3 por serial
2025-05-31 15:52:42,075 [INFO] Lectura datos climáticos NASA
2025-05-31 15:52:42,078 [INFO] Datos JSON preparados para envío
2025-05-31 15:52:43,131 [INFO] Lectura BMP390
2025-05-31 15:52:43,315 [INFO] Lectura LTR390
2025-05-31 15:52:43,321 [INFO] Lectura desde ESP32-S3 por serial
2025-05-31 15:52:47,472 [INFO] Lectura datos climáticos NASA
2025-05-31 15:52:47,473 [INFO] Datos JSON preparados para envío
2025-05-31 15:52:48,528 [INFO] Lectura BMP390
2025-05-31 15:52:48,706 [INFO] Lectura LTR390
2025-05-31 15:52:48,712 [INFO] Lectura desde ESP32-S3 por serial
2025-05-31 15:52:53,310 [INFO] Lectura datos climáticos NASA
2025-05-31 15:52:53,313 [INFO] Datos JSON preparados para envío
2025-05-31 15:52:54,366 [INFO] Lectura BMP390
2025-05-31 15:52:54,549 [INFO] Lectura LTR390
2025-05-31 15:52:54,555 [INFO] Lectura desde ESP32-S3 por serial
2025-05-31 15:52:58,537 [INFO] Lectura datos climáticos NASA
2025-05-31 15:52:58,540 [INFO] Datos JSON preparados para envío
2025-05-31 15:52:59,592 [INFO] Lectura BMP390
2025-05-31 15:52:59,770 [INFO] Lectura LTR390
2025-05-31 15:52:59,773 [INFO] Lectura desde ESP32-S3 por serial
2025-05-31 15:53:04,665 [INFO] Lectura datos climáticos NASA
2025-05-31 15:53:04,668 [INFO] Datos JSON preparados para envío
2025-05-31 15:53:05,721 [INFO] Lectura BMP390
2025-05-31 15:53:05,900 [INFO] Lectura LTR390
2025-05-31 15:53:05,907 [INFO] Lectura desde ESP32-S3 por serial
2025-05-31 15:53:09,884 [INFO] Lectura datos climáticos NASA
2025-05-31 15:53:09,887 [INFO] Datos JSON preparados para envío
2025-05-31 15:53:10,941 [INFO] Lectura BMP390
2025-05-31 15:53:11,118 [INFO] Lectura LTR390
2025-05-31 15:53:11,121 [INFO] Lectura desde ESP32-S3 por serial
2025-05-31 15:53:14,899 [INFO] Lectura datos climáticos NASA
2025-05-31 15:53:14,901 [INFO] Datos JSON preparados para envío
2025-05-31 15:53:15,953 [INFO] Lectura BMP390
2025-05-31 15:53:16,133 [INFO] Lectura LTR390
2025-05-31 15:53:16,138 [INFO] Lectura desde ESP32-S3 por serial
2025-05-31 15:53:20,116 [INFO] Lectura datos climáticos NASA
2025-05-31 15:53:20,118 [INFO] Datos JSON preparados para envío
2025-05-31 15:53:21,171 [INFO] Lectura BMP390
2025-05-31 15:53:21,351 [INFO] Lectura LTR390
2025-05-31 15:53:21,357 [INFO] Lectura desde ESP32-S3 por serial
2025-05-31 15:53:25,029 [INFO] Lectura datos climáticos NASA
2025-05-31 15:53:25,031 [INFO] Datos JSON preparados para envío
2025-05-31 15:53:26,086 [INFO] Lectura BMP390
2025-05-31 15:53:26,267 [INFO] Lectura LTR390
2025-05-31 15:53:26,273 [INFO] Lectura desde ESP32-S3 por serial
2025-05-31 15:53:29,840 [INFO] Lectura datos climáticos NASA
2025-05-31 15:53:29,843 [INFO] Datos JSON preparados para envío
2025-05-31 15:53:30,896 [INFO] Lectura BMP390
2025-05-31 15:53:31,078 [INFO] Lectura LTR390
2025-05-31 15:53:31,084 [INFO] Lectura desde ESP32-S3 por serial
2025-05-31 15:53:34,549 [INFO] Lectura datos climáticos NASA
2025-05-31 15:53:34,552 [INFO] Datos JSON preparados para envío
2025-05-31 15:53:35,601 [INFO] Lectura BMP390
2025-05-31 15:53:35,782 [INFO] Lectura LTR390
2025-05-31 15:53:35,784 [INFO] Lectura desde ESP32-S3 por serial
2025-05-31 15:53:40,019 [INFO] Lectura datos climáticos NASA
2025-05-31 15:53:40,022 [INFO] Datos JSON preparados para envío
2025-05-31 15:53:41,074 [INFO] Lectura BMP390
2025-05-31 15:53:41,259 [INFO] Lectura LTR390
2025-05-31 15:53:41,266 [INFO] Lectura desde ESP32-S3 por serial
2025-05-31 15:53:44,781 [INFO] Lectura datos climáticos NASA
2025-05-31 15:53:44,783 [INFO] Datos JSON preparados para envío
2025-05-31 15:53:45,836 [INFO] Lectura BMP390
2025-05-31 15:53:46,018 [INFO] Lectura LTR390
2025-05-31 15:53:46,024 [INFO] Lectura desde ESP32-S3 por serial
2025-05-31 15:53:49,590 [INFO] Lectura datos climáticos NASA
2025-05-31 15:53:49,593 [INFO] Datos JSON preparados para envío
2025-05-31 15:53:50,647 [INFO] Lectura BMP390
2025-05-31 15:53:50,826 [INFO] Lectura LTR390
2025-05-31 15:53:50,832 [INFO] Lectura desde ESP32-S3 por serial
2025-05-31 15:53:54,503 [INFO] Lectura datos climáticos NASA
2025-05-31 15:53:54,506 [INFO] Datos JSON preparados para envío
2025-05-31 15:53:55,559 [INFO] Lectura BMP390
2025-05-31 15:53:55,739 [INFO] Lectura LTR390
2025-05-31 15:53:55,745 [INFO] Lectura desde ESP32-S3 por serial
2025-05-31 15:53:59,719 [INFO] Lectura datos climáticos NASA
2025-05-31 15:53:59,721 [INFO] Datos JSON preparados para envío
2025-05-31 15:54:00,770 [INFO] Lectura BMP390
2025-05-31 15:54:00,952 [INFO] Lectura LTR390
2025-05-31 15:54:00,955 [INFO] Lectura desde ESP32-S3 por serial
2025-05-31 15:54:04,225 [INFO] Lectura datos climáticos NASA
2025-05-31 15:54:04,229 [INFO] Datos JSON preparados para envío
2025-05-31 15:54:05,282 [INFO] Lectura BMP390
2025-05-31 15:54:05,463 [INFO] Lectura LTR390
2025-05-31 15:54:05,469 [INFO] Lectura desde ESP32-S3 por serial
2025-05-31 15:54:09,345 [INFO] Lectura datos climáticos NASA
2025-05-31 15:54:09,348 [INFO] Datos JSON preparados para envío
2025-05-31 15:54:10,400 [INFO] Lectura BMP390
2025-05-31 15:54:10,581 [INFO] Lectura LTR390
2025-05-31 15:54:10,587 [INFO] Lectura desde ESP32-S3 por serial
2025-05-31 15:54:15,072 [INFO] Lectura datos climáticos NASA
2025-05-31 15:54:15,075 [INFO] Datos JSON preparados para envío
2025-05-31 15:54:16,128 [INFO] Lectura BMP390
2025-05-31 15:54:16,307 [INFO] Lectura LTR390
2025-05-31 15:54:16,313 [INFO] Lectura desde ESP32-S3 por serial
2025-05-31 15:54:20,395 [INFO] Lectura datos climáticos NASA
2025-05-31 15:54:20,397 [INFO] Datos JSON preparados para envío
2025-05-31 15:54:21,451 [INFO] Lectura BMP390
2025-05-31 15:54:21,633 [INFO] Lectura LTR390
2025-05-31 15:54:21,639 [INFO] Lectura desde ESP32-S3 por serial
2025-05-31 15:54:25,404 [INFO] Lectura datos climáticos NASA
2025-05-31 15:54:25,406 [INFO] Datos JSON preparados para envío
2025-05-31 15:54:26,458 [INFO] Lectura BMP390
2025-05-31 15:54:26,638 [INFO] Lectura LTR390
2025-05-31 15:54:26,644 [INFO] Lectura desde ESP32-S3 por serial
2025-05-31 15:54:30,525 [INFO] Lectura datos climáticos NASA
2025-05-31 15:54:30,528 [INFO] Datos JSON preparados para envío
2025-05-31 15:54:31,581 [INFO] Lectura BMP390
2025-05-31 15:54:31,761 [INFO] Lectura LTR390
2025-05-31 15:54:31,767 [INFO] Lectura desde ESP32-S3 por serial
2025-05-31 15:54:35,539 [INFO] Lectura datos climáticos NASA
2025-05-31 15:54:35,542 [INFO] Datos JSON preparados para envío
2025-05-31 15:54:36,593 [INFO] Lectura BMP390
2025-05-31 15:54:36,770 [INFO] Lectura LTR390
2025-05-31 15:54:36,774 [INFO] Lectura desde ESP32-S3 por serial
2025-05-31 15:54:40,247 [INFO] Lectura datos climáticos NASA
2025-05-31 15:54:40,250 [INFO] Datos JSON preparados para envío
2025-05-31 15:54:41,305 [INFO] Lectura BMP390
2025-05-31 15:54:41,487 [INFO] Lectura LTR390
2025-05-31 15:54:41,493 [INFO] Lectura desde ESP32-S3 por serial
2025-05-31 15:54:45,261 [INFO] Lectura datos climáticos NASA
2025-05-31 15:54:45,263 [INFO] Datos JSON preparados para envío
2025-05-31 15:54:46,315 [INFO] Lectura BMP390
2025-05-31 15:54:46,502 [INFO] Lectura LTR390
2025-05-31 15:54:46,507 [INFO] Lectura desde ESP32-S3 por serial
2025-05-31 15:54:50,171 [INFO] Lectura datos climáticos NASA
2025-05-31 15:54:50,173 [INFO] Datos JSON preparados para envío
2025-05-31 15:54:51,226 [INFO] Lectura BMP390
2025-05-31 15:54:51,405 [INFO] Lectura LTR390
2025-05-31 15:54:51,410 [INFO] Lectura desde ESP32-S3 por serial
2025-05-31 15:54:54,780 [INFO] Lectura datos climáticos NASA
2025-05-31 15:54:54,783 [INFO] Datos JSON preparados para envío
2025-05-31 15:54:55,836 [INFO] Lectura BMP390
2025-05-31 15:54:56,018 [INFO] Lectura LTR390
2025-05-31 15:54:56,025 [INFO] Lectura desde ESP32-S3 por serial
2025-05-31 15:54:59,792 [INFO] Lectura datos climáticos NASA
2025-05-31 15:54:59,795 [INFO] Datos JSON preparados para envío
2025-05-31 15:55:00,849 [INFO] Lectura BMP390
2025-05-31 15:55:01,028 [INFO] Lectura LTR390
2025-05-31 15:55:01,031 [INFO] Lectura desde ESP32-S3 por serial
2025-05-31 15:55:04,398 [INFO] Lectura datos climáticos NASA
2025-05-31 15:55:04,401 [INFO] Datos JSON preparados para envío
2025-05-31 15:55:05,454 [INFO] Lectura BMP390
2025-05-31 15:55:05,634 [INFO] Lectura LTR390
2025-05-31 15:55:05,640 [INFO] Lectura desde ESP32-S3 por serial
2025-05-31 15:55:09,208 [INFO] Lectura datos climáticos NASA
2025-05-31 15:55:09,211 [INFO] Datos JSON preparados para envío
2025-05-31 15:55:10,265 [INFO] Lectura BMP390
2025-05-31 15:55:10,449 [INFO] Lectura LTR390
2025-05-31 15:55:10,459 [INFO] Lectura desde ESP32-S3 por serial
2025-05-31 15:55:14,322 [INFO] Lectura datos climáticos NASA
2025-05-31 15:55:14,324 [INFO] Datos JSON preparados para envío
2025-05-31 15:55:15,375 [INFO] Lectura BMP390
2025-05-31 15:55:15,618 [INFO] Lectura LTR390
2025-05-31 15:55:15,621 [INFO] Lectura desde ESP32-S3 por serial
2025-05-31 15:55:19,644 [INFO] Lectura datos climáticos NASA
2025-05-31 15:55:19,646 [INFO] Datos JSON preparados para envío
2025-05-31 15:55:20,699 [INFO] Lectura BMP390
2025-05-31 15:55:20,882 [INFO] Lectura LTR390
2025-05-31 15:55:20,888 [INFO] Lectura desde ESP32-S3 por serial
2025-05-31 15:55:24,254 [INFO] Lectura datos climáticos NASA
2025-05-31 15:55:24,257 [INFO] Datos JSON preparados para envío
2025-05-31 15:55:25,310 [INFO] Lectura BMP390
2025-05-31 15:55:25,485 [INFO] Lectura LTR390
2025-05-31 15:55:25,488 [INFO] Lectura desde ESP32-S3 por serial
2025-05-31 15:55:30,098 [INFO] Lectura datos climáticos NASA
2025-05-31 15:55:30,101 [INFO] Datos JSON preparados para envío
2025-05-31 15:55:31,158 [INFO] Lectura BMP390
2025-05-31 15:55:31,339 [INFO] Lectura LTR390
2025-05-31 15:55:31,345 [INFO] Lectura desde ESP32-S3 por serial
2025-05-31 15:55:35,110 [INFO] Lectura datos climáticos NASA
2025-05-31 15:55:35,113 [INFO] Datos JSON preparados para envío
2025-05-31 15:55:36,167 [INFO] Lectura BMP390
2025-05-31 15:55:36,347 [INFO] Lectura LTR390
2025-05-31 15:55:36,355 [INFO] Lectura desde ESP32-S3 por serial
2025-05-31 15:55:40,112 [INFO] Lectura datos climáticos NASA
2025-05-31 15:55:40,115 [INFO] Datos JSON preparados para envío
2025-05-31 15:55:41,172 [INFO] Lectura BMP390
2025-05-31 15:55:41,355 [INFO] Lectura LTR390
2025-05-31 15:55:41,361 [INFO] Lectura desde ESP32-S3 por serial
2025-05-31 15:55:45,536 [INFO] Lectura datos climáticos NASA
2025-05-31 15:55:45,539 [INFO] Datos JSON preparados para envío
2025-05-31 15:55:46,594 [INFO] Lectura BMP390
2025-05-31 15:55:46,774 [INFO] Lectura LTR390
2025-05-31 15:55:46,781 [INFO] Lectura desde ESP32-S3 por serial
2025-05-31 15:55:50,753 [INFO] Lectura datos climáticos NASA
2025-05-31 15:55:50,754 [INFO] Datos JSON preparados para envío
2025-05-31 15:55:51,807 [INFO] Lectura BMP390
2025-05-31 15:55:51,991 [INFO] Lectura LTR390
2025-05-31 15:55:51,998 [INFO] Lectura desde ESP32-S3 por serial
2025-05-31 15:55:55,567 [INFO] Lectura datos climáticos NASA
2025-05-31 15:55:55,572 [INFO] Datos JSON preparados para envío
2025-05-31 15:55:56,629 [INFO] Lectura BMP390
2025-05-31 15:55:56,811 [INFO] Lectura LTR390
2025-05-31 15:55:56,817 [INFO] Lectura desde ESP32-S3 por serial
2025-05-31 15:56:00,990 [INFO] Lectura datos climáticos NASA
2025-05-31 15:56:00,992 [INFO] Datos JSON preparados para envío
2025-05-31 15:56:02,044 [INFO] Lectura BMP390
2025-05-31 15:56:02,222 [INFO] Lectura LTR390
2025-05-31 15:56:02,226 [INFO] Lectura desde ESP32-S3 por serial
2025-05-31 15:56:06,285 [INFO] Lectura datos climáticos NASA
2025-05-31 15:56:06,288 [INFO] Datos JSON preparados para envío
2025-05-31 15:56:07,342 [INFO] Lectura BMP390
2025-05-31 15:56:07,524 [INFO] Lectura LTR390
2025-05-31 15:56:07,531 [INFO] Lectura desde ESP32-S3 por serial
2025-05-31 15:56:11,224 [INFO] Lectura datos climáticos NASA
2025-05-31 15:56:11,227 [INFO] Datos JSON preparados para envío
2025-05-31 15:56:12,280 [INFO] Lectura BMP390
2025-05-31 15:56:12,459 [INFO] Lectura LTR390
2025-05-31 15:56:12,466 [INFO] Lectura desde ESP32-S3 por serial
2025-05-31 15:56:15,930 [INFO] Lectura datos climáticos NASA
2025-05-31 15:56:15,933 [INFO] Datos JSON preparados para envío
2025-05-31 15:56:16,986 [INFO] Lectura BMP390
2025-05-31 15:56:17,168 [INFO] Lectura LTR390
2025-05-31 15:56:17,174 [INFO] Lectura desde ESP32-S3 por serial
2025-05-31 15:56:22,278 [INFO] Lectura datos climáticos NASA
2025-05-31 15:56:22,282 [INFO] Datos JSON preparados para envío
2025-05-31 15:56:23,337 [INFO] Lectura BMP390
2025-05-31 15:56:23,517 [INFO] Lectura LTR390
2025-05-31 15:56:23,525 [INFO] Lectura desde ESP32-S3 por serial
2025-05-31 15:56:27,286 [INFO] Lectura datos climáticos NASA
2025-05-31 15:56:27,288 [INFO] Datos JSON preparados para envío
2025-05-31 15:56:28,343 [INFO] Lectura BMP390
2025-05-31 15:56:28,524 [INFO] Lectura LTR390
2025-05-31 15:56:28,530 [INFO] Lectura desde ESP32-S3 por serial
2025-05-31 15:56:33,225 [INFO] Lectura datos climáticos NASA
2025-05-31 15:56:33,228 [INFO] Datos JSON preparados para envío
2025-05-31 15:56:34,282 [INFO] Lectura BMP390
2025-05-31 15:56:34,461 [INFO] Lectura LTR390
2025-05-31 15:56:34,468 [INFO] Lectura desde ESP32-S3 por serial
2025-05-31 15:56:37,826 [INFO] Lectura datos climáticos NASA
2025-05-31 15:56:37,828 [INFO] Datos JSON preparados para envío
2025-05-31 15:56:38,884 [INFO] Lectura BMP390
2025-05-31 15:56:39,064 [INFO] Lectura LTR390
2025-05-31 15:56:39,068 [INFO] Lectura desde ESP32-S3 por serial
2025-05-31 15:56:42,620 [INFO] Lectura datos climáticos NASA
2025-05-31 15:56:42,623 [INFO] Datos JSON preparados para envío
2025-05-31 15:56:43,676 [INFO] Lectura BMP390
2025-05-31 15:56:43,856 [INFO] Lectura LTR390
2025-05-31 15:56:43,863 [INFO] Lectura desde ESP32-S3 por serial
2025-05-31 15:56:48,370 [INFO] Lectura datos climáticos NASA
2025-05-31 15:56:48,373 [INFO] Datos JSON preparados para envío
2025-05-31 15:56:49,427 [INFO] Lectura BMP390
2025-05-31 15:56:49,610 [INFO] Lectura LTR390
2025-05-31 15:56:49,617 [INFO] Lectura desde ESP32-S3 por serial
2025-05-31 15:56:53,385 [INFO] Lectura datos climáticos NASA
2025-05-31 15:56:53,388 [INFO] Datos JSON preparados para envío
2025-05-31 15:56:54,442 [INFO] Lectura BMP390
2025-05-31 15:56:54,623 [INFO] Lectura LTR390
2025-05-31 15:56:54,629 [INFO] Lectura desde ESP32-S3 por serial
2025-05-31 15:56:58,298 [INFO] Lectura datos climáticos NASA
2025-05-31 15:56:58,301 [INFO] Datos JSON preparados para envío
2025-05-31 15:56:59,353 [INFO] Lectura BMP390
2025-05-31 15:56:59,533 [INFO] Lectura LTR390
2025-05-31 15:56:59,541 [INFO] Lectura desde ESP32-S3 por serial
2025-05-31 15:57:02,898 [INFO] Lectura datos climáticos NASA
2025-05-31 15:57:02,900 [INFO] Datos JSON preparados para envío
2025-05-31 15:57:03,952 [INFO] Lectura BMP390
2025-05-31 15:57:04,133 [INFO] Lectura LTR390
2025-05-31 15:57:04,139 [INFO] Lectura desde ESP32-S3 por serial
2025-05-31 15:57:07,610 [INFO] Lectura datos climáticos NASA
2025-05-31 15:57:07,613 [INFO] Datos JSON preparados para envío
2025-05-31 15:57:08,665 [INFO] Lectura BMP390
2025-05-31 15:57:08,847 [INFO] Lectura LTR390
2025-05-31 15:57:08,853 [INFO] Lectura desde ESP32-S3 por serial
2025-05-31 15:57:12,522 [INFO] Lectura datos climáticos NASA
2025-05-31 15:57:12,525 [INFO] Datos JSON preparados para envío
2025-05-31 15:57:13,578 [INFO] Lectura BMP390
2025-05-31 15:57:13,763 [INFO] Lectura LTR390
2025-05-31 15:57:13,766 [INFO] Lectura desde ESP32-S3 por serial
2025-05-31 15:57:17,740 [INFO] Lectura datos climáticos NASA
2025-05-31 15:57:17,743 [INFO] Datos JSON preparados para envío
2025-05-31 15:57:18,794 [INFO] Lectura BMP390
2025-05-31 15:57:18,974 [INFO] Lectura LTR390
2025-05-31 15:57:18,979 [INFO] Lectura desde ESP32-S3 por serial
2025-05-31 15:57:22,553 [INFO] Lectura datos climáticos NASA
2025-05-31 15:57:22,556 [INFO] Datos JSON preparados para envío
2025-05-31 15:57:23,608 [INFO] Lectura BMP390
2025-05-31 15:57:23,788 [INFO] Lectura LTR390
2025-05-31 15:57:23,794 [INFO] Lectura desde ESP32-S3 por serial
2025-05-31 15:57:28,286 [INFO] Lectura datos climáticos NASA
2025-05-31 15:57:28,289 [INFO] Datos JSON preparados para envío
2025-05-31 15:57:29,343 [INFO] Lectura BMP390
2025-05-31 15:57:29,523 [INFO] Lectura LTR390
2025-05-31 15:57:29,529 [INFO] Lectura desde ESP32-S3 por serial
2025-05-31 15:57:33,642 [INFO] Lectura datos climáticos NASA
2025-05-31 15:57:33,645 [INFO] Datos JSON preparados para envío
2025-05-31 15:57:34,698 [INFO] Lectura BMP390
2025-05-31 15:57:34,877 [INFO] Lectura LTR390
2025-05-31 15:57:34,884 [INFO] Lectura desde ESP32-S3 por serial
2025-05-31 15:57:43,558 [INFO] Lectura datos climáticos NASA
2025-05-31 15:57:43,561 [INFO] Datos JSON preparados para envío
2025-05-31 15:57:44,614 [INFO] Lectura BMP390
2025-05-31 15:57:44,794 [INFO] Lectura LTR390
2025-05-31 15:57:44,800 [INFO] Lectura desde ESP32-S3 por serial
2025-05-31 15:57:48,545 [INFO] Lectura datos climáticos NASA
2025-05-31 15:57:48,548 [INFO] Datos JSON preparados para envío
2025-05-31 15:57:49,600 [INFO] Lectura BMP390
2025-05-31 15:57:49,784 [INFO] Lectura LTR390
2025-05-31 15:57:49,791 [INFO] Lectura desde ESP32-S3 por serial
2025-05-31 15:57:53,460 [INFO] Lectura datos climáticos NASA
2025-05-31 15:57:53,463 [INFO] Datos JSON preparados para envío
2025-05-31 15:57:54,516 [INFO] Lectura BMP390
2025-05-31 15:57:54,697 [INFO] Lectura LTR390
2025-05-31 15:57:54,704 [INFO] Lectura desde ESP32-S3 por serial
2025-05-31 15:57:57,960 [INFO] Lectura datos climáticos NASA
2025-05-31 15:57:57,963 [INFO] Datos JSON preparados para envío
2025-05-31 15:57:59,017 [INFO] Lectura BMP390
2025-05-31 15:57:59,197 [INFO] Lectura LTR390
2025-05-31 15:57:59,203 [INFO] Lectura desde ESP32-S3 por serial
2025-05-31 15:58:02,693 [INFO] Lectura datos climáticos NASA
2025-05-31 15:58:02,695 [INFO] Datos JSON preparados para envío
2025-05-31 15:58:03,746 [INFO] Lectura BMP390
2025-05-31 15:58:03,928 [INFO] Lectura LTR390
2025-05-31 15:58:03,931 [INFO] Lectura desde ESP32-S3 por serial
2025-05-31 15:58:07,488 [INFO] Lectura datos climáticos NASA
2025-05-31 15:58:07,491 [INFO] Datos JSON preparados para envío
2025-05-31 15:58:08,544 [INFO] Lectura BMP390
2025-05-31 15:58:08,725 [INFO] Lectura LTR390
2025-05-31 15:58:08,732 [INFO] Lectura desde ESP32-S3 por serial
2025-05-31 15:58:12,593 [INFO] Lectura datos climáticos NASA
2025-05-31 15:58:12,596 [INFO] Datos JSON preparados para envío
2025-05-31 15:58:13,649 [INFO] Lectura BMP390
2025-05-31 15:58:13,828 [INFO] Lectura LTR390
2025-05-31 15:58:13,834 [INFO] Lectura desde ESP32-S3 por serial
2025-05-31 15:58:16,890 [INFO] Lectura datos climáticos NASA
2025-05-31 15:58:16,891 [INFO] Datos JSON preparados para envío
2025-05-31 15:58:17,944 [INFO] Lectura BMP390
2025-05-31 15:58:18,124 [INFO] Lectura LTR390
2025-05-31 15:58:18,130 [INFO] Lectura desde ESP32-S3 por serial
2025-05-31 15:58:22,221 [INFO] Lectura datos climáticos NASA
2025-05-31 15:58:22,224 [INFO] Datos JSON preparados para envío
2025-05-31 15:58:23,277 [INFO] Lectura BMP390
2025-05-31 15:58:23,458 [INFO] Lectura LTR390
2025-05-31 15:58:23,464 [INFO] Lectura desde ESP32-S3 por serial
2025-05-31 15:58:27,231 [INFO] Lectura datos climáticos NASA
2025-05-31 15:58:27,233 [INFO] Datos JSON preparados para envío
2025-05-31 15:58:28,285 [INFO] Lectura BMP390
2025-05-31 15:58:28,463 [INFO] Lectura LTR390
2025-05-31 15:58:28,467 [INFO] Lectura desde ESP32-S3 por serial
2025-05-31 15:58:31,769 [INFO] Lectura datos climáticos NASA
2025-05-31 15:58:31,771 [INFO] Datos JSON preparados para envío
2025-05-31 15:58:32,825 [INFO] Lectura BMP390
2025-05-31 15:58:33,009 [INFO] Lectura LTR390
2025-05-31 15:58:33,015 [INFO] Lectura desde ESP32-S3 por serial
2025-05-31 15:58:36,540 [INFO] Lectura datos climáticos NASA
2025-05-31 15:58:36,543 [INFO] Datos JSON preparados para envío
2025-05-31 15:58:37,595 [INFO] Lectura BMP390
2025-05-31 15:58:37,777 [INFO] Lectura LTR390
2025-05-31 15:58:37,783 [INFO] Lectura desde ESP32-S3 por serial
2025-05-31 15:58:42,168 [INFO] Lectura datos climáticos NASA
2025-05-31 15:58:42,171 [INFO] Datos JSON preparados para envío
2025-05-31 15:58:43,224 [INFO] Lectura BMP390
2025-05-31 15:58:43,404 [INFO] Lectura LTR390
2025-05-31 15:58:43,410 [INFO] Lectura desde ESP32-S3 por serial
2025-05-31 15:58:46,876 [INFO] Lectura datos climáticos NASA
2025-05-31 15:58:46,879 [INFO] Datos JSON preparados para envío
2025-05-31 15:58:47,936 [INFO] Lectura BMP390
2025-05-31 15:58:48,117 [INFO] Lectura LTR390
2025-05-31 15:58:48,123 [INFO] Lectura desde ESP32-S3 por serial
2025-05-31 15:58:51,579 [INFO] Lectura datos climáticos NASA
2025-05-31 15:58:51,580 [INFO] Datos JSON preparados para envío
2025-05-31 15:58:52,630 [INFO] Lectura BMP390
2025-05-31 15:58:52,811 [INFO] Lectura LTR390
2025-05-31 15:58:52,814 [INFO] Lectura desde ESP32-S3 por serial
2025-05-31 15:58:56,189 [INFO] Lectura datos climáticos NASA
2025-05-31 15:58:56,193 [INFO] Datos JSON preparados para envío
2025-05-31 15:58:57,245 [INFO] Lectura BMP390
2025-05-31 15:58:57,426 [INFO] Lectura LTR390
2025-05-31 15:58:57,432 [INFO] Lectura desde ESP32-S3 por serial
2025-05-31 15:59:01,099 [INFO] Lectura datos climáticos NASA
2025-05-31 15:59:01,102 [INFO] Datos JSON preparados para envío
2025-05-31 15:59:02,155 [INFO] Lectura BMP390
2025-05-31 15:59:02,342 [INFO] Lectura LTR390
2025-05-31 15:59:02,347 [INFO] Lectura desde ESP32-S3 por serial
2025-05-31 15:59:05,909 [INFO] Lectura datos climáticos NASA
2025-05-31 15:59:05,912 [INFO] Datos JSON preparados para envío
2025-05-31 15:59:06,965 [INFO] Lectura BMP390
2025-05-31 15:59:07,145 [INFO] Lectura LTR390
2025-05-31 15:59:07,151 [INFO] Lectura desde ESP32-S3 por serial
2025-05-31 15:59:10,923 [INFO] Lectura datos climáticos NASA
2025-05-31 15:59:10,928 [INFO] Datos JSON preparados para envío
2025-05-31 15:59:11,982 [INFO] Lectura BMP390
2025-05-31 15:59:12,167 [INFO] Lectura LTR390
2025-05-31 15:59:12,173 [INFO] Lectura desde ESP32-S3 por serial
2025-05-31 15:59:16,760 [INFO] Lectura datos climáticos NASA
2025-05-31 15:59:16,761 [INFO] Datos JSON preparados para envío
2025-05-31 15:59:17,811 [INFO] Lectura BMP390
2025-05-31 15:59:17,988 [INFO] Lectura LTR390
2025-05-31 15:59:17,993 [INFO] Lectura desde ESP32-S3 por serial
2025-05-31 15:59:21,314 [INFO] Lectura datos climáticos NASA
2025-05-31 15:59:21,317 [INFO] Datos JSON preparados para envío
2025-05-31 15:59:22,375 [INFO] Lectura BMP390
2025-05-31 15:59:22,558 [INFO] Lectura LTR390
2025-05-31 15:59:22,561 [INFO] Lectura desde ESP32-S3 por serial
2025-05-31 15:59:25,966 [INFO] Lectura datos climáticos NASA
2025-05-31 15:59:25,969 [INFO] Datos JSON preparados para envío
2025-05-31 15:59:27,022 [INFO] Lectura BMP390
2025-05-31 15:59:27,201 [INFO] Lectura LTR390
2025-05-31 15:59:27,208 [INFO] Lectura desde ESP32-S3 por serial
2025-05-31 15:59:30,776 [INFO] Lectura datos climáticos NASA
2025-05-31 15:59:30,778 [INFO] Datos JSON preparados para envío
2025-05-31 15:59:31,831 [INFO] Lectura BMP390
2025-05-31 15:59:32,011 [INFO] Lectura LTR390
2025-05-31 15:59:32,017 [INFO] Lectura desde ESP32-S3 por serial
2025-05-31 15:59:35,382 [INFO] Lectura datos climáticos NASA
2025-05-31 15:59:35,385 [INFO] Datos JSON preparados para envío
2025-05-31 15:59:36,438 [INFO] Lectura BMP390
2025-05-31 15:59:36,617 [INFO] Lectura LTR390
2025-05-31 15:59:36,623 [INFO] Lectura desde ESP32-S3 por serial
2025-05-31 15:59:40,493 [INFO] Lectura datos climáticos NASA
2025-05-31 15:59:40,494 [INFO] Datos JSON preparados para envío
2025-05-31 15:59:41,547 [INFO] Lectura BMP390
2025-05-31 15:59:41,724 [INFO] Lectura LTR390
2025-05-31 15:59:41,726 [INFO] Lectura desde ESP32-S3 por serial
2025-05-31 15:59:45,101 [INFO] Lectura datos climáticos NASA
2025-05-31 15:59:45,104 [INFO] Datos JSON preparados para envío
2025-05-31 15:59:46,156 [INFO] Lectura BMP390
2025-05-31 15:59:46,342 [INFO] Lectura LTR390
2025-05-31 15:59:46,348 [INFO] Lectura desde ESP32-S3 por serial
2025-05-31 15:59:50,320 [INFO] Lectura datos climáticos NASA
2025-05-31 15:59:50,323 [INFO] Datos JSON preparados para envío
2025-05-31 15:59:51,376 [INFO] Lectura BMP390
2025-05-31 15:59:51,559 [INFO] Lectura LTR390
2025-05-31 15:59:51,565 [INFO] Lectura desde ESP32-S3 por serial
2025-05-31 15:59:55,539 [INFO] Lectura datos climáticos NASA
2025-05-31 15:59:55,542 [INFO] Datos JSON preparados para envío
2025-05-31 15:59:56,595 [INFO] Lectura BMP390
2025-05-31 15:59:56,775 [INFO] Lectura LTR390
2025-05-31 15:59:56,782 [INFO] Lectura desde ESP32-S3 por serial
2025-05-31 16:00:00,144 [INFO] Lectura datos climáticos NASA
2025-05-31 16:00:00,147 [INFO] Datos JSON preparados para envío
2025-05-31 16:00:01,203 [INFO] Lectura BMP390
2025-05-31 16:00:01,386 [INFO] Lectura LTR390
2025-05-31 16:00:01,392 [INFO] Lectura desde ESP32-S3 por serial
2025-05-31 16:00:04,848 [INFO] Lectura datos climáticos NASA
2025-05-31 16:00:04,850 [INFO] Datos JSON preparados para envío
2025-05-31 16:00:05,900 [INFO] Lectura BMP390
2025-05-31 16:00:06,078 [INFO] Lectura LTR390
2025-05-31 16:00:06,081 [INFO] Lectura desde ESP32-S3 por serial
2025-05-31 16:00:09,559 [INFO] Lectura datos climáticos NASA
2025-05-31 16:00:09,562 [INFO] Datos JSON preparados para envío
2025-05-31 16:00:10,618 [INFO] Lectura BMP390
2025-05-31 16:00:10,798 [INFO] Lectura LTR390
2025-05-31 16:00:10,805 [INFO] Lectura desde ESP32-S3 por serial
2025-05-31 16:00:14,984 [INFO] Lectura datos climáticos NASA
2025-05-31 16:00:14,988 [INFO] Datos JSON preparados para envío
2025-05-31 16:00:16,041 [INFO] Lectura BMP390
2025-05-31 16:00:16,224 [INFO] Lectura LTR390
2025-05-31 16:00:16,231 [INFO] Lectura desde ESP32-S3 por serial
2025-05-31 16:00:20,002 [INFO] Lectura datos climáticos NASA
2025-05-31 16:00:20,004 [INFO] Datos JSON preparados para envío
2025-05-31 16:00:21,057 [INFO] Lectura BMP390
2025-05-31 16:00:21,237 [INFO] Lectura LTR390
2025-05-31 16:00:21,243 [INFO] Lectura desde ESP32-S3 por serial
2025-05-31 16:00:24,812 [INFO] Lectura datos climáticos NASA
2025-05-31 16:00:24,814 [INFO] Datos JSON preparados para envío
2025-05-31 16:00:25,865 [INFO] Lectura BMP390
2025-05-31 16:00:26,050 [INFO] Lectura LTR390
2025-05-31 16:00:26,056 [INFO] Lectura desde ESP32-S3 por serial
2025-05-31 16:00:29,823 [INFO] Lectura datos climáticos NASA
2025-05-31 16:00:29,824 [INFO] Datos JSON preparados para envío
2025-05-31 16:00:30,875 [INFO] Lectura BMP390
2025-05-31 16:00:31,055 [INFO] Lectura LTR390
2025-05-31 16:00:31,061 [INFO] Lectura desde ESP32-S3 por serial
2025-05-31 16:00:35,257 [INFO] Lectura datos climáticos NASA
2025-05-31 16:00:35,260 [INFO] Datos JSON preparados para envío
2025-05-31 16:00:36,314 [INFO] Lectura BMP390
2025-05-31 16:00:36,494 [INFO] Lectura LTR390
2025-05-31 16:00:36,499 [INFO] Lectura desde ESP32-S3 por serial
2025-05-31 16:00:40,256 [INFO] Lectura datos climáticos NASA
2025-05-31 16:00:40,259 [INFO] Datos JSON preparados para envío
2025-05-31 16:00:41,310 [INFO] Lectura BMP390
2025-05-31 16:00:41,488 [INFO] Lectura LTR390
2025-05-31 16:00:41,491 [INFO] Lectura desde ESP32-S3 por serial
2025-05-31 16:00:45,390 [INFO] Lectura datos climáticos NASA
2025-05-31 16:00:45,393 [INFO] Datos JSON preparados para envío
2025-05-31 16:00:46,446 [INFO] Lectura BMP390
2025-05-31 16:00:46,627 [INFO] Lectura LTR390
2025-05-31 16:00:46,633 [INFO] Lectura desde ESP32-S3 por serial
2025-05-31 16:00:50,798 [INFO] Lectura datos climáticos NASA
2025-05-31 16:00:50,801 [INFO] Datos JSON preparados para envío
2025-05-31 16:00:51,854 [INFO] Lectura BMP390
2025-05-31 16:00:52,034 [INFO] Lectura LTR390
2025-05-31 16:00:52,039 [INFO] Lectura desde ESP32-S3 por serial
2025-05-31 16:00:55,301 [INFO] Lectura datos climáticos NASA
2025-05-31 16:00:55,304 [INFO] Datos JSON preparados para envío
2025-05-31 16:00:56,356 [INFO] Lectura BMP390
2025-05-31 16:00:56,536 [INFO] Lectura LTR390
2025-05-31 16:00:56,543 [INFO] Lectura desde ESP32-S3 por serial
2025-05-31 16:01:00,006 [INFO] Lectura datos climáticos NASA
2025-05-31 16:01:00,011 [INFO] Datos JSON preparados para envío
2025-05-31 16:01:01,062 [INFO] Lectura BMP390
2025-05-31 16:01:01,247 [INFO] Lectura LTR390
2025-05-31 16:01:01,254 [INFO] Lectura desde ESP32-S3 por serial
2025-05-31 16:01:04,918 [INFO] Lectura datos climáticos NASA
2025-05-31 16:01:04,920 [INFO] Datos JSON preparados para envío
2025-05-31 16:01:05,970 [INFO] Lectura BMP390
2025-05-31 16:01:06,148 [INFO] Lectura LTR390
2025-05-31 16:01:06,150 [INFO] Lectura desde ESP32-S3 por serial
2025-05-31 16:01:09,932 [INFO] Lectura datos climáticos NASA
2025-05-31 16:01:09,937 [INFO] Datos JSON preparados para envío
2025-05-31 16:01:10,991 [INFO] Lectura BMP390
2025-05-31 16:01:11,175 [INFO] Lectura LTR390
2025-05-31 16:01:11,182 [INFO] Lectura desde ESP32-S3 por serial
2025-05-31 16:01:15,970 [INFO] Lectura datos climáticos NASA
2025-05-31 16:01:15,973 [INFO] Datos JSON preparados para envío
2025-05-31 16:01:17,027 [INFO] Lectura BMP390
2025-05-31 16:01:17,212 [INFO] Lectura LTR390
2025-05-31 16:01:17,218 [INFO] Lectura desde ESP32-S3 por serial
2025-05-31 16:01:20,974 [INFO] Lectura datos climáticos NASA
2025-05-31 16:01:20,977 [INFO] Datos JSON preparados para envío
2025-05-31 16:01:22,028 [INFO] Lectura BMP390
2025-05-31 16:01:22,208 [INFO] Lectura LTR390
2025-05-31 16:01:22,216 [INFO] Lectura desde ESP32-S3 por serial
2025-05-31 16:01:25,541 [INFO] Lectura datos climáticos NASA
2025-05-31 16:01:25,544 [INFO] Datos JSON preparados para envío
2025-05-31 16:01:26,597 [INFO] Lectura BMP390
2025-05-31 16:01:26,780 [INFO] Lectura LTR390
2025-05-31 16:01:26,786 [INFO] Lectura desde ESP32-S3 por serial
2025-05-31 16:01:31,627 [INFO] Lectura datos climáticos NASA
2025-05-31 16:01:31,630 [INFO] Datos JSON preparados para envío
2025-05-31 16:01:32,683 [INFO] Lectura BMP390
2025-05-31 16:01:32,862 [INFO] Lectura LTR390
2025-05-31 16:01:32,867 [INFO] Lectura desde ESP32-S3 por serial
2025-05-31 16:01:36,231 [INFO] Lectura datos climáticos NASA
2025-05-31 16:01:36,234 [INFO] Datos JSON preparados para envío
2025-05-31 16:01:37,287 [INFO] Lectura BMP390
2025-05-31 16:01:37,467 [INFO] Lectura LTR390
2025-05-31 16:01:37,473 [INFO] Lectura desde ESP32-S3 por serial
2025-05-31 16:01:41,360 [INFO] Lectura datos climáticos NASA
2025-05-31 16:01:41,362 [INFO] Datos JSON preparados para envío
2025-05-31 16:01:42,418 [INFO] Lectura BMP390
2025-05-31 16:01:42,595 [INFO] Lectura LTR390
2025-05-31 16:01:42,598 [INFO] Lectura desde ESP32-S3 por serial
2025-05-31 16:01:47,592 [INFO] Lectura datos climáticos NASA
2025-05-31 16:01:47,595 [INFO] Datos JSON preparados para envío
2025-05-31 16:01:48,652 [INFO] Lectura BMP390
2025-05-31 16:01:48,833 [INFO] Lectura LTR390
2025-05-31 16:01:48,839 [INFO] Lectura desde ESP32-S3 por serial
2025-05-31 16:01:52,199 [INFO] Lectura datos climáticos NASA
2025-05-31 16:01:52,202 [INFO] Datos JSON preparados para envío
2025-05-31 16:01:53,259 [INFO] Lectura BMP390
2025-05-31 16:01:53,440 [INFO] Lectura LTR390
2025-05-31 16:01:53,447 [INFO] Lectura desde ESP32-S3 por serial
2025-05-31 16:01:57,211 [INFO] Lectura datos climáticos NASA
2025-05-31 16:01:57,215 [INFO] Datos JSON preparados para envío
2025-05-31 16:01:58,268 [INFO] Lectura BMP390
2025-05-31 16:01:58,448 [INFO] Lectura LTR390
2025-05-31 16:01:58,454 [INFO] Lectura desde ESP32-S3 por serial
2025-05-31 16:02:02,224 [INFO] Lectura datos climáticos NASA
2025-05-31 16:02:02,227 [INFO] Datos JSON preparados para envío
2025-05-31 16:02:03,283 [INFO] Lectura BMP390
2025-05-31 16:02:03,468 [INFO] Lectura LTR390
2025-05-31 16:02:03,474 [INFO] Lectura desde ESP32-S3 por serial
2025-05-31 16:02:06,930 [INFO] Lectura datos climáticos NASA
2025-05-31 16:02:06,932 [INFO] Datos JSON preparados para envío
2025-05-31 16:02:07,985 [INFO] Lectura BMP390
2025-05-31 16:02:08,168 [INFO] Lectura LTR390
2025-05-31 16:02:08,174 [INFO] Lectura desde ESP32-S3 por serial
2025-05-31 16:02:11,741 [INFO] Lectura datos climáticos NASA
2025-05-31 16:02:11,744 [INFO] Datos JSON preparados para envío
2025-05-31 16:02:12,801 [INFO] Lectura BMP390
2025-05-31 16:02:12,981 [INFO] Lectura LTR390
2025-05-31 16:02:12,987 [INFO] Lectura desde ESP32-S3 por serial
2025-05-31 16:02:16,654 [INFO] Lectura datos climáticos NASA
2025-05-31 16:02:16,657 [INFO] Datos JSON preparados para envío
2025-05-31 16:02:17,710 [INFO] Lectura BMP390
2025-05-31 16:02:17,890 [INFO] Lectura LTR390
2025-05-31 16:02:17,896 [INFO] Lectura desde ESP32-S3 por serial
2025-05-31 16:02:21,360 [INFO] Lectura datos climáticos NASA
2025-05-31 16:02:21,364 [INFO] Datos JSON preparados para envío
2025-05-31 16:02:22,420 [INFO] Lectura BMP390
2025-05-31 16:02:22,599 [INFO] Lectura LTR390
2025-05-31 16:02:22,605 [INFO] Lectura desde ESP32-S3 por serial
2025-05-31 16:02:26,579 [INFO] Lectura datos climáticos NASA
2025-05-31 16:02:26,582 [INFO] Datos JSON preparados para envío
2025-05-31 16:02:27,635 [INFO] Lectura BMP390
2025-05-31 16:02:27,818 [INFO] Lectura LTR390
2025-05-31 16:02:27,824 [INFO] Lectura desde ESP32-S3 por serial
2025-05-31 16:02:31,283 [INFO] Lectura datos climáticos NASA
2025-05-31 16:02:31,285 [INFO] Datos JSON preparados para envío
2025-05-31 16:02:32,338 [INFO] Lectura BMP390
2025-05-31 16:02:32,518 [INFO] Lectura LTR390
2025-05-31 16:02:32,524 [INFO] Lectura desde ESP32-S3 por serial
2025-05-31 16:02:36,404 [INFO] Lectura datos climáticos NASA
2025-05-31 16:02:36,407 [INFO] Datos JSON preparados para envío
2025-05-31 16:02:37,459 [INFO] Lectura BMP390
2025-05-31 16:02:37,639 [INFO] Lectura LTR390
2025-05-31 16:02:37,645 [INFO] Lectura desde ESP32-S3 por serial
2025-05-31 16:02:41,519 [INFO] Lectura datos climáticos NASA
2025-05-31 16:02:41,522 [INFO] Datos JSON preparados para envío
2025-05-31 16:02:42,571 [INFO] Lectura BMP390
2025-05-31 16:02:42,747 [INFO] Lectura LTR390
2025-05-31 16:02:42,750 [INFO] Lectura desde ESP32-S3 por serial
2025-05-31 16:02:46,943 [INFO] Lectura datos climáticos NASA
2025-05-31 16:02:46,948 [INFO] Datos JSON preparados para envío
2025-05-31 16:02:48,002 [INFO] Lectura BMP390
2025-05-31 16:02:48,184 [INFO] Lectura LTR390
2025-05-31 16:02:48,189 [INFO] Lectura desde ESP32-S3 por serial
2025-05-31 16:02:51,651 [INFO] Lectura datos climáticos NASA
2025-05-31 16:02:51,654 [INFO] Datos JSON preparados para envío
2025-05-31 16:02:52,707 [INFO] Lectura BMP390
2025-05-31 16:02:52,893 [INFO] Lectura LTR390
2025-05-31 16:02:52,899 [INFO] Lectura desde ESP32-S3 por serial
2025-05-31 16:02:56,869 [INFO] Lectura datos climáticos NASA
2025-05-31 16:02:56,872 [INFO] Datos JSON preparados para envío
2025-05-31 16:02:57,926 [INFO] Lectura BMP390
2025-05-31 16:02:58,109 [INFO] Lectura LTR390
2025-05-31 16:02:58,115 [INFO] Lectura desde ESP32-S3 por serial
2025-05-31 16:03:02,295 [INFO] Lectura datos climáticos NASA
2025-05-31 16:03:02,297 [INFO] Datos JSON preparados para envío
2025-05-31 16:03:03,350 [INFO] Lectura BMP390
2025-05-31 16:03:03,529 [INFO] Lectura LTR390
2025-05-31 16:03:03,536 [INFO] Lectura desde ESP32-S3 por serial
2025-05-31 16:03:06,997 [INFO] Lectura datos climáticos NASA
2025-05-31 16:03:06,999 [INFO] Datos JSON preparados para envío
2025-05-31 16:03:08,048 [INFO] Lectura BMP390
2025-05-31 16:03:08,229 [INFO] Lectura LTR390
2025-05-31 16:03:08,232 [INFO] Lectura desde ESP32-S3 por serial
2025-05-31 16:03:11,709 [INFO] Lectura datos climáticos NASA
2025-05-31 16:03:11,712 [INFO] Datos JSON preparados para envío
2025-05-31 16:03:12,764 [INFO] Lectura BMP390
2025-05-31 16:03:12,945 [INFO] Lectura LTR390
2025-05-31 16:03:12,951 [INFO] Lectura desde ESP32-S3 por serial
2025-05-31 16:03:16,725 [INFO] Lectura datos climáticos NASA
2025-05-31 16:03:16,728 [INFO] Datos JSON preparados para envío
2025-05-31 16:03:17,782 [INFO] Lectura BMP390
2025-05-31 16:03:17,966 [INFO] Lectura LTR390
2025-05-31 16:03:17,971 [INFO] Lectura desde ESP32-S3 por serial
2025-05-31 16:03:21,390 [INFO] Lectura datos climáticos NASA
2025-05-31 16:03:21,393 [INFO] Datos JSON preparados para envío
2025-05-31 16:03:22,447 [INFO] Lectura BMP390
2025-05-31 16:03:22,626 [INFO] Lectura LTR390
2025-05-31 16:03:22,632 [INFO] Lectura desde ESP32-S3 por serial
2025-05-31 16:03:27,465 [INFO] Lectura datos climáticos NASA
2025-05-31 16:03:27,472 [INFO] Datos JSON preparados para envío
2025-05-31 16:03:28,528 [INFO] Lectura BMP390
2025-05-31 16:03:28,707 [INFO] Lectura LTR390
2025-05-31 16:03:28,713 [INFO] Lectura desde ESP32-S3 por serial
2025-05-31 16:03:32,887 [INFO] Lectura datos climáticos NASA
2025-05-31 16:03:32,894 [INFO] Datos JSON preparados para envío
2025-05-31 16:03:33,947 [INFO] Lectura BMP390
2025-05-31 16:03:34,128 [INFO] Lectura LTR390
2025-05-31 16:03:34,135 [INFO] Lectura desde ESP32-S3 por serial
2025-05-31 16:03:38,086 [INFO] Lectura datos climáticos NASA
2025-05-31 16:03:38,093 [INFO] Datos JSON preparados para envío
2025-05-31 16:03:39,143 [INFO] Lectura BMP390
2025-05-31 16:03:39,325 [INFO] Lectura LTR390
2025-05-31 16:03:39,331 [INFO] Lectura desde ESP32-S3 por serial
2025-05-31 16:03:43,279 [INFO] Lectura datos climáticos NASA
2025-05-31 16:03:43,285 [INFO] Datos JSON preparados para envío
2025-05-31 16:03:44,337 [INFO] Lectura BMP390
2025-05-31 16:03:44,518 [INFO] Lectura LTR390
2025-05-31 16:03:44,520 [INFO] Lectura desde ESP32-S3 por serial
2025-05-31 16:03:48,136 [INFO] Lectura datos climáticos NASA
2025-05-31 16:03:48,139 [INFO] Datos JSON preparados para envío
2025-05-31 16:03:49,190 [INFO] Lectura BMP390
2025-05-31 16:03:49,375 [INFO] Lectura LTR390
2025-05-31 16:03:49,381 [INFO] Lectura desde ESP32-S3 por serial
2025-05-31 16:03:53,064 [INFO] Lectura datos climáticos NASA
2025-05-31 16:03:53,066 [INFO] Datos JSON preparados para envío
2025-05-31 16:03:54,122 [INFO] Lectura BMP390
2025-05-31 16:03:54,307 [INFO] Lectura LTR390
2025-05-31 16:03:54,313 [INFO] Lectura desde ESP32-S3 por serial
2025-05-31 16:03:58,268 [INFO] Lectura datos climáticos NASA
2025-05-31 16:03:58,271 [INFO] Datos JSON preparados para envío
2025-05-31 16:03:59,325 [INFO] Lectura BMP390
2025-05-31 16:03:59,506 [INFO] Lectura LTR390
2025-05-31 16:03:59,512 [INFO] Lectura desde ESP32-S3 por serial
2025-05-31 16:04:02,978 [INFO] Lectura datos climáticos NASA
2025-05-31 16:04:02,981 [INFO] Datos JSON preparados para envío
2025-05-31 16:04:04,034 [INFO] Lectura BMP390
2025-05-31 16:04:04,215 [INFO] Lectura LTR390
2025-05-31 16:04:04,221 [INFO] Lectura desde ESP32-S3 por serial
2025-05-31 16:04:07,893 [INFO] Lectura datos climáticos NASA
2025-05-31 16:04:07,895 [INFO] Datos JSON preparados para envío
2025-05-31 16:04:08,949 [INFO] Lectura BMP390
2025-05-31 16:04:09,126 [INFO] Lectura LTR390
2025-05-31 16:04:09,129 [INFO] Lectura desde ESP32-S3 por serial
2025-05-31 16:04:12,594 [INFO] Lectura datos climáticos NASA
2025-05-31 16:04:12,600 [INFO] Datos JSON preparados para envío
2025-05-31 16:04:13,653 [INFO] Lectura BMP390
2025-05-31 16:04:13,832 [INFO] Lectura LTR390
2025-05-31 16:04:13,837 [INFO] Lectura desde ESP32-S3 por serial
2025-05-31 16:04:17,305 [INFO] Lectura datos climáticos NASA
2025-05-31 16:04:17,308 [INFO] Datos JSON preparados para envío
2025-05-31 16:04:18,362 [INFO] Lectura BMP390
2025-05-31 16:04:18,543 [INFO] Lectura LTR390
2025-05-31 16:04:18,549 [INFO] Lectura desde ESP32-S3 por serial
2025-05-31 16:04:21,808 [INFO] Lectura datos climáticos NASA
2025-05-31 16:04:21,809 [INFO] Datos JSON preparados para envío
2025-05-31 16:04:22,863 [INFO] Lectura BMP390
2025-05-31 16:04:23,046 [INFO] Lectura LTR390
2025-05-31 16:04:23,055 [INFO] Lectura desde ESP32-S3 por serial
2025-05-31 16:04:27,254 [INFO] Lectura datos climáticos NASA
2025-05-31 16:04:27,257 [INFO] Datos JSON preparados para envío
2025-05-31 16:04:28,310 [INFO] Lectura BMP390
2025-05-31 16:04:28,494 [INFO] Lectura LTR390
2025-05-31 16:04:28,500 [INFO] Lectura desde ESP32-S3 por serial
2025-05-31 16:04:32,034 [INFO] Lectura datos climáticos NASA
2025-05-31 16:04:32,036 [INFO] Datos JSON preparados para envío
2025-05-31 16:04:33,090 [INFO] Lectura BMP390
2025-05-31 16:04:33,266 [INFO] Lectura LTR390
2025-05-31 16:04:33,269 [INFO] Lectura desde ESP32-S3 por serial
2025-05-31 16:04:37,579 [INFO] Lectura datos climáticos NASA
2025-05-31 16:04:37,582 [INFO] Datos JSON preparados para envío
2025-05-31 16:04:38,635 [INFO] Lectura BMP390
2025-05-31 16:04:38,816 [INFO] Lectura LTR390
2025-05-31 16:04:38,822 [INFO] Lectura desde ESP32-S3 por serial
2025-05-31 16:04:42,607 [INFO] Lectura datos climáticos NASA
2025-05-31 16:04:42,610 [INFO] Datos JSON preparados para envío
2025-05-31 16:04:43,662 [INFO] Lectura BMP390
2025-05-31 16:04:43,843 [INFO] Lectura LTR390
2025-05-31 16:04:43,848 [INFO] Lectura desde ESP32-S3 por serial
2025-05-31 16:04:47,414 [INFO] Lectura datos climáticos NASA
2025-05-31 16:04:47,417 [INFO] Datos JSON preparados para envío
2025-05-31 16:04:48,470 [INFO] Lectura BMP390
2025-05-31 16:04:48,650 [INFO] Lectura LTR390
2025-05-31 16:04:48,656 [INFO] Lectura desde ESP32-S3 por serial
2025-05-31 16:04:52,093 [INFO] Lectura datos climáticos NASA
2025-05-31 16:04:52,096 [INFO] Datos JSON preparados para envío
2025-05-31 16:04:53,149 [INFO] Lectura BMP390
2025-05-31 16:04:53,330 [INFO] Lectura LTR390
2025-05-31 16:04:53,336 [INFO] Lectura desde ESP32-S3 por serial
2025-05-31 16:04:57,106 [INFO] Lectura datos climáticos NASA
2025-05-31 16:04:57,111 [INFO] Datos JSON preparados para envío
2025-05-31 16:04:58,164 [INFO] Lectura BMP390
2025-05-31 16:04:58,346 [INFO] Lectura LTR390
2025-05-31 16:04:58,354 [INFO] Lectura desde ESP32-S3 por serial
2025-05-31 16:05:01,713 [INFO] Lectura datos climáticos NASA
2025-05-31 16:05:01,716 [INFO] Datos JSON preparados para envío
2025-05-31 16:05:02,770 [INFO] Lectura BMP390
2025-05-31 16:05:02,951 [INFO] Lectura LTR390
2025-05-31 16:05:02,956 [INFO] Lectura desde ESP32-S3 por serial
2025-05-31 16:05:06,932 [INFO] Lectura datos climáticos NASA
2025-05-31 16:05:06,935 [INFO] Datos JSON preparados para envío
2025-05-31 16:05:07,985 [INFO] Lectura BMP390
2025-05-31 16:05:08,167 [INFO] Lectura LTR390
2025-05-31 16:05:08,174 [INFO] Lectura desde ESP32-S3 por serial
2025-05-31 16:05:11,845 [INFO] Lectura datos climáticos NASA
2025-05-31 16:05:11,847 [INFO] Datos JSON preparados para envío
2025-05-31 16:05:12,904 [INFO] Lectura BMP390
2025-05-31 16:05:13,087 [INFO] Lectura LTR390
2025-05-31 16:05:13,093 [INFO] Lectura desde ESP32-S3 por serial
2025-05-31 16:05:16,654 [INFO] Lectura datos climáticos NASA
2025-05-31 16:05:16,656 [INFO] Datos JSON preparados para envío
2025-05-31 16:05:17,709 [INFO] Lectura BMP390
2025-05-31 16:05:17,888 [INFO] Lectura LTR390
2025-05-31 16:05:17,894 [INFO] Lectura desde ESP32-S3 por serial
2025-05-31 16:05:21,974 [INFO] Lectura datos climáticos NASA
2025-05-31 16:05:21,975 [INFO] Datos JSON preparados para envío
2025-05-31 16:05:23,027 [INFO] Lectura BMP390
2025-05-31 16:05:23,211 [INFO] Lectura LTR390
2025-05-31 16:05:23,217 [INFO] Lectura desde ESP32-S3 por serial
2025-05-31 16:05:27,811 [INFO] Lectura datos climáticos NASA
2025-05-31 16:05:27,814 [INFO] Datos JSON preparados para envío
2025-05-31 16:05:28,867 [INFO] Lectura BMP390
2025-05-31 16:05:29,047 [INFO] Lectura LTR390
2025-05-31 16:05:29,054 [INFO] Lectura desde ESP32-S3 por serial
2025-05-31 16:05:32,521 [INFO] Lectura datos climáticos NASA
2025-05-31 16:05:32,526 [INFO] Datos JSON preparados para envío
2025-05-31 16:05:33,579 [INFO] Lectura BMP390
2025-05-31 16:05:33,756 [INFO] Lectura LTR390
2025-05-31 16:05:33,761 [INFO] Lectura desde ESP32-S3 por serial
2025-05-31 16:05:37,428 [INFO] Lectura datos climáticos NASA
2025-05-31 16:05:37,431 [INFO] Datos JSON preparados para envío
2025-05-31 16:05:38,484 [INFO] Lectura BMP390
2025-05-31 16:05:38,666 [INFO] Lectura LTR390
2025-05-31 16:05:38,672 [INFO] Lectura desde ESP32-S3 por serial
2025-05-31 16:05:42,135 [INFO] Lectura datos climáticos NASA
2025-05-31 16:05:42,138 [INFO] Datos JSON preparados para envío
2025-05-31 16:05:43,190 [INFO] Lectura BMP390
2025-05-31 16:05:43,371 [INFO] Lectura LTR390
2025-05-31 16:05:43,377 [INFO] Lectura desde ESP32-S3 por serial
2025-05-31 16:05:46,768 [INFO] Lectura datos climáticos NASA
2025-05-31 16:05:46,771 [INFO] Datos JSON preparados para envío
2025-05-31 16:05:47,824 [INFO] Lectura BMP390
2025-05-31 16:05:48,009 [INFO] Lectura LTR390
2025-05-31 16:05:48,015 [INFO] Lectura desde ESP32-S3 por serial
2025-05-31 16:05:51,550 [INFO] Lectura datos climáticos NASA
2025-05-31 16:05:51,552 [INFO] Datos JSON preparados para envío
2025-05-31 16:05:52,605 [INFO] Lectura BMP390
2025-05-31 16:05:52,792 [INFO] Lectura LTR390
2025-05-31 16:05:52,798 [INFO] Lectura desde ESP32-S3 por serial
2025-05-31 16:05:56,462 [INFO] Lectura datos climáticos NASA
2025-05-31 16:05:56,465 [INFO] Datos JSON preparados para envío
2025-05-31 16:05:57,517 [INFO] Lectura BMP390
2025-05-31 16:05:57,694 [INFO] Lectura LTR390
2025-05-31 16:05:57,697 [INFO] Lectura desde ESP32-S3 por serial
2025-05-31 16:06:01,271 [INFO] Lectura datos climáticos NASA
2025-05-31 16:06:01,274 [INFO] Datos JSON preparados para envío
2025-05-31 16:06:02,327 [INFO] Lectura BMP390
2025-05-31 16:06:02,510 [INFO] Lectura LTR390
2025-05-31 16:06:02,515 [INFO] Lectura desde ESP32-S3 por serial
2025-05-31 16:06:05,979 [INFO] Lectura datos climáticos NASA
2025-05-31 16:06:05,981 [INFO] Datos JSON preparados para envío
2025-05-31 16:06:07,034 [INFO] Lectura BMP390
2025-05-31 16:06:07,215 [INFO] Lectura LTR390
2025-05-31 16:06:07,222 [INFO] Lectura desde ESP32-S3 por serial
2025-05-31 16:06:10,991 [INFO] Lectura datos climáticos NASA
2025-05-31 16:06:10,992 [INFO] Datos JSON preparados para envío
2025-05-31 16:06:12,047 [INFO] Lectura BMP390
2025-05-31 16:06:12,228 [INFO] Lectura LTR390
2025-05-31 16:06:12,234 [INFO] Lectura desde ESP32-S3 por serial
2025-05-31 16:06:15,552 [INFO] Lectura datos climáticos NASA
2025-05-31 16:06:15,555 [INFO] Datos JSON preparados para envío
2025-05-31 16:06:16,611 [INFO] Lectura BMP390
2025-05-31 16:06:16,791 [INFO] Lectura LTR390
2025-05-31 16:06:16,797 [INFO] Lectura desde ESP32-S3 por serial
2025-05-31 16:06:20,818 [INFO] Lectura datos climáticos NASA
2025-05-31 16:06:20,821 [INFO] Datos JSON preparados para envío
2025-05-31 16:06:21,870 [INFO] Lectura BMP390
2025-05-31 16:06:22,046 [INFO] Lectura LTR390
2025-05-31 16:06:22,049 [INFO] Lectura desde ESP32-S3 por serial
2025-05-31 16:06:25,935 [INFO] Lectura datos climáticos NASA
2025-05-31 16:06:25,938 [INFO] Datos JSON preparados para envío
2025-05-31 16:06:26,994 [INFO] Lectura BMP390
2025-05-31 16:06:27,175 [INFO] Lectura LTR390
2025-05-31 16:06:27,181 [INFO] Lectura desde ESP32-S3 por serial
2025-05-31 16:06:30,743 [INFO] Lectura datos climáticos NASA
2025-05-31 16:06:30,746 [INFO] Datos JSON preparados para envío
2025-05-31 16:06:31,798 [INFO] Lectura BMP390
2025-05-31 16:06:31,985 [INFO] Lectura LTR390
2025-05-31 16:06:31,991 [INFO] Lectura desde ESP32-S3 por serial
2025-05-31 16:06:35,655 [INFO] Lectura datos climáticos NASA
2025-05-31 16:06:35,660 [INFO] Datos JSON preparados para envío
2025-05-31 16:06:36,714 [INFO] Lectura BMP390
2025-05-31 16:06:36,894 [INFO] Lectura LTR390
2025-05-31 16:06:36,900 [INFO] Lectura desde ESP32-S3 por serial
2025-05-31 16:06:40,055 [INFO] Lectura datos climáticos NASA
2025-05-31 16:06:40,061 [INFO] Datos JSON preparados para envío
2025-05-31 16:06:41,114 [INFO] Lectura BMP390
2025-05-31 16:06:41,296 [INFO] Lectura LTR390
2025-05-31 16:06:41,302 [INFO] Lectura desde ESP32-S3 por serial
2025-05-31 16:06:44,613 [INFO] Lectura datos climáticos NASA
2025-05-31 16:06:44,616 [INFO] Datos JSON preparados para envío
2025-05-31 16:06:45,672 [INFO] Lectura BMP390
2025-05-31 16:06:45,848 [INFO] Lectura LTR390
2025-05-31 16:06:45,851 [INFO] Lectura desde ESP32-S3 por serial
2025-05-31 16:06:49,574 [INFO] Lectura datos climáticos NASA
2025-05-31 16:06:49,576 [INFO] Datos JSON preparados para envío
2025-05-31 16:06:50,632 [INFO] Lectura BMP390
2025-05-31 16:06:50,812 [INFO] Lectura LTR390
2025-05-31 16:06:50,824 [INFO] Lectura desde ESP32-S3 por serial
2025-05-31 16:06:54,215 [INFO] Lectura datos climáticos NASA
2025-05-31 16:06:54,218 [INFO] Datos JSON preparados para envío
2025-05-31 16:06:55,272 [INFO] Lectura BMP390
2025-05-31 16:06:55,454 [INFO] Lectura LTR390
2025-05-31 16:06:55,461 [INFO] Lectura desde ESP32-S3 por serial
2025-05-31 16:06:58,882 [INFO] Lectura datos climáticos NASA
2025-05-31 16:06:58,885 [INFO] Datos JSON preparados para envío
2025-05-31 16:06:59,937 [INFO] Lectura BMP390
2025-05-31 16:07:00,121 [INFO] Lectura LTR390
2025-05-31 16:07:00,127 [INFO] Lectura desde ESP32-S3 por serial
2025-05-31 16:07:05,229 [INFO] Lectura datos climáticos NASA
2025-05-31 16:07:05,232 [INFO] Datos JSON preparados para envío
2025-05-31 16:07:06,285 [INFO] Lectura BMP390
2025-05-31 16:07:06,465 [INFO] Lectura LTR390
2025-05-31 16:07:06,471 [INFO] Lectura desde ESP32-S3 por serial
2025-05-31 16:07:10,855 [INFO] Lectura datos climáticos NASA
2025-05-31 16:07:10,857 [INFO] Datos JSON preparados para envío
2025-05-31 16:07:11,908 [INFO] Lectura BMP390
2025-05-31 16:07:12,084 [INFO] Lectura LTR390
2025-05-31 16:07:12,087 [INFO] Lectura desde ESP32-S3 por serial
2025-05-31 16:07:15,872 [INFO] Lectura datos climáticos NASA
2025-05-31 16:07:15,877 [INFO] Datos JSON preparados para envío
2025-05-31 16:07:16,930 [INFO] Lectura BMP390
2025-05-31 16:07:17,110 [INFO] Lectura LTR390
2025-05-31 16:07:17,116 [INFO] Lectura desde ESP32-S3 por serial
2025-05-31 16:07:20,683 [INFO] Lectura datos climáticos NASA
2025-05-31 16:07:20,686 [INFO] Datos JSON preparados para envío
2025-05-31 16:07:21,740 [INFO] Lectura BMP390
2025-05-31 16:07:21,920 [INFO] Lectura LTR390
2025-05-31 16:07:21,925 [INFO] Lectura desde ESP32-S3 por serial
2025-05-31 16:07:25,492 [INFO] Lectura datos climáticos NASA
2025-05-31 16:07:25,497 [INFO] Datos JSON preparados para envío
2025-05-31 16:07:26,549 [INFO] Lectura BMP390
2025-05-31 16:07:26,731 [INFO] Lectura LTR390
2025-05-31 16:07:26,737 [INFO] Lectura desde ESP32-S3 por serial
2025-05-31 16:07:31,529 [INFO] Lectura datos climáticos NASA
2025-05-31 16:07:31,532 [INFO] Datos JSON preparados para envío
2025-05-31 16:07:32,588 [INFO] Lectura BMP390
2025-05-31 16:07:32,767 [INFO] Lectura LTR390
2025-05-31 16:07:32,774 [INFO] Lectura desde ESP32-S3 por serial
2025-05-31 16:07:36,853 [INFO] Lectura datos climáticos NASA
2025-05-31 16:07:36,855 [INFO] Datos JSON preparados para envío
2025-05-31 16:07:37,908 [INFO] Lectura BMP390
2025-05-31 16:07:38,088 [INFO] Lectura LTR390
2025-05-31 16:07:38,094 [INFO] Lectura desde ESP32-S3 por serial
2025-05-31 16:07:42,172 [INFO] Lectura datos climáticos NASA
2025-05-31 16:07:42,175 [INFO] Datos JSON preparados para envío
2025-05-31 16:07:43,228 [INFO] Lectura BMP390
2025-05-31 16:07:43,417 [INFO] Lectura LTR390
2025-05-31 16:07:43,423 [INFO] Lectura desde ESP32-S3 por serial
2025-05-31 16:07:46,881 [INFO] Lectura datos climáticos NASA
2025-05-31 16:07:46,882 [INFO] Datos JSON preparados para envío
2025-05-31 16:07:47,935 [INFO] Lectura BMP390
2025-05-31 16:07:48,111 [INFO] Lectura LTR390
2025-05-31 16:07:48,114 [INFO] Lectura desde ESP32-S3 por serial
2025-05-31 16:07:51,897 [INFO] Lectura datos climáticos NASA
2025-05-31 16:07:51,900 [INFO] Datos JSON preparados para envío
2025-05-31 16:07:52,953 [INFO] Lectura BMP390
2025-05-31 16:07:53,140 [INFO] Lectura LTR390
2025-05-31 16:07:53,146 [INFO] Lectura desde ESP32-S3 por serial
2025-05-31 16:07:57,631 [INFO] Lectura datos climáticos NASA
2025-05-31 16:07:57,634 [INFO] Datos JSON preparados para envío
2025-05-31 16:07:58,685 [INFO] Lectura BMP390
2025-05-31 16:07:58,863 [INFO] Lectura LTR390
2025-05-31 16:07:58,867 [INFO] Lectura desde ESP32-S3 por serial
2025-05-31 16:08:02,436 [INFO] Lectura datos climáticos NASA
2025-05-31 16:08:02,439 [INFO] Datos JSON preparados para envío
2025-05-31 16:08:03,492 [INFO] Lectura BMP390
2025-05-31 16:08:03,672 [INFO] Lectura LTR390
2025-05-31 16:08:03,678 [INFO] Lectura desde ESP32-S3 por serial
2025-05-31 16:08:08,173 [INFO] Lectura datos climáticos NASA
2025-05-31 16:08:08,176 [INFO] Datos JSON preparados para envío
2025-05-31 16:08:09,234 [INFO] Lectura BMP390
2025-05-31 16:08:09,415 [INFO] Lectura LTR390
2025-05-31 16:08:09,421 [INFO] Lectura desde ESP32-S3 por serial
2025-05-31 16:08:12,950 [INFO] Lectura datos climáticos NASA
2025-05-31 16:08:12,952 [INFO] Datos JSON preparados para envío
2025-05-31 16:08:14,005 [INFO] Lectura BMP390
2025-05-31 16:08:14,185 [INFO] Lectura LTR390
2025-05-31 16:08:14,192 [INFO] Lectura desde ESP32-S3 por serial
2025-05-31 16:08:17,377 [INFO] Lectura datos climáticos NASA
2025-05-31 16:08:17,380 [INFO] Datos JSON preparados para envío
2025-05-31 16:08:18,435 [INFO] Lectura BMP390
2025-05-31 16:08:18,617 [INFO] Lectura LTR390
2025-05-31 16:08:18,623 [INFO] Lectura desde ESP32-S3 por serial
2025-05-31 16:08:22,593 [INFO] Lectura datos climáticos NASA
2025-05-31 16:08:22,596 [INFO] Datos JSON preparados para envío
2025-05-31 16:08:23,647 [INFO] Lectura BMP390
2025-05-31 16:08:23,828 [INFO] Lectura LTR390
2025-05-31 16:08:23,832 [INFO] Lectura desde ESP32-S3 por serial
2025-05-31 16:08:27,302 [INFO] Lectura datos climáticos NASA
2025-05-31 16:08:27,305 [INFO] Datos JSON preparados para envío
2025-05-31 16:08:28,358 [INFO] Lectura BMP390
2025-05-31 16:08:28,539 [INFO] Lectura LTR390
2025-05-31 16:08:28,546 [INFO] Lectura desde ESP32-S3 por serial
2025-05-31 16:08:32,937 [INFO] Lectura datos climáticos NASA
2025-05-31 16:08:32,940 [INFO] Datos JSON preparados para envío
2025-05-31 16:08:33,993 [INFO] Lectura BMP390
2025-05-31 16:08:34,175 [INFO] Lectura LTR390
2025-05-31 16:08:34,182 [INFO] Lectura desde ESP32-S3 por serial
2025-05-31 16:08:38,210 [INFO] Lectura datos climáticos NASA
2025-05-31 16:08:38,213 [INFO] Datos JSON preparados para envío
2025-05-31 16:08:39,270 [INFO] Lectura BMP390
2025-05-31 16:08:39,450 [INFO] Lectura LTR390
2025-05-31 16:08:39,456 [INFO] Lectura desde ESP32-S3 por serial
2025-05-31 16:08:43,206 [INFO] Lectura datos climáticos NASA
2025-05-31 16:08:43,209 [INFO] Datos JSON preparados para envío
2025-05-31 16:08:44,260 [INFO] Lectura BMP390
2025-05-31 16:08:44,442 [INFO] Lectura LTR390
2025-05-31 16:08:44,449 [INFO] Lectura desde ESP32-S3 por serial
2025-05-31 16:08:48,276 [INFO] Lectura datos climáticos NASA
2025-05-31 16:08:48,278 [INFO] Datos JSON preparados para envío
2025-05-31 16:08:49,332 [INFO] Lectura BMP390
2025-05-31 16:08:49,516 [INFO] Lectura LTR390
2025-05-31 16:08:49,521 [INFO] Lectura desde ESP32-S3 por serial
2025-05-31 16:08:53,838 [INFO] Lectura datos climáticos NASA
2025-05-31 16:08:53,841 [INFO] Datos JSON preparados para envío
2025-05-31 16:08:54,894 [INFO] Lectura BMP390
2025-05-31 16:08:55,077 [INFO] Lectura LTR390
2025-05-31 16:08:55,083 [INFO] Lectura desde ESP32-S3 por serial
2025-05-31 16:08:59,430 [INFO] Lectura datos climáticos NASA
2025-05-31 16:08:59,432 [INFO] Datos JSON preparados para envío
2025-05-31 16:09:00,481 [INFO] Lectura BMP390
2025-05-31 16:09:00,659 [INFO] Lectura LTR390
2025-05-31 16:09:00,662 [INFO] Lectura desde ESP32-S3 por serial
2025-05-31 16:09:04,346 [INFO] Lectura datos climáticos NASA
2025-05-31 16:09:04,349 [INFO] Datos JSON preparados para envío
2025-05-31 16:09:05,401 [INFO] Lectura BMP390
2025-05-31 16:09:05,586 [INFO] Lectura LTR390
2025-05-31 16:09:05,592 [INFO] Lectura desde ESP32-S3 por serial
2025-05-31 16:09:10,090 [INFO] Lectura datos climáticos NASA
2025-05-31 16:09:10,093 [INFO] Datos JSON preparados para envío
2025-05-31 16:09:11,145 [INFO] Lectura BMP390
2025-05-31 16:09:11,329 [INFO] Lectura LTR390
2025-05-31 16:09:11,335 [INFO] Lectura desde ESP32-S3 por serial
2025-05-31 16:09:14,683 [INFO] Lectura datos climáticos NASA
2025-05-31 16:09:14,687 [INFO] Datos JSON preparados para envío
2025-05-31 16:09:15,740 [INFO] Lectura BMP390
2025-05-31 16:09:15,922 [INFO] Lectura LTR390
2025-05-31 16:09:15,928 [INFO] Lectura desde ESP32-S3 por serial
2025-05-31 16:09:19,185 [INFO] Lectura datos climáticos NASA
2025-05-31 16:09:19,188 [INFO] Datos JSON preparados para envío
2025-05-31 16:09:20,243 [INFO] Lectura BMP390
2025-05-31 16:09:20,422 [INFO] Lectura LTR390
2025-05-31 16:09:20,427 [INFO] Lectura desde ESP32-S3 por serial
2025-05-31 16:09:24,210 [INFO] Lectura datos climáticos NASA
2025-05-31 16:09:24,212 [INFO] Datos JSON preparados para envío
2025-05-31 16:09:25,265 [INFO] Lectura BMP390
2025-05-31 16:09:25,442 [INFO] Lectura LTR390
2025-05-31 16:09:25,445 [INFO] Lectura desde ESP32-S3 por serial
2025-05-31 16:09:29,009 [INFO] Lectura datos climáticos NASA
2025-05-31 16:09:29,012 [INFO] Datos JSON preparados para envío
2025-05-31 16:09:30,066 [INFO] Lectura BMP390
2025-05-31 16:09:30,246 [INFO] Lectura LTR390
2025-05-31 16:09:30,253 [INFO] Lectura desde ESP32-S3 por serial
2025-05-31 16:09:34,328 [INFO] Lectura datos climáticos NASA
2025-05-31 16:09:34,330 [INFO] Datos JSON preparados para envío
2025-05-31 16:09:35,382 [INFO] Lectura BMP390
2025-05-31 16:09:35,563 [INFO] Lectura LTR390
2025-05-31 16:09:35,571 [INFO] Lectura desde ESP32-S3 por serial
2025-05-31 16:09:39,739 [INFO] Lectura datos climáticos NASA
2025-05-31 16:09:39,742 [INFO] Datos JSON preparados para envío
2025-05-31 16:09:40,795 [INFO] Lectura BMP390
2025-05-31 16:09:40,976 [INFO] Lectura LTR390
2025-05-31 16:09:40,982 [INFO] Lectura desde ESP32-S3 por serial
2025-05-31 16:09:44,768 [INFO] Lectura datos climáticos NASA
2025-05-31 16:09:44,775 [INFO] Datos JSON preparados para envío
2025-05-31 16:09:45,830 [INFO] Lectura BMP390
2025-05-31 16:09:46,011 [INFO] Lectura LTR390
2025-05-31 16:09:46,016 [INFO] Lectura desde ESP32-S3 por serial
2025-05-31 16:09:49,370 [INFO] Lectura datos climáticos NASA
2025-05-31 16:09:49,371 [INFO] Datos JSON preparados para envío
2025-05-31 16:09:50,426 [INFO] Lectura BMP390
2025-05-31 16:09:50,607 [INFO] Lectura LTR390
2025-05-31 16:09:50,610 [INFO] Lectura desde ESP32-S3 por serial
2025-05-31 16:09:55,512 [INFO] Lectura datos climáticos NASA
2025-05-31 16:09:55,515 [INFO] Datos JSON preparados para envío
2025-05-31 16:09:56,569 [INFO] Lectura BMP390
2025-05-31 16:09:56,749 [INFO] Lectura LTR390
2025-05-31 16:09:56,756 [INFO] Lectura desde ESP32-S3 por serial
2025-05-31 16:10:00,728 [INFO] Lectura datos climáticos NASA
2025-05-31 16:10:00,730 [INFO] Datos JSON preparados para envío
2025-05-31 16:10:01,784 [INFO] Lectura BMP390
2025-05-31 16:10:01,962 [INFO] Lectura LTR390
2025-05-31 16:10:01,965 [INFO] Lectura desde ESP32-S3 por serial
2025-05-31 16:10:06,667 [INFO] Lectura datos climáticos NASA
2025-05-31 16:10:06,670 [INFO] Datos JSON preparados para envío
2025-05-31 16:10:07,722 [INFO] Lectura BMP390
2025-05-31 16:10:07,906 [INFO] Lectura LTR390
2025-05-31 16:10:07,913 [INFO] Lectura desde ESP32-S3 por serial
2025-05-31 16:10:11,579 [INFO] Lectura datos climáticos NASA
2025-05-31 16:10:11,582 [INFO] Datos JSON preparados para envío
2025-05-31 16:10:12,633 [INFO] Lectura BMP390
2025-05-31 16:10:12,810 [INFO] Lectura LTR390
2025-05-31 16:10:12,813 [INFO] Lectura desde ESP32-S3 por serial
2025-05-31 16:10:16,799 [INFO] Lectura datos climáticos NASA
2025-05-31 16:10:16,802 [INFO] Datos JSON preparados para envío
2025-05-31 16:10:17,858 [INFO] Lectura BMP390
2025-05-31 16:10:18,038 [INFO] Lectura LTR390
2025-05-31 16:10:18,045 [INFO] Lectura desde ESP32-S3 por serial
2025-05-31 16:10:22,120 [INFO] Lectura datos climáticos NASA
2025-05-31 16:10:22,123 [INFO] Datos JSON preparados para envío
2025-05-31 16:10:23,176 [INFO] Lectura BMP390
2025-05-31 16:10:23,356 [INFO] Lectura LTR390
2025-05-31 16:10:23,363 [INFO] Lectura desde ESP32-S3 por serial
2025-05-31 16:10:27,239 [INFO] Lectura datos climáticos NASA
2025-05-31 16:10:27,242 [INFO] Datos JSON preparados para envío
2025-05-31 16:10:28,295 [INFO] Lectura BMP390
2025-05-31 16:10:28,478 [INFO] Lectura LTR390
2025-05-31 16:10:28,485 [INFO] Lectura desde ESP32-S3 por serial
2025-05-31 16:10:32,357 [INFO] Lectura datos climáticos NASA
2025-05-31 16:10:32,360 [INFO] Datos JSON preparados para envío
2025-05-31 16:10:33,415 [INFO] Lectura BMP390
2025-05-31 16:10:33,595 [INFO] Lectura LTR390
2025-05-31 16:10:33,601 [INFO] Lectura desde ESP32-S3 por serial
2025-05-31 16:10:36,832 [INFO] Lectura datos climáticos NASA
2025-05-31 16:10:36,833 [INFO] Datos JSON preparados para envío
2025-05-31 16:10:37,888 [INFO] Lectura BMP390
2025-05-31 16:10:38,065 [INFO] Lectura LTR390
2025-05-31 16:10:38,067 [INFO] Lectura desde ESP32-S3 por serial
2025-05-31 16:10:41,773 [INFO] Lectura datos climáticos NASA
2025-05-31 16:10:41,775 [INFO] Datos JSON preparados para envío
2025-05-31 16:10:42,829 [INFO] Lectura BMP390
2025-05-31 16:10:43,012 [INFO] Lectura LTR390
2025-05-31 16:10:43,018 [INFO] Lectura desde ESP32-S3 por serial
2025-05-31 16:10:46,175 [INFO] Lectura datos climáticos NASA
2025-05-31 16:10:46,178 [INFO] Datos JSON preparados para envío
2025-05-31 16:10:47,234 [INFO] Lectura BMP390
2025-05-31 16:10:47,416 [INFO] Lectura LTR390
2025-05-31 16:10:47,423 [INFO] Lectura desde ESP32-S3 por serial
2025-05-31 16:10:51,082 [INFO] Lectura datos climáticos NASA
2025-05-31 16:10:51,088 [INFO] Datos JSON preparados para envío
2025-05-31 16:10:52,140 [INFO] Lectura BMP390
2025-05-31 16:10:52,320 [INFO] Lectura LTR390
2025-05-31 16:10:52,326 [INFO] Lectura desde ESP32-S3 por serial
2025-05-31 16:10:56,301 [INFO] Lectura datos climáticos NASA
2025-05-31 16:10:56,303 [INFO] Datos JSON preparados para envío
2025-05-31 16:10:57,359 [INFO] Lectura BMP390
2025-05-31 16:10:57,539 [INFO] Lectura LTR390
2025-05-31 16:10:57,545 [INFO] Lectura desde ESP32-S3 por serial
2025-05-31 16:11:01,106 [INFO] Lectura datos climáticos NASA
2025-05-31 16:11:01,108 [INFO] Datos JSON preparados para envío
2025-05-31 16:11:02,158 [INFO] Lectura BMP390
2025-05-31 16:11:02,334 [INFO] Lectura LTR390
2025-05-31 16:11:02,337 [INFO] Lectura desde ESP32-S3 por serial
2025-05-31 16:11:07,286 [INFO] Lectura datos climáticos NASA
2025-05-31 16:11:07,289 [INFO] Datos JSON preparados para envío
2025-05-31 16:11:08,342 [INFO] Lectura BMP390
2025-05-31 16:11:08,528 [INFO] Lectura LTR390
2025-05-31 16:11:08,534 [INFO] Lectura desde ESP32-S3 por serial
2025-05-31 16:11:11,960 [INFO] Lectura datos climáticos NASA
2025-05-31 16:11:11,963 [INFO] Datos JSON preparados para envío
2025-05-31 16:11:13,019 [INFO] Lectura BMP390
2025-05-31 16:11:13,203 [INFO] Lectura LTR390
2025-05-31 16:11:13,207 [INFO] Lectura desde ESP32-S3 por serial
2025-05-31 16:11:16,779 [INFO] Lectura datos climáticos NASA
2025-05-31 16:11:16,782 [INFO] Datos JSON preparados para envío
2025-05-31 16:11:17,835 [INFO] Lectura BMP390
2025-05-31 16:11:18,021 [INFO] Lectura LTR390
2025-05-31 16:11:18,027 [INFO] Lectura desde ESP32-S3 por serial
2025-05-31 16:11:21,473 [INFO] Lectura datos climáticos NASA
2025-05-31 16:11:21,476 [INFO] Datos JSON preparados para envío
2025-05-31 16:11:22,534 [INFO] Lectura BMP390
2025-05-31 16:11:22,716 [INFO] Lectura LTR390
2025-05-31 16:11:22,721 [INFO] Lectura desde ESP32-S3 por serial
2025-05-31 16:11:26,486 [INFO] Lectura datos climáticos NASA
2025-05-31 16:11:26,487 [INFO] Datos JSON preparados para envío
2025-05-31 16:11:27,540 [INFO] Lectura BMP390
2025-05-31 16:11:27,723 [INFO] Lectura LTR390
2025-05-31 16:11:27,730 [INFO] Lectura desde ESP32-S3 por serial
2025-05-31 16:11:31,093 [INFO] Lectura datos climáticos NASA
2025-05-31 16:11:31,096 [INFO] Datos JSON preparados para envío
2025-05-31 16:11:32,148 [INFO] Lectura BMP390
2025-05-31 16:11:32,332 [INFO] Lectura LTR390
2025-05-31 16:11:32,338 [INFO] Lectura desde ESP32-S3 por serial
2025-05-31 16:11:35,881 [INFO] Lectura datos climáticos NASA
2025-05-31 16:11:35,884 [INFO] Datos JSON preparados para envío
2025-05-31 16:11:36,936 [INFO] Lectura BMP390
2025-05-31 16:11:37,122 [INFO] Lectura LTR390
2025-05-31 16:11:37,128 [INFO] Lectura desde ESP32-S3 por serial
2025-05-31 16:11:41,735 [INFO] Lectura datos climáticos NASA
2025-05-31 16:11:41,738 [INFO] Datos JSON preparados para envío
2025-05-31 16:11:42,791 [INFO] Lectura BMP390
2025-05-31 16:11:42,970 [INFO] Lectura LTR390
2025-05-31 16:11:42,977 [INFO] Lectura desde ESP32-S3 por serial
2025-05-31 16:11:46,443 [INFO] Lectura datos climáticos NASA
2025-05-31 16:11:46,445 [INFO] Datos JSON preparados para envío
2025-05-31 16:11:47,498 [INFO] Lectura BMP390
2025-05-31 16:11:47,678 [INFO] Lectura LTR390
2025-05-31 16:11:47,684 [INFO] Lectura desde ESP32-S3 por serial
2025-05-31 16:11:51,455 [INFO] Lectura datos climáticos NASA
2025-05-31 16:11:51,456 [INFO] Datos JSON preparados para envío
2025-05-31 16:11:52,512 [INFO] Lectura BMP390
2025-05-31 16:11:52,695 [INFO] Lectura LTR390
2025-05-31 16:11:52,701 [INFO] Lectura desde ESP32-S3 por serial
2025-05-31 16:11:56,063 [INFO] Lectura datos climáticos NASA
2025-05-31 16:11:56,066 [INFO] Datos JSON preparados para envío
2025-05-31 16:11:57,118 [INFO] Lectura BMP390
2025-05-31 16:11:57,301 [INFO] Lectura LTR390
2025-05-31 16:11:57,306 [INFO] Lectura desde ESP32-S3 por serial
2025-05-31 16:12:01,385 [INFO] Lectura datos climáticos NASA
2025-05-31 16:12:01,388 [INFO] Datos JSON preparados para envío
2025-05-31 16:12:02,438 [INFO] Lectura BMP390
2025-05-31 16:12:02,615 [INFO] Lectura LTR390
2025-05-31 16:12:02,618 [INFO] Lectura desde ESP32-S3 por serial
2025-05-31 16:12:06,500 [INFO] Lectura datos climáticos NASA
2025-05-31 16:12:06,505 [INFO] Datos JSON preparados para envío
2025-05-31 16:12:07,559 [INFO] Lectura BMP390
2025-05-31 16:12:07,740 [INFO] Lectura LTR390
2025-05-31 16:12:07,746 [INFO] Lectura desde ESP32-S3 por serial
2025-05-31 16:12:11,105 [INFO] Lectura datos climáticos NASA
2025-05-31 16:12:11,108 [INFO] Datos JSON preparados para envío
2025-05-31 16:12:12,160 [INFO] Lectura BMP390
2025-05-31 16:12:12,341 [INFO] Lectura LTR390
2025-05-31 16:12:12,346 [INFO] Lectura desde ESP32-S3 por serial
2025-05-31 16:12:16,325 [INFO] Lectura datos climáticos NASA
2025-05-31 16:12:16,328 [INFO] Datos JSON preparados para envío
2025-05-31 16:12:17,383 [INFO] Lectura BMP390
2025-05-31 16:12:17,564 [INFO] Lectura LTR390
2025-05-31 16:12:17,571 [INFO] Lectura desde ESP32-S3 por serial
2025-05-31 16:12:26,328 [INFO] Lectura datos climáticos NASA
2025-05-31 16:12:26,329 [INFO] Datos JSON preparados para envío
2025-05-31 16:12:27,380 [INFO] Lectura BMP390
2025-05-31 16:12:27,556 [INFO] Lectura LTR390
2025-05-31 16:12:27,559 [INFO] Lectura desde ESP32-S3 por serial
2025-05-31 16:12:30,958 [INFO] Lectura datos climáticos NASA
2025-05-31 16:12:30,961 [INFO] Datos JSON preparados para envío
2025-05-31 16:12:32,014 [INFO] Lectura BMP390
2025-05-31 16:12:32,196 [INFO] Lectura LTR390
2025-05-31 16:12:32,202 [INFO] Lectura desde ESP32-S3 por serial
2025-05-31 16:12:35,564 [INFO] Lectura datos climáticos NASA
2025-05-31 16:12:35,567 [INFO] Datos JSON preparados para envío
2025-05-31 16:12:36,620 [INFO] Lectura BMP390
2025-05-31 16:12:36,802 [INFO] Lectura LTR390
2025-05-31 16:12:36,808 [INFO] Lectura desde ESP32-S3 por serial
2025-05-31 16:12:40,477 [INFO] Lectura datos climáticos NASA
2025-05-31 16:12:40,480 [INFO] Datos JSON preparados para envío
2025-05-31 16:12:41,533 [INFO] Lectura BMP390
2025-05-31 16:12:41,714 [INFO] Lectura LTR390
2025-05-31 16:12:41,720 [INFO] Lectura desde ESP32-S3 por serial
2025-05-31 16:12:45,799 [INFO] Lectura datos climáticos NASA
2025-05-31 16:12:45,802 [INFO] Datos JSON preparados para envío
2025-05-31 16:12:46,858 [INFO] Lectura BMP390
2025-05-31 16:12:47,039 [INFO] Lectura LTR390
2025-05-31 16:12:47,045 [INFO] Lectura desde ESP32-S3 por serial
2025-05-31 16:12:51,629 [INFO] Lectura datos climáticos NASA
2025-05-31 16:12:51,631 [INFO] Datos JSON preparados para envío
2025-05-31 16:12:52,686 [INFO] Lectura BMP390
2025-05-31 16:12:52,869 [INFO] Lectura LTR390
2025-05-31 16:12:52,875 [INFO] Lectura desde ESP32-S3 por serial
2025-05-31 16:12:56,441 [INFO] Lectura datos climáticos NASA
2025-05-31 16:12:56,444 [INFO] Datos JSON preparados para envío
2025-05-31 16:12:57,498 [INFO] Lectura BMP390
2025-05-31 16:12:57,678 [INFO] Lectura LTR390
2025-05-31 16:12:57,684 [INFO] Lectura desde ESP32-S3 por serial
2025-05-31 16:13:01,250 [INFO] Lectura datos climáticos NASA
2025-05-31 16:13:01,252 [INFO] Datos JSON preparados para envío
2025-05-31 16:13:02,306 [INFO] Lectura BMP390
2025-05-31 16:13:02,486 [INFO] Lectura LTR390
2025-05-31 16:13:02,491 [INFO] Lectura desde ESP32-S3 por serial
2025-05-31 16:13:08,210 [INFO] Lectura datos climáticos NASA
2025-05-31 16:13:08,213 [INFO] Datos JSON preparados para envío
2025-05-31 16:13:09,267 [INFO] Lectura BMP390
2025-05-31 16:13:09,449 [INFO] Lectura LTR390
2025-05-31 16:13:09,455 [INFO] Lectura desde ESP32-S3 por serial
2025-05-31 16:13:12,508 [INFO] Lectura datos climáticos NASA
2025-05-31 16:13:12,511 [INFO] Datos JSON preparados para envío
2025-05-31 16:13:13,566 [INFO] Lectura BMP390
2025-05-31 16:13:13,746 [INFO] Lectura LTR390
2025-05-31 16:13:13,752 [INFO] Lectura desde ESP32-S3 por serial
2025-05-31 16:13:18,442 [INFO] Lectura datos climáticos NASA
2025-05-31 16:13:18,445 [INFO] Datos JSON preparados para envío
2025-05-31 16:13:19,497 [INFO] Lectura BMP390
2025-05-31 16:13:19,677 [INFO] Lectura LTR390
2025-05-31 16:13:19,683 [INFO] Lectura desde ESP32-S3 por serial
2025-05-31 16:13:23,048 [INFO] Lectura datos climáticos NASA
2025-05-31 16:13:23,052 [INFO] Datos JSON preparados para envío
2025-05-31 16:13:24,105 [INFO] Lectura BMP390
2025-05-31 16:13:24,285 [INFO] Lectura LTR390
2025-05-31 16:13:24,290 [INFO] Lectura desde ESP32-S3 por serial
2025-05-31 16:13:28,167 [INFO] Lectura datos climáticos NASA
2025-05-31 16:13:28,168 [INFO] Datos JSON preparados para envío
2025-05-31 16:13:29,222 [INFO] Lectura BMP390
2025-05-31 16:13:29,404 [INFO] Lectura LTR390
2025-05-31 16:13:29,410 [INFO] Lectura desde ESP32-S3 por serial
2025-05-31 16:13:33,091 [INFO] Lectura datos climáticos NASA
2025-05-31 16:13:33,096 [INFO] Datos JSON preparados para envío
2025-05-31 16:13:34,149 [INFO] Lectura BMP390
2025-05-31 16:13:34,329 [INFO] Lectura LTR390
2025-05-31 16:13:34,335 [INFO] Lectura desde ESP32-S3 por serial
2025-05-31 16:13:38,762 [INFO] Lectura datos climáticos NASA
2025-05-31 16:13:38,765 [INFO] Datos JSON preparados para envío
2025-05-31 16:13:39,815 [INFO] Lectura BMP390
2025-05-31 16:13:39,993 [INFO] Lectura LTR390
2025-05-31 16:13:39,997 [INFO] Lectura desde ESP32-S3 por serial
2025-05-31 16:13:43,704 [INFO] Lectura datos climáticos NASA
2025-05-31 16:13:43,707 [INFO] Datos JSON preparados para envío
2025-05-31 16:13:44,759 [INFO] Lectura BMP390
2025-05-31 16:13:44,939 [INFO] Lectura LTR390
2025-05-31 16:13:44,945 [INFO] Lectura desde ESP32-S3 por serial
2025-05-31 16:13:49,038 [INFO] Lectura datos climáticos NASA
2025-05-31 16:13:49,041 [INFO] Datos JSON preparados para envío
2025-05-31 16:13:50,092 [INFO] Lectura BMP390
2025-05-31 16:13:50,273 [INFO] Lectura LTR390
2025-05-31 16:13:50,280 [INFO] Lectura desde ESP32-S3 por serial
2025-05-31 16:13:55,267 [INFO] Lectura datos climáticos NASA
2025-05-31 16:13:55,270 [INFO] Datos JSON preparados para envío
2025-05-31 16:13:56,324 [INFO] Lectura BMP390
2025-05-31 16:13:56,506 [INFO] Lectura LTR390
2025-05-31 16:13:56,512 [INFO] Lectura desde ESP32-S3 por serial
2025-05-31 16:14:00,196 [INFO] Lectura datos climáticos NASA
2025-05-31 16:14:00,199 [INFO] Datos JSON preparados para envío
2025-05-31 16:14:01,252 [INFO] Lectura BMP390
2025-05-31 16:14:01,432 [INFO] Lectura LTR390
2025-05-31 16:14:01,438 [INFO] Lectura desde ESP32-S3 por serial
2025-05-31 16:14:05,204 [INFO] Lectura datos climáticos NASA
2025-05-31 16:14:05,206 [INFO] Datos JSON preparados para envío
2025-05-31 16:14:06,259 [INFO] Lectura BMP390
2025-05-31 16:14:06,440 [INFO] Lectura LTR390
2025-05-31 16:14:06,446 [INFO] Lectura desde ESP32-S3 por serial
2025-05-31 16:14:10,222 [INFO] Lectura datos climáticos NASA
2025-05-31 16:14:10,225 [INFO] Datos JSON preparados para envío
2025-05-31 16:14:11,281 [INFO] Lectura BMP390
2025-05-31 16:14:11,466 [INFO] Lectura LTR390
2025-05-31 16:14:11,472 [INFO] Lectura desde ESP32-S3 por serial
2025-05-31 16:14:15,339 [INFO] Lectura datos climáticos NASA
2025-05-31 16:14:15,342 [INFO] Datos JSON preparados para envío
2025-05-31 16:14:16,392 [INFO] Lectura BMP390
2025-05-31 16:14:16,568 [INFO] Lectura LTR390
2025-05-31 16:14:16,571 [INFO] Lectura desde ESP32-S3 por serial
2025-05-31 16:14:21,172 [INFO] Lectura datos climáticos NASA
2025-05-31 16:14:21,174 [INFO] Datos JSON preparados para envío
2025-05-31 16:14:22,227 [INFO] Lectura BMP390
2025-05-31 16:14:22,408 [INFO] Lectura LTR390
2025-05-31 16:14:22,414 [INFO] Lectura desde ESP32-S3 por serial
2025-05-31 16:14:26,390 [INFO] Lectura datos climáticos NASA
2025-05-31 16:14:26,393 [INFO] Datos JSON preparados para envío
2025-05-31 16:14:27,446 [INFO] Lectura BMP390
2025-05-31 16:14:27,626 [INFO] Lectura LTR390
2025-05-31 16:14:27,631 [INFO] Lectura desde ESP32-S3 por serial
2025-05-31 16:14:30,921 [INFO] Lectura datos climáticos NASA
2025-05-31 16:14:30,924 [INFO] Datos JSON preparados para envío
2025-05-31 16:14:31,977 [INFO] Lectura BMP390
2025-05-31 16:14:32,158 [INFO] Lectura LTR390
2025-05-31 16:14:32,164 [INFO] Lectura desde ESP32-S3 por serial
2025-05-31 16:14:37,740 [INFO] Lectura datos climáticos NASA
2025-05-31 16:14:37,742 [INFO] Datos JSON preparados para envío
2025-05-31 16:14:38,796 [INFO] Lectura BMP390
2025-05-31 16:14:38,978 [INFO] Lectura LTR390
2025-05-31 16:14:38,984 [INFO] Lectura desde ESP32-S3 por serial
2025-05-31 16:14:42,764 [INFO] Lectura datos climáticos NASA
2025-05-31 16:14:42,767 [INFO] Datos JSON preparados para envío
2025-05-31 16:14:43,821 [INFO] Lectura BMP390
2025-05-31 16:14:44,006 [INFO] Lectura LTR390
2025-05-31 16:14:44,014 [INFO] Lectura desde ESP32-S3 por serial
2025-05-31 16:14:47,677 [INFO] Lectura datos climáticos NASA
2025-05-31 16:14:47,680 [INFO] Datos JSON preparados para envío
2025-05-31 16:14:48,734 [INFO] Lectura BMP390
2025-05-31 16:14:48,914 [INFO] Lectura LTR390
2025-05-31 16:14:48,920 [INFO] Lectura desde ESP32-S3 por serial
2025-05-31 16:14:52,585 [INFO] Lectura datos climáticos NASA
2025-05-31 16:14:52,587 [INFO] Datos JSON preparados para envío
2025-05-31 16:14:53,637 [INFO] Lectura BMP390
2025-05-31 16:14:53,812 [INFO] Lectura LTR390
2025-05-31 16:14:53,815 [INFO] Lectura desde ESP32-S3 por serial
2025-05-31 16:14:57,603 [INFO] Lectura datos climáticos NASA
2025-05-31 16:14:57,608 [INFO] Datos JSON preparados para envío
2025-05-31 16:14:58,662 [INFO] Lectura BMP390
2025-05-31 16:14:58,844 [INFO] Lectura LTR390
2025-05-31 16:14:58,851 [INFO] Lectura desde ESP32-S3 por serial
2025-05-31 16:15:03,846 [INFO] Lectura datos climáticos NASA
2025-05-31 16:15:03,850 [INFO] Datos JSON preparados para envío
2025-05-31 16:15:04,900 [INFO] Lectura BMP390
2025-05-31 16:15:05,078 [INFO] Lectura LTR390
2025-05-31 16:15:05,080 [INFO] Lectura desde ESP32-S3 por serial
2025-05-31 16:15:08,861 [INFO] Lectura datos climáticos NASA
2025-05-31 16:15:08,863 [INFO] Datos JSON preparados para envío
2025-05-31 16:15:09,918 [INFO] Lectura BMP390
2025-05-31 16:15:10,100 [INFO] Lectura LTR390
2025-05-31 16:15:10,106 [INFO] Lectura desde ESP32-S3 por serial
2025-05-31 16:15:14,897 [INFO] Lectura datos climáticos NASA
2025-05-31 16:15:14,901 [INFO] Datos JSON preparados para envío
2025-05-31 16:15:15,953 [INFO] Lectura BMP390
2025-05-31 16:15:16,139 [INFO] Lectura LTR390
2025-05-31 16:15:16,145 [INFO] Lectura desde ESP32-S3 por serial
2025-05-31 16:15:20,321 [INFO] Lectura datos climáticos NASA
2025-05-31 16:15:20,324 [INFO] Datos JSON preparados para envío
2025-05-31 16:15:21,383 [INFO] Lectura BMP390
2025-05-31 16:15:21,568 [INFO] Lectura LTR390
2025-05-31 16:15:21,575 [INFO] Lectura desde ESP32-S3 por serial
2025-05-31 16:15:25,032 [INFO] Lectura datos climáticos NASA
2025-05-31 16:15:25,035 [INFO] Datos JSON preparados para envío
2025-05-31 16:15:26,087 [INFO] Lectura BMP390
2025-05-31 16:15:26,266 [INFO] Lectura LTR390
2025-05-31 16:15:26,271 [INFO] Lectura desde ESP32-S3 por serial
2025-05-31 16:15:30,145 [INFO] Lectura datos climáticos NASA
2025-05-31 16:15:30,146 [INFO] Datos JSON preparados para envío
2025-05-31 16:15:31,199 [INFO] Lectura BMP390
2025-05-31 16:15:31,380 [INFO] Lectura LTR390
2025-05-31 16:15:31,386 [INFO] Lectura desde ESP32-S3 por serial
2025-05-31 16:15:34,962 [INFO] Lectura datos climáticos NASA
2025-05-31 16:15:34,965 [INFO] Datos JSON preparados para envío
2025-05-31 16:15:36,017 [INFO] Lectura BMP390
2025-05-31 16:15:36,197 [INFO] Lectura LTR390
2025-05-31 16:15:36,203 [INFO] Lectura desde ESP32-S3 por serial
2025-05-31 16:15:40,181 [INFO] Lectura datos climáticos NASA
2025-05-31 16:15:40,184 [INFO] Datos JSON preparados para envío
2025-05-31 16:15:41,234 [INFO] Lectura BMP390
2025-05-31 16:15:41,410 [INFO] Lectura LTR390
2025-05-31 16:15:41,414 [INFO] Lectura desde ESP32-S3 por serial
2025-05-31 16:15:45,087 [INFO] Lectura datos climáticos NASA
2025-05-31 16:15:45,090 [INFO] Datos JSON preparados para envío
2025-05-31 16:15:46,143 [INFO] Lectura BMP390
2025-05-31 16:15:46,325 [INFO] Lectura LTR390
2025-05-31 16:15:46,332 [INFO] Lectura desde ESP32-S3 por serial
2025-05-31 16:15:49,593 [INFO] Lectura datos climáticos NASA
2025-05-31 16:15:49,596 [INFO] Datos JSON preparados para envío
2025-05-31 16:15:50,647 [INFO] Lectura BMP390
2025-05-31 16:15:50,827 [INFO] Lectura LTR390
2025-05-31 16:15:50,833 [INFO] Lectura desde ESP32-S3 por serial
2025-05-31 16:15:54,501 [INFO] Lectura datos climáticos NASA
2025-05-31 16:15:54,503 [INFO] Datos JSON preparados para envío
2025-05-31 16:15:55,556 [INFO] Lectura BMP390
2025-05-31 16:15:55,741 [INFO] Lectura LTR390
2025-05-31 16:15:55,747 [INFO] Lectura desde ESP32-S3 por serial
2025-05-31 16:15:59,721 [INFO] Lectura datos climáticos NASA
2025-05-31 16:15:59,724 [INFO] Datos JSON preparados para envío
2025-05-31 16:16:00,780 [INFO] Lectura BMP390
2025-05-31 16:16:00,963 [INFO] Lectura LTR390
2025-05-31 16:16:00,970 [INFO] Lectura desde ESP32-S3 por serial
2025-05-31 16:16:04,639 [INFO] Lectura datos climáticos NASA
2025-05-31 16:16:04,642 [INFO] Datos JSON preparados para envío
2025-05-31 16:16:05,698 [INFO] Lectura BMP390
2025-05-31 16:16:05,875 [INFO] Lectura LTR390
2025-05-31 16:16:05,879 [INFO] Lectura desde ESP32-S3 por serial
2025-05-31 16:16:09,341 [INFO] Lectura datos climáticos NASA
2025-05-31 16:16:09,344 [INFO] Datos JSON preparados para envío
2025-05-31 16:16:10,397 [INFO] Lectura BMP390
2025-05-31 16:16:10,577 [INFO] Lectura LTR390
2025-05-31 16:16:10,583 [INFO] Lectura desde ESP32-S3 por serial
2025-05-31 16:16:14,252 [INFO] Lectura datos climáticos NASA
2025-05-31 16:16:14,255 [INFO] Datos JSON preparados para envío
2025-05-31 16:16:15,307 [INFO] Lectura BMP390
2025-05-31 16:16:15,488 [INFO] Lectura LTR390
2025-05-31 16:16:15,493 [INFO] Lectura desde ESP32-S3 por serial
2025-05-31 16:16:19,373 [INFO] Lectura datos climáticos NASA
2025-05-31 16:16:19,376 [INFO] Datos JSON preparados para envío
2025-05-31 16:16:20,431 [INFO] Lectura BMP390
2025-05-31 16:16:20,612 [INFO] Lectura LTR390
2025-05-31 16:16:20,618 [INFO] Lectura desde ESP32-S3 por serial
2025-05-31 16:16:24,384 [INFO] Lectura datos climáticos NASA
2025-05-31 16:16:24,387 [INFO] Datos JSON preparados para envío
2025-05-31 16:16:25,440 [INFO] Lectura BMP390
2025-05-31 16:16:25,620 [INFO] Lectura LTR390
2025-05-31 16:16:25,626 [INFO] Lectura desde ESP32-S3 por serial
2025-05-31 16:16:29,103 [INFO] Lectura datos climáticos NASA
2025-05-31 16:16:29,106 [INFO] Datos JSON preparados para envío
2025-05-31 16:16:30,162 [INFO] Lectura BMP390
2025-05-31 16:16:30,340 [INFO] Lectura LTR390
2025-05-31 16:16:30,344 [INFO] Lectura desde ESP32-S3 por serial
2025-05-31 16:16:33,695 [INFO] Lectura datos climáticos NASA
2025-05-31 16:16:33,698 [INFO] Datos JSON preparados para envío
2025-05-31 16:16:34,751 [INFO] Lectura BMP390
2025-05-31 16:16:34,930 [INFO] Lectura LTR390
2025-05-31 16:16:34,936 [INFO] Lectura desde ESP32-S3 por serial
2025-05-31 16:16:38,892 [INFO] Lectura datos climáticos NASA
2025-05-31 16:16:38,895 [INFO] Datos JSON preparados para envío
2025-05-31 16:16:39,949 [INFO] Lectura BMP390
2025-05-31 16:16:40,134 [INFO] Lectura LTR390
2025-05-31 16:16:40,140 [INFO] Lectura desde ESP32-S3 por serial
2025-05-31 16:16:45,156 [INFO] Lectura datos climáticos NASA
2025-05-31 16:16:45,159 [INFO] Datos JSON preparados para envío
2025-05-31 16:16:46,212 [INFO] Lectura BMP390
2025-05-31 16:16:46,397 [INFO] Lectura LTR390
2025-05-31 16:16:46,403 [INFO] Lectura desde ESP32-S3 por serial
2025-05-31 16:16:49,967 [INFO] Lectura datos climáticos NASA
2025-05-31 16:16:49,970 [INFO] Datos JSON preparados para envío
2025-05-31 16:16:51,025 [INFO] Lectura BMP390
2025-05-31 16:16:51,206 [INFO] Lectura LTR390
2025-05-31 16:16:51,212 [INFO] Lectura desde ESP32-S3 por serial
2025-05-31 16:16:55,018 [INFO] Lectura datos climáticos NASA
2025-05-31 16:16:55,019 [INFO] Datos JSON preparados para envío
2025-05-31 16:16:56,072 [INFO] Lectura BMP390
2025-05-31 16:16:56,255 [INFO] Lectura LTR390
2025-05-31 16:16:56,261 [INFO] Lectura desde ESP32-S3 por serial
2025-05-31 16:16:59,790 [INFO] Lectura datos climáticos NASA
2025-05-31 16:16:59,792 [INFO] Datos JSON preparados para envío
2025-05-31 16:17:00,844 [INFO] Lectura BMP390
2025-05-31 16:17:01,023 [INFO] Lectura LTR390
2025-05-31 16:17:01,029 [INFO] Lectura desde ESP32-S3 por serial
2025-05-31 16:17:04,397 [INFO] Lectura datos climáticos NASA
2025-05-31 16:17:04,401 [INFO] Datos JSON preparados para envío
2025-05-31 16:17:05,454 [INFO] Lectura BMP390
2025-05-31 16:17:05,637 [INFO] Lectura LTR390
2025-05-31 16:17:05,642 [INFO] Lectura desde ESP32-S3 por serial
2025-05-31 16:17:08,693 [INFO] Lectura datos climáticos NASA
2025-05-31 16:17:08,698 [INFO] Datos JSON preparados para envío
2025-05-31 16:17:09,750 [INFO] Lectura BMP390
2025-05-31 16:17:09,936 [INFO] Lectura LTR390
2025-05-31 16:17:09,941 [INFO] Lectura desde ESP32-S3 por serial
2025-05-31 16:17:14,322 [INFO] Lectura datos climáticos NASA
2025-05-31 16:17:14,324 [INFO] Datos JSON preparados para envío
2025-05-31 16:17:15,377 [INFO] Lectura BMP390
2025-05-31 16:17:15,558 [INFO] Lectura LTR390
2025-05-31 16:17:15,564 [INFO] Lectura desde ESP32-S3 por serial
2025-05-31 16:17:19,333 [INFO] Lectura datos climáticos NASA
2025-05-31 16:17:19,339 [INFO] Datos JSON preparados para envío
2025-05-31 16:17:20,393 [INFO] Lectura BMP390
2025-05-31 16:17:20,572 [INFO] Lectura LTR390
2025-05-31 16:17:20,579 [INFO] Lectura desde ESP32-S3 por serial
2025-05-31 16:17:23,867 [INFO] Lectura datos climáticos NASA
2025-05-31 16:17:23,870 [INFO] Datos JSON preparados para envío
2025-05-31 16:17:24,922 [INFO] Lectura BMP390
2025-05-31 16:17:25,104 [INFO] Lectura LTR390
2025-05-31 16:17:25,110 [INFO] Lectura desde ESP32-S3 por serial
2025-05-31 16:17:29,058 [INFO] Lectura datos climáticos NASA
2025-05-31 16:17:29,061 [INFO] Datos JSON preparados para envío
2025-05-31 16:17:30,110 [INFO] Lectura BMP390
2025-05-31 16:17:30,288 [INFO] Lectura LTR390
2025-05-31 16:17:30,290 [INFO] Lectura desde ESP32-S3 por serial
2025-05-31 16:17:35,432 [INFO] Lectura datos climáticos NASA
2025-05-31 16:17:35,435 [INFO] Datos JSON preparados para envío
2025-05-31 16:17:36,490 [INFO] Lectura BMP390
2025-05-31 16:17:36,670 [INFO] Lectura LTR390
2025-05-31 16:17:36,676 [INFO] Lectura desde ESP32-S3 por serial
2025-05-31 16:17:40,843 [INFO] Lectura datos climáticos NASA
2025-05-31 16:17:40,850 [INFO] Datos JSON preparados para envío
2025-05-31 16:17:41,903 [INFO] Lectura BMP390
2025-05-31 16:17:42,083 [INFO] Lectura LTR390
2025-05-31 16:17:42,088 [INFO] Lectura desde ESP32-S3 por serial
2025-05-31 16:17:47,185 [INFO] Lectura datos climáticos NASA
2025-05-31 16:17:47,188 [INFO] Datos JSON preparados para envío
2025-05-31 16:17:48,241 [INFO] Lectura BMP390
2025-05-31 16:17:48,421 [INFO] Lectura LTR390
2025-05-31 16:17:48,427 [INFO] Lectura desde ESP32-S3 por serial
2025-05-31 16:17:53,379 [INFO] Lectura datos climáticos NASA
2025-05-31 16:17:53,382 [INFO] Datos JSON preparados para envío
2025-05-31 16:17:54,435 [INFO] Lectura BMP390
2025-05-31 16:17:54,620 [INFO] Lectura LTR390
2025-05-31 16:17:54,624 [INFO] Lectura desde ESP32-S3 por serial
2025-05-31 16:17:58,329 [INFO] Lectura datos climáticos NASA
2025-05-31 16:17:58,332 [INFO] Datos JSON preparados para envío
2025-05-31 16:17:59,384 [INFO] Lectura BMP390
2025-05-31 16:17:59,565 [INFO] Lectura LTR390
2025-05-31 16:17:59,571 [INFO] Lectura desde ESP32-S3 por serial
2025-05-31 16:18:03,762 [INFO] Lectura datos climáticos NASA
2025-05-31 16:18:03,765 [INFO] Datos JSON preparados para envío
2025-05-31 16:18:04,817 [INFO] Lectura BMP390
2025-05-31 16:18:05,004 [INFO] Lectura LTR390
2025-05-31 16:18:05,011 [INFO] Lectura desde ESP32-S3 por serial
2025-05-31 16:18:08,562 [INFO] Lectura datos climáticos NASA
2025-05-31 16:18:08,564 [INFO] Datos JSON preparados para envío
2025-05-31 16:18:09,620 [INFO] Lectura BMP390
2025-05-31 16:18:09,800 [INFO] Lectura LTR390
2025-05-31 16:18:09,806 [INFO] Lectura desde ESP32-S3 por serial
2025-05-31 16:18:13,484 [INFO] Lectura datos climáticos NASA
2025-05-31 16:18:13,487 [INFO] Datos JSON preparados para envío
2025-05-31 16:18:14,539 [INFO] Lectura BMP390
2025-05-31 16:18:14,723 [INFO] Lectura LTR390
2025-05-31 16:18:14,729 [INFO] Lectura desde ESP32-S3 por serial
2025-05-31 16:18:18,387 [INFO] Lectura datos climáticos NASA
2025-05-31 16:18:18,390 [INFO] Datos JSON preparados para envío
2025-05-31 16:18:19,440 [INFO] Lectura BMP390
2025-05-31 16:18:19,617 [INFO] Lectura LTR390
2025-05-31 16:18:19,620 [INFO] Lectura desde ESP32-S3 por serial
2025-05-31 16:18:23,716 [INFO] Lectura datos climáticos NASA
2025-05-31 16:18:23,718 [INFO] Datos JSON preparados para envío
2025-05-31 16:18:24,773 [INFO] Lectura BMP390
2025-05-31 16:18:24,955 [INFO] Lectura LTR390
2025-05-31 16:18:24,961 [INFO] Lectura desde ESP32-S3 por serial
2025-05-31 16:18:28,933 [INFO] Lectura datos climáticos NASA
2025-05-31 16:18:28,935 [INFO] Datos JSON preparados para envío
2025-05-31 16:18:29,988 [INFO] Lectura BMP390
2025-05-31 16:18:30,173 [INFO] Lectura LTR390
2025-05-31 16:18:30,179 [INFO] Lectura desde ESP32-S3 por serial
2025-05-31 16:18:34,148 [INFO] Lectura datos climáticos NASA
2025-05-31 16:18:34,151 [INFO] Datos JSON preparados para envío
2025-05-31 16:18:35,207 [INFO] Lectura BMP390
2025-05-31 16:18:35,389 [INFO] Lectura LTR390
2025-05-31 16:18:35,395 [INFO] Lectura desde ESP32-S3 por serial
2025-05-31 16:18:39,415 [INFO] Lectura datos climáticos NASA
2025-05-31 16:18:39,417 [INFO] Datos JSON preparados para envío
2025-05-31 16:18:40,470 [INFO] Lectura BMP390
2025-05-31 16:18:40,656 [INFO] Lectura LTR390
2025-05-31 16:18:40,662 [INFO] Lectura desde ESP32-S3 por serial
2025-05-31 16:18:44,335 [INFO] Lectura datos climáticos NASA
2025-05-31 16:18:44,336 [INFO] Datos JSON preparados para envío
2025-05-31 16:18:45,389 [INFO] Lectura BMP390
2025-05-31 16:18:45,569 [INFO] Lectura LTR390
2025-05-31 16:18:45,577 [INFO] Lectura desde ESP32-S3 por serial
2025-05-31 16:18:50,114 [INFO] Lectura datos climáticos NASA
2025-05-31 16:18:50,117 [INFO] Datos JSON preparados para envío
2025-05-31 16:18:51,169 [INFO] Lectura BMP390
2025-05-31 16:18:51,357 [INFO] Lectura LTR390
2025-05-31 16:18:51,363 [INFO] Lectura desde ESP32-S3 por serial
2025-05-31 16:18:55,025 [INFO] Lectura datos climáticos NASA
2025-05-31 16:18:55,028 [INFO] Datos JSON preparados para envío
2025-05-31 16:18:56,078 [INFO] Lectura BMP390
2025-05-31 16:18:56,255 [INFO] Lectura LTR390
2025-05-31 16:18:56,261 [INFO] Lectura desde ESP32-S3 por serial
2025-05-31 16:18:59,864 [INFO] Lectura datos climáticos NASA
2025-05-31 16:18:59,869 [INFO] Datos JSON preparados para envío
2025-05-31 16:19:00,922 [INFO] Lectura BMP390
2025-05-31 16:19:01,105 [INFO] Lectura LTR390
2025-05-31 16:19:01,113 [INFO] Lectura desde ESP32-S3 por serial
2025-05-31 16:19:04,949 [INFO] Lectura datos climáticos NASA
2025-05-31 16:19:04,952 [INFO] Datos JSON preparados para envío
2025-05-31 16:19:06,005 [INFO] Lectura BMP390
2025-05-31 16:19:06,187 [INFO] Lectura LTR390
2025-05-31 16:19:06,194 [INFO] Lectura desde ESP32-S3 por serial
2025-05-31 16:19:09,760 [INFO] Lectura datos climáticos NASA
2025-05-31 16:19:09,763 [INFO] Datos JSON preparados para envío
2025-05-31 16:19:10,816 [INFO] Lectura BMP390
2025-05-31 16:19:11,004 [INFO] Lectura LTR390
2025-05-31 16:19:11,010 [INFO] Lectura desde ESP32-S3 por serial
2025-05-31 16:19:14,569 [INFO] Lectura datos climáticos NASA
2025-05-31 16:19:14,572 [INFO] Datos JSON preparados para envío
2025-05-31 16:19:15,628 [INFO] Lectura BMP390
2025-05-31 16:19:15,809 [INFO] Lectura LTR390
2025-05-31 16:19:15,815 [INFO] Lectura desde ESP32-S3 por serial
2025-05-31 16:19:19,897 [INFO] Lectura datos climáticos NASA
2025-05-31 16:19:19,898 [INFO] Datos JSON preparados para envío
2025-05-31 16:19:20,950 [INFO] Lectura BMP390
2025-05-31 16:19:21,130 [INFO] Lectura LTR390
2025-05-31 16:19:21,133 [INFO] Lectura desde ESP32-S3 por serial
2025-05-31 16:19:24,496 [INFO] Lectura datos climáticos NASA
2025-05-31 16:19:24,500 [INFO] Datos JSON preparados para envío
2025-05-31 16:19:25,553 [INFO] Lectura BMP390
2025-05-31 16:19:25,733 [INFO] Lectura LTR390
2025-05-31 16:19:25,739 [INFO] Lectura desde ESP32-S3 por serial
2025-05-31 16:19:29,305 [INFO] Lectura datos climáticos NASA
2025-05-31 16:19:29,308 [INFO] Datos JSON preparados para envío
2025-05-31 16:19:30,361 [INFO] Lectura BMP390
2025-05-31 16:19:30,540 [INFO] Lectura LTR390
2025-05-31 16:19:30,546 [INFO] Lectura desde ESP32-S3 por serial
2025-05-31 16:19:33,912 [INFO] Lectura datos climáticos NASA
2025-05-31 16:19:33,913 [INFO] Datos JSON preparados para envío
2025-05-31 16:19:34,966 [INFO] Lectura BMP390
2025-05-31 16:19:35,147 [INFO] Lectura LTR390
2025-05-31 16:19:35,154 [INFO] Lectura desde ESP32-S3 por serial
2025-05-31 16:19:38,578 [INFO] Lectura datos climáticos NASA
2025-05-31 16:19:38,581 [INFO] Datos JSON preparados para envío
2025-05-31 16:19:39,634 [INFO] Lectura BMP390
2025-05-31 16:19:39,814 [INFO] Lectura LTR390
2025-05-31 16:19:39,820 [INFO] Lectura desde ESP32-S3 por serial
2025-05-31 16:19:43,648 [INFO] Lectura datos climáticos NASA
2025-05-31 16:19:43,651 [INFO] Datos JSON preparados para envío
2025-05-31 16:19:44,702 [INFO] Lectura BMP390
2025-05-31 16:19:44,883 [INFO] Lectura LTR390
2025-05-31 16:19:44,886 [INFO] Lectura desde ESP32-S3 por serial
2025-05-31 16:19:48,443 [INFO] Lectura datos climáticos NASA
2025-05-31 16:19:48,446 [INFO] Datos JSON preparados para envío
2025-05-31 16:19:49,498 [INFO] Lectura BMP390
2025-05-31 16:19:49,678 [INFO] Lectura LTR390
2025-05-31 16:19:49,684 [INFO] Lectura desde ESP32-S3 por serial
2025-05-31 16:19:53,149 [INFO] Lectura datos climáticos NASA
2025-05-31 16:19:53,151 [INFO] Datos JSON preparados para envío
2025-05-31 16:19:54,204 [INFO] Lectura BMP390
2025-05-31 16:19:54,390 [INFO] Lectura LTR390
2025-05-31 16:19:54,397 [INFO] Lectura desde ESP32-S3 por serial
2025-05-31 16:19:59,289 [INFO] Lectura datos climáticos NASA
2025-05-31 16:19:59,292 [INFO] Datos JSON preparados para envío
2025-05-31 16:20:00,349 [INFO] Lectura BMP390
2025-05-31 16:20:00,529 [INFO] Lectura LTR390
2025-05-31 16:20:00,534 [INFO] Lectura desde ESP32-S3 por serial
2025-05-31 16:20:04,202 [INFO] Lectura datos climáticos NASA
2025-05-31 16:20:04,205 [INFO] Datos JSON preparados para envío
2025-05-31 16:20:05,258 [INFO] Lectura BMP390
2025-05-31 16:20:05,439 [INFO] Lectura LTR390
2025-05-31 16:20:05,446 [INFO] Lectura desde ESP32-S3 por serial
2025-05-31 16:20:09,221 [INFO] Lectura datos climáticos NASA
2025-05-31 16:20:09,224 [INFO] Datos JSON preparados para envío
2025-05-31 16:20:10,278 [INFO] Lectura BMP390
2025-05-31 16:20:10,460 [INFO] Lectura LTR390
2025-05-31 16:20:10,465 [INFO] Lectura desde ESP32-S3 por serial
2025-05-31 16:20:13,821 [INFO] Lectura datos climáticos NASA
2025-05-31 16:20:13,823 [INFO] Datos JSON preparados para envío
2025-05-31 16:20:14,876 [INFO] Lectura BMP390
2025-05-31 16:20:15,059 [INFO] Lectura LTR390
2025-05-31 16:20:15,065 [INFO] Lectura desde ESP32-S3 por serial
2025-05-31 16:20:18,321 [INFO] Lectura datos climáticos NASA
2025-05-31 16:20:18,324 [INFO] Datos JSON preparados para envío
2025-05-31 16:20:19,376 [INFO] Lectura BMP390
2025-05-31 16:20:19,556 [INFO] Lectura LTR390
2025-05-31 16:20:19,562 [INFO] Lectura desde ESP32-S3 por serial
2025-05-31 16:20:23,132 [INFO] Lectura datos climáticos NASA
2025-05-31 16:20:23,140 [INFO] Datos JSON preparados para envío
2025-05-31 16:20:24,197 [INFO] Lectura BMP390
2025-05-31 16:20:24,378 [INFO] Lectura LTR390
2025-05-31 16:20:24,384 [INFO] Lectura desde ESP32-S3 por serial
2025-05-31 16:20:27,840 [INFO] Lectura datos climáticos NASA
2025-05-31 16:20:27,843 [INFO] Datos JSON preparados para envío
2025-05-31 16:20:28,895 [INFO] Lectura BMP390
2025-05-31 16:20:29,079 [INFO] Lectura LTR390
2025-05-31 16:20:29,085 [INFO] Lectura desde ESP32-S3 por serial
2025-05-31 16:20:32,445 [INFO] Lectura datos climáticos NASA
2025-05-31 16:20:32,448 [INFO] Datos JSON preparados para envío
2025-05-31 16:20:33,498 [INFO] Lectura BMP390
2025-05-31 16:20:33,680 [INFO] Lectura LTR390
2025-05-31 16:20:33,684 [INFO] Lectura desde ESP32-S3 por serial
2025-05-31 16:20:37,561 [INFO] Lectura datos climáticos NASA
2025-05-31 16:20:37,564 [INFO] Datos JSON preparados para envío
2025-05-31 16:20:38,617 [INFO] Lectura BMP390
2025-05-31 16:20:38,797 [INFO] Lectura LTR390
2025-05-31 16:20:38,804 [INFO] Lectura desde ESP32-S3 por serial
2025-05-31 16:20:42,295 [INFO] Lectura datos climáticos NASA
2025-05-31 16:20:42,298 [INFO] Datos JSON preparados para envío
2025-05-31 16:20:43,349 [INFO] Lectura BMP390
2025-05-31 16:20:43,532 [INFO] Lectura LTR390
2025-05-31 16:20:43,538 [INFO] Lectura desde ESP32-S3 por serial
2025-05-31 16:20:47,082 [INFO] Lectura datos climáticos NASA
2025-05-31 16:20:47,085 [INFO] Datos JSON preparados para envío
2025-05-31 16:20:48,142 [INFO] Lectura BMP390
2025-05-31 16:20:48,322 [INFO] Lectura LTR390
2025-05-31 16:20:48,328 [INFO] Lectura desde ESP32-S3 por serial
2025-05-31 16:20:51,894 [INFO] Lectura datos climáticos NASA
2025-05-31 16:20:51,897 [INFO] Datos JSON preparados para envío
2025-05-31 16:20:52,949 [INFO] Lectura BMP390
2025-05-31 16:20:53,134 [INFO] Lectura LTR390
2025-05-31 16:20:53,140 [INFO] Lectura desde ESP32-S3 por serial
2025-05-31 16:20:57,830 [INFO] Lectura datos climáticos NASA
2025-05-31 16:20:57,831 [INFO] Datos JSON preparados para envío
2025-05-31 16:20:58,883 [INFO] Lectura BMP390
2025-05-31 16:20:59,059 [INFO] Lectura LTR390
2025-05-31 16:20:59,062 [INFO] Lectura desde ESP32-S3 por serial
2025-05-31 16:21:02,328 [INFO] Lectura datos climáticos NASA
2025-05-31 16:21:02,331 [INFO] Datos JSON preparados para envío
2025-05-31 16:21:03,387 [INFO] Lectura BMP390
2025-05-31 16:21:03,568 [INFO] Lectura LTR390
2025-05-31 16:21:03,574 [INFO] Lectura desde ESP32-S3 por serial
2025-05-31 16:21:07,650 [INFO] Lectura datos climáticos NASA
2025-05-31 16:21:07,653 [INFO] Datos JSON preparados para envío
2025-05-31 16:21:08,705 [INFO] Lectura BMP390
2025-05-31 16:21:08,885 [INFO] Lectura LTR390
2025-05-31 16:21:08,891 [INFO] Lectura desde ESP32-S3 por serial
2025-05-31 16:21:12,458 [INFO] Lectura datos climáticos NASA
2025-05-31 16:21:12,461 [INFO] Datos JSON preparados para envío
2025-05-31 16:21:13,514 [INFO] Lectura BMP390
2025-05-31 16:21:13,696 [INFO] Lectura LTR390
2025-05-31 16:21:13,702 [INFO] Lectura desde ESP32-S3 por serial
2025-05-31 16:21:17,330 [INFO] Lectura datos climáticos NASA
2025-05-31 16:21:17,333 [INFO] Datos JSON preparados para envío
2025-05-31 16:21:18,390 [INFO] Lectura BMP390
2025-05-31 16:21:18,570 [INFO] Lectura LTR390
2025-05-31 16:21:18,576 [INFO] Lectura desde ESP32-S3 por serial
2025-05-31 16:21:22,443 [INFO] Lectura datos climáticos NASA
2025-05-31 16:21:22,445 [INFO] Datos JSON preparados para envío
2025-05-31 16:21:23,495 [INFO] Lectura BMP390
2025-05-31 16:21:23,675 [INFO] Lectura LTR390
2025-05-31 16:21:23,683 [INFO] Lectura desde ESP32-S3 por serial
2025-05-31 16:21:27,093 [INFO] Lectura datos climáticos NASA
2025-05-31 16:21:27,100 [INFO] Datos JSON preparados para envío
2025-05-31 16:21:28,153 [INFO] Lectura BMP390
2025-05-31 16:21:28,332 [INFO] Lectura LTR390
2025-05-31 16:21:28,337 [INFO] Lectura desde ESP32-S3 por serial
2025-05-31 16:21:32,312 [INFO] Lectura datos climáticos NASA
2025-05-31 16:21:32,314 [INFO] Datos JSON preparados para envío
2025-05-31 16:21:33,367 [INFO] Lectura BMP390
2025-05-31 16:21:33,545 [INFO] Lectura LTR390
2025-05-31 16:21:33,547 [INFO] Lectura desde ESP32-S3 por serial
2025-05-31 16:21:37,124 [INFO] Lectura datos climáticos NASA
2025-05-31 16:21:37,126 [INFO] Datos JSON preparados para envío
2025-05-31 16:21:38,180 [INFO] Lectura BMP390
2025-05-31 16:21:38,362 [INFO] Lectura LTR390
2025-05-31 16:21:38,368 [INFO] Lectura desde ESP32-S3 por serial
2025-05-31 16:21:43,260 [INFO] Lectura datos climáticos NASA
2025-05-31 16:21:43,262 [INFO] Datos JSON preparados para envío
2025-05-31 16:21:44,316 [INFO] Lectura BMP390
2025-05-31 16:21:44,498 [INFO] Lectura LTR390
2025-05-31 16:21:44,506 [INFO] Lectura desde ESP32-S3 por serial
2025-05-31 16:21:48,991 [INFO] Lectura datos climáticos NASA
2025-05-31 16:21:48,994 [INFO] Datos JSON preparados para envío
2025-05-31 16:21:50,047 [INFO] Lectura BMP390
2025-05-31 16:21:50,230 [INFO] Lectura LTR390
2025-05-31 16:21:50,236 [INFO] Lectura desde ESP32-S3 por serial
2025-05-31 16:21:53,904 [INFO] Lectura datos climáticos NASA
2025-05-31 16:21:53,907 [INFO] Datos JSON preparados para envío
2025-05-31 16:21:54,961 [INFO] Lectura BMP390
2025-05-31 16:21:55,141 [INFO] Lectura LTR390
2025-05-31 16:21:55,148 [INFO] Lectura desde ESP32-S3 por serial
2025-05-31 16:21:59,016 [INFO] Lectura datos climáticos NASA
2025-05-31 16:21:59,018 [INFO] Datos JSON preparados para envío
2025-05-31 16:22:00,070 [INFO] Lectura BMP390
2025-05-31 16:22:00,254 [INFO] Lectura LTR390
2025-05-31 16:22:00,264 [INFO] Lectura desde ESP32-S3 por serial
2025-05-31 16:22:04,240 [INFO] Lectura datos climáticos NASA
2025-05-31 16:22:04,243 [INFO] Datos JSON preparados para envío
2025-05-31 16:22:05,297 [INFO] Lectura BMP390
2025-05-31 16:22:05,477 [INFO] Lectura LTR390
2025-05-31 16:22:05,484 [INFO] Lectura desde ESP32-S3 por serial
2025-05-31 16:22:09,662 [INFO] Lectura datos climáticos NASA
2025-05-31 16:22:09,665 [INFO] Datos JSON preparados para envío
2025-05-31 16:22:10,717 [INFO] Lectura BMP390
2025-05-31 16:22:10,895 [INFO] Lectura LTR390
2025-05-31 16:22:10,899 [INFO] Lectura desde ESP32-S3 por serial
2025-05-31 16:22:14,529 [INFO] Lectura datos climáticos NASA
2025-05-31 16:22:14,532 [INFO] Datos JSON preparados para envío
2025-05-31 16:22:15,585 [INFO] Lectura BMP390
2025-05-31 16:22:15,768 [INFO] Lectura LTR390
2025-05-31 16:22:15,775 [INFO] Lectura desde ESP32-S3 por serial
2025-05-31 16:22:20,409 [INFO] Lectura datos climáticos NASA
2025-05-31 16:22:20,412 [INFO] Datos JSON preparados para envío
2025-05-31 16:22:21,465 [INFO] Lectura BMP390
2025-05-31 16:22:21,645 [INFO] Lectura LTR390
2025-05-31 16:22:21,651 [INFO] Lectura desde ESP32-S3 por serial
2025-05-31 16:22:25,015 [INFO] Lectura datos climáticos NASA
2025-05-31 16:22:25,020 [INFO] Datos JSON preparados para envío
2025-05-31 16:22:26,073 [INFO] Lectura BMP390
2025-05-31 16:22:26,253 [INFO] Lectura LTR390
2025-05-31 16:22:26,261 [INFO] Lectura desde ESP32-S3 por serial
2025-05-31 16:22:29,823 [INFO] Lectura datos climáticos NASA
2025-05-31 16:22:29,826 [INFO] Datos JSON preparados para envío
2025-05-31 16:22:30,878 [INFO] Lectura BMP390
2025-05-31 16:22:31,058 [INFO] Lectura LTR390
2025-05-31 16:22:31,064 [INFO] Lectura desde ESP32-S3 por serial
2025-05-31 16:22:34,424 [INFO] Lectura datos climáticos NASA
2025-05-31 16:22:34,425 [INFO] Datos JSON preparados para envío
2025-05-31 16:22:35,475 [INFO] Lectura BMP390
2025-05-31 16:22:35,651 [INFO] Lectura LTR390
2025-05-31 16:22:35,654 [INFO] Lectura desde ESP32-S3 por serial
2025-05-31 16:22:39,285 [INFO] Lectura datos climáticos NASA
2025-05-31 16:22:39,287 [INFO] Datos JSON preparados para envío
2025-05-31 16:22:40,340 [INFO] Lectura BMP390
2025-05-31 16:22:40,522 [INFO] Lectura LTR390
2025-05-31 16:22:40,529 [INFO] Lectura desde ESP32-S3 por serial
2025-05-31 16:22:43,755 [INFO] Lectura datos climáticos NASA
2025-05-31 16:22:43,758 [INFO] Datos JSON preparados para envío
2025-05-31 16:22:44,812 [INFO] Lectura BMP390
2025-05-31 16:22:44,993 [INFO] Lectura LTR390
2025-05-31 16:22:44,999 [INFO] Lectura desde ESP32-S3 por serial
2025-05-31 16:22:48,566 [INFO] Lectura datos climáticos NASA
2025-05-31 16:22:48,569 [INFO] Datos JSON preparados para envío
2025-05-31 16:22:49,622 [INFO] Lectura BMP390
2025-05-31 16:22:49,801 [INFO] Lectura LTR390
2025-05-31 16:22:49,807 [INFO] Lectura desde ESP32-S3 por serial
2025-05-31 16:22:53,667 [INFO] Lectura datos climáticos NASA
2025-05-31 16:22:53,670 [INFO] Datos JSON preparados para envío
2025-05-31 16:22:54,725 [INFO] Lectura BMP390
2025-05-31 16:22:54,908 [INFO] Lectura LTR390
2025-05-31 16:22:54,914 [INFO] Lectura desde ESP32-S3 por serial
2025-05-31 16:22:58,273 [INFO] Lectura datos climáticos NASA
2025-05-31 16:22:58,278 [INFO] Datos JSON preparados para envío
2025-05-31 16:22:59,328 [INFO] Lectura BMP390
2025-05-31 16:22:59,508 [INFO] Lectura LTR390
2025-05-31 16:22:59,511 [INFO] Lectura desde ESP32-S3 por serial
2025-05-31 16:23:04,313 [INFO] Lectura datos climáticos NASA
2025-05-31 16:23:04,316 [INFO] Datos JSON preparados para envío
2025-05-31 16:23:05,369 [INFO] Lectura BMP390
2025-05-31 16:23:05,549 [INFO] Lectura LTR390
2025-05-31 16:23:05,554 [INFO] Lectura desde ESP32-S3 por serial
2025-05-31 16:23:08,916 [INFO] Lectura datos climáticos NASA
2025-05-31 16:23:08,919 [INFO] Datos JSON preparados para envío
2025-05-31 16:23:09,971 [INFO] Lectura BMP390
2025-05-31 16:23:10,153 [INFO] Lectura LTR390
2025-05-31 16:23:10,159 [INFO] Lectura desde ESP32-S3 por serial
2025-05-31 16:23:13,653 [INFO] Lectura datos climáticos NASA
2025-05-31 16:23:13,656 [INFO] Datos JSON preparados para envío
2025-05-31 16:23:14,706 [INFO] Lectura BMP390
2025-05-31 16:23:14,887 [INFO] Lectura LTR390
2025-05-31 16:23:14,894 [INFO] Lectura desde ESP32-S3 por serial
2025-05-31 16:23:18,431 [INFO] Lectura datos climáticos NASA
2025-05-31 16:23:18,434 [INFO] Datos JSON preparados para envío
2025-05-31 16:23:19,485 [INFO] Lectura BMP390
2025-05-31 16:23:19,670 [INFO] Lectura LTR390
2025-05-31 16:23:19,677 [INFO] Lectura desde ESP32-S3 por serial
2025-05-31 16:23:23,751 [INFO] Lectura datos climáticos NASA
2025-05-31 16:23:23,753 [INFO] Datos JSON preparados para envío
2025-05-31 16:23:24,802 [INFO] Lectura BMP390
2025-05-31 16:23:24,981 [INFO] Lectura LTR390
2025-05-31 16:23:24,987 [INFO] Lectura desde ESP32-S3 por serial
2025-05-31 16:23:28,562 [INFO] Lectura datos climáticos NASA
2025-05-31 16:23:28,565 [INFO] Datos JSON preparados para envío
2025-05-31 16:23:29,619 [INFO] Lectura BMP390
2025-05-31 16:23:29,799 [INFO] Lectura LTR390
2025-05-31 16:23:29,805 [INFO] Lectura desde ESP32-S3 por serial
2025-05-31 16:23:33,482 [INFO] Lectura datos climáticos NASA
2025-05-31 16:23:33,484 [INFO] Datos JSON preparados para envío
2025-05-31 16:23:34,537 [INFO] Lectura BMP390
2025-05-31 16:23:34,716 [INFO] Lectura LTR390
2025-05-31 16:23:34,723 [INFO] Lectura desde ESP32-S3 por serial
2025-05-31 16:23:39,309 [INFO] Lectura datos climáticos NASA
2025-05-31 16:23:39,312 [INFO] Datos JSON preparados para envío
2025-05-31 16:23:40,365 [INFO] Lectura BMP390
2025-05-31 16:23:40,548 [INFO] Lectura LTR390
2025-05-31 16:23:40,553 [INFO] Lectura desde ESP32-S3 por serial
2025-05-31 16:23:44,478 [INFO] Lectura datos climáticos NASA
2025-05-31 16:23:44,481 [INFO] Datos JSON preparados para envío
2025-05-31 16:23:45,535 [INFO] Lectura BMP390
2025-05-31 16:23:45,716 [INFO] Lectura LTR390
2025-05-31 16:23:45,722 [INFO] Lectura desde ESP32-S3 por serial
2025-05-31 16:23:49,545 [INFO] Lectura datos climáticos NASA
2025-05-31 16:23:49,548 [INFO] Datos JSON preparados para envío
2025-05-31 16:23:50,602 [INFO] Lectura BMP390
2025-05-31 16:23:50,786 [INFO] Lectura LTR390
2025-05-31 16:23:50,792 [INFO] Lectura desde ESP32-S3 por serial
2025-05-31 16:23:55,171 [INFO] Lectura datos climáticos NASA
2025-05-31 16:23:55,173 [INFO] Datos JSON preparados para envío
2025-05-31 16:23:56,224 [INFO] Lectura BMP390
2025-05-31 16:23:56,405 [INFO] Lectura LTR390
2025-05-31 16:23:56,412 [INFO] Lectura desde ESP32-S3 por serial
2025-05-31 16:24:01,003 [INFO] Lectura datos climáticos NASA
2025-05-31 16:24:01,006 [INFO] Datos JSON preparados para envío
2025-05-31 16:24:02,060 [INFO] Lectura BMP390
2025-05-31 16:24:02,240 [INFO] Lectura LTR390
2025-05-31 16:24:02,246 [INFO] Lectura desde ESP32-S3 por serial
2025-05-31 16:24:06,450 [INFO] Lectura datos climáticos NASA
2025-05-31 16:24:06,455 [INFO] Datos JSON preparados para envío
2025-05-31 16:24:07,508 [INFO] Lectura BMP390
2025-05-31 16:24:07,688 [INFO] Lectura LTR390
2025-05-31 16:24:07,694 [INFO] Lectura desde ESP32-S3 por serial
2025-05-31 16:24:10,975 [INFO] Lectura datos climáticos NASA
2025-05-31 16:24:10,978 [INFO] Datos JSON preparados para envío
2025-05-31 16:24:12,028 [INFO] Lectura BMP390
2025-05-31 16:24:12,204 [INFO] Lectura LTR390
2025-05-31 16:24:12,207 [INFO] Lectura desde ESP32-S3 por serial
2025-05-31 16:24:15,742 [INFO] Lectura datos climáticos NASA
2025-05-31 16:24:15,746 [INFO] Datos JSON preparados para envío
2025-05-31 16:24:16,799 [INFO] Lectura BMP390
2025-05-31 16:24:16,981 [INFO] Lectura LTR390
2025-05-31 16:24:16,987 [INFO] Lectura desde ESP32-S3 por serial
2025-05-31 16:24:21,163 [INFO] Lectura datos climáticos NASA
2025-05-31 16:24:21,166 [INFO] Datos JSON preparados para envío
2025-05-31 16:24:22,221 [INFO] Lectura BMP390
2025-05-31 16:24:22,401 [INFO] Lectura LTR390
2025-05-31 16:24:22,407 [INFO] Lectura desde ESP32-S3 por serial
2025-05-31 16:24:26,894 [INFO] Lectura datos climáticos NASA
2025-05-31 16:24:26,900 [INFO] Datos JSON preparados para envío
2025-05-31 16:24:27,953 [INFO] Lectura BMP390
2025-05-31 16:24:28,133 [INFO] Lectura LTR390
2025-05-31 16:24:28,139 [INFO] Lectura desde ESP32-S3 por serial
2025-05-31 16:24:31,907 [INFO] Lectura datos climáticos NASA
2025-05-31 16:24:31,911 [INFO] Datos JSON preparados para envío
2025-05-31 16:24:32,963 [INFO] Lectura BMP390
2025-05-31 16:24:33,146 [INFO] Lectura LTR390
2025-05-31 16:24:33,152 [INFO] Lectura desde ESP32-S3 por serial
2025-05-31 16:24:36,612 [INFO] Lectura datos climáticos NASA
2025-05-31 16:24:36,613 [INFO] Datos JSON preparados para envío
2025-05-31 16:24:37,663 [INFO] Lectura BMP390
2025-05-31 16:24:37,844 [INFO] Lectura LTR390
2025-05-31 16:24:37,850 [INFO] Lectura desde ESP32-S3 por serial
2025-05-31 16:24:41,630 [INFO] Lectura datos climáticos NASA
2025-05-31 16:24:41,633 [INFO] Datos JSON preparados para envío
2025-05-31 16:24:42,687 [INFO] Lectura BMP390
2025-05-31 16:24:42,871 [INFO] Lectura LTR390
2025-05-31 16:24:42,877 [INFO] Lectura desde ESP32-S3 por serial
2025-05-31 16:24:46,337 [INFO] Lectura datos climáticos NASA
2025-05-31 16:24:46,341 [INFO] Datos JSON preparados para envío
2025-05-31 16:24:47,394 [INFO] Lectura BMP390
2025-05-31 16:24:47,573 [INFO] Lectura LTR390
2025-05-31 16:24:47,579 [INFO] Lectura desde ESP32-S3 por serial
2025-05-31 16:24:51,044 [INFO] Lectura datos climáticos NASA
2025-05-31 16:24:51,047 [INFO] Datos JSON preparados para envío
2025-05-31 16:24:52,101 [INFO] Lectura BMP390
2025-05-31 16:24:52,282 [INFO] Lectura LTR390
2025-05-31 16:24:52,288 [INFO] Lectura desde ESP32-S3 por serial
2025-05-31 16:24:55,956 [INFO] Lectura datos climáticos NASA
2025-05-31 16:24:55,959 [INFO] Datos JSON preparados para envío
2025-05-31 16:24:57,012 [INFO] Lectura BMP390
2025-05-31 16:24:57,195 [INFO] Lectura LTR390
2025-05-31 16:24:57,201 [INFO] Lectura desde ESP32-S3 por serial
2025-05-31 16:25:01,683 [INFO] Lectura datos climáticos NASA
2025-05-31 16:25:01,685 [INFO] Datos JSON preparados para envío
2025-05-31 16:25:02,736 [INFO] Lectura BMP390
2025-05-31 16:25:02,921 [INFO] Lectura LTR390
2025-05-31 16:25:02,927 [INFO] Lectura desde ESP32-S3 por serial
2025-05-31 16:25:06,805 [INFO] Lectura datos climáticos NASA
2025-05-31 16:25:06,807 [INFO] Datos JSON preparados para envío
2025-05-31 16:25:07,860 [INFO] Lectura BMP390
2025-05-31 16:25:08,041 [INFO] Lectura LTR390
2025-05-31 16:25:08,047 [INFO] Lectura desde ESP32-S3 por serial
2025-05-31 16:25:12,226 [INFO] Lectura datos climáticos NASA
2025-05-31 16:25:12,228 [INFO] Datos JSON preparados para envío
2025-05-31 16:25:13,279 [INFO] Lectura BMP390
2025-05-31 16:25:13,458 [INFO] Lectura LTR390
2025-05-31 16:25:13,461 [INFO] Lectura desde ESP32-S3 por serial
2025-05-31 16:25:16,935 [INFO] Lectura datos climáticos NASA
2025-05-31 16:25:16,938 [INFO] Datos JSON preparados para envío
2025-05-31 16:25:17,993 [INFO] Lectura BMP390
2025-05-31 16:25:18,175 [INFO] Lectura LTR390
2025-05-31 16:25:18,181 [INFO] Lectura desde ESP32-S3 por serial
2025-05-31 16:25:22,053 [INFO] Lectura datos climáticos NASA
2025-05-31 16:25:22,056 [INFO] Datos JSON preparados para envío
2025-05-31 16:25:23,110 [INFO] Lectura BMP390
2025-05-31 16:25:23,293 [INFO] Lectura LTR390
2025-05-31 16:25:23,298 [INFO] Lectura desde ESP32-S3 por serial
2025-05-31 16:25:27,170 [INFO] Lectura datos climáticos NASA
2025-05-31 16:25:27,173 [INFO] Datos JSON preparados para envío
2025-05-31 16:25:28,225 [INFO] Lectura BMP390
2025-05-31 16:25:28,407 [INFO] Lectura LTR390
2025-05-31 16:25:28,413 [INFO] Lectura desde ESP32-S3 por serial
2025-05-31 16:25:32,387 [INFO] Lectura datos climáticos NASA
2025-05-31 16:25:32,391 [INFO] Datos JSON preparados para envío
2025-05-31 16:25:33,444 [INFO] Lectura BMP390
2025-05-31 16:25:33,624 [INFO] Lectura LTR390
2025-05-31 16:25:33,630 [INFO] Lectura desde ESP32-S3 por serial
2025-05-31 16:25:36,992 [INFO] Lectura datos climáticos NASA
2025-05-31 16:25:36,993 [INFO] Datos JSON preparados para envío
2025-05-31 16:25:38,048 [INFO] Lectura BMP390
2025-05-31 16:25:38,225 [INFO] Lectura LTR390
2025-05-31 16:25:38,229 [INFO] Lectura desde ESP32-S3 por serial
2025-05-31 16:25:42,314 [INFO] Lectura datos climáticos NASA
2025-05-31 16:25:42,317 [INFO] Datos JSON preparados para envío
2025-05-31 16:25:43,369 [INFO] Lectura BMP390
2025-05-31 16:25:43,549 [INFO] Lectura LTR390
2025-05-31 16:25:43,556 [INFO] Lectura desde ESP32-S3 por serial
2025-05-31 16:25:47,432 [INFO] Lectura datos climáticos NASA
2025-05-31 16:25:47,435 [INFO] Datos JSON preparados para envío
2025-05-31 16:25:48,488 [INFO] Lectura BMP390
2025-05-31 16:25:48,668 [INFO] Lectura LTR390
2025-05-31 16:25:48,673 [INFO] Lectura desde ESP32-S3 por serial
2025-05-31 16:25:51,935 [INFO] Lectura datos climáticos NASA
2025-05-31 16:25:51,938 [INFO] Datos JSON preparados para envío
2025-05-31 16:25:52,990 [INFO] Lectura BMP390
2025-05-31 16:25:53,170 [INFO] Lectura LTR390
2025-05-31 16:25:53,176 [INFO] Lectura desde ESP32-S3 por serial
2025-05-31 16:25:56,927 [INFO] Lectura datos climáticos NASA
2025-05-31 16:25:56,930 [INFO] Datos JSON preparados para envío
2025-05-31 16:25:57,984 [INFO] Lectura BMP390
2025-05-31 16:25:58,167 [INFO] Lectura LTR390
2025-05-31 16:25:58,173 [INFO] Lectura desde ESP32-S3 por serial
2025-05-31 16:26:02,265 [INFO] Lectura datos climáticos NASA
2025-05-31 16:26:02,267 [INFO] Datos JSON preparados para envío
2025-05-31 16:26:03,317 [INFO] Lectura BMP390
2025-05-31 16:26:03,502 [INFO] Lectura LTR390
2025-05-31 16:26:03,508 [INFO] Lectura desde ESP32-S3 por serial
2025-05-31 16:26:08,596 [INFO] Lectura datos climáticos NASA
2025-05-31 16:26:08,599 [INFO] Datos JSON preparados para envío
2025-05-31 16:26:09,651 [INFO] Lectura BMP390
2025-05-31 16:26:09,834 [INFO] Lectura LTR390
2025-05-31 16:26:09,840 [INFO] Lectura desde ESP32-S3 por serial
2025-05-31 16:26:13,322 [INFO] Lectura datos climáticos NASA
2025-05-31 16:26:13,323 [INFO] Datos JSON preparados para envío
2025-05-31 16:26:14,375 [INFO] Lectura BMP390
2025-05-31 16:26:14,552 [INFO] Lectura LTR390
2025-05-31 16:26:14,556 [INFO] Lectura desde ESP32-S3 por serial
2025-05-31 16:26:18,440 [INFO] Lectura datos climáticos NASA
2025-05-31 16:26:18,442 [INFO] Datos JSON preparados para envío
2025-05-31 16:26:19,495 [INFO] Lectura BMP390
2025-05-31 16:26:19,684 [INFO] Lectura LTR390
2025-05-31 16:26:19,690 [INFO] Lectura desde ESP32-S3 por serial
2025-05-31 16:26:23,964 [INFO] Lectura datos climáticos NASA
2025-05-31 16:26:23,967 [INFO] Datos JSON preparados para envío
2025-05-31 16:26:25,022 [INFO] Lectura BMP390
2025-05-31 16:26:25,207 [INFO] Lectura LTR390
2025-05-31 16:26:25,210 [INFO] Lectura desde ESP32-S3 por serial
2025-05-31 16:26:28,774 [INFO] Lectura datos climáticos NASA
2025-05-31 16:26:28,778 [INFO] Datos JSON preparados para envío
2025-05-31 16:26:29,831 [INFO] Lectura BMP390
2025-05-31 16:26:30,011 [INFO] Lectura LTR390
2025-05-31 16:26:30,017 [INFO] Lectura desde ESP32-S3 por serial
2025-05-31 16:26:33,686 [INFO] Lectura datos climáticos NASA
2025-05-31 16:26:33,689 [INFO] Datos JSON preparados para envío
2025-05-31 16:26:34,743 [INFO] Lectura BMP390
2025-05-31 16:26:34,928 [INFO] Lectura LTR390
2025-05-31 16:26:34,934 [INFO] Lectura desde ESP32-S3 por serial
2025-05-31 16:26:38,676 [INFO] Lectura datos climáticos NASA
2025-05-31 16:26:38,678 [INFO] Datos JSON preparados para envío
2025-05-31 16:26:39,733 [INFO] Lectura BMP390
2025-05-31 16:26:39,913 [INFO] Lectura LTR390
2025-05-31 16:26:39,919 [INFO] Lectura desde ESP32-S3 por serial
2025-05-31 16:26:43,869 [INFO] Lectura datos climáticos NASA
2025-05-31 16:26:43,872 [INFO] Datos JSON preparados para envío
2025-05-31 16:26:44,929 [INFO] Lectura BMP390
2025-05-31 16:26:45,108 [INFO] Lectura LTR390
2025-05-31 16:26:45,114 [INFO] Lectura desde ESP32-S3 por serial
2025-05-31 16:26:48,731 [INFO] Lectura datos climáticos NASA
2025-05-31 16:26:48,734 [INFO] Datos JSON preparados para envío
2025-05-31 16:26:49,791 [INFO] Lectura BMP390
2025-05-31 16:26:49,967 [INFO] Lectura LTR390
2025-05-31 16:26:49,969 [INFO] Lectura desde ESP32-S3 por serial
2025-05-31 16:26:54,769 [INFO] Lectura datos climáticos NASA
2025-05-31 16:26:54,772 [INFO] Datos JSON preparados para envío
2025-05-31 16:26:55,824 [INFO] Lectura BMP390
2025-05-31 16:26:56,008 [INFO] Lectura LTR390
2025-05-31 16:26:56,014 [INFO] Lectura desde ESP32-S3 por serial
2025-05-31 16:27:00,704 [INFO] Lectura datos climáticos NASA
2025-05-31 16:27:00,707 [INFO] Datos JSON preparados para envío
2025-05-31 16:27:01,757 [INFO] Lectura BMP390
2025-05-31 16:27:01,941 [INFO] Lectura LTR390
2025-05-31 16:27:01,944 [INFO] Lectura desde ESP32-S3 por serial
2025-05-31 16:27:05,535 [INFO] Lectura datos climáticos NASA
2025-05-31 16:27:05,537 [INFO] Datos JSON preparados para envío
2025-05-31 16:27:06,589 [INFO] Lectura BMP390
2025-05-31 16:27:06,770 [INFO] Lectura LTR390
2025-05-31 16:27:06,776 [INFO] Lectura desde ESP32-S3 por serial
2025-05-31 16:27:10,525 [INFO] Lectura datos climáticos NASA
2025-05-31 16:27:10,528 [INFO] Datos JSON preparados para envío
2025-05-31 16:27:11,579 [INFO] Lectura BMP390
2025-05-31 16:27:11,767 [INFO] Lectura LTR390
2025-05-31 16:27:11,773 [INFO] Lectura desde ESP32-S3 por serial
2025-05-31 16:27:15,435 [INFO] Lectura datos climáticos NASA
2025-05-31 16:27:15,437 [INFO] Datos JSON preparados para envío
2025-05-31 16:27:16,493 [INFO] Lectura BMP390
2025-05-31 16:27:16,673 [INFO] Lectura LTR390
2025-05-31 16:27:16,679 [INFO] Lectura desde ESP32-S3 por serial
2025-05-31 16:27:20,145 [INFO] Lectura datos climáticos NASA
2025-05-31 16:27:20,148 [INFO] Datos JSON preparados para envío
2025-05-31 16:27:21,200 [INFO] Lectura BMP390
2025-05-31 16:27:21,382 [INFO] Lectura LTR390
2025-05-31 16:27:21,388 [INFO] Lectura desde ESP32-S3 por serial
2025-05-31 16:27:25,263 [INFO] Lectura datos climáticos NASA
2025-05-31 16:27:25,269 [INFO] Datos JSON preparados para envío
2025-05-31 16:27:26,320 [INFO] Lectura BMP390
2025-05-31 16:27:26,496 [INFO] Lectura LTR390
2025-05-31 16:27:26,499 [INFO] Lectura desde ESP32-S3 por serial
2025-05-31 16:27:30,275 [INFO] Lectura datos climáticos NASA
2025-05-31 16:27:30,278 [INFO] Datos JSON preparados para envío
2025-05-31 16:27:31,330 [INFO] Lectura BMP390
2025-05-31 16:27:31,510 [INFO] Lectura LTR390
2025-05-31 16:27:31,516 [INFO] Lectura desde ESP32-S3 por serial
2025-05-31 16:27:34,760 [INFO] Lectura datos climáticos NASA
2025-05-31 16:27:34,763 [INFO] Datos JSON preparados para envío
2025-05-31 16:27:35,814 [INFO] Lectura BMP390
2025-05-31 16:27:35,995 [INFO] Lectura LTR390
2025-05-31 16:27:36,001 [INFO] Lectura desde ESP32-S3 por serial
2025-05-31 16:27:40,423 [INFO] Lectura datos climáticos NASA
2025-05-31 16:27:40,425 [INFO] Datos JSON preparados para envío
2025-05-31 16:27:41,480 [INFO] Lectura BMP390
2025-05-31 16:27:41,663 [INFO] Lectura LTR390
2025-05-31 16:27:41,669 [INFO] Lectura desde ESP32-S3 por serial
2025-05-31 16:27:44,808 [INFO] Lectura datos climáticos NASA
2025-05-31 16:27:44,811 [INFO] Datos JSON preparados para envío
2025-05-31 16:27:45,862 [INFO] Lectura BMP390
2025-05-31 16:27:46,044 [INFO] Lectura LTR390
2025-05-31 16:27:46,051 [INFO] Lectura desde ESP32-S3 por serial
2025-05-31 16:27:49,618 [INFO] Lectura datos climáticos NASA
2025-05-31 16:27:49,621 [INFO] Datos JSON preparados para envío
2025-05-31 16:27:50,678 [INFO] Lectura BMP390
2025-05-31 16:27:50,860 [INFO] Lectura LTR390
2025-05-31 16:27:50,863 [INFO] Lectura desde ESP32-S3 por serial
2025-05-31 16:27:54,529 [INFO] Lectura datos climáticos NASA
2025-05-31 16:27:54,532 [INFO] Datos JSON preparados para envío
2025-05-31 16:27:55,585 [INFO] Lectura BMP390
2025-05-31 16:27:55,765 [INFO] Lectura LTR390
2025-05-31 16:27:55,771 [INFO] Lectura desde ESP32-S3 por serial
2025-05-31 16:28:00,362 [INFO] Lectura datos climáticos NASA
2025-05-31 16:28:00,365 [INFO] Datos JSON preparados para envío
2025-05-31 16:28:01,417 [INFO] Lectura BMP390
2025-05-31 16:28:01,600 [INFO] Lectura LTR390
2025-05-31 16:28:01,606 [INFO] Lectura desde ESP32-S3 por serial
2025-05-31 16:28:05,588 [INFO] Lectura datos climáticos NASA
2025-05-31 16:28:05,595 [INFO] Datos JSON preparados para envío
2025-05-31 16:28:06,649 [INFO] Lectura BMP390
2025-05-31 16:28:06,831 [INFO] Lectura LTR390
2025-05-31 16:28:06,837 [INFO] Lectura desde ESP32-S3 por serial
2025-05-31 16:28:11,418 [INFO] Lectura datos climáticos NASA
2025-05-31 16:28:11,421 [INFO] Datos JSON preparados para envío
2025-05-31 16:28:12,473 [INFO] Lectura BMP390
2025-05-31 16:28:12,655 [INFO] Lectura LTR390
2025-05-31 16:28:12,661 [INFO] Lectura desde ESP32-S3 por serial
2025-05-31 16:28:17,043 [INFO] Lectura datos climáticos NASA
2025-05-31 16:28:17,046 [INFO] Datos JSON preparados para envío
2025-05-31 16:28:18,101 [INFO] Lectura BMP390
2025-05-31 16:28:18,281 [INFO] Lectura LTR390
2025-05-31 16:28:18,286 [INFO] Lectura desde ESP32-S3 por serial
2025-05-31 16:28:22,061 [INFO] Lectura datos climáticos NASA
2025-05-31 16:28:22,065 [INFO] Datos JSON preparados para envío
2025-05-31 16:28:23,118 [INFO] Lectura BMP390
2025-05-31 16:28:23,299 [INFO] Lectura LTR390
2025-05-31 16:28:23,304 [INFO] Lectura desde ESP32-S3 por serial
2025-05-31 16:28:26,868 [INFO] Lectura datos climáticos NASA
2025-05-31 16:28:26,870 [INFO] Datos JSON preparados para envío
2025-05-31 16:28:27,921 [INFO] Lectura BMP390
2025-05-31 16:28:28,098 [INFO] Lectura LTR390
2025-05-31 16:28:28,102 [INFO] Lectura desde ESP32-S3 por serial
2025-05-31 16:28:32,500 [INFO] Lectura datos climáticos NASA
2025-05-31 16:28:32,503 [INFO] Datos JSON preparados para envío
2025-05-31 16:28:33,558 [INFO] Lectura BMP390
2025-05-31 16:28:33,740 [INFO] Lectura LTR390
2025-05-31 16:28:33,746 [INFO] Lectura desde ESP32-S3 por serial
2025-05-31 16:28:37,729 [INFO] Lectura datos climáticos NASA
2025-05-31 16:28:37,732 [INFO] Datos JSON preparados para envío
2025-05-31 16:28:38,784 [INFO] Lectura BMP390
2025-05-31 16:28:38,964 [INFO] Lectura LTR390
2025-05-31 16:28:38,968 [INFO] Lectura desde ESP32-S3 por serial
2025-05-31 16:28:43,568 [INFO] Lectura datos climáticos NASA
2025-05-31 16:28:43,571 [INFO] Datos JSON preparados para envío
2025-05-31 16:28:44,623 [INFO] Lectura BMP390
2025-05-31 16:28:44,802 [INFO] Lectura LTR390
2025-05-31 16:28:44,809 [INFO] Lectura desde ESP32-S3 por serial
2025-05-31 16:28:48,460 [INFO] Lectura datos climáticos NASA
2025-05-31 16:28:48,463 [INFO] Datos JSON preparados para envío
2025-05-31 16:28:49,516 [INFO] Lectura BMP390
2025-05-31 16:28:49,696 [INFO] Lectura LTR390
2025-05-31 16:28:49,702 [INFO] Lectura desde ESP32-S3 por serial
2025-05-31 16:28:53,679 [INFO] Lectura datos climáticos NASA
2025-05-31 16:28:53,681 [INFO] Datos JSON preparados para envío
2025-05-31 16:28:54,734 [INFO] Lectura BMP390
2025-05-31 16:28:54,916 [INFO] Lectura LTR390
2025-05-31 16:28:54,922 [INFO] Lectura desde ESP32-S3 por serial
2025-05-31 16:28:58,899 [INFO] Lectura datos climáticos NASA
2025-05-31 16:28:58,902 [INFO] Datos JSON preparados para envío
2025-05-31 16:28:59,958 [INFO] Lectura BMP390
2025-05-31 16:29:00,140 [INFO] Lectura LTR390
2025-05-31 16:29:00,146 [INFO] Lectura desde ESP32-S3 por serial
2025-05-31 16:29:04,015 [INFO] Lectura datos climáticos NASA
2025-05-31 16:29:04,017 [INFO] Datos JSON preparados para envío
2025-05-31 16:29:05,070 [INFO] Lectura BMP390
2025-05-31 16:29:05,250 [INFO] Lectura LTR390
2025-05-31 16:29:05,255 [INFO] Lectura desde ESP32-S3 por serial
2025-05-31 16:29:08,723 [INFO] Lectura datos climáticos NASA
2025-05-31 16:29:08,726 [INFO] Datos JSON preparados para envío
2025-05-31 16:29:09,779 [INFO] Lectura BMP390
2025-05-31 16:29:09,959 [INFO] Lectura LTR390
2025-05-31 16:29:09,965 [INFO] Lectura desde ESP32-S3 por serial
2025-05-31 16:29:14,045 [INFO] Lectura datos climáticos NASA
2025-05-31 16:29:14,048 [INFO] Datos JSON preparados para envío
2025-05-31 16:29:15,101 [INFO] Lectura BMP390
2025-05-31 16:29:15,283 [INFO] Lectura LTR390
2025-05-31 16:29:15,289 [INFO] Lectura desde ESP32-S3 por serial
2025-05-31 16:29:20,083 [INFO] Lectura datos climáticos NASA
2025-05-31 16:29:20,086 [INFO] Datos JSON preparados para envío
2025-05-31 16:29:21,139 [INFO] Lectura BMP390
2025-05-31 16:29:21,323 [INFO] Lectura LTR390
2025-05-31 16:29:21,329 [INFO] Lectura desde ESP32-S3 por serial
2025-05-31 16:29:26,121 [INFO] Lectura datos climáticos NASA
2025-05-31 16:29:26,124 [INFO] Datos JSON preparados para envío
2025-05-31 16:29:27,177 [INFO] Lectura BMP390
2025-05-31 16:29:27,360 [INFO] Lectura LTR390
2025-05-31 16:29:27,365 [INFO] Lectura desde ESP32-S3 por serial
2025-05-31 16:29:30,873 [INFO] Lectura datos climáticos NASA
2025-05-31 16:29:30,876 [INFO] Datos JSON preparados para envío
2025-05-31 16:29:31,928 [INFO] Lectura BMP390
2025-05-31 16:29:32,108 [INFO] Lectura LTR390
2025-05-31 16:29:32,114 [INFO] Lectura desde ESP32-S3 por serial
2025-05-31 16:29:35,841 [INFO] Lectura datos climáticos NASA
2025-05-31 16:29:35,843 [INFO] Datos JSON preparados para envío
2025-05-31 16:29:36,896 [INFO] Lectura BMP390
2025-05-31 16:29:37,076 [INFO] Lectura LTR390
2025-05-31 16:29:37,083 [INFO] Lectura desde ESP32-S3 por serial
2025-05-31 16:29:42,298 [INFO] Lectura datos climáticos NASA
2025-05-31 16:29:42,301 [INFO] Datos JSON preparados para envío
2025-05-31 16:29:43,356 [INFO] Lectura BMP390
2025-05-31 16:29:43,536 [INFO] Lectura LTR390
2025-05-31 16:29:43,543 [INFO] Lectura desde ESP32-S3 por serial
2025-05-31 16:29:47,304 [INFO] Lectura datos climáticos NASA
2025-05-31 16:29:47,307 [INFO] Datos JSON preparados para envío
2025-05-31 16:29:48,359 [INFO] Lectura BMP390
2025-05-31 16:29:48,541 [INFO] Lectura LTR390
2025-05-31 16:29:48,547 [INFO] Lectura desde ESP32-S3 por serial
2025-05-31 16:29:52,112 [INFO] Lectura datos climáticos NASA
2025-05-31 16:29:52,115 [INFO] Datos JSON preparados para envío
2025-05-31 16:29:53,169 [INFO] Lectura BMP390
2025-05-31 16:29:53,349 [INFO] Lectura LTR390
2025-05-31 16:29:53,354 [INFO] Lectura desde ESP32-S3 por serial
2025-05-31 16:29:56,717 [INFO] Lectura datos climáticos NASA
2025-05-31 16:29:56,720 [INFO] Datos JSON preparados para envío
2025-05-31 16:29:57,773 [INFO] Lectura BMP390
2025-05-31 16:29:57,953 [INFO] Lectura LTR390
2025-05-31 16:29:57,959 [INFO] Lectura desde ESP32-S3 por serial
2025-05-31 16:30:01,531 [INFO] Lectura datos climáticos NASA
2025-05-31 16:30:01,534 [INFO] Datos JSON preparados para envío
2025-05-31 16:30:02,586 [INFO] Lectura BMP390
2025-05-31 16:30:02,766 [INFO] Lectura LTR390
2025-05-31 16:30:02,773 [INFO] Lectura desde ESP32-S3 por serial
2025-05-31 16:30:06,337 [INFO] Lectura datos climáticos NASA
2025-05-31 16:30:06,340 [INFO] Datos JSON preparados para envío
2025-05-31 16:30:07,393 [INFO] Lectura BMP390
2025-05-31 16:30:07,573 [INFO] Lectura LTR390
2025-05-31 16:30:07,575 [INFO] Lectura desde ESP32-S3 por serial
2025-05-31 16:30:12,171 [INFO] Lectura datos climáticos NASA
2025-05-31 16:30:12,174 [INFO] Datos JSON preparados para envío
2025-05-31 16:30:13,226 [INFO] Lectura BMP390
2025-05-31 16:30:13,407 [INFO] Lectura LTR390
2025-05-31 16:30:13,414 [INFO] Lectura desde ESP32-S3 por serial
2025-05-31 16:30:16,364 [INFO] Lectura datos climáticos NASA
2025-05-31 16:30:16,367 [INFO] Datos JSON preparados para envío
2025-05-31 16:30:17,419 [INFO] Lectura BMP390
2025-05-31 16:30:17,596 [INFO] Lectura LTR390
2025-05-31 16:30:17,600 [INFO] Lectura desde ESP32-S3 por serial
2025-05-31 16:30:21,277 [INFO] Lectura datos climáticos NASA
2025-05-31 16:30:21,280 [INFO] Datos JSON preparados para envío
2025-05-31 16:30:22,333 [INFO] Lectura BMP390
2025-05-31 16:30:22,516 [INFO] Lectura LTR390
2025-05-31 16:30:22,523 [INFO] Lectura desde ESP32-S3 por serial
2025-05-31 16:30:26,087 [INFO] Lectura datos climáticos NASA
2025-05-31 16:30:26,090 [INFO] Datos JSON preparados para envío
2025-05-31 16:30:27,142 [INFO] Lectura BMP390
2025-05-31 16:30:27,326 [INFO] Lectura LTR390
2025-05-31 16:30:27,333 [INFO] Lectura desde ESP32-S3 por serial
2025-05-31 16:30:31,715 [INFO] Lectura datos climáticos NASA
2025-05-31 16:30:31,718 [INFO] Datos JSON preparados para envío
2025-05-31 16:30:32,770 [INFO] Lectura BMP390
2025-05-31 16:30:32,955 [INFO] Lectura LTR390
2025-05-31 16:30:32,961 [INFO] Lectura desde ESP32-S3 por serial
2025-05-31 16:30:36,844 [INFO] Lectura datos climáticos NASA
2025-05-31 16:30:36,847 [INFO] Datos JSON preparados para envío
2025-05-31 16:30:37,902 [INFO] Lectura BMP390
2025-05-31 16:30:38,085 [INFO] Lectura LTR390
2025-05-31 16:30:38,094 [INFO] Lectura desde ESP32-S3 por serial
2025-05-31 16:30:42,523 [INFO] Lectura datos climáticos NASA
2025-05-31 16:30:42,526 [INFO] Datos JSON preparados para envío
2025-05-31 16:30:43,578 [INFO] Lectura BMP390
2025-05-31 16:30:43,758 [INFO] Lectura LTR390
2025-05-31 16:30:43,764 [INFO] Lectura desde ESP32-S3 por serial
2025-05-31 16:30:47,372 [INFO] Lectura datos climáticos NASA
2025-05-31 16:30:47,375 [INFO] Datos JSON preparados para envío
2025-05-31 16:30:48,428 [INFO] Lectura BMP390
2025-05-31 16:30:48,608 [INFO] Lectura LTR390
2025-05-31 16:30:48,616 [INFO] Lectura desde ESP32-S3 por serial
2025-05-31 16:30:53,002 [INFO] Lectura datos climáticos NASA
2025-05-31 16:30:53,005 [INFO] Datos JSON preparados para envío
2025-05-31 16:30:54,058 [INFO] Lectura BMP390
2025-05-31 16:30:54,237 [INFO] Lectura LTR390
2025-05-31 16:30:54,243 [INFO] Lectura desde ESP32-S3 por serial
2025-05-31 16:30:57,813 [INFO] Lectura datos climáticos NASA
2025-05-31 16:30:57,815 [INFO] Datos JSON preparados para envío
2025-05-31 16:30:58,869 [INFO] Lectura BMP390
2025-05-31 16:30:59,052 [INFO] Lectura LTR390
2025-05-31 16:30:59,058 [INFO] Lectura desde ESP32-S3 por serial
2025-05-31 16:31:03,032 [INFO] Lectura datos climáticos NASA
2025-05-31 16:31:03,034 [INFO] Datos JSON preparados para envío
2025-05-31 16:31:04,087 [INFO] Lectura BMP390
2025-05-31 16:31:04,270 [INFO] Lectura LTR390
2025-05-31 16:31:04,276 [INFO] Lectura desde ESP32-S3 por serial
2025-05-31 16:31:07,839 [INFO] Lectura datos climáticos NASA
2025-05-31 16:31:07,842 [INFO] Datos JSON preparados para envío
2025-05-31 16:31:08,898 [INFO] Lectura BMP390
2025-05-31 16:31:09,078 [INFO] Lectura LTR390
2025-05-31 16:31:09,084 [INFO] Lectura desde ESP32-S3 por serial
2025-05-31 16:31:14,085 [INFO] Lectura datos climáticos NASA
2025-05-31 16:31:14,087 [INFO] Datos JSON preparados para envío
2025-05-31 16:31:15,140 [INFO] Lectura BMP390
2025-05-31 16:31:15,323 [INFO] Lectura LTR390
2025-05-31 16:31:15,329 [INFO] Lectura desde ESP32-S3 por serial
2025-05-31 16:31:18,893 [INFO] Lectura datos climáticos NASA
2025-05-31 16:31:18,895 [INFO] Datos JSON preparados para envío
2025-05-31 16:31:19,947 [INFO] Lectura BMP390
2025-05-31 16:31:20,129 [INFO] Lectura LTR390
2025-05-31 16:31:20,135 [INFO] Lectura desde ESP32-S3 por serial
2025-05-31 16:31:23,598 [INFO] Lectura datos climáticos NASA
2025-05-31 16:31:23,601 [INFO] Datos JSON preparados para envío
2025-05-31 16:31:24,654 [INFO] Lectura BMP390
2025-05-31 16:31:24,835 [INFO] Lectura LTR390
2025-05-31 16:31:24,840 [INFO] Lectura desde ESP32-S3 por serial
2025-05-31 16:31:28,420 [INFO] Lectura datos climáticos NASA
2025-05-31 16:31:28,422 [INFO] Datos JSON preparados para envío
2025-05-31 16:31:29,473 [INFO] Lectura BMP390
2025-05-31 16:31:29,654 [INFO] Lectura LTR390
2025-05-31 16:31:29,658 [INFO] Lectura desde ESP32-S3 por serial
2025-05-31 16:31:32,910 [INFO] Lectura datos climáticos NASA
2025-05-31 16:31:32,911 [INFO] Datos JSON preparados para envío
2025-05-31 16:31:33,965 [INFO] Lectura BMP390
2025-05-31 16:31:34,145 [INFO] Lectura LTR390
2025-05-31 16:31:34,151 [INFO] Lectura desde ESP32-S3 por serial
2025-05-31 16:31:37,813 [INFO] Lectura datos climáticos NASA
2025-05-31 16:31:37,816 [INFO] Datos JSON preparados para envío
2025-05-31 16:31:38,868 [INFO] Lectura BMP390
2025-05-31 16:31:39,048 [INFO] Lectura LTR390
2025-05-31 16:31:39,054 [INFO] Lectura desde ESP32-S3 por serial
2025-05-31 16:31:42,456 [INFO] Lectura datos climáticos NASA
2025-05-31 16:31:42,459 [INFO] Datos JSON preparados para envío
2025-05-31 16:31:43,511 [INFO] Lectura BMP390
2025-05-31 16:31:43,692 [INFO] Lectura LTR390
2025-05-31 16:31:43,698 [INFO] Lectura desde ESP32-S3 por serial
2025-05-31 16:31:47,647 [INFO] Lectura datos climáticos NASA
2025-05-31 16:31:47,651 [INFO] Datos JSON preparados para envío
2025-05-31 16:31:48,705 [INFO] Lectura BMP390
2025-05-31 16:31:48,884 [INFO] Lectura LTR390
2025-05-31 16:31:48,890 [INFO] Lectura desde ESP32-S3 por serial
2025-05-31 16:31:52,458 [INFO] Lectura datos climáticos NASA
2025-05-31 16:31:52,461 [INFO] Datos JSON preparados para envío
2025-05-31 16:31:53,513 [INFO] Lectura BMP390
2025-05-31 16:31:53,688 [INFO] Lectura LTR390
2025-05-31 16:31:53,691 [INFO] Lectura desde ESP32-S3 por serial
2025-05-31 16:31:57,437 [INFO] Lectura datos climáticos NASA
2025-05-31 16:31:57,439 [INFO] Datos JSON preparados para envío
2025-05-31 16:31:58,493 [INFO] Lectura BMP390
2025-05-31 16:31:58,673 [INFO] Lectura LTR390
2025-05-31 16:31:58,680 [INFO] Lectura desde ESP32-S3 por serial
2025-05-31 16:32:02,079 [INFO] Lectura datos climáticos NASA
2025-05-31 16:32:02,082 [INFO] Datos JSON preparados para envío
2025-05-31 16:32:03,135 [INFO] Lectura BMP390
2025-05-31 16:32:03,315 [INFO] Lectura LTR390
2025-05-31 16:32:03,321 [INFO] Lectura desde ESP32-S3 por serial
2025-05-31 16:32:07,299 [INFO] Lectura datos climáticos NASA
2025-05-31 16:32:07,302 [INFO] Datos JSON preparados para envío
2025-05-31 16:32:08,354 [INFO] Lectura BMP390
2025-05-31 16:32:08,539 [INFO] Lectura LTR390
2025-05-31 16:32:08,545 [INFO] Lectura desde ESP32-S3 por serial
2025-05-31 16:32:12,620 [INFO] Lectura datos climáticos NASA
2025-05-31 16:32:12,623 [INFO] Datos JSON preparados para envío
2025-05-31 16:32:13,675 [INFO] Lectura BMP390
2025-05-31 16:32:13,855 [INFO] Lectura LTR390
2025-05-31 16:32:13,861 [INFO] Lectura desde ESP32-S3 por serial
2025-05-31 16:32:17,324 [INFO] Lectura datos climáticos NASA
2025-05-31 16:32:17,327 [INFO] Datos JSON preparados para envío
2025-05-31 16:32:18,380 [INFO] Lectura BMP390
2025-05-31 16:32:18,559 [INFO] Lectura LTR390
2025-05-31 16:32:18,565 [INFO] Lectura desde ESP32-S3 por serial
2025-05-31 16:32:23,260 [INFO] Lectura datos climáticos NASA
2025-05-31 16:32:23,262 [INFO] Datos JSON preparados para envío
2025-05-31 16:32:24,315 [INFO] Lectura BMP390
2025-05-31 16:32:24,497 [INFO] Lectura LTR390
2025-05-31 16:32:24,503 [INFO] Lectura desde ESP32-S3 por serial
2025-05-31 16:32:28,274 [INFO] Lectura datos climáticos NASA
2025-05-31 16:32:28,277 [INFO] Datos JSON preparados para envío
2025-05-31 16:32:29,331 [INFO] Lectura BMP390
2025-05-31 16:32:29,516 [INFO] Lectura LTR390
2025-05-31 16:32:29,522 [INFO] Lectura desde ESP32-S3 por serial
2025-05-31 16:32:32,981 [INFO] Lectura datos climáticos NASA
2025-05-31 16:32:32,984 [INFO] Datos JSON preparados para envío
2025-05-31 16:32:34,037 [INFO] Lectura BMP390
2025-05-31 16:32:34,219 [INFO] Lectura LTR390
2025-05-31 16:32:34,225 [INFO] Lectura desde ESP32-S3 por serial
2025-05-31 16:32:38,841 [INFO] Lectura datos climáticos NASA
2025-05-31 16:32:38,844 [INFO] Datos JSON preparados para envío
2025-05-31 16:32:39,897 [INFO] Lectura BMP390
2025-05-31 16:32:40,077 [INFO] Lectura LTR390
2025-05-31 16:32:40,083 [INFO] Lectura desde ESP32-S3 por serial
2025-05-31 16:32:44,351 [INFO] Lectura datos climáticos NASA
2025-05-31 16:32:44,354 [INFO] Datos JSON preparados para envío
2025-05-31 16:32:45,408 [INFO] Lectura BMP390
2025-05-31 16:32:45,588 [INFO] Lectura LTR390
2025-05-31 16:32:45,595 [INFO] Lectura desde ESP32-S3 por serial
2025-05-31 16:32:49,867 [INFO] Lectura datos climáticos NASA
2025-05-31 16:32:49,871 [INFO] Datos JSON preparados para envío
2025-05-31 16:32:50,927 [INFO] Lectura BMP390
2025-05-31 16:32:51,107 [INFO] Lectura LTR390
2025-05-31 16:32:51,113 [INFO] Lectura desde ESP32-S3 por serial
2025-05-31 16:32:54,434 [INFO] Lectura datos climáticos NASA
2025-05-31 16:32:54,441 [INFO] Datos JSON preparados para envío
2025-05-31 16:32:55,493 [INFO] Lectura BMP390
2025-05-31 16:32:55,676 [INFO] Lectura LTR390
2025-05-31 16:32:55,683 [INFO] Lectura desde ESP32-S3 por serial
2025-05-31 16:32:59,588 [INFO] Lectura datos climáticos NASA
2025-05-31 16:32:59,592 [INFO] Datos JSON preparados para envío
2025-05-31 16:33:00,645 [INFO] Lectura BMP390
2025-05-31 16:33:00,825 [INFO] Lectura LTR390
2025-05-31 16:33:00,831 [INFO] Lectura desde ESP32-S3 por serial
2025-05-31 16:33:04,296 [INFO] Lectura datos climáticos NASA
2025-05-31 16:33:04,299 [INFO] Datos JSON preparados para envío
2025-05-31 16:33:05,352 [INFO] Lectura BMP390
2025-05-31 16:33:05,532 [INFO] Lectura LTR390
2025-05-31 16:33:05,537 [INFO] Lectura desde ESP32-S3 por serial
2025-05-31 16:33:09,627 [INFO] Lectura datos climáticos NASA
2025-05-31 16:33:09,631 [INFO] Datos JSON preparados para envío
2025-05-31 16:33:10,684 [INFO] Lectura BMP390
2025-05-31 16:33:10,864 [INFO] Lectura LTR390
2025-05-31 16:33:10,870 [INFO] Lectura desde ESP32-S3 por serial
2025-05-31 16:33:14,939 [INFO] Lectura datos climáticos NASA
2025-05-31 16:33:14,942 [INFO] Datos JSON preparados para envío
2025-05-31 16:33:15,999 [INFO] Lectura BMP390
2025-05-31 16:33:16,180 [INFO] Lectura LTR390
2025-05-31 16:33:16,186 [INFO] Lectura desde ESP32-S3 por serial
2025-05-31 16:33:19,749 [INFO] Lectura datos climáticos NASA
2025-05-31 16:33:19,752 [INFO] Datos JSON preparados para envío
2025-05-31 16:33:20,804 [INFO] Lectura BMP390
2025-05-31 16:33:20,987 [INFO] Lectura LTR390
2025-05-31 16:33:20,993 [INFO] Lectura desde ESP32-S3 por serial
2025-05-31 16:33:24,969 [INFO] Lectura datos climáticos NASA
2025-05-31 16:33:24,972 [INFO] Datos JSON preparados para envío
2025-05-31 16:33:26,026 [INFO] Lectura BMP390
2025-05-31 16:33:26,210 [INFO] Lectura LTR390
2025-05-31 16:33:26,216 [INFO] Lectura desde ESP32-S3 por serial
2025-05-31 16:33:30,083 [INFO] Lectura datos climáticos NASA
2025-05-31 16:33:30,084 [INFO] Datos JSON preparados para envío
2025-05-31 16:33:31,136 [INFO] Lectura BMP390
2025-05-31 16:33:31,316 [INFO] Lectura LTR390
2025-05-31 16:33:31,322 [INFO] Lectura desde ESP32-S3 por serial
2025-05-31 16:33:34,692 [INFO] Lectura datos climáticos NASA
2025-05-31 16:33:34,694 [INFO] Datos JSON preparados para envío
2025-05-31 16:33:35,745 [INFO] Lectura BMP390
2025-05-31 16:33:35,922 [INFO] Lectura LTR390
2025-05-31 16:33:35,924 [INFO] Lectura desde ESP32-S3 por serial
2025-05-31 16:33:39,912 [INFO] Lectura datos climáticos NASA
2025-05-31 16:33:39,915 [INFO] Datos JSON preparados para envío
2025-05-31 16:33:40,966 [INFO] Lectura BMP390
2025-05-31 16:33:41,145 [INFO] Lectura LTR390
2025-05-31 16:33:41,151 [INFO] Lectura desde ESP32-S3 por serial
2025-05-31 16:33:44,519 [INFO] Lectura datos climáticos NASA
2025-05-31 16:33:44,522 [INFO] Datos JSON preparados para envío
2025-05-31 16:33:45,574 [INFO] Lectura BMP390
2025-05-31 16:33:45,754 [INFO] Lectura LTR390
2025-05-31 16:33:45,760 [INFO] Lectura desde ESP32-S3 por serial
2025-05-31 16:33:49,326 [INFO] Lectura datos climáticos NASA
2025-05-31 16:33:49,329 [INFO] Datos JSON preparados para envío
2025-05-31 16:33:50,382 [INFO] Lectura BMP390
2025-05-31 16:33:50,569 [INFO] Lectura LTR390
2025-05-31 16:33:50,576 [INFO] Lectura desde ESP32-S3 por serial
2025-05-31 16:33:54,134 [INFO] Lectura datos climáticos NASA
2025-05-31 16:33:54,137 [INFO] Datos JSON preparados para envío
2025-05-31 16:33:55,191 [INFO] Lectura BMP390
2025-05-31 16:33:55,372 [INFO] Lectura LTR390
2025-05-31 16:33:55,377 [INFO] Lectura desde ESP32-S3 por serial
2025-05-31 16:34:00,175 [INFO] Lectura datos climáticos NASA
2025-05-31 16:34:00,180 [INFO] Datos JSON preparados para envío
2025-05-31 16:34:01,233 [INFO] Lectura BMP390
2025-05-31 16:34:01,415 [INFO] Lectura LTR390
2025-05-31 16:34:01,421 [INFO] Lectura desde ESP32-S3 por serial
2025-05-31 16:34:04,673 [INFO] Lectura datos climáticos NASA
2025-05-31 16:34:04,676 [INFO] Datos JSON preparados para envío
2025-05-31 16:34:05,728 [INFO] Lectura BMP390
2025-05-31 16:34:05,917 [INFO] Lectura LTR390
2025-05-31 16:34:05,923 [INFO] Lectura desde ESP32-S3 por serial
2025-05-31 16:34:09,380 [INFO] Lectura datos climáticos NASA
2025-05-31 16:34:09,383 [INFO] Datos JSON preparados para envío
2025-05-31 16:34:10,437 [INFO] Lectura BMP390
2025-05-31 16:34:10,617 [INFO] Lectura LTR390
2025-05-31 16:34:10,623 [INFO] Lectura desde ESP32-S3 por serial
2025-05-31 16:34:15,009 [INFO] Lectura datos climáticos NASA
2025-05-31 16:34:15,011 [INFO] Datos JSON preparados para envío
2025-05-31 16:34:16,063 [INFO] Lectura BMP390
2025-05-31 16:34:16,243 [INFO] Lectura LTR390
2025-05-31 16:34:16,249 [INFO] Lectura desde ESP32-S3 por serial
2025-05-31 16:34:20,126 [INFO] Lectura datos climáticos NASA
2025-05-31 16:34:20,128 [INFO] Datos JSON preparados para envío
2025-05-31 16:34:21,183 [INFO] Lectura BMP390
2025-05-31 16:34:21,363 [INFO] Lectura LTR390
2025-05-31 16:34:21,368 [INFO] Lectura desde ESP32-S3 por serial
2025-05-31 16:34:25,244 [INFO] Lectura datos climáticos NASA
2025-05-31 16:34:25,247 [INFO] Datos JSON preparados para envío
2025-05-31 16:34:26,302 [INFO] Lectura BMP390
2025-05-31 16:34:26,482 [INFO] Lectura LTR390
2025-05-31 16:34:26,487 [INFO] Lectura desde ESP32-S3 por serial
2025-05-31 16:34:30,463 [INFO] Lectura datos climáticos NASA
2025-05-31 16:34:30,465 [INFO] Datos JSON preparados para envío
2025-05-31 16:34:31,519 [INFO] Lectura BMP390
2025-05-31 16:34:31,698 [INFO] Lectura LTR390
2025-05-31 16:34:31,705 [INFO] Lectura desde ESP32-S3 por serial
2025-05-31 16:34:35,375 [INFO] Lectura datos climáticos NASA
2025-05-31 16:34:35,377 [INFO] Datos JSON preparados para envío
2025-05-31 16:34:36,429 [INFO] Lectura BMP390
2025-05-31 16:34:36,610 [INFO] Lectura LTR390
2025-05-31 16:34:36,617 [INFO] Lectura desde ESP32-S3 por serial
2025-05-31 16:34:40,186 [INFO] Lectura datos climáticos NASA
2025-05-31 16:34:40,188 [INFO] Datos JSON preparados para envío
2025-05-31 16:34:41,243 [INFO] Lectura BMP390
2025-05-31 16:34:41,424 [INFO] Lectura LTR390
2025-05-31 16:34:41,429 [INFO] Lectura desde ESP32-S3 por serial
2025-05-31 16:34:46,118 [INFO] Lectura datos climáticos NASA
2025-05-31 16:34:46,122 [INFO] Datos JSON preparados para envío
2025-05-31 16:34:47,174 [INFO] Lectura BMP390
2025-05-31 16:34:47,360 [INFO] Lectura LTR390
2025-05-31 16:34:47,366 [INFO] Lectura desde ESP32-S3 por serial
2025-05-31 16:34:50,395 [INFO] Lectura datos climáticos NASA
2025-05-31 16:34:50,398 [INFO] Datos JSON preparados para envío
2025-05-31 16:34:51,450 [INFO] Lectura BMP390
2025-05-31 16:34:51,629 [INFO] Lectura LTR390
2025-05-31 16:34:51,635 [INFO] Lectura desde ESP32-S3 por serial
2025-05-31 16:34:56,046 [INFO] Lectura datos climáticos NASA
2025-05-31 16:34:56,049 [INFO] Datos JSON preparados para envío
2025-05-31 16:34:57,102 [INFO] Lectura BMP390
2025-05-31 16:34:57,282 [INFO] Lectura LTR390
2025-05-31 16:34:57,288 [INFO] Lectura desde ESP32-S3 por serial
2025-05-31 16:35:00,957 [INFO] Lectura datos climáticos NASA
2025-05-31 16:35:00,960 [INFO] Datos JSON preparados para envío
2025-05-31 16:35:02,015 [INFO] Lectura BMP390
2025-05-31 16:35:02,196 [INFO] Lectura LTR390
2025-05-31 16:35:02,202 [INFO] Lectura desde ESP32-S3 por serial
2025-05-31 16:35:06,995 [INFO] Lectura datos climáticos NASA
2025-05-31 16:35:06,998 [INFO] Datos JSON preparados para envío
2025-05-31 16:35:08,050 [INFO] Lectura BMP390
2025-05-31 16:35:08,230 [INFO] Lectura LTR390
2025-05-31 16:35:08,236 [INFO] Lectura desde ESP32-S3 por serial
2025-05-31 16:35:11,395 [INFO] Lectura datos climáticos NASA
2025-05-31 16:35:11,397 [INFO] Datos JSON preparados para envío
2025-05-31 16:35:12,449 [INFO] Lectura BMP390
2025-05-31 16:35:12,636 [INFO] Lectura LTR390
2025-05-31 16:35:12,642 [INFO] Lectura desde ESP32-S3 por serial
2025-05-31 16:35:16,306 [INFO] Lectura datos climáticos NASA
2025-05-31 16:35:16,317 [INFO] Datos JSON preparados para envío
2025-05-31 16:35:17,373 [INFO] Lectura BMP390
2025-05-31 16:35:17,553 [INFO] Lectura LTR390
2025-05-31 16:35:17,559 [INFO] Lectura desde ESP32-S3 por serial
2025-05-31 16:35:22,038 [INFO] Lectura datos climáticos NASA
2025-05-31 16:35:22,041 [INFO] Datos JSON preparados para envío
2025-05-31 16:35:23,097 [INFO] Lectura BMP390
2025-05-31 16:35:23,281 [INFO] Lectura LTR390
2025-05-31 16:35:23,287 [INFO] Lectura desde ESP32-S3 por serial
2025-05-31 16:35:27,256 [INFO] Lectura datos climáticos NASA
2025-05-31 16:35:27,259 [INFO] Datos JSON preparados para envío
2025-05-31 16:35:28,316 [INFO] Lectura BMP390
2025-05-31 16:35:28,496 [INFO] Lectura LTR390
2025-05-31 16:35:28,502 [INFO] Lectura desde ESP32-S3 por serial
2025-05-31 16:35:32,373 [INFO] Lectura datos climáticos NASA
2025-05-31 16:35:32,375 [INFO] Datos JSON preparados para envío
2025-05-31 16:35:33,427 [INFO] Lectura BMP390
2025-05-31 16:35:33,609 [INFO] Lectura LTR390
2025-05-31 16:35:33,615 [INFO] Lectura desde ESP32-S3 por serial
2025-05-31 16:35:37,990 [INFO] Lectura datos climáticos NASA
2025-05-31 16:35:37,992 [INFO] Datos JSON preparados para envío
2025-05-31 16:35:39,045 [INFO] Lectura BMP390
2025-05-31 16:35:39,228 [INFO] Lectura LTR390
2025-05-31 16:35:39,236 [INFO] Lectura desde ESP32-S3 por serial
2025-05-31 16:35:43,462 [INFO] Lectura datos climáticos NASA
2025-05-31 16:35:43,465 [INFO] Datos JSON preparados para envío
2025-05-31 16:35:44,517 [INFO] Lectura BMP390
2025-05-31 16:35:44,696 [INFO] Lectura LTR390
2025-05-31 16:35:44,702 [INFO] Lectura desde ESP32-S3 por serial
2025-05-31 16:35:47,988 [INFO] Lectura datos climáticos NASA
2025-05-31 16:35:47,991 [INFO] Datos JSON preparados para envío
2025-05-31 16:35:49,041 [INFO] Lectura BMP390
2025-05-31 16:35:49,217 [INFO] Lectura LTR390
2025-05-31 16:35:49,221 [INFO] Lectura desde ESP32-S3 por serial
2025-05-31 16:35:52,640 [INFO] Lectura datos climáticos NASA
2025-05-31 16:35:52,643 [INFO] Datos JSON preparados para envío
2025-05-31 16:35:53,696 [INFO] Lectura BMP390
2025-05-31 16:35:53,876 [INFO] Lectura LTR390
2025-05-31 16:35:53,882 [INFO] Lectura desde ESP32-S3 por serial
2025-05-31 16:35:57,764 [INFO] Lectura datos climáticos NASA
2025-05-31 16:35:57,768 [INFO] Datos JSON preparados para envío
2025-05-31 16:35:58,823 [INFO] Lectura BMP390
2025-05-31 16:35:59,005 [INFO] Lectura LTR390
2025-05-31 16:35:59,012 [INFO] Lectura desde ESP32-S3 por serial
2025-05-31 16:36:02,665 [INFO] Lectura datos climáticos NASA
2025-05-31 16:36:02,668 [INFO] Datos JSON preparados para envío
2025-05-31 16:36:03,720 [INFO] Lectura BMP390
2025-05-31 16:36:03,900 [INFO] Lectura LTR390
2025-05-31 16:36:03,906 [INFO] Lectura desde ESP32-S3 por serial
2025-05-31 16:36:08,091 [INFO] Lectura datos climáticos NASA
2025-05-31 16:36:08,096 [INFO] Datos JSON preparados para envío
2025-05-31 16:36:09,150 [INFO] Lectura BMP390
2025-05-31 16:36:09,334 [INFO] Lectura LTR390
2025-05-31 16:36:09,340 [INFO] Lectura desde ESP32-S3 por serial
2025-05-31 16:36:13,012 [INFO] Lectura datos climáticos NASA
2025-05-31 16:36:13,015 [INFO] Datos JSON preparados para envío
2025-05-31 16:36:14,068 [INFO] Lectura BMP390
2025-05-31 16:36:14,249 [INFO] Lectura LTR390
2025-05-31 16:36:14,255 [INFO] Lectura desde ESP32-S3 por serial
2025-05-31 16:36:18,282 [INFO] Lectura datos climáticos NASA
2025-05-31 16:36:18,285 [INFO] Datos JSON preparados para envío
2025-05-31 16:36:19,341 [INFO] Lectura BMP390
2025-05-31 16:36:19,523 [INFO] Lectura LTR390
2025-05-31 16:36:19,528 [INFO] Lectura desde ESP32-S3 por serial
2025-05-31 16:36:23,132 [INFO] Lectura datos climáticos NASA
2025-05-31 16:36:23,135 [INFO] Datos JSON preparados para envío
2025-05-31 16:36:24,187 [INFO] Lectura BMP390
2025-05-31 16:36:24,368 [INFO] Lectura LTR390
2025-05-31 16:36:24,374 [INFO] Lectura desde ESP32-S3 por serial
2025-05-31 16:36:27,737 [INFO] Lectura datos climáticos NASA
2025-05-31 16:36:27,740 [INFO] Datos JSON preparados para envío
2025-05-31 16:36:28,793 [INFO] Lectura BMP390
2025-05-31 16:36:28,973 [INFO] Lectura LTR390
2025-05-31 16:36:28,979 [INFO] Lectura desde ESP32-S3 por serial
2025-05-31 16:36:32,651 [INFO] Lectura datos climáticos NASA
2025-05-31 16:36:32,654 [INFO] Datos JSON preparados para envío
2025-05-31 16:36:33,707 [INFO] Lectura BMP390
2025-05-31 16:36:33,891 [INFO] Lectura LTR390
2025-05-31 16:36:33,899 [INFO] Lectura desde ESP32-S3 por serial
2025-05-31 16:36:38,441 [INFO] Lectura datos climáticos NASA
2025-05-31 16:36:38,444 [INFO] Datos JSON preparados para envío
2025-05-31 16:36:39,496 [INFO] Lectura BMP390
2025-05-31 16:36:39,675 [INFO] Lectura LTR390
2025-05-31 16:36:39,680 [INFO] Lectura desde ESP32-S3 por serial
2025-05-31 16:36:43,088 [INFO] Lectura datos climáticos NASA
2025-05-31 16:36:43,091 [INFO] Datos JSON preparados para envío
2025-05-31 16:36:44,144 [INFO] Lectura BMP390
2025-05-31 16:36:44,326 [INFO] Lectura LTR390
2025-05-31 16:36:44,332 [INFO] Lectura desde ESP32-S3 por serial
2025-05-31 16:36:48,205 [INFO] Lectura datos climáticos NASA
2025-05-31 16:36:48,207 [INFO] Datos JSON preparados para envío
2025-05-31 16:36:49,264 [INFO] Lectura BMP390
2025-05-31 16:36:49,445 [INFO] Lectura LTR390
2025-05-31 16:36:49,450 [INFO] Lectura desde ESP32-S3 por serial
2025-05-31 16:36:53,010 [INFO] Lectura datos climáticos NASA
2025-05-31 16:36:53,011 [INFO] Datos JSON preparados para envío
2025-05-31 16:36:54,064 [INFO] Lectura BMP390
2025-05-31 16:36:54,247 [INFO] Lectura LTR390
2025-05-31 16:36:54,254 [INFO] Lectura desde ESP32-S3 por serial
2025-05-31 16:36:58,233 [INFO] Lectura datos climáticos NASA
2025-05-31 16:36:58,236 [INFO] Datos JSON preparados para envío
2025-05-31 16:36:59,291 [INFO] Lectura BMP390
2025-05-31 16:36:59,471 [INFO] Lectura LTR390
2025-05-31 16:36:59,477 [INFO] Lectura desde ESP32-S3 por serial
2025-05-31 16:37:03,044 [INFO] Lectura datos climáticos NASA
2025-05-31 16:37:03,047 [INFO] Datos JSON preparados para envío
2025-05-31 16:37:04,100 [INFO] Lectura BMP390
2025-05-31 16:37:04,281 [INFO] Lectura LTR390
2025-05-31 16:37:04,287 [INFO] Lectura desde ESP32-S3 por serial
2025-05-31 16:37:07,956 [INFO] Lectura datos climáticos NASA
2025-05-31 16:37:07,959 [INFO] Datos JSON preparados para envío
2025-05-31 16:37:09,013 [INFO] Lectura BMP390
2025-05-31 16:37:09,195 [INFO] Lectura LTR390
2025-05-31 16:37:09,201 [INFO] Lectura desde ESP32-S3 por serial
2025-05-31 16:37:12,871 [INFO] Lectura datos climáticos NASA
2025-05-31 16:37:12,874 [INFO] Datos JSON preparados para envío
2025-05-31 16:37:13,924 [INFO] Lectura BMP390
2025-05-31 16:37:14,100 [INFO] Lectura LTR390
2025-05-31 16:37:14,103 [INFO] Lectura desde ESP32-S3 por serial
2025-05-31 16:37:18,405 [INFO] Lectura datos climáticos NASA
2025-05-31 16:37:18,407 [INFO] Datos JSON preparados para envío
2025-05-31 16:37:19,459 [INFO] Lectura BMP390
2025-05-31 16:37:19,644 [INFO] Lectura LTR390
2025-05-31 16:37:19,650 [INFO] Lectura desde ESP32-S3 por serial
2025-05-31 16:37:23,815 [INFO] Lectura datos climáticos NASA
2025-05-31 16:37:23,818 [INFO] Datos JSON preparados para envío
2025-05-31 16:37:24,868 [INFO] Lectura BMP390
2025-05-31 16:37:25,046 [INFO] Lectura LTR390
2025-05-31 16:37:25,048 [INFO] Lectura desde ESP32-S3 por serial
2025-05-31 16:37:28,421 [INFO] Lectura datos climáticos NASA
2025-05-31 16:37:28,424 [INFO] Datos JSON preparados para envío
2025-05-31 16:37:29,477 [INFO] Lectura BMP390
2025-05-31 16:37:29,657 [INFO] Lectura LTR390
2025-05-31 16:37:29,664 [INFO] Lectura desde ESP32-S3 por serial
2025-05-31 16:37:33,229 [INFO] Lectura datos climáticos NASA
2025-05-31 16:37:33,232 [INFO] Datos JSON preparados para envío
2025-05-31 16:37:34,284 [INFO] Lectura BMP390
2025-05-31 16:37:34,465 [INFO] Lectura LTR390
2025-05-31 16:37:34,470 [INFO] Lectura desde ESP32-S3 por serial
2025-05-31 16:37:38,010 [INFO] Lectura datos climáticos NASA
2025-05-31 16:37:38,011 [INFO] Datos JSON preparados para envío
2025-05-31 16:37:39,063 [INFO] Lectura BMP390
2025-05-31 16:37:39,245 [INFO] Lectura LTR390
2025-05-31 16:37:39,252 [INFO] Lectura desde ESP32-S3 por serial
2025-05-31 16:37:43,491 [INFO] Lectura datos climáticos NASA
2025-05-31 16:37:43,494 [INFO] Datos JSON preparados para envío
2025-05-31 16:37:44,546 [INFO] Lectura BMP390
2025-05-31 16:37:44,726 [INFO] Lectura LTR390
2025-05-31 16:37:44,732 [INFO] Lectura desde ESP32-S3 por serial
2025-05-31 16:37:48,375 [INFO] Lectura datos climáticos NASA
2025-05-31 16:37:48,378 [INFO] Datos JSON preparados para envío
2025-05-31 16:37:49,430 [INFO] Lectura BMP390
2025-05-31 16:37:49,611 [INFO] Lectura LTR390
2025-05-31 16:37:49,618 [INFO] Lectura desde ESP32-S3 por serial
2025-05-31 16:37:53,902 [INFO] Lectura datos climáticos NASA
2025-05-31 16:37:53,905 [INFO] Datos JSON preparados para envío
2025-05-31 16:37:54,958 [INFO] Lectura BMP390
2025-05-31 16:37:55,138 [INFO] Lectura LTR390
2025-05-31 16:37:55,144 [INFO] Lectura desde ESP32-S3 por serial
2025-05-31 16:37:58,613 [INFO] Lectura datos climáticos NASA
2025-05-31 16:37:58,616 [INFO] Datos JSON preparados para envío
2025-05-31 16:37:59,668 [INFO] Lectura BMP390
2025-05-31 16:37:59,848 [INFO] Lectura LTR390
2025-05-31 16:37:59,854 [INFO] Lectura desde ESP32-S3 por serial
2025-05-31 16:38:03,317 [INFO] Lectura datos climáticos NASA
2025-05-31 16:38:03,320 [INFO] Datos JSON preparados para envío
2025-05-31 16:38:04,374 [INFO] Lectura BMP390
2025-05-31 16:38:04,554 [INFO] Lectura LTR390
2025-05-31 16:38:04,560 [INFO] Lectura desde ESP32-S3 por serial
2025-05-31 16:38:09,047 [INFO] Lectura datos climáticos NASA
2025-05-31 16:38:09,050 [INFO] Datos JSON preparados para envío
2025-05-31 16:38:10,104 [INFO] Lectura BMP390
2025-05-31 16:38:10,288 [INFO] Lectura LTR390
2025-05-31 16:38:10,294 [INFO] Lectura desde ESP32-S3 por serial
2025-05-31 16:38:14,496 [INFO] Lectura datos climáticos NASA
2025-05-31 16:38:14,501 [INFO] Datos JSON preparados para envío
2025-05-31 16:38:15,553 [INFO] Lectura BMP390
2025-05-31 16:38:15,733 [INFO] Lectura LTR390
2025-05-31 16:38:15,739 [INFO] Lectura desde ESP32-S3 por serial
2025-05-31 16:38:19,399 [INFO] Lectura datos climáticos NASA
2025-05-31 16:38:19,402 [INFO] Datos JSON preparados para envío
2025-05-31 16:38:20,460 [INFO] Lectura BMP390
2025-05-31 16:38:20,639 [INFO] Lectura LTR390
2025-05-31 16:38:20,645 [INFO] Lectura desde ESP32-S3 por serial
2025-05-31 16:38:24,398 [INFO] Lectura datos climáticos NASA
2025-05-31 16:38:24,400 [INFO] Datos JSON preparados para envío
2025-05-31 16:38:25,453 [INFO] Lectura BMP390
2025-05-31 16:38:25,636 [INFO] Lectura LTR390
2025-05-31 16:38:25,643 [INFO] Lectura desde ESP32-S3 por serial
2025-05-31 16:38:30,232 [INFO] Lectura datos climáticos NASA
2025-05-31 16:38:30,234 [INFO] Datos JSON preparados para envío
2025-05-31 16:38:31,289 [INFO] Lectura BMP390
2025-05-31 16:38:31,468 [INFO] Lectura LTR390
2025-05-31 16:38:31,474 [INFO] Lectura desde ESP32-S3 por serial
2025-05-31 16:38:35,348 [INFO] Lectura datos climáticos NASA
2025-05-31 16:38:35,351 [INFO] Datos JSON preparados para envío
2025-05-31 16:38:36,404 [INFO] Lectura BMP390
2025-05-31 16:38:36,585 [INFO] Lectura LTR390
2025-05-31 16:38:36,591 [INFO] Lectura desde ESP32-S3 por serial
2025-05-31 16:38:41,602 [INFO] Lectura datos climáticos NASA
2025-05-31 16:38:41,604 [INFO] Datos JSON preparados para envío
2025-05-31 16:38:42,663 [INFO] Lectura BMP390
2025-05-31 16:38:42,843 [INFO] Lectura LTR390
2025-05-31 16:38:42,849 [INFO] Lectura desde ESP32-S3 por serial
2025-05-31 16:38:46,195 [INFO] Lectura datos climáticos NASA
2025-05-31 16:38:46,198 [INFO] Datos JSON preparados para envío
2025-05-31 16:38:47,250 [INFO] Lectura BMP390
2025-05-31 16:38:47,434 [INFO] Lectura LTR390
2025-05-31 16:38:47,440 [INFO] Lectura desde ESP32-S3 por serial
2025-05-31 16:38:51,720 [INFO] Lectura datos climáticos NASA
2025-05-31 16:38:51,722 [INFO] Datos JSON preparados para envío
2025-05-31 16:38:52,775 [INFO] Lectura BMP390
2025-05-31 16:38:52,955 [INFO] Lectura LTR390
2025-05-31 16:38:52,963 [INFO] Lectura desde ESP32-S3 por serial
2025-05-31 16:38:56,227 [INFO] Lectura datos climáticos NASA
2025-05-31 16:38:56,231 [INFO] Datos JSON preparados para envío
2025-05-31 16:38:57,284 [INFO] Lectura BMP390
2025-05-31 16:38:57,470 [INFO] Lectura LTR390
2025-05-31 16:38:57,475 [INFO] Lectura desde ESP32-S3 por serial
2025-05-31 16:39:01,031 [INFO] Lectura datos climáticos NASA
2025-05-31 16:39:01,032 [INFO] Datos JSON preparados para envío
2025-05-31 16:39:02,086 [INFO] Lectura BMP390
2025-05-31 16:39:02,267 [INFO] Lectura LTR390
2025-05-31 16:39:02,273 [INFO] Lectura desde ESP32-S3 por serial
2025-05-31 16:39:05,638 [INFO] Lectura datos climáticos NASA
2025-05-31 16:39:05,641 [INFO] Datos JSON preparados para envío
2025-05-31 16:39:06,694 [INFO] Lectura BMP390
2025-05-31 16:39:06,874 [INFO] Lectura LTR390
2025-05-31 16:39:06,880 [INFO] Lectura desde ESP32-S3 por serial
2025-05-31 16:39:10,931 [INFO] Lectura datos climáticos NASA
2025-05-31 16:39:10,934 [INFO] Datos JSON preparados para envío
2025-05-31 16:39:11,987 [INFO] Lectura BMP390
2025-05-31 16:39:12,167 [INFO] Lectura LTR390
2025-05-31 16:39:12,173 [INFO] Lectura desde ESP32-S3 por serial
2025-05-31 16:39:16,691 [INFO] Lectura datos climáticos NASA
2025-05-31 16:39:16,694 [INFO] Datos JSON preparados para envío
2025-05-31 16:39:17,747 [INFO] Lectura BMP390
2025-05-31 16:39:17,927 [INFO] Lectura LTR390
2025-05-31 16:39:17,933 [INFO] Lectura desde ESP32-S3 por serial
2025-05-31 16:39:22,318 [INFO] Lectura datos climáticos NASA
2025-05-31 16:39:22,319 [INFO] Datos JSON preparados para envío
2025-05-31 16:39:23,372 [INFO] Lectura BMP390
2025-05-31 16:39:23,553 [INFO] Lectura LTR390
2025-05-31 16:39:23,559 [INFO] Lectura desde ESP32-S3 por serial
2025-05-31 16:39:27,027 [INFO] Lectura datos climáticos NASA
2025-05-31 16:39:27,030 [INFO] Datos JSON preparados para envío
2025-05-31 16:39:28,083 [INFO] Lectura BMP390
2025-05-31 16:39:28,266 [INFO] Lectura LTR390
2025-05-31 16:39:28,272 [INFO] Lectura desde ESP32-S3 por serial
2025-05-31 16:39:32,447 [INFO] Lectura datos climáticos NASA
2025-05-31 16:39:32,448 [INFO] Datos JSON preparados para envío
2025-05-31 16:39:33,498 [INFO] Lectura BMP390
2025-05-31 16:39:33,674 [INFO] Lectura LTR390
2025-05-31 16:39:33,676 [INFO] Lectura desde ESP32-S3 por serial
2025-05-31 16:39:37,670 [INFO] Lectura datos climáticos NASA
2025-05-31 16:39:37,673 [INFO] Datos JSON preparados para envío
2025-05-31 16:39:38,725 [INFO] Lectura BMP390
2025-05-31 16:39:38,900 [INFO] Lectura LTR390
2025-05-31 16:39:38,903 [INFO] Lectura desde ESP32-S3 por serial
2025-05-31 16:39:42,286 [INFO] Lectura datos climáticos NASA
2025-05-31 16:39:42,289 [INFO] Datos JSON preparados para envío
2025-05-31 16:39:43,342 [INFO] Lectura BMP390
2025-05-31 16:39:43,526 [INFO] Lectura LTR390
2025-05-31 16:39:43,531 [INFO] Lectura desde ESP32-S3 por serial
2025-05-31 16:39:47,605 [INFO] Lectura datos climáticos NASA
2025-05-31 16:39:47,608 [INFO] Datos JSON preparados para envío
2025-05-31 16:39:48,660 [INFO] Lectura BMP390
2025-05-31 16:39:48,841 [INFO] Lectura LTR390
2025-05-31 16:39:48,847 [INFO] Lectura desde ESP32-S3 por serial
2025-05-31 16:39:52,405 [INFO] Lectura datos climáticos NASA
2025-05-31 16:39:52,407 [INFO] Datos JSON preparados para envío
2025-05-31 16:39:53,459 [INFO] Lectura BMP390
2025-05-31 16:39:53,636 [INFO] Lectura LTR390
2025-05-31 16:39:53,639 [INFO] Lectura desde ESP32-S3 por serial
2025-05-31 16:39:57,010 [INFO] Lectura datos climáticos NASA
2025-05-31 16:39:57,013 [INFO] Datos JSON preparados para envío
2025-05-31 16:39:58,066 [INFO] Lectura BMP390
2025-05-31 16:39:58,246 [INFO] Lectura LTR390
2025-05-31 16:39:58,253 [INFO] Lectura desde ESP32-S3 por serial
2025-05-31 16:40:01,923 [INFO] Lectura datos climáticos NASA
2025-05-31 16:40:01,925 [INFO] Datos JSON preparados para envío
2025-05-31 16:40:02,978 [INFO] Lectura BMP390
2025-05-31 16:40:03,158 [INFO] Lectura LTR390
2025-05-31 16:40:03,164 [INFO] Lectura desde ESP32-S3 por serial
2025-05-31 16:40:06,937 [INFO] Lectura datos climáticos NASA
2025-05-31 16:40:06,939 [INFO] Datos JSON preparados para envío
2025-05-31 16:40:07,995 [INFO] Lectura BMP390
2025-05-31 16:40:08,176 [INFO] Lectura LTR390
2025-05-31 16:40:08,183 [INFO] Lectura desde ESP32-S3 por serial
2025-05-31 16:40:12,054 [INFO] Lectura datos climáticos NASA
2025-05-31 16:40:12,057 [INFO] Datos JSON preparados para envío
2025-05-31 16:40:13,110 [INFO] Lectura BMP390
2025-05-31 16:40:13,291 [INFO] Lectura LTR390
2025-05-31 16:40:13,296 [INFO] Lectura desde ESP32-S3 por serial
2025-05-31 16:40:17,097 [INFO] Lectura datos climáticos NASA
2025-05-31 16:40:17,099 [INFO] Datos JSON preparados para envío
2025-05-31 16:40:18,154 [INFO] Lectura BMP390
2025-05-31 16:40:18,334 [INFO] Lectura LTR390
2025-05-31 16:40:18,340 [INFO] Lectura desde ESP32-S3 por serial
2025-05-31 16:40:21,776 [INFO] Lectura datos climáticos NASA
2025-05-31 16:40:21,780 [INFO] Datos JSON preparados para envío
2025-05-31 16:40:22,833 [INFO] Lectura BMP390
2025-05-31 16:40:23,013 [INFO] Lectura LTR390
2025-05-31 16:40:23,019 [INFO] Lectura desde ESP32-S3 por serial
2025-05-31 16:40:27,097 [INFO] Lectura datos climáticos NASA
2025-05-31 16:40:27,100 [INFO] Datos JSON preparados para envío
2025-05-31 16:40:28,152 [INFO] Lectura BMP390
2025-05-31 16:40:28,334 [INFO] Lectura LTR390
2025-05-31 16:40:28,340 [INFO] Lectura desde ESP32-S3 por serial
2025-05-31 16:40:32,522 [INFO] Lectura datos climáticos NASA
2025-05-31 16:40:32,525 [INFO] Datos JSON preparados para envío
2025-05-31 16:40:33,577 [INFO] Lectura BMP390
2025-05-31 16:40:33,758 [INFO] Lectura LTR390
2025-05-31 16:40:33,763 [INFO] Lectura desde ESP32-S3 por serial
2025-05-31 16:40:37,388 [INFO] Lectura datos climáticos NASA
2025-05-31 16:40:37,390 [INFO] Datos JSON preparados para envío
2025-05-31 16:40:38,443 [INFO] Lectura BMP390
2025-05-31 16:40:38,625 [INFO] Lectura LTR390
2025-05-31 16:40:38,631 [INFO] Lectura desde ESP32-S3 por serial
2025-05-31 16:40:42,352 [INFO] Lectura datos climáticos NASA
2025-05-31 16:40:42,354 [INFO] Datos JSON preparados para envío
2025-05-31 16:40:43,408 [INFO] Lectura BMP390
2025-05-31 16:40:43,590 [INFO] Lectura LTR390
2025-05-31 16:40:43,596 [INFO] Lectura desde ESP32-S3 por serial
2025-05-31 16:40:47,872 [INFO] Lectura datos climáticos NASA
2025-05-31 16:40:47,875 [INFO] Datos JSON preparados para envío
2025-05-31 16:40:48,927 [INFO] Lectura BMP390
2025-05-31 16:40:49,111 [INFO] Lectura LTR390
2025-05-31 16:40:49,117 [INFO] Lectura desde ESP32-S3 por serial
2025-05-31 16:40:52,888 [INFO] Lectura datos climáticos NASA
2025-05-31 16:40:52,890 [INFO] Datos JSON preparados para envío
2025-05-31 16:40:53,941 [INFO] Lectura BMP390
2025-05-31 16:40:54,122 [INFO] Lectura LTR390
2025-05-31 16:40:54,129 [INFO] Lectura desde ESP32-S3 por serial
2025-05-31 16:40:58,514 [INFO] Lectura datos climáticos NASA
2025-05-31 16:40:58,517 [INFO] Datos JSON preparados para envío
2025-05-31 16:40:59,571 [INFO] Lectura BMP390
2025-05-31 16:40:59,751 [INFO] Lectura LTR390
2025-05-31 16:40:59,757 [INFO] Lectura desde ESP32-S3 por serial
2025-05-31 16:41:03,837 [INFO] Lectura datos climáticos NASA
2025-05-31 16:41:03,840 [INFO] Datos JSON preparados para envío
2025-05-31 16:41:04,893 [INFO] Lectura BMP390
2025-05-31 16:41:05,077 [INFO] Lectura LTR390
2025-05-31 16:41:05,084 [INFO] Lectura desde ESP32-S3 por serial
2025-05-31 16:41:08,666 [INFO] Lectura datos climáticos NASA
2025-05-31 16:41:08,667 [INFO] Datos JSON preparados para envío
2025-05-31 16:41:09,722 [INFO] Lectura BMP390
2025-05-31 16:41:09,905 [INFO] Lectura LTR390
2025-05-31 16:41:09,911 [INFO] Lectura desde ESP32-S3 por serial
2025-05-31 16:41:13,560 [INFO] Lectura datos climáticos NASA
2025-05-31 16:41:13,563 [INFO] Datos JSON preparados para envío
2025-05-31 16:41:14,618 [INFO] Lectura BMP390
2025-05-31 16:41:14,798 [INFO] Lectura LTR390
2025-05-31 16:41:14,804 [INFO] Lectura desde ESP32-S3 por serial
2025-05-31 16:41:19,089 [INFO] Lectura datos climáticos NASA
2025-05-31 16:41:19,091 [INFO] Datos JSON preparados para envío
2025-05-31 16:41:20,145 [INFO] Lectura BMP390
2025-05-31 16:41:20,325 [INFO] Lectura LTR390
2025-05-31 16:41:20,330 [INFO] Lectura desde ESP32-S3 por serial
2025-05-31 16:41:23,790 [INFO] Lectura datos climáticos NASA
2025-05-31 16:41:23,793 [INFO] Datos JSON preparados para envío
2025-05-31 16:41:24,846 [INFO] Lectura BMP390
2025-05-31 16:41:25,025 [INFO] Lectura LTR390
2025-05-31 16:41:25,031 [INFO] Lectura desde ESP32-S3 por serial
2025-05-31 16:41:29,522 [INFO] Lectura datos climáticos NASA
2025-05-31 16:41:29,524 [INFO] Datos JSON preparados para envío
2025-05-31 16:41:30,576 [INFO] Lectura BMP390
2025-05-31 16:41:30,759 [INFO] Lectura LTR390
2025-05-31 16:41:30,765 [INFO] Lectura desde ESP32-S3 por serial
2025-05-31 16:41:34,432 [INFO] Lectura datos climáticos NASA
2025-05-31 16:41:34,434 [INFO] Datos JSON preparados para envío
2025-05-31 16:41:35,484 [INFO] Lectura BMP390
2025-05-31 16:41:35,665 [INFO] Lectura LTR390
2025-05-31 16:41:35,671 [INFO] Lectura desde ESP32-S3 por serial
2025-05-31 16:41:38,942 [INFO] Lectura datos climáticos NASA
2025-05-31 16:41:38,944 [INFO] Datos JSON preparados para envío
2025-05-31 16:41:39,999 [INFO] Lectura BMP390
2025-05-31 16:41:40,185 [INFO] Lectura LTR390
2025-05-31 16:41:40,191 [INFO] Lectura desde ESP32-S3 por serial
2025-05-31 16:41:44,703 [INFO] Lectura datos climáticos NASA
2025-05-31 16:41:44,705 [INFO] Datos JSON preparados para envío
2025-05-31 16:41:45,758 [INFO] Lectura BMP390
2025-05-31 16:41:45,938 [INFO] Lectura LTR390
2025-05-31 16:41:45,944 [INFO] Lectura desde ESP32-S3 por serial
2025-05-31 16:41:50,501 [INFO] Lectura datos climáticos NASA
2025-05-31 16:41:50,504 [INFO] Datos JSON preparados para envío
2025-05-31 16:41:51,556 [INFO] Lectura BMP390
2025-05-31 16:41:51,736 [INFO] Lectura LTR390
2025-05-31 16:41:51,742 [INFO] Lectura desde ESP32-S3 por serial
2025-05-31 16:41:56,027 [INFO] Lectura datos climáticos NASA
2025-05-31 16:41:56,030 [INFO] Datos JSON preparados para envío
2025-05-31 16:41:57,083 [INFO] Lectura BMP390
2025-05-31 16:41:57,266 [INFO] Lectura LTR390
2025-05-31 16:41:57,272 [INFO] Lectura desde ESP32-S3 por serial
2025-05-31 16:42:01,957 [INFO] Lectura datos climáticos NASA
2025-05-31 16:42:01,959 [INFO] Datos JSON preparados para envío
2025-05-31 16:42:03,012 [INFO] Lectura BMP390
2025-05-31 16:42:03,196 [INFO] Lectura LTR390
2025-05-31 16:42:03,204 [INFO] Lectura desde ESP32-S3 por serial
2025-05-31 16:42:06,672 [INFO] Lectura datos climáticos NASA
2025-05-31 16:42:06,675 [INFO] Datos JSON preparados para envío
2025-05-31 16:42:07,730 [INFO] Lectura BMP390
2025-05-31 16:42:07,909 [INFO] Lectura LTR390
2025-05-31 16:42:07,914 [INFO] Lectura desde ESP32-S3 por serial
2025-05-31 16:42:11,893 [INFO] Lectura datos climáticos NASA
2025-05-31 16:42:11,896 [INFO] Datos JSON preparados para envío
2025-05-31 16:42:12,947 [INFO] Lectura BMP390
2025-05-31 16:42:13,127 [INFO] Lectura LTR390
2025-05-31 16:42:13,131 [INFO] Lectura desde ESP32-S3 por serial
2025-05-31 16:42:17,927 [INFO] Lectura datos climáticos NASA
2025-05-31 16:42:17,930 [INFO] Datos JSON preparados para envío
2025-05-31 16:42:18,981 [INFO] Lectura BMP390
2025-05-31 16:42:19,162 [INFO] Lectura LTR390
2025-05-31 16:42:19,168 [INFO] Lectura desde ESP32-S3 por serial
2025-05-31 16:42:23,966 [INFO] Lectura datos climáticos NASA
2025-05-31 16:42:23,968 [INFO] Datos JSON preparados para envío
2025-05-31 16:42:25,018 [INFO] Lectura BMP390
2025-05-31 16:42:25,195 [INFO] Lectura LTR390
2025-05-31 16:42:25,197 [INFO] Lectura desde ESP32-S3 por serial
2025-05-31 16:42:28,776 [INFO] Lectura datos climáticos NASA
2025-05-31 16:42:28,779 [INFO] Datos JSON preparados para envío
2025-05-31 16:42:29,833 [INFO] Lectura BMP390
2025-05-31 16:42:30,015 [INFO] Lectura LTR390
2025-05-31 16:42:30,021 [INFO] Lectura desde ESP32-S3 por serial
2025-05-31 16:42:33,730 [INFO] Lectura datos climáticos NASA
2025-05-31 16:42:33,733 [INFO] Datos JSON preparados para envío
2025-05-31 16:42:34,786 [INFO] Lectura BMP390
2025-05-31 16:42:34,968 [INFO] Lectura LTR390
2025-05-31 16:42:34,975 [INFO] Lectura desde ESP32-S3 por serial
2025-05-31 16:42:38,750 [INFO] Lectura datos climáticos NASA
2025-05-31 16:42:38,751 [INFO] Datos JSON preparados para envío
2025-05-31 16:42:39,803 [INFO] Lectura BMP390
2025-05-31 16:42:39,988 [INFO] Lectura LTR390
2025-05-31 16:42:39,994 [INFO] Lectura desde ESP32-S3 por serial
2025-05-31 16:42:44,411 [INFO] Lectura datos climáticos NASA
2025-05-31 16:42:44,416 [INFO] Datos JSON preparados para envío
2025-05-31 16:42:45,470 [INFO] Lectura BMP390
2025-05-31 16:42:45,649 [INFO] Lectura LTR390
2025-05-31 16:42:45,655 [INFO] Lectura desde ESP32-S3 por serial
2025-05-31 16:42:49,441 [INFO] Lectura datos climáticos NASA
2025-05-31 16:42:49,447 [INFO] Datos JSON preparados para envío
2025-05-31 16:42:50,496 [INFO] Lectura BMP390
2025-05-31 16:42:50,672 [INFO] Lectura LTR390
2025-05-31 16:42:50,675 [INFO] Lectura desde ESP32-S3 por serial
2025-05-31 16:42:55,074 [INFO] Lectura datos climáticos NASA
2025-05-31 16:42:55,076 [INFO] Datos JSON preparados para envío
2025-05-31 16:42:56,130 [INFO] Lectura BMP390
2025-05-31 16:42:56,310 [INFO] Lectura LTR390
2025-05-31 16:42:56,316 [INFO] Lectura desde ESP32-S3 por serial
2025-05-31 16:43:00,008 [INFO] Lectura datos climáticos NASA
2025-05-31 16:43:00,011 [INFO] Datos JSON preparados para envío
2025-05-31 16:43:01,062 [INFO] Lectura BMP390
2025-05-31 16:43:01,242 [INFO] Lectura LTR390
2025-05-31 16:43:01,245 [INFO] Lectura desde ESP32-S3 por serial
2025-05-31 16:43:05,001 [INFO] Lectura datos climáticos NASA
2025-05-31 16:43:05,003 [INFO] Datos JSON preparados para envío
2025-05-31 16:43:06,056 [INFO] Lectura BMP390
2025-05-31 16:43:06,238 [INFO] Lectura LTR390
2025-05-31 16:43:06,244 [INFO] Lectura desde ESP32-S3 por serial
2025-05-31 16:43:10,730 [INFO] Lectura datos climáticos NASA
2025-05-31 16:43:10,733 [INFO] Datos JSON preparados para envío
2025-05-31 16:43:11,788 [INFO] Lectura BMP390
2025-05-31 16:43:11,969 [INFO] Lectura LTR390
2025-05-31 16:43:11,975 [INFO] Lectura desde ESP32-S3 por serial
2025-05-31 16:43:16,464 [INFO] Lectura datos climáticos NASA
2025-05-31 16:43:16,467 [INFO] Datos JSON preparados para envío
2025-05-31 16:43:17,522 [INFO] Lectura BMP390
2025-05-31 16:43:17,705 [INFO] Lectura LTR390
2025-05-31 16:43:17,712 [INFO] Lectura desde ESP32-S3 por serial
2025-05-31 16:43:21,271 [INFO] Lectura datos climáticos NASA
2025-05-31 16:43:21,275 [INFO] Datos JSON preparados para envío
2025-05-31 16:43:22,331 [INFO] Lectura BMP390
2025-05-31 16:43:22,513 [INFO] Lectura LTR390
2025-05-31 16:43:22,519 [INFO] Lectura desde ESP32-S3 por serial
2025-05-31 16:43:26,905 [INFO] Lectura datos climáticos NASA
2025-05-31 16:43:26,908 [INFO] Datos JSON preparados para envío
2025-05-31 16:43:27,964 [INFO] Lectura BMP390
2025-05-31 16:43:28,144 [INFO] Lectura LTR390
2025-05-31 16:43:28,150 [INFO] Lectura desde ESP32-S3 por serial
2025-05-31 16:43:31,102 [INFO] Lectura datos climáticos NASA
2025-05-31 16:43:31,105 [INFO] Datos JSON preparados para envío
2025-05-31 16:43:32,160 [INFO] Lectura BMP390
2025-05-31 16:43:32,340 [INFO] Lectura LTR390
2025-05-31 16:43:32,345 [INFO] Lectura desde ESP32-S3 por serial
2025-05-31 16:43:36,010 [INFO] Lectura datos climáticos NASA
2025-05-31 16:43:36,014 [INFO] Datos JSON preparados para envío
2025-05-31 16:43:37,065 [INFO] Lectura BMP390
2025-05-31 16:43:37,245 [INFO] Lectura LTR390
2025-05-31 16:43:37,251 [INFO] Lectura desde ESP32-S3 por serial
2025-05-31 16:43:42,154 [INFO] Lectura datos climáticos NASA
2025-05-31 16:43:42,157 [INFO] Datos JSON preparados para envío
2025-05-31 16:43:43,214 [INFO] Lectura BMP390
2025-05-31 16:43:43,395 [INFO] Lectura LTR390
2025-05-31 16:43:43,401 [INFO] Lectura desde ESP32-S3 por serial
2025-05-31 16:43:47,162 [INFO] Lectura datos climáticos NASA
2025-05-31 16:43:47,164 [INFO] Datos JSON preparados para envío
2025-05-31 16:43:48,219 [INFO] Lectura BMP390
2025-05-31 16:43:48,398 [INFO] Lectura LTR390
2025-05-31 16:43:48,404 [INFO] Lectura desde ESP32-S3 por serial
2025-05-31 16:43:52,385 [INFO] Lectura datos climáticos NASA
2025-05-31 16:43:52,388 [INFO] Datos JSON preparados para envío
2025-05-31 16:43:53,442 [INFO] Lectura BMP390
2025-05-31 16:43:53,621 [INFO] Lectura LTR390
2025-05-31 16:43:53,627 [INFO] Lectura desde ESP32-S3 por serial
2025-05-31 16:43:57,497 [INFO] Lectura datos climáticos NASA
2025-05-31 16:43:57,500 [INFO] Datos JSON preparados para envío
2025-05-31 16:43:58,556 [INFO] Lectura BMP390
2025-05-31 16:43:58,736 [INFO] Lectura LTR390
2025-05-31 16:43:58,742 [INFO] Lectura desde ESP32-S3 por serial
2025-05-31 16:44:03,948 [INFO] Lectura datos climáticos NASA
2025-05-31 16:44:03,951 [INFO] Datos JSON preparados para envío
2025-05-31 16:44:05,004 [INFO] Lectura BMP390
2025-05-31 16:44:05,186 [INFO] Lectura LTR390
2025-05-31 16:44:05,192 [INFO] Lectura desde ESP32-S3 por serial
2025-05-31 16:44:08,759 [INFO] Lectura datos climáticos NASA
2025-05-31 16:44:08,762 [INFO] Datos JSON preparados para envío
2025-05-31 16:44:09,815 [INFO] Lectura BMP390
2025-05-31 16:44:09,996 [INFO] Lectura LTR390
2025-05-31 16:44:10,002 [INFO] Lectura desde ESP32-S3 por serial
2025-05-31 16:44:13,574 [INFO] Lectura datos climáticos NASA
2025-05-31 16:44:13,577 [INFO] Datos JSON preparados para envío
2025-05-31 16:44:14,629 [INFO] Lectura BMP390
2025-05-31 16:44:14,811 [INFO] Lectura LTR390
2025-05-31 16:44:14,817 [INFO] Lectura desde ESP32-S3 por serial
2025-05-31 16:44:19,302 [INFO] Lectura datos climáticos NASA
2025-05-31 16:44:19,305 [INFO] Datos JSON preparados para envío
2025-05-31 16:44:20,355 [INFO] Lectura BMP390
2025-05-31 16:44:20,534 [INFO] Lectura LTR390
2025-05-31 16:44:20,542 [INFO] Lectura desde ESP32-S3 por serial
2025-05-31 16:44:24,619 [INFO] Lectura datos climáticos NASA
2025-05-31 16:44:24,622 [INFO] Datos JSON preparados para envío
2025-05-31 16:44:25,675 [INFO] Lectura BMP390
2025-05-31 16:44:25,854 [INFO] Lectura LTR390
2025-05-31 16:44:25,859 [INFO] Lectura desde ESP32-S3 por serial
2025-05-31 16:44:30,047 [INFO] Lectura datos climáticos NASA
2025-05-31 16:44:30,050 [INFO] Datos JSON preparados para envío
2025-05-31 16:44:31,103 [INFO] Lectura BMP390
2025-05-31 16:44:31,283 [INFO] Lectura LTR390
2025-05-31 16:44:31,286 [INFO] Lectura desde ESP32-S3 por serial
2025-05-31 16:44:35,668 [INFO] Lectura datos climáticos NASA
2025-05-31 16:44:35,671 [INFO] Datos JSON preparados para envío
2025-05-31 16:44:36,724 [INFO] Lectura BMP390
2025-05-31 16:44:36,906 [INFO] Lectura LTR390
2025-05-31 16:44:36,912 [INFO] Lectura desde ESP32-S3 por serial
2025-05-31 16:44:41,404 [INFO] Lectura datos climáticos NASA
2025-05-31 16:44:41,406 [INFO] Datos JSON preparados para envío
2025-05-31 16:44:42,458 [INFO] Lectura BMP390
2025-05-31 16:44:42,637 [INFO] Lectura LTR390
2025-05-31 16:44:42,643 [INFO] Lectura desde ESP32-S3 por serial
2025-05-31 16:44:47,334 [INFO] Lectura datos climáticos NASA
2025-05-31 16:44:47,336 [INFO] Datos JSON preparados para envío
2025-05-31 16:44:48,389 [INFO] Lectura BMP390
2025-05-31 16:44:48,575 [INFO] Lectura LTR390
2025-05-31 16:44:48,581 [INFO] Lectura desde ESP32-S3 por serial
2025-05-31 16:44:51,943 [INFO] Lectura datos climáticos NASA
2025-05-31 16:44:51,946 [INFO] Datos JSON preparados para envío
2025-05-31 16:44:52,999 [INFO] Lectura BMP390
2025-05-31 16:44:53,182 [INFO] Lectura LTR390
2025-05-31 16:44:53,186 [INFO] Lectura desde ESP32-S3 por serial
2025-05-31 16:44:57,366 [INFO] Lectura datos climáticos NASA
2025-05-31 16:44:57,369 [INFO] Datos JSON preparados para envío
2025-05-31 16:44:58,423 [INFO] Lectura BMP390
2025-05-31 16:44:58,603 [INFO] Lectura LTR390
2025-05-31 16:44:58,611 [INFO] Lectura desde ESP32-S3 por serial
2025-05-31 16:45:02,481 [INFO] Lectura datos climáticos NASA
2025-05-31 16:45:02,486 [INFO] Datos JSON preparados para envío
2025-05-31 16:45:03,539 [INFO] Lectura BMP390
2025-05-31 16:45:03,719 [INFO] Lectura LTR390
2025-05-31 16:45:03,725 [INFO] Lectura desde ESP32-S3 por serial
2025-05-31 16:45:07,698 [INFO] Lectura datos climáticos NASA
2025-05-31 16:45:07,701 [INFO] Datos JSON preparados para envío
2025-05-31 16:45:08,753 [INFO] Lectura BMP390
2025-05-31 16:45:08,934 [INFO] Lectura LTR390
2025-05-31 16:45:08,940 [INFO] Lectura desde ESP32-S3 por serial
2025-05-31 16:45:13,942 [INFO] Lectura datos climáticos NASA
2025-05-31 16:45:13,943 [INFO] Datos JSON preparados para envío
2025-05-31 16:45:14,998 [INFO] Lectura BMP390
2025-05-31 16:45:15,186 [INFO] Lectura LTR390
2025-05-31 16:45:15,193 [INFO] Lectura desde ESP32-S3 por serial
2025-05-31 16:45:18,651 [INFO] Lectura datos climáticos NASA
2025-05-31 16:45:18,654 [INFO] Datos JSON preparados para envío
2025-05-31 16:45:19,710 [INFO] Lectura BMP390
2025-05-31 16:45:19,890 [INFO] Lectura LTR390
2025-05-31 16:45:19,896 [INFO] Lectura desde ESP32-S3 por serial
2025-05-31 16:45:24,174 [INFO] Lectura datos climáticos NASA
2025-05-31 16:45:24,177 [INFO] Datos JSON preparados para envío
2025-05-31 16:45:25,230 [INFO] Lectura BMP390
2025-05-31 16:45:25,409 [INFO] Lectura LTR390
2025-05-31 16:45:25,414 [INFO] Lectura desde ESP32-S3 por serial
2025-05-31 16:45:29,075 [INFO] Lectura datos climáticos NASA
2025-05-31 16:45:29,078 [INFO] Datos JSON preparados para envío
2025-05-31 16:45:30,131 [INFO] Lectura BMP390
2025-05-31 16:45:30,313 [INFO] Lectura LTR390
2025-05-31 16:45:30,318 [INFO] Lectura desde ESP32-S3 por serial
2025-05-31 16:45:35,534 [INFO] Lectura datos climáticos NASA
2025-05-31 16:45:35,542 [INFO] Datos JSON preparados para envío
2025-05-31 16:45:36,597 [INFO] Lectura BMP390
2025-05-31 16:45:36,777 [INFO] Lectura LTR390
2025-05-31 16:45:36,783 [INFO] Lectura desde ESP32-S3 por serial
2025-05-31 16:45:40,453 [INFO] Lectura datos climáticos NASA
2025-05-31 16:45:40,456 [INFO] Datos JSON preparados para envío
2025-05-31 16:45:41,506 [INFO] Lectura BMP390
2025-05-31 16:45:41,683 [INFO] Lectura LTR390
2025-05-31 16:45:41,686 [INFO] Lectura desde ESP32-S3 por serial
2025-05-31 16:45:45,662 [INFO] Lectura datos climáticos NASA
2025-05-31 16:45:45,663 [INFO] Datos JSON preparados para envío
2025-05-31 16:45:46,716 [INFO] Lectura BMP390
2025-05-31 16:45:46,895 [INFO] Lectura LTR390
2025-05-31 16:45:46,902 [INFO] Lectura desde ESP32-S3 por serial
2025-05-31 16:45:50,373 [INFO] Lectura datos climáticos NASA
2025-05-31 16:45:50,376 [INFO] Datos JSON preparados para envío
2025-05-31 16:45:51,430 [INFO] Lectura BMP390
2025-05-31 16:45:51,610 [INFO] Lectura LTR390
2025-05-31 16:45:51,617 [INFO] Lectura desde ESP32-S3 por serial
2025-05-31 16:45:56,104 [INFO] Lectura datos climáticos NASA
2025-05-31 16:45:56,106 [INFO] Datos JSON preparados para envío
2025-05-31 16:45:57,156 [INFO] Lectura BMP390
2025-05-31 16:45:57,337 [INFO] Lectura LTR390
2025-05-31 16:45:57,343 [INFO] Lectura desde ESP32-S3 por serial
2025-05-31 16:46:01,118 [INFO] Lectura datos climáticos NASA
2025-05-31 16:46:01,121 [INFO] Datos JSON preparados para envío
2025-05-31 16:46:02,175 [INFO] Lectura BMP390
2025-05-31 16:46:02,356 [INFO] Lectura LTR390
2025-05-31 16:46:02,360 [INFO] Lectura desde ESP32-S3 por serial
2025-05-31 16:46:06,338 [INFO] Lectura datos climáticos NASA
2025-05-31 16:46:06,341 [INFO] Datos JSON preparados para envío
2025-05-31 16:46:07,393 [INFO] Lectura BMP390
2025-05-31 16:46:07,574 [INFO] Lectura LTR390
2025-05-31 16:46:07,581 [INFO] Lectura desde ESP32-S3 por serial
2025-05-31 16:46:11,353 [INFO] Lectura datos climáticos NASA
2025-05-31 16:46:11,356 [INFO] Datos JSON preparados para envío
2025-05-31 16:46:12,408 [INFO] Lectura BMP390
2025-05-31 16:46:12,587 [INFO] Lectura LTR390
2025-05-31 16:46:12,594 [INFO] Lectura desde ESP32-S3 por serial
2025-05-31 16:46:16,571 [INFO] Lectura datos climáticos NASA
2025-05-31 16:46:16,573 [INFO] Datos JSON preparados para envío
2025-05-31 16:46:17,623 [INFO] Lectura BMP390
2025-05-31 16:46:17,803 [INFO] Lectura LTR390
2025-05-31 16:46:17,806 [INFO] Lectura desde ESP32-S3 por serial
2025-05-31 16:46:21,788 [INFO] Lectura datos climáticos NASA
2025-05-31 16:46:21,791 [INFO] Datos JSON preparados para envío
2025-05-31 16:46:22,845 [INFO] Lectura BMP390
2025-05-31 16:46:23,028 [INFO] Lectura LTR390
2025-05-31 16:46:23,035 [INFO] Lectura desde ESP32-S3 por serial
2025-05-31 16:46:26,418 [INFO] Lectura datos climáticos NASA
2025-05-31 16:46:26,421 [INFO] Datos JSON preparados para envío
2025-05-31 16:46:27,473 [INFO] Lectura BMP390
2025-05-31 16:46:27,656 [INFO] Lectura LTR390
2025-05-31 16:46:27,662 [INFO] Lectura desde ESP32-S3 por serial
2025-05-31 16:46:31,303 [INFO] Lectura datos climáticos NASA
2025-05-31 16:46:31,306 [INFO] Datos JSON preparados para envío
2025-05-31 16:46:32,362 [INFO] Lectura BMP390
2025-05-31 16:46:32,541 [INFO] Lectura LTR390
2025-05-31 16:46:32,547 [INFO] Lectura desde ESP32-S3 por serial
2025-05-31 16:46:36,321 [INFO] Lectura datos climáticos NASA
2025-05-31 16:46:36,324 [INFO] Datos JSON preparados para envío
2025-05-31 16:46:37,378 [INFO] Lectura BMP390
2025-05-31 16:46:37,558 [INFO] Lectura LTR390
2025-05-31 16:46:37,564 [INFO] Lectura desde ESP32-S3 por serial
2025-05-31 16:46:41,232 [INFO] Lectura datos climáticos NASA
2025-05-31 16:46:41,234 [INFO] Datos JSON preparados para envío
2025-05-31 16:46:42,284 [INFO] Lectura BMP390
2025-05-31 16:46:42,461 [INFO] Lectura LTR390
2025-05-31 16:46:42,466 [INFO] Lectura desde ESP32-S3 por serial
2025-05-31 16:46:46,155 [INFO] Lectura datos climáticos NASA
2025-05-31 16:46:46,159 [INFO] Datos JSON preparados para envío
2025-05-31 16:46:47,213 [INFO] Lectura BMP390
2025-05-31 16:46:47,393 [INFO] Lectura LTR390
2025-05-31 16:46:47,398 [INFO] Lectura desde ESP32-S3 por serial
2025-05-31 16:46:50,962 [INFO] Lectura datos climáticos NASA
2025-05-31 16:46:50,968 [INFO] Datos JSON preparados para envío
2025-05-31 16:46:52,019 [INFO] Lectura BMP390
2025-05-31 16:46:52,202 [INFO] Lectura LTR390
2025-05-31 16:46:52,208 [INFO] Lectura desde ESP32-S3 por serial
2025-05-31 16:46:55,273 [INFO] Lectura datos climáticos NASA
2025-05-31 16:46:55,275 [INFO] Datos JSON preparados para envío
2025-05-31 16:46:56,328 [INFO] Lectura BMP390
2025-05-31 16:46:56,512 [INFO] Lectura LTR390
2025-05-31 16:46:56,519 [INFO] Lectura desde ESP32-S3 por serial
2025-05-31 16:47:00,470 [INFO] Lectura datos climáticos NASA
2025-05-31 16:47:00,475 [INFO] Datos JSON preparados para envío
2025-05-31 16:47:01,529 [INFO] Lectura BMP390
2025-05-31 16:47:01,710 [INFO] Lectura LTR390
2025-05-31 16:47:01,716 [INFO] Lectura desde ESP32-S3 por serial
2025-05-31 16:47:06,303 [INFO] Lectura datos climáticos NASA
2025-05-31 16:47:06,305 [INFO] Datos JSON preparados para envío
2025-05-31 16:47:07,359 [INFO] Lectura BMP390
2025-05-31 16:47:07,539 [INFO] Lectura LTR390
2025-05-31 16:47:07,546 [INFO] Lectura desde ESP32-S3 por serial
2025-05-31 16:47:11,217 [INFO] Lectura datos climáticos NASA
2025-05-31 16:47:11,220 [INFO] Datos JSON preparados para envío
2025-05-31 16:47:12,276 [INFO] Lectura BMP390
2025-05-31 16:47:12,457 [INFO] Lectura LTR390
2025-05-31 16:47:12,463 [INFO] Lectura desde ESP32-S3 por serial
2025-05-31 16:47:16,228 [INFO] Lectura datos climáticos NASA
2025-05-31 16:47:16,249 [INFO] Datos JSON preparados para envío
2025-05-31 16:47:17,301 [INFO] Lectura BMP390
2025-05-31 16:47:17,480 [INFO] Lectura LTR390
2025-05-31 16:47:17,487 [INFO] Lectura desde ESP32-S3 por serial
2025-05-31 16:47:21,040 [INFO] Lectura datos climáticos NASA
2025-05-31 16:47:21,043 [INFO] Datos JSON preparados para envío
2025-05-31 16:47:22,095 [INFO] Lectura BMP390
2025-05-31 16:47:22,276 [INFO] Lectura LTR390
2025-05-31 16:47:22,281 [INFO] Lectura desde ESP32-S3 por serial
2025-05-31 16:47:26,874 [INFO] Lectura datos climáticos NASA
2025-05-31 16:47:26,876 [INFO] Datos JSON preparados para envío
2025-05-31 16:47:27,929 [INFO] Lectura BMP390
2025-05-31 16:47:28,114 [INFO] Lectura LTR390
2025-05-31 16:47:28,120 [INFO] Lectura desde ESP32-S3 por serial
2025-05-31 16:47:31,988 [INFO] Lectura datos climáticos NASA
2025-05-31 16:47:31,991 [INFO] Datos JSON preparados para envío
2025-05-31 16:47:33,044 [INFO] Lectura BMP390
2025-05-31 16:47:33,227 [INFO] Lectura LTR390
2025-05-31 16:47:33,232 [INFO] Lectura desde ESP32-S3 por serial
2025-05-31 16:47:36,702 [INFO] Lectura datos climáticos NASA
2025-05-31 16:47:36,705 [INFO] Datos JSON preparados para envío
2025-05-31 16:47:37,758 [INFO] Lectura BMP390
2025-05-31 16:47:37,934 [INFO] Lectura LTR390
2025-05-31 16:47:37,937 [INFO] Lectura desde ESP32-S3 por serial
2025-05-31 16:47:41,609 [INFO] Lectura datos climáticos NASA
2025-05-31 16:47:41,612 [INFO] Datos JSON preparados para envío
2025-05-31 16:47:42,666 [INFO] Lectura BMP390
2025-05-31 16:47:42,850 [INFO] Lectura LTR390
2025-05-31 16:47:42,857 [INFO] Lectura desde ESP32-S3 por serial
2025-05-31 16:47:48,159 [INFO] Lectura datos climáticos NASA
2025-05-31 16:47:48,162 [INFO] Datos JSON preparados para envío
2025-05-31 16:47:49,216 [INFO] Lectura BMP390
2025-05-31 16:47:49,395 [INFO] Lectura LTR390
2025-05-31 16:47:49,401 [INFO] Lectura desde ESP32-S3 por serial
2025-05-31 16:47:53,187 [INFO] Lectura datos climáticos NASA
2025-05-31 16:47:53,190 [INFO] Datos JSON preparados para envío
2025-05-31 16:47:54,244 [INFO] Lectura BMP390
2025-05-31 16:47:54,424 [INFO] Lectura LTR390
2025-05-31 16:47:54,429 [INFO] Lectura desde ESP32-S3 por serial
2025-05-31 16:47:58,188 [INFO] Lectura datos climáticos NASA
2025-05-31 16:47:58,191 [INFO] Datos JSON preparados para envío
2025-05-31 16:47:59,246 [INFO] Lectura BMP390
2025-05-31 16:47:59,428 [INFO] Lectura LTR390
2025-05-31 16:47:59,434 [INFO] Lectura desde ESP32-S3 por serial
2025-05-31 16:48:03,204 [INFO] Lectura datos climáticos NASA
2025-05-31 16:48:03,207 [INFO] Datos JSON preparados para envío
2025-05-31 16:48:04,261 [INFO] Lectura BMP390
2025-05-31 16:48:04,444 [INFO] Lectura LTR390
2025-05-31 16:48:04,448 [INFO] Lectura desde ESP32-S3 por serial
2025-05-31 16:48:08,215 [INFO] Lectura datos climáticos NASA
2025-05-31 16:48:08,218 [INFO] Datos JSON preparados para envío
2025-05-31 16:48:09,270 [INFO] Lectura BMP390
2025-05-31 16:48:09,449 [INFO] Lectura LTR390
2025-05-31 16:48:09,454 [INFO] Lectura desde ESP32-S3 por serial
2025-05-31 16:48:13,138 [INFO] Lectura datos climáticos NASA
2025-05-31 16:48:13,141 [INFO] Datos JSON preparados para envío
2025-05-31 16:48:14,193 [INFO] Lectura BMP390
2025-05-31 16:48:14,372 [INFO] Lectura LTR390
2025-05-31 16:48:14,380 [INFO] Lectura desde ESP32-S3 por serial
2025-05-31 16:48:18,450 [INFO] Lectura datos climáticos NASA
2025-05-31 16:48:18,453 [INFO] Datos JSON preparados para envío
2025-05-31 16:48:19,505 [INFO] Lectura BMP390
2025-05-31 16:48:19,685 [INFO] Lectura LTR390
2025-05-31 16:48:19,692 [INFO] Lectura desde ESP32-S3 por serial
2025-05-31 16:48:23,555 [INFO] Lectura datos climáticos NASA
2025-05-31 16:48:23,558 [INFO] Datos JSON preparados para envío
2025-05-31 16:48:24,610 [INFO] Lectura BMP390
2025-05-31 16:48:24,793 [INFO] Lectura LTR390
2025-05-31 16:48:24,800 [INFO] Lectura desde ESP32-S3 por serial
2025-05-31 16:48:29,195 [INFO] Lectura datos climáticos NASA
2025-05-31 16:48:29,198 [INFO] Datos JSON preparados para envío
2025-05-31 16:48:30,251 [INFO] Lectura BMP390
2025-05-31 16:48:30,433 [INFO] Lectura LTR390
2025-05-31 16:48:30,438 [INFO] Lectura desde ESP32-S3 por serial
2025-05-31 16:48:34,005 [INFO] Lectura datos climáticos NASA
2025-05-31 16:48:34,008 [INFO] Datos JSON preparados para envío
2025-05-31 16:48:35,063 [INFO] Lectura BMP390
2025-05-31 16:48:35,243 [INFO] Lectura LTR390
2025-05-31 16:48:35,250 [INFO] Lectura desde ESP32-S3 por serial
2025-05-31 16:48:38,775 [INFO] Lectura datos climáticos NASA
2025-05-31 16:48:38,778 [INFO] Datos JSON preparados para envío
2025-05-31 16:48:39,831 [INFO] Lectura BMP390
2025-05-31 16:48:40,014 [INFO] Lectura LTR390
2025-05-31 16:48:40,020 [INFO] Lectura desde ESP32-S3 por serial
2025-05-31 16:48:44,020 [INFO] Lectura datos climáticos NASA
2025-05-31 16:48:44,022 [INFO] Datos JSON preparados para envío
2025-05-31 16:48:45,079 [INFO] Lectura BMP390
2025-05-31 16:48:45,261 [INFO] Lectura LTR390
2025-05-31 16:48:45,266 [INFO] Lectura desde ESP32-S3 por serial
2025-05-31 16:48:48,844 [INFO] Lectura datos climáticos NASA
2025-05-31 16:48:48,847 [INFO] Datos JSON preparados para envío
2025-05-31 16:48:49,900 [INFO] Lectura BMP390
2025-05-31 16:48:50,080 [INFO] Lectura LTR390
2025-05-31 16:48:50,086 [INFO] Lectura desde ESP32-S3 por serial
2025-05-31 16:48:53,861 [INFO] Lectura datos climáticos NASA
2025-05-31 16:48:53,863 [INFO] Datos JSON preparados para envío
2025-05-31 16:48:54,918 [INFO] Lectura BMP390
2025-05-31 16:48:55,097 [INFO] Lectura LTR390
2025-05-31 16:48:55,104 [INFO] Lectura desde ESP32-S3 por serial
2025-05-31 16:48:59,593 [INFO] Lectura datos climáticos NASA
2025-05-31 16:48:59,596 [INFO] Datos JSON preparados para envío
2025-05-31 16:49:00,649 [INFO] Lectura BMP390
2025-05-31 16:49:00,828 [INFO] Lectura LTR390
2025-05-31 16:49:00,834 [INFO] Lectura desde ESP32-S3 por serial
2025-05-31 16:49:04,909 [INFO] Lectura datos climáticos NASA
2025-05-31 16:49:04,910 [INFO] Datos JSON preparados para envío
2025-05-31 16:49:05,963 [INFO] Lectura BMP390
2025-05-31 16:49:06,147 [INFO] Lectura LTR390
2025-05-31 16:49:06,155 [INFO] Lectura desde ESP32-S3 por serial
2025-05-31 16:49:10,232 [INFO] Lectura datos climáticos NASA
2025-05-31 16:49:10,236 [INFO] Datos JSON preparados para envío
2025-05-31 16:49:11,288 [INFO] Lectura BMP390
2025-05-31 16:49:11,469 [INFO] Lectura LTR390
2025-05-31 16:49:11,475 [INFO] Lectura desde ESP32-S3 por serial
2025-05-31 16:49:15,352 [INFO] Lectura datos climáticos NASA
2025-05-31 16:49:15,358 [INFO] Datos JSON preparados para envío
2025-05-31 16:49:16,412 [INFO] Lectura BMP390
2025-05-31 16:49:16,592 [INFO] Lectura LTR390
2025-05-31 16:49:16,597 [INFO] Lectura desde ESP32-S3 por serial
2025-05-31 16:49:20,595 [INFO] Lectura datos climáticos NASA
2025-05-31 16:49:20,598 [INFO] Datos JSON preparados para envío
2025-05-31 16:49:21,653 [INFO] Lectura BMP390
2025-05-31 16:49:21,833 [INFO] Lectura LTR390
2025-05-31 16:49:21,839 [INFO] Lectura desde ESP32-S3 por serial
2025-05-31 16:49:25,990 [INFO] Lectura datos climáticos NASA
2025-05-31 16:49:25,993 [INFO] Datos JSON preparados para envío
2025-05-31 16:49:27,046 [INFO] Lectura BMP390
2025-05-31 16:49:27,226 [INFO] Lectura LTR390
2025-05-31 16:49:27,233 [INFO] Lectura desde ESP32-S3 por serial
2025-05-31 16:49:31,004 [INFO] Lectura datos climáticos NASA
2025-05-31 16:49:31,007 [INFO] Datos JSON preparados para envío
2025-05-31 16:49:32,060 [INFO] Lectura BMP390
2025-05-31 16:49:32,241 [INFO] Lectura LTR390
2025-05-31 16:49:32,247 [INFO] Lectura desde ESP32-S3 por serial
2025-05-31 16:49:35,815 [INFO] Lectura datos climáticos NASA
2025-05-31 16:49:35,818 [INFO] Datos JSON preparados para envío
2025-05-31 16:49:36,872 [INFO] Lectura BMP390
2025-05-31 16:49:37,056 [INFO] Lectura LTR390
2025-05-31 16:49:37,059 [INFO] Lectura desde ESP32-S3 por serial
2025-05-31 16:49:40,931 [INFO] Lectura datos climáticos NASA
2025-05-31 16:49:40,934 [INFO] Datos JSON preparados para envío
2025-05-31 16:49:41,988 [INFO] Lectura BMP390
2025-05-31 16:49:42,168 [INFO] Lectura LTR390
2025-05-31 16:49:42,176 [INFO] Lectura desde ESP32-S3 por serial
2025-05-31 16:49:45,843 [INFO] Lectura datos climáticos NASA
2025-05-31 16:49:45,846 [INFO] Datos JSON preparados para envío
2025-05-31 16:49:46,901 [INFO] Lectura BMP390
2025-05-31 16:49:47,085 [INFO] Lectura LTR390
2025-05-31 16:49:47,093 [INFO] Lectura desde ESP32-S3 por serial
2025-05-31 16:49:51,164 [INFO] Lectura datos climáticos NASA
2025-05-31 16:49:51,166 [INFO] Datos JSON preparados para envío
2025-05-31 16:49:52,219 [INFO] Lectura BMP390
2025-05-31 16:49:52,399 [INFO] Lectura LTR390
2025-05-31 16:49:52,405 [INFO] Lectura desde ESP32-S3 por serial
2025-05-31 16:49:55,667 [INFO] Lectura datos climáticos NASA
2025-05-31 16:49:55,670 [INFO] Datos JSON preparados para envío
2025-05-31 16:49:56,722 [INFO] Lectura BMP390
2025-05-31 16:49:56,904 [INFO] Lectura LTR390
2025-05-31 16:49:56,910 [INFO] Lectura desde ESP32-S3 por serial
2025-05-31 16:50:00,653 [INFO] Lectura datos climáticos NASA
2025-05-31 16:50:00,656 [INFO] Datos JSON preparados para envío
2025-05-31 16:50:01,710 [INFO] Lectura BMP390
2025-05-31 16:50:01,890 [INFO] Lectura LTR390
2025-05-31 16:50:01,896 [INFO] Lectura desde ESP32-S3 por serial
2025-05-31 16:50:06,210 [INFO] Lectura datos climáticos NASA
2025-05-31 16:50:06,213 [INFO] Datos JSON preparados para envío
2025-05-31 16:50:07,265 [INFO] Lectura BMP390
2025-05-31 16:50:07,449 [INFO] Lectura LTR390
2025-05-31 16:50:07,455 [INFO] Lectura desde ESP32-S3 por serial
2025-05-31 16:50:12,042 [INFO] Lectura datos climáticos NASA
2025-05-31 16:50:12,050 [INFO] Datos JSON preparados para envío
2025-05-31 16:50:13,104 [INFO] Lectura BMP390
2025-05-31 16:50:13,285 [INFO] Lectura LTR390
2025-05-31 16:50:13,290 [INFO] Lectura desde ESP32-S3 por serial
2025-05-31 16:50:18,842 [INFO] Lectura datos climáticos NASA
2025-05-31 16:50:18,845 [INFO] Datos JSON preparados para envío
2025-05-31 16:50:19,895 [INFO] Lectura BMP390
2025-05-31 16:50:20,075 [INFO] Lectura LTR390
2025-05-31 16:50:20,078 [INFO] Lectura desde ESP32-S3 por serial
2025-05-31 16:50:23,913 [INFO] Lectura datos climáticos NASA
2025-05-31 16:50:23,916 [INFO] Datos JSON preparados para envío
2025-05-31 16:50:24,970 [INFO] Lectura BMP390
2025-05-31 16:50:25,155 [INFO] Lectura LTR390
2025-05-31 16:50:25,161 [INFO] Lectura desde ESP32-S3 por serial
2025-05-31 16:50:29,131 [INFO] Lectura datos climáticos NASA
2025-05-31 16:50:29,134 [INFO] Datos JSON preparados para envío
2025-05-31 16:50:30,189 [INFO] Lectura BMP390
2025-05-31 16:50:30,374 [INFO] Lectura LTR390
2025-05-31 16:50:30,379 [INFO] Lectura desde ESP32-S3 por serial
2025-05-31 16:50:34,604 [INFO] Lectura datos climáticos NASA
2025-05-31 16:50:34,607 [INFO] Datos JSON preparados para envío
2025-05-31 16:50:35,662 [INFO] Lectura BMP390
2025-05-31 16:50:35,842 [INFO] Lectura LTR390
2025-05-31 16:50:35,848 [INFO] Lectura desde ESP32-S3 por serial
2025-05-31 16:50:39,187 [INFO] Lectura datos climáticos NASA
2025-05-31 16:50:39,190 [INFO] Datos JSON preparados para envío
2025-05-31 16:50:40,244 [INFO] Lectura BMP390
2025-05-31 16:50:40,428 [INFO] Lectura LTR390
2025-05-31 16:50:40,433 [INFO] Lectura desde ESP32-S3 por serial
2025-05-31 16:50:44,273 [INFO] Lectura datos climáticos NASA
2025-05-31 16:50:44,276 [INFO] Datos JSON preparados para envío
2025-05-31 16:50:45,331 [INFO] Lectura BMP390
2025-05-31 16:50:45,513 [INFO] Lectura LTR390
2025-05-31 16:50:45,519 [INFO] Lectura desde ESP32-S3 por serial
2025-05-31 16:50:49,084 [INFO] Lectura datos climáticos NASA
2025-05-31 16:50:49,087 [INFO] Datos JSON preparados para envío
2025-05-31 16:50:50,140 [INFO] Lectura BMP390
2025-05-31 16:50:50,320 [INFO] Lectura LTR390
2025-05-31 16:50:50,326 [INFO] Lectura desde ESP32-S3 por serial
2025-05-31 16:50:54,099 [INFO] Lectura datos climáticos NASA
2025-05-31 16:50:54,101 [INFO] Datos JSON preparados para envío
2025-05-31 16:50:55,157 [INFO] Lectura BMP390
2025-05-31 16:50:55,338 [INFO] Lectura LTR390
2025-05-31 16:50:55,344 [INFO] Lectura desde ESP32-S3 por serial
2025-05-31 16:50:58,806 [INFO] Lectura datos climáticos NASA
2025-05-31 16:50:58,809 [INFO] Datos JSON preparados para envío
2025-05-31 16:50:59,862 [INFO] Lectura BMP390
2025-05-31 16:51:00,047 [INFO] Lectura LTR390
2025-05-31 16:51:00,053 [INFO] Lectura desde ESP32-S3 por serial
2025-05-31 16:51:04,024 [INFO] Lectura datos climáticos NASA
2025-05-31 16:51:04,029 [INFO] Datos JSON preparados para envío
2025-05-31 16:51:05,082 [INFO] Lectura BMP390
2025-05-31 16:51:05,265 [INFO] Lectura LTR390
2025-05-31 16:51:05,271 [INFO] Lectura desde ESP32-S3 por serial
2025-05-31 16:51:09,345 [INFO] Lectura datos climáticos NASA
2025-05-31 16:51:09,348 [INFO] Datos JSON preparados para envío
2025-05-31 16:51:10,401 [INFO] Lectura BMP390
2025-05-31 16:51:10,580 [INFO] Lectura LTR390
2025-05-31 16:51:10,586 [INFO] Lectura desde ESP32-S3 por serial
2025-05-31 16:51:14,161 [INFO] Lectura datos climáticos NASA
2025-05-31 16:51:14,164 [INFO] Datos JSON preparados para envío
2025-05-31 16:51:15,216 [INFO] Lectura BMP390
2025-05-31 16:51:15,396 [INFO] Lectura LTR390
2025-05-31 16:51:15,402 [INFO] Lectura desde ESP32-S3 por serial
2025-05-31 16:51:19,375 [INFO] Lectura datos climáticos NASA
2025-05-31 16:51:19,378 [INFO] Datos JSON preparados para envío
2025-05-31 16:51:20,432 [INFO] Lectura BMP390
2025-05-31 16:51:20,612 [INFO] Lectura LTR390
2025-05-31 16:51:20,618 [INFO] Lectura desde ESP32-S3 por serial
2025-05-31 16:51:24,594 [INFO] Lectura datos climáticos NASA
2025-05-31 16:51:24,597 [INFO] Datos JSON preparados para envío
2025-05-31 16:51:25,648 [INFO] Lectura BMP390
2025-05-31 16:51:25,829 [INFO] Lectura LTR390
2025-05-31 16:51:25,835 [INFO] Lectura desde ESP32-S3 por serial
2025-05-31 16:51:29,506 [INFO] Lectura datos climáticos NASA
2025-05-31 16:51:29,508 [INFO] Datos JSON preparados para envío
2025-05-31 16:51:30,561 [INFO] Lectura BMP390
2025-05-31 16:51:30,742 [INFO] Lectura LTR390
2025-05-31 16:51:30,749 [INFO] Lectura desde ESP32-S3 por serial
2025-05-31 16:51:34,314 [INFO] Lectura datos climáticos NASA
2025-05-31 16:51:34,316 [INFO] Datos JSON preparados para envío
2025-05-31 16:51:35,368 [INFO] Lectura BMP390
2025-05-31 16:51:35,547 [INFO] Lectura LTR390
2025-05-31 16:51:35,554 [INFO] Lectura desde ESP32-S3 por serial
2025-05-31 16:51:38,827 [INFO] Lectura datos climáticos NASA
2025-05-31 16:51:38,829 [INFO] Datos JSON preparados para envío
2025-05-31 16:51:39,888 [INFO] Lectura BMP390
2025-05-31 16:51:40,068 [INFO] Lectura LTR390
2025-05-31 16:51:40,074 [INFO] Lectura desde ESP32-S3 por serial
2025-05-31 16:51:43,946 [INFO] Lectura datos climáticos NASA
2025-05-31 16:51:43,949 [INFO] Datos JSON preparados para envío
2025-05-31 16:51:45,004 [INFO] Lectura BMP390
2025-05-31 16:51:45,184 [INFO] Lectura LTR390
2025-05-31 16:51:45,190 [INFO] Lectura desde ESP32-S3 por serial
2025-05-31 16:51:48,953 [INFO] Lectura datos climáticos NASA
2025-05-31 16:51:48,956 [INFO] Datos JSON preparados para envío
2025-05-31 16:51:50,010 [INFO] Lectura BMP390
2025-05-31 16:51:50,190 [INFO] Lectura LTR390
2025-05-31 16:51:50,196 [INFO] Lectura desde ESP32-S3 por serial
2025-05-31 16:51:53,964 [INFO] Lectura datos climáticos NASA
2025-05-31 16:51:53,967 [INFO] Datos JSON preparados para envío
2025-05-31 16:51:55,021 [INFO] Lectura BMP390
2025-05-31 16:51:55,202 [INFO] Lectura LTR390
2025-05-31 16:51:55,208 [INFO] Lectura desde ESP32-S3 por serial
2025-05-31 16:51:59,588 [INFO] Lectura datos climáticos NASA
2025-05-31 16:51:59,591 [INFO] Datos JSON preparados para envío
2025-05-31 16:52:00,648 [INFO] Lectura BMP390
2025-05-31 16:52:00,828 [INFO] Lectura LTR390
2025-05-31 16:52:00,834 [INFO] Lectura desde ESP32-S3 por serial
2025-05-31 16:52:05,148 [INFO] Lectura datos climáticos NASA
2025-05-31 16:52:05,152 [INFO] Datos JSON preparados para envío
2025-05-31 16:52:06,205 [INFO] Lectura BMP390
2025-05-31 16:52:06,386 [INFO] Lectura LTR390
2025-05-31 16:52:06,390 [INFO] Lectura desde ESP32-S3 por serial
2025-05-31 16:52:10,025 [INFO] Lectura datos climáticos NASA
2025-05-31 16:52:10,028 [INFO] Datos JSON preparados para envío
2025-05-31 16:52:11,081 [INFO] Lectura BMP390
2025-05-31 16:52:11,264 [INFO] Lectura LTR390
2025-05-31 16:52:11,272 [INFO] Lectura desde ESP32-S3 por serial
2025-05-31 16:52:14,804 [INFO] Lectura datos climáticos NASA
2025-05-31 16:52:14,807 [INFO] Datos JSON preparados para envío
2025-05-31 16:52:15,860 [INFO] Lectura BMP390
2025-05-31 16:52:16,044 [INFO] Lectura LTR390
2025-05-31 16:52:16,050 [INFO] Lectura desde ESP32-S3 por serial
2025-05-31 16:52:19,437 [INFO] Lectura datos climáticos NASA
2025-05-31 16:52:19,439 [INFO] Datos JSON preparados para envío
2025-05-31 16:52:20,493 [INFO] Lectura BMP390
2025-05-31 16:52:20,678 [INFO] Lectura LTR390
2025-05-31 16:52:20,684 [INFO] Lectura desde ESP32-S3 por serial
2025-05-31 16:52:25,682 [INFO] Lectura datos climáticos NASA
2025-05-31 16:52:25,686 [INFO] Datos JSON preparados para envío
2025-05-31 16:52:26,738 [INFO] Lectura BMP390
2025-05-31 16:52:26,918 [INFO] Lectura LTR390
2025-05-31 16:52:26,924 [INFO] Lectura desde ESP32-S3 por serial
2025-05-31 16:52:30,696 [INFO] Lectura datos climáticos NASA
2025-05-31 16:52:30,701 [INFO] Datos JSON preparados para envío
2025-05-31 16:52:31,758 [INFO] Lectura BMP390
2025-05-31 16:52:31,941 [INFO] Lectura LTR390
2025-05-31 16:52:31,946 [INFO] Lectura desde ESP32-S3 por serial
2025-05-31 16:52:35,608 [INFO] Lectura datos climáticos NASA
2025-05-31 16:52:35,611 [INFO] Datos JSON preparados para envío
2025-05-31 16:52:36,664 [INFO] Lectura BMP390
2025-05-31 16:52:36,847 [INFO] Lectura LTR390
2025-05-31 16:52:36,853 [INFO] Lectura desde ESP32-S3 por serial
2025-05-31 16:52:40,420 [INFO] Lectura datos climáticos NASA
2025-05-31 16:52:40,423 [INFO] Datos JSON preparados para envío
2025-05-31 16:52:41,478 [INFO] Lectura BMP390
2025-05-31 16:52:41,658 [INFO] Lectura LTR390
2025-05-31 16:52:41,664 [INFO] Lectura desde ESP32-S3 por serial
2025-05-31 16:52:45,841 [INFO] Lectura datos climáticos NASA
2025-05-31 16:52:45,843 [INFO] Datos JSON preparados para envío
2025-05-31 16:52:46,896 [INFO] Lectura BMP390
2025-05-31 16:52:47,077 [INFO] Lectura LTR390
2025-05-31 16:52:47,082 [INFO] Lectura desde ESP32-S3 por serial
2025-05-31 16:52:50,960 [INFO] Lectura datos climáticos NASA
2025-05-31 16:52:50,964 [INFO] Datos JSON preparados para envío
2025-05-31 16:52:52,015 [INFO] Lectura BMP390
2025-05-31 16:52:52,193 [INFO] Lectura LTR390
2025-05-31 16:52:52,199 [INFO] Lectura desde ESP32-S3 por serial
2025-05-31 16:52:55,767 [INFO] Lectura datos climáticos NASA
2025-05-31 16:52:55,770 [INFO] Datos JSON preparados para envío
2025-05-31 16:52:56,821 [INFO] Lectura BMP390
2025-05-31 16:52:57,000 [INFO] Lectura LTR390
2025-05-31 16:52:57,005 [INFO] Lectura desde ESP32-S3 por serial
2025-05-31 16:53:01,173 [INFO] Lectura datos climáticos NASA
2025-05-31 16:53:01,176 [INFO] Datos JSON preparados para envío
2025-05-31 16:53:02,230 [INFO] Lectura BMP390
2025-05-31 16:53:02,412 [INFO] Lectura LTR390
2025-05-31 16:53:02,417 [INFO] Lectura desde ESP32-S3 por serial
2025-05-31 16:53:06,409 [INFO] Lectura datos climáticos NASA
2025-05-31 16:53:06,412 [INFO] Datos JSON preparados para envío
2025-05-31 16:53:07,464 [INFO] Lectura BMP390
2025-05-31 16:53:07,643 [INFO] Lectura LTR390
2025-05-31 16:53:07,650 [INFO] Lectura desde ESP32-S3 por serial
2025-05-31 16:53:11,495 [INFO] Lectura datos climáticos NASA
2025-05-31 16:53:11,498 [INFO] Datos JSON preparados para envío
2025-05-31 16:53:12,551 [INFO] Lectura BMP390
2025-05-31 16:53:12,731 [INFO] Lectura LTR390
2025-05-31 16:53:12,737 [INFO] Lectura desde ESP32-S3 por serial
2025-05-31 16:53:16,131 [INFO] Lectura datos climáticos NASA
2025-05-31 16:53:16,134 [INFO] Datos JSON preparados para envío
2025-05-31 16:53:17,188 [INFO] Lectura BMP390
2025-05-31 16:53:17,367 [INFO] Lectura LTR390
2025-05-31 16:53:17,372 [INFO] Lectura desde ESP32-S3 por serial
2025-05-31 16:53:20,735 [INFO] Lectura datos climáticos NASA
2025-05-31 16:53:20,738 [INFO] Datos JSON preparados para envío
2025-05-31 16:53:21,791 [INFO] Lectura BMP390
2025-05-31 16:53:21,971 [INFO] Lectura LTR390
2025-05-31 16:53:21,978 [INFO] Lectura desde ESP32-S3 por serial
2025-05-31 16:53:25,340 [INFO] Lectura datos climáticos NASA
2025-05-31 16:53:25,344 [INFO] Datos JSON preparados para envío
2025-05-31 16:53:26,398 [INFO] Lectura BMP390
2025-05-31 16:53:26,580 [INFO] Lectura LTR390
2025-05-31 16:53:26,586 [INFO] Lectura desde ESP32-S3 por serial
2025-05-31 16:53:30,662 [INFO] Lectura datos climáticos NASA
2025-05-31 16:53:30,670 [INFO] Datos JSON preparados para envío
2025-05-31 16:53:31,724 [INFO] Lectura BMP390
2025-05-31 16:53:31,904 [INFO] Lectura LTR390
2025-05-31 16:53:31,910 [INFO] Lectura desde ESP32-S3 por serial
2025-05-31 16:53:36,493 [INFO] Lectura datos climáticos NASA
2025-05-31 16:53:36,496 [INFO] Datos JSON preparados para envío
2025-05-31 16:53:37,548 [INFO] Lectura BMP390
2025-05-31 16:53:37,730 [INFO] Lectura LTR390
2025-05-31 16:53:37,736 [INFO] Lectura desde ESP32-S3 por serial
2025-05-31 16:53:41,019 [INFO] Lectura datos climáticos NASA
2025-05-31 16:53:41,022 [INFO] Datos JSON preparados para envío
2025-05-31 16:53:42,074 [INFO] Lectura BMP390
2025-05-31 16:53:42,256 [INFO] Lectura LTR390
2025-05-31 16:53:42,261 [INFO] Lectura desde ESP32-S3 por serial
2025-05-31 16:53:45,804 [INFO] Lectura datos climáticos NASA
2025-05-31 16:53:45,805 [INFO] Datos JSON preparados para envío
2025-05-31 16:53:46,859 [INFO] Lectura BMP390
2025-05-31 16:53:47,041 [INFO] Lectura LTR390
2025-05-31 16:53:47,047 [INFO] Lectura desde ESP32-S3 por serial
2025-05-31 16:53:50,718 [INFO] Lectura datos climáticos NASA
2025-05-31 16:53:50,721 [INFO] Datos JSON preparados para envío
2025-05-31 16:53:51,774 [INFO] Lectura BMP390
2025-05-31 16:53:51,956 [INFO] Lectura LTR390
2025-05-31 16:53:51,965 [INFO] Lectura desde ESP32-S3 por serial
2025-05-31 16:53:55,631 [INFO] Lectura datos climáticos NASA
2025-05-31 16:53:55,634 [INFO] Datos JSON preparados para envío
2025-05-31 16:53:56,687 [INFO] Lectura BMP390
2025-05-31 16:53:56,862 [INFO] Lectura LTR390
2025-05-31 16:53:56,865 [INFO] Lectura desde ESP32-S3 por serial
2025-05-31 16:54:00,236 [INFO] Lectura datos climáticos NASA
2025-05-31 16:54:00,239 [INFO] Datos JSON preparados para envío
2025-05-31 16:54:01,292 [INFO] Lectura BMP390
2025-05-31 16:54:01,476 [INFO] Lectura LTR390
2025-05-31 16:54:01,480 [INFO] Lectura desde ESP32-S3 por serial
2025-05-31 16:54:05,248 [INFO] Lectura datos climáticos NASA
2025-05-31 16:54:05,251 [INFO] Datos JSON preparados para envío
2025-05-31 16:54:06,304 [INFO] Lectura BMP390
2025-05-31 16:54:06,488 [INFO] Lectura LTR390
2025-05-31 16:54:06,494 [INFO] Lectura desde ESP32-S3 por serial
2025-05-31 16:54:10,469 [INFO] Lectura datos climáticos NASA
2025-05-31 16:54:10,472 [INFO] Datos JSON preparados para envío
2025-05-31 16:54:11,524 [INFO] Lectura BMP390
2025-05-31 16:54:11,705 [INFO] Lectura LTR390
2025-05-31 16:54:11,711 [INFO] Lectura desde ESP32-S3 por serial
2025-05-31 16:54:15,176 [INFO] Lectura datos climáticos NASA
2025-05-31 16:54:15,179 [INFO] Datos JSON preparados para envío
2025-05-31 16:54:16,236 [INFO] Lectura BMP390
2025-05-31 16:54:16,415 [INFO] Lectura LTR390
2025-05-31 16:54:16,421 [INFO] Lectura desde ESP32-S3 por serial
2025-05-31 16:54:19,983 [INFO] Lectura datos climáticos NASA
2025-05-31 16:54:19,986 [INFO] Datos JSON preparados para envío
2025-05-31 16:54:21,039 [INFO] Lectura BMP390
2025-05-31 16:54:21,221 [INFO] Lectura LTR390
2025-05-31 16:54:21,227 [INFO] Lectura desde ESP32-S3 por serial
2025-05-31 16:54:25,206 [INFO] Lectura datos climáticos NASA
2025-05-31 16:54:25,209 [INFO] Datos JSON preparados para envío
2025-05-31 16:54:26,265 [INFO] Lectura BMP390
2025-05-31 16:54:26,445 [INFO] Lectura LTR390
2025-05-31 16:54:26,450 [INFO] Lectura desde ESP32-S3 por serial
2025-05-31 16:54:29,707 [INFO] Lectura datos climáticos NASA
2025-05-31 16:54:29,710 [INFO] Datos JSON preparados para envío
2025-05-31 16:54:30,762 [INFO] Lectura BMP390
2025-05-31 16:54:30,943 [INFO] Lectura LTR390
2025-05-31 16:54:30,949 [INFO] Lectura desde ESP32-S3 por serial
2025-05-31 16:54:34,514 [INFO] Lectura datos climáticos NASA
2025-05-31 16:54:34,517 [INFO] Datos JSON preparados para envío
2025-05-31 16:54:35,571 [INFO] Lectura BMP390
2025-05-31 16:54:35,752 [INFO] Lectura LTR390
2025-05-31 16:54:35,758 [INFO] Lectura desde ESP32-S3 por serial
2025-05-31 16:54:39,151 [INFO] Lectura datos climáticos NASA
2025-05-31 16:54:39,154 [INFO] Datos JSON preparados para envío
2025-05-31 16:54:40,208 [INFO] Lectura BMP390
2025-05-31 16:54:40,388 [INFO] Lectura LTR390
2025-05-31 16:54:40,392 [INFO] Lectura desde ESP32-S3 por serial
2025-05-31 16:54:43,941 [INFO] Lectura datos climáticos NASA
2025-05-31 16:54:43,945 [INFO] Datos JSON preparados para envío
2025-05-31 16:54:44,998 [INFO] Lectura BMP390
2025-05-31 16:54:45,178 [INFO] Lectura LTR390
2025-05-31 16:54:45,184 [INFO] Lectura desde ESP32-S3 por serial
2025-05-31 16:54:48,430 [INFO] Lectura datos climáticos NASA
2025-05-31 16:54:48,435 [INFO] Datos JSON preparados para envío
2025-05-31 16:54:49,489 [INFO] Lectura BMP390
2025-05-31 16:54:49,665 [INFO] Lectura LTR390
2025-05-31 16:54:49,668 [INFO] Lectura desde ESP32-S3 por serial
2025-05-31 16:54:53,555 [INFO] Lectura datos climáticos NASA
2025-05-31 16:54:53,558 [INFO] Datos JSON preparados para envío
2025-05-31 16:54:54,610 [INFO] Lectura BMP390
2025-05-31 16:54:54,791 [INFO] Lectura LTR390
2025-05-31 16:54:54,797 [INFO] Lectura desde ESP32-S3 por serial
2025-05-31 16:54:59,074 [INFO] Lectura datos climáticos NASA
2025-05-31 16:54:59,077 [INFO] Datos JSON preparados para envío
2025-05-31 16:55:00,129 [INFO] Lectura BMP390
2025-05-31 16:55:00,311 [INFO] Lectura LTR390
2025-05-31 16:55:00,315 [INFO] Lectura desde ESP32-S3 por serial
2025-05-31 16:55:03,781 [INFO] Lectura datos climáticos NASA
2025-05-31 16:55:03,786 [INFO] Datos JSON preparados para envío
2025-05-31 16:55:04,842 [INFO] Lectura BMP390
2025-05-31 16:55:05,022 [INFO] Lectura LTR390
2025-05-31 16:55:05,028 [INFO] Lectura desde ESP32-S3 por serial
2025-05-31 16:55:09,034 [INFO] Lectura datos climáticos NASA
2025-05-31 16:55:09,037 [INFO] Datos JSON preparados para envío
2025-05-31 16:55:10,090 [INFO] Lectura BMP390
2025-05-31 16:55:10,273 [INFO] Lectura LTR390
2025-05-31 16:55:10,278 [INFO] Lectura desde ESP32-S3 por serial
2025-05-31 16:55:13,914 [INFO] Lectura datos climáticos NASA
2025-05-31 16:55:13,917 [INFO] Datos JSON preparados para envío
2025-05-31 16:55:14,970 [INFO] Lectura BMP390
2025-05-31 16:55:15,152 [INFO] Lectura LTR390
2025-05-31 16:55:15,159 [INFO] Lectura desde ESP32-S3 por serial
2025-05-31 16:55:18,621 [INFO] Lectura datos climáticos NASA
2025-05-31 16:55:18,626 [INFO] Datos JSON preparados para envío
2025-05-31 16:55:19,679 [INFO] Lectura BMP390
2025-05-31 16:55:19,858 [INFO] Lectura LTR390
2025-05-31 16:55:19,865 [INFO] Lectura desde ESP32-S3 por serial
2025-05-31 16:55:23,738 [INFO] Lectura datos climáticos NASA
2025-05-31 16:55:23,741 [INFO] Datos JSON preparados para envío
2025-05-31 16:55:24,795 [INFO] Lectura BMP390
2025-05-31 16:55:24,974 [INFO] Lectura LTR390
2025-05-31 16:55:24,981 [INFO] Lectura desde ESP32-S3 por serial
2025-05-31 16:55:28,753 [INFO] Lectura datos climáticos NASA
2025-05-31 16:55:28,756 [INFO] Datos JSON preparados para envío
2025-05-31 16:55:29,809 [INFO] Lectura BMP390
2025-05-31 16:55:29,989 [INFO] Lectura LTR390
2025-05-31 16:55:29,995 [INFO] Lectura desde ESP32-S3 por serial
2025-05-31 16:55:34,071 [INFO] Lectura datos climáticos NASA
2025-05-31 16:55:34,076 [INFO] Datos JSON preparados para envío
2025-05-31 16:55:35,130 [INFO] Lectura BMP390
2025-05-31 16:55:35,314 [INFO] Lectura LTR390
2025-05-31 16:55:35,319 [INFO] Lectura desde ESP32-S3 por serial
2025-05-31 16:55:39,046 [INFO] Lectura datos climáticos NASA
2025-05-31 16:55:39,048 [INFO] Datos JSON preparados para envío
2025-05-31 16:55:40,103 [INFO] Lectura BMP390
2025-05-31 16:55:40,286 [INFO] Lectura LTR390
2025-05-31 16:55:40,291 [INFO] Lectura desde ESP32-S3 por serial
2025-05-31 16:55:44,702 [INFO] Lectura datos climáticos NASA
2025-05-31 16:55:44,705 [INFO] Datos JSON preparados para envío
2025-05-31 16:55:45,758 [INFO] Lectura BMP390
2025-05-31 16:55:45,939 [INFO] Lectura LTR390
2025-05-31 16:55:45,944 [INFO] Lectura desde ESP32-S3 por serial
2025-05-31 16:55:49,116 [INFO] Lectura datos climáticos NASA
2025-05-31 16:55:49,119 [INFO] Datos JSON preparados para envío
2025-05-31 16:55:50,172 [INFO] Lectura BMP390
2025-05-31 16:55:50,352 [INFO] Lectura LTR390
2025-05-31 16:55:50,357 [INFO] Lectura desde ESP32-S3 por serial
2025-05-31 16:55:54,023 [INFO] Lectura datos climáticos NASA
2025-05-31 16:55:54,025 [INFO] Datos JSON preparados para envío
2025-05-31 16:55:55,077 [INFO] Lectura BMP390
2025-05-31 16:55:55,261 [INFO] Lectura LTR390
2025-05-31 16:55:55,265 [INFO] Lectura desde ESP32-S3 por serial
2025-05-31 16:55:58,732 [INFO] Lectura datos climáticos NASA
2025-05-31 16:55:58,735 [INFO] Datos JSON preparados para envío
2025-05-31 16:55:59,788 [INFO] Lectura BMP390
2025-05-31 16:55:59,968 [INFO] Lectura LTR390
2025-05-31 16:55:59,974 [INFO] Lectura desde ESP32-S3 por serial
2025-05-31 16:56:03,650 [INFO] Lectura datos climáticos NASA
2025-05-31 16:56:03,653 [INFO] Datos JSON preparados para envío
2025-05-31 16:56:04,704 [INFO] Lectura BMP390
2025-05-31 16:56:04,881 [INFO] Lectura LTR390
2025-05-31 16:56:04,884 [INFO] Lectura desde ESP32-S3 por serial
2025-05-31 16:56:08,659 [INFO] Lectura datos climáticos NASA
2025-05-31 16:56:08,663 [INFO] Datos JSON preparados para envío
2025-05-31 16:56:09,715 [INFO] Lectura BMP390
2025-05-31 16:56:09,895 [INFO] Lectura LTR390
2025-05-31 16:56:09,901 [INFO] Lectura desde ESP32-S3 por serial
2025-05-31 16:56:13,877 [INFO] Lectura datos climáticos NASA
2025-05-31 16:56:13,881 [INFO] Datos JSON preparados para envío
2025-05-31 16:56:14,933 [INFO] Lectura BMP390
2025-05-31 16:56:15,112 [INFO] Lectura LTR390
2025-05-31 16:56:15,118 [INFO] Lectura desde ESP32-S3 por serial
2025-05-31 16:56:18,993 [INFO] Lectura datos climáticos NASA
2025-05-31 16:56:18,996 [INFO] Datos JSON preparados para envío
2025-05-31 16:56:20,048 [INFO] Lectura BMP390
2025-05-31 16:56:20,228 [INFO] Lectura LTR390
2025-05-31 16:56:20,234 [INFO] Lectura desde ESP32-S3 por serial
2025-05-31 16:56:24,829 [INFO] Lectura datos climáticos NASA
2025-05-31 16:56:24,832 [INFO] Datos JSON preparados para envío
2025-05-31 16:56:25,887 [INFO] Lectura BMP390
2025-05-31 16:56:26,069 [INFO] Lectura LTR390
2025-05-31 16:56:26,072 [INFO] Lectura desde ESP32-S3 por serial
2025-05-31 16:56:30,054 [INFO] Lectura datos climáticos NASA
2025-05-31 16:56:30,057 [INFO] Datos JSON preparados para envío
2025-05-31 16:56:31,114 [INFO] Lectura BMP390
2025-05-31 16:56:31,293 [INFO] Lectura LTR390
2025-05-31 16:56:31,298 [INFO] Lectura desde ESP32-S3 por serial
2025-05-31 16:56:35,270 [INFO] Lectura datos climáticos NASA
2025-05-31 16:56:35,273 [INFO] Datos JSON preparados para envío
2025-05-31 16:56:36,323 [INFO] Lectura BMP390
2025-05-31 16:56:36,505 [INFO] Lectura LTR390
2025-05-31 16:56:36,509 [INFO] Lectura desde ESP32-S3 por serial
2025-05-31 16:56:40,797 [INFO] Lectura datos climáticos NASA
2025-05-31 16:56:40,800 [INFO] Datos JSON preparados para envío
2025-05-31 16:56:41,852 [INFO] Lectura BMP390
2025-05-31 16:56:42,037 [INFO] Lectura LTR390
2025-05-31 16:56:42,043 [INFO] Lectura desde ESP32-S3 por serial
2025-05-31 16:56:45,803 [INFO] Lectura datos climáticos NASA
2025-05-31 16:56:45,806 [INFO] Datos JSON preparados para envío
2025-05-31 16:56:46,859 [INFO] Lectura BMP390
2025-05-31 16:56:47,045 [INFO] Lectura LTR390
2025-05-31 16:56:47,052 [INFO] Lectura desde ESP32-S3 por serial
2025-05-31 16:56:50,615 [INFO] Lectura datos climáticos NASA
2025-05-31 16:56:50,618 [INFO] Datos JSON preparados para envío
2025-05-31 16:56:51,672 [INFO] Lectura BMP390
2025-05-31 16:56:51,852 [INFO] Lectura LTR390
2025-05-31 16:56:51,860 [INFO] Lectura desde ESP32-S3 por serial
2025-05-31 16:56:56,452 [INFO] Lectura datos climáticos NASA
2025-05-31 16:56:56,455 [INFO] Datos JSON preparados para envío
2025-05-31 16:56:57,510 [INFO] Lectura BMP390
2025-05-31 16:56:57,692 [INFO] Lectura LTR390
2025-05-31 16:56:57,701 [INFO] Lectura desde ESP32-S3 por serial
2025-05-31 16:57:01,665 [INFO] Lectura datos climáticos NASA
2025-05-31 16:57:01,668 [INFO] Datos JSON preparados para envío
2025-05-31 16:57:02,722 [INFO] Lectura BMP390
2025-05-31 16:57:02,902 [INFO] Lectura LTR390
2025-05-31 16:57:02,911 [INFO] Lectura desde ESP32-S3 por serial
2025-05-31 16:57:06,790 [INFO] Lectura datos climáticos NASA
2025-05-31 16:57:06,793 [INFO] Datos JSON preparados para envío
2025-05-31 16:57:07,846 [INFO] Lectura BMP390
2025-05-31 16:57:08,026 [INFO] Lectura LTR390
2025-05-31 16:57:08,034 [INFO] Lectura desde ESP32-S3 por serial
2025-05-31 16:57:12,000 [INFO] Lectura datos climáticos NASA
2025-05-31 16:57:12,003 [INFO] Datos JSON preparados para envío
2025-05-31 16:57:13,056 [INFO] Lectura BMP390
2025-05-31 16:57:13,237 [INFO] Lectura LTR390
2025-05-31 16:57:13,243 [INFO] Lectura desde ESP32-S3 por serial
2025-05-31 16:57:16,810 [INFO] Lectura datos climáticos NASA
2025-05-31 16:57:16,813 [INFO] Datos JSON preparados para envío
2025-05-31 16:57:17,867 [INFO] Lectura BMP390
2025-05-31 16:57:18,049 [INFO] Lectura LTR390
2025-05-31 16:57:18,056 [INFO] Lectura desde ESP32-S3 por serial
2025-05-31 16:57:21,722 [INFO] Lectura datos climáticos NASA
2025-05-31 16:57:21,724 [INFO] Datos JSON preparados para envío
2025-05-31 16:57:22,775 [INFO] Lectura BMP390
2025-05-31 16:57:22,953 [INFO] Lectura LTR390
2025-05-31 16:57:22,956 [INFO] Lectura desde ESP32-S3 por serial
2025-05-31 16:57:27,257 [INFO] Lectura datos climáticos NASA
2025-05-31 16:57:27,259 [INFO] Datos JSON preparados para envío
2025-05-31 16:57:28,311 [INFO] Lectura BMP390
2025-05-31 16:57:28,490 [INFO] Lectura LTR390
2025-05-31 16:57:28,496 [INFO] Lectura desde ESP32-S3 por serial
2025-05-31 16:57:32,161 [INFO] Lectura datos climáticos NASA
2025-05-31 16:57:32,166 [INFO] Datos JSON preparados para envío
2025-05-31 16:57:33,220 [INFO] Lectura BMP390
2025-05-31 16:57:33,400 [INFO] Lectura LTR390
2025-05-31 16:57:33,406 [INFO] Lectura desde ESP32-S3 por serial
2025-05-31 16:57:36,869 [INFO] Lectura datos climáticos NASA
2025-05-31 16:57:36,872 [INFO] Datos JSON preparados para envío
2025-05-31 16:57:37,926 [INFO] Lectura BMP390
2025-05-31 16:57:38,107 [INFO] Lectura LTR390
2025-05-31 16:57:38,114 [INFO] Lectura desde ESP32-S3 por serial
2025-05-31 16:57:42,189 [INFO] Lectura datos climáticos NASA
2025-05-31 16:57:42,197 [INFO] Datos JSON preparados para envío
2025-05-31 16:57:43,250 [INFO] Lectura BMP390
2025-05-31 16:57:43,432 [INFO] Lectura LTR390
2025-05-31 16:57:43,439 [INFO] Lectura desde ESP32-S3 por serial
2025-05-31 16:57:47,186 [INFO] Lectura datos climáticos NASA
2025-05-31 16:57:47,189 [INFO] Datos JSON preparados para envío
2025-05-31 16:57:48,241 [INFO] Lectura BMP390
2025-05-31 16:57:48,421 [INFO] Lectura LTR390
2025-05-31 16:57:48,427 [INFO] Lectura desde ESP32-S3 por serial
2025-05-31 16:57:53,241 [INFO] Lectura datos climáticos NASA
2025-05-31 16:57:53,243 [INFO] Datos JSON preparados para envío
2025-05-31 16:57:54,295 [INFO] Lectura BMP390
2025-05-31 16:57:54,477 [INFO] Lectura LTR390
2025-05-31 16:57:54,483 [INFO] Lectura desde ESP32-S3 por serial
2025-05-31 16:57:58,769 [INFO] Lectura datos climáticos NASA
2025-05-31 16:57:58,772 [INFO] Datos JSON preparados para envío
2025-05-31 16:57:59,825 [INFO] Lectura BMP390
2025-05-31 16:58:00,006 [INFO] Lectura LTR390
2025-05-31 16:58:00,012 [INFO] Lectura desde ESP32-S3 por serial
2025-05-31 16:58:03,863 [INFO] Lectura datos climáticos NASA
2025-05-31 16:58:03,866 [INFO] Datos JSON preparados para envío
2025-05-31 16:58:04,919 [INFO] Lectura BMP390
2025-05-31 16:58:05,105 [INFO] Lectura LTR390
2025-05-31 16:58:05,113 [INFO] Lectura desde ESP32-S3 por serial
2025-05-31 16:58:09,315 [INFO] Lectura datos climáticos NASA
2025-05-31 16:58:09,318 [INFO] Datos JSON preparados para envío
2025-05-31 16:58:10,369 [INFO] Lectura BMP390
2025-05-31 16:58:10,548 [INFO] Lectura LTR390
2025-05-31 16:58:10,554 [INFO] Lectura desde ESP32-S3 por serial
2025-05-31 16:58:15,548 [INFO] Lectura datos climáticos NASA
2025-05-31 16:58:15,552 [INFO] Datos JSON preparados para envío
2025-05-31 16:58:16,604 [INFO] Lectura BMP390
2025-05-31 16:58:16,784 [INFO] Lectura LTR390
2025-05-31 16:58:16,790 [INFO] Lectura desde ESP32-S3 por serial
2025-05-31 16:58:21,381 [INFO] Lectura datos climáticos NASA
2025-05-31 16:58:21,384 [INFO] Datos JSON preparados para envío
2025-05-31 16:58:22,435 [INFO] Lectura BMP390
2025-05-31 16:58:22,618 [INFO] Lectura LTR390
2025-05-31 16:58:22,625 [INFO] Lectura desde ESP32-S3 por serial
2025-05-31 16:58:26,602 [INFO] Lectura datos climáticos NASA
2025-05-31 16:58:26,608 [INFO] Datos JSON preparados para envío
2025-05-31 16:58:27,661 [INFO] Lectura BMP390
2025-05-31 16:58:27,840 [INFO] Lectura LTR390
2025-05-31 16:58:27,846 [INFO] Lectura desde ESP32-S3 por serial
2025-05-31 16:58:32,544 [INFO] Lectura datos climáticos NASA
2025-05-31 16:58:32,547 [INFO] Datos JSON preparados para envío
2025-05-31 16:58:33,600 [INFO] Lectura BMP390
2025-05-31 16:58:33,779 [INFO] Lectura LTR390
2025-05-31 16:58:33,785 [INFO] Lectura desde ESP32-S3 por serial
2025-05-31 16:58:37,839 [INFO] Lectura datos climáticos NASA
2025-05-31 16:58:37,842 [INFO] Datos JSON preparados para envío
2025-05-31 16:58:38,894 [INFO] Lectura BMP390
2025-05-31 16:58:39,075 [INFO] Lectura LTR390
2025-05-31 16:58:39,081 [INFO] Lectura desde ESP32-S3 por serial
2025-05-31 16:58:42,547 [INFO] Lectura datos climáticos NASA
2025-05-31 16:58:42,549 [INFO] Datos JSON preparados para envío
2025-05-31 16:58:43,599 [INFO] Lectura BMP390
2025-05-31 16:58:43,778 [INFO] Lectura LTR390
2025-05-31 16:58:43,784 [INFO] Lectura desde ESP32-S3 por serial
2025-05-31 16:58:48,111 [INFO] Lectura datos climáticos NASA
2025-05-31 16:58:48,116 [INFO] Datos JSON preparados para envío
2025-05-31 16:58:49,169 [INFO] Lectura BMP390
2025-05-31 16:58:49,351 [INFO] Lectura LTR390
2025-05-31 16:58:49,356 [INFO] Lectura desde ESP32-S3 por serial
2025-05-31 16:58:52,694 [INFO] Lectura datos climáticos NASA
2025-05-31 16:58:52,697 [INFO] Datos JSON preparados para envío
2025-05-31 16:58:53,749 [INFO] Lectura BMP390
2025-05-31 16:58:53,927 [INFO] Lectura LTR390
2025-05-31 16:58:53,930 [INFO] Lectura desde ESP32-S3 por serial
2025-05-31 16:58:57,709 [INFO] Lectura datos climáticos NASA
2025-05-31 16:58:57,712 [INFO] Datos JSON preparados para envío
2025-05-31 16:58:58,765 [INFO] Lectura BMP390
2025-05-31 16:58:58,946 [INFO] Lectura LTR390
2025-05-31 16:58:58,951 [INFO] Lectura desde ESP32-S3 por serial
2025-05-31 16:59:02,429 [INFO] Lectura datos climáticos NASA
2025-05-31 16:59:02,432 [INFO] Datos JSON preparados para envío
2025-05-31 16:59:03,490 [INFO] Lectura BMP390
2025-05-31 16:59:03,669 [INFO] Lectura LTR390
2025-05-31 16:59:03,675 [INFO] Lectura desde ESP32-S3 por serial
2025-05-31 16:59:07,119 [INFO] Lectura datos climáticos NASA
2025-05-31 16:59:07,121 [INFO] Datos JSON preparados para envío
2025-05-31 16:59:08,174 [INFO] Lectura BMP390
2025-05-31 16:59:08,357 [INFO] Lectura LTR390
2025-05-31 16:59:08,363 [INFO] Lectura desde ESP32-S3 por serial
2025-05-31 16:59:11,932 [INFO] Lectura datos climáticos NASA
2025-05-31 16:59:11,935 [INFO] Datos JSON preparados para envío
2025-05-31 16:59:12,986 [INFO] Lectura BMP390
2025-05-31 16:59:13,168 [INFO] Lectura LTR390
2025-05-31 16:59:13,175 [INFO] Lectura desde ESP32-S3 por serial
2025-05-31 16:59:16,742 [INFO] Lectura datos climáticos NASA
2025-05-31 16:59:16,745 [INFO] Datos JSON preparados para envío
2025-05-31 16:59:17,795 [INFO] Lectura BMP390
2025-05-31 16:59:17,972 [INFO] Lectura LTR390
2025-05-31 16:59:17,975 [INFO] Lectura desde ESP32-S3 por serial
2025-05-31 16:59:21,553 [INFO] Lectura datos climáticos NASA
2025-05-31 16:59:21,556 [INFO] Datos JSON preparados para envío
2025-05-31 16:59:22,609 [INFO] Lectura BMP390
2025-05-31 16:59:22,790 [INFO] Lectura LTR390
2025-05-31 16:59:22,797 [INFO] Lectura desde ESP32-S3 por serial
2025-05-31 16:59:26,975 [INFO] Lectura datos climáticos NASA
2025-05-31 16:59:26,978 [INFO] Datos JSON preparados para envío
2025-05-31 16:59:28,036 [INFO] Lectura BMP390
2025-05-31 16:59:28,216 [INFO] Lectura LTR390
2025-05-31 16:59:28,222 [INFO] Lectura desde ESP32-S3 por serial
2025-05-31 16:59:31,990 [INFO] Lectura datos climáticos NASA
2025-05-31 16:59:31,993 [INFO] Datos JSON preparados para envío
2025-05-31 16:59:33,045 [INFO] Lectura BMP390
2025-05-31 16:59:33,228 [INFO] Lectura LTR390
2025-05-31 16:59:33,233 [INFO] Lectura desde ESP32-S3 por serial
2025-05-31 16:59:37,014 [INFO] Lectura datos climáticos NASA
2025-05-31 16:59:37,017 [INFO] Datos JSON preparados para envío
2025-05-31 16:59:38,072 [INFO] Lectura BMP390
2025-05-31 16:59:38,256 [INFO] Lectura LTR390
2025-05-31 16:59:38,262 [INFO] Lectura desde ESP32-S3 por serial
2025-05-31 16:59:41,915 [INFO] Lectura datos climáticos NASA
2025-05-31 16:59:41,918 [INFO] Datos JSON preparados para envío
2025-05-31 16:59:42,971 [INFO] Lectura BMP390
2025-05-31 16:59:43,152 [INFO] Lectura LTR390
2025-05-31 16:59:43,158 [INFO] Lectura desde ESP32-S3 por serial
2025-05-31 16:59:46,314 [INFO] Lectura datos climáticos NASA
2025-05-31 16:59:46,317 [INFO] Datos JSON preparados para envío
2025-05-31 16:59:47,368 [INFO] Lectura BMP390
2025-05-31 16:59:47,554 [INFO] Lectura LTR390
2025-05-31 16:59:47,559 [INFO] Lectura desde ESP32-S3 por serial
2025-05-31 16:59:51,123 [INFO] Lectura datos climáticos NASA
2025-05-31 16:59:51,125 [INFO] Datos JSON preparados para envío
2025-05-31 16:59:52,179 [INFO] Lectura BMP390
2025-05-31 16:59:52,359 [INFO] Lectura LTR390
2025-05-31 16:59:52,364 [INFO] Lectura desde ESP32-S3 por serial
2025-05-31 16:59:56,856 [INFO] Lectura datos climáticos NASA
2025-05-31 16:59:56,859 [INFO] Datos JSON preparados para envío
2025-05-31 16:59:57,910 [INFO] Lectura BMP390
2025-05-31 16:59:58,091 [INFO] Lectura LTR390
2025-05-31 16:59:58,098 [INFO] Lectura desde ESP32-S3 por serial
2025-05-31 17:00:02,072 [INFO] Lectura datos climáticos NASA
2025-05-31 17:00:02,073 [INFO] Datos JSON preparados para envío
2025-05-31 17:00:03,129 [INFO] Lectura BMP390
2025-05-31 17:00:03,312 [INFO] Lectura LTR390
2025-05-31 17:00:03,318 [INFO] Lectura desde ESP32-S3 por serial
2025-05-31 17:00:08,624 [INFO] Lectura datos climáticos NASA
2025-05-31 17:00:08,627 [INFO] Datos JSON preparados para envío
2025-05-31 17:00:09,680 [INFO] Lectura BMP390
2025-05-31 17:00:09,864 [INFO] Lectura LTR390
2025-05-31 17:00:09,870 [INFO] Lectura desde ESP32-S3 por serial
2025-05-31 17:00:13,637 [INFO] Lectura datos climáticos NASA
2025-05-31 17:00:13,640 [INFO] Datos JSON preparados para envío
2025-05-31 17:00:14,694 [INFO] Lectura BMP390
2025-05-31 17:00:14,874 [INFO] Lectura LTR390
2025-05-31 17:00:14,880 [INFO] Lectura desde ESP32-S3 por serial
2025-05-31 17:00:18,653 [INFO] Lectura datos climáticos NASA
2025-05-31 17:00:18,656 [INFO] Datos JSON preparados para envío
2025-05-31 17:00:19,710 [INFO] Lectura BMP390
2025-05-31 17:00:19,889 [INFO] Lectura LTR390
2025-05-31 17:00:19,896 [INFO] Lectura desde ESP32-S3 por serial
2025-05-31 17:00:23,563 [INFO] Lectura datos climáticos NASA
2025-05-31 17:00:23,565 [INFO] Datos JSON preparados para envío
2025-05-31 17:00:24,618 [INFO] Lectura BMP390
2025-05-31 17:00:24,800 [INFO] Lectura LTR390
2025-05-31 17:00:24,806 [INFO] Lectura desde ESP32-S3 por serial
2025-05-31 17:00:28,993 [INFO] Lectura datos climáticos NASA
2025-05-31 17:00:28,996 [INFO] Datos JSON preparados para envío
2025-05-31 17:00:30,050 [INFO] Lectura BMP390
2025-05-31 17:00:30,230 [INFO] Lectura LTR390
2025-05-31 17:00:30,235 [INFO] Lectura desde ESP32-S3 por serial
2025-05-31 17:00:34,616 [INFO] Lectura datos climáticos NASA
2025-05-31 17:00:34,617 [INFO] Datos JSON preparados para envío
2025-05-31 17:00:35,670 [INFO] Lectura BMP390
2025-05-31 17:00:35,851 [INFO] Lectura LTR390
2025-05-31 17:00:35,857 [INFO] Lectura desde ESP32-S3 por serial
2025-05-31 17:00:40,858 [INFO] Lectura datos climáticos NASA
2025-05-31 17:00:40,861 [INFO] Datos JSON preparados para envío
2025-05-31 17:00:41,914 [INFO] Lectura BMP390
2025-05-31 17:00:42,099 [INFO] Lectura LTR390
2025-05-31 17:00:42,105 [INFO] Lectura desde ESP32-S3 por serial
2025-05-31 17:00:46,075 [INFO] Lectura datos climáticos NASA
2025-05-31 17:00:46,077 [INFO] Datos JSON preparados para envío
2025-05-31 17:00:47,130 [INFO] Lectura BMP390
2025-05-31 17:00:47,316 [INFO] Lectura LTR390
2025-05-31 17:00:47,321 [INFO] Lectura desde ESP32-S3 por serial
2025-05-31 17:00:51,091 [INFO] Lectura datos climáticos NASA
2025-05-31 17:00:51,094 [INFO] Datos JSON preparados para envío
2025-05-31 17:00:52,149 [INFO] Lectura BMP390
2025-05-31 17:00:52,331 [INFO] Lectura LTR390
2025-05-31 17:00:52,336 [INFO] Lectura desde ESP32-S3 por serial
2025-05-31 17:00:56,106 [INFO] Lectura datos climáticos NASA
2025-05-31 17:00:56,109 [INFO] Datos JSON preparados para envío
2025-05-31 17:00:57,163 [INFO] Lectura BMP390
2025-05-31 17:00:57,343 [INFO] Lectura LTR390
2025-05-31 17:00:57,348 [INFO] Lectura desde ESP32-S3 por serial
2025-05-31 17:01:01,530 [INFO] Lectura datos climáticos NASA
2025-05-31 17:01:01,532 [INFO] Datos JSON preparados para envío
2025-05-31 17:01:02,585 [INFO] Lectura BMP390
2025-05-31 17:01:02,767 [INFO] Lectura LTR390
2025-05-31 17:01:02,773 [INFO] Lectura desde ESP32-S3 por serial
2025-05-31 17:01:07,261 [INFO] Lectura datos climáticos NASA
2025-05-31 17:01:07,264 [INFO] Datos JSON preparados para envío
2025-05-31 17:01:08,317 [INFO] Lectura BMP390
2025-05-31 17:01:08,497 [INFO] Lectura LTR390
2025-05-31 17:01:08,503 [INFO] Lectura desde ESP32-S3 por serial
2025-05-31 17:01:11,970 [INFO] Lectura datos climáticos NASA
2025-05-31 17:01:11,973 [INFO] Datos JSON preparados para envío
2025-05-31 17:01:13,028 [INFO] Lectura BMP390
2025-05-31 17:01:13,210 [INFO] Lectura LTR390
2025-05-31 17:01:13,215 [INFO] Lectura desde ESP32-S3 por serial
2025-05-31 17:01:16,880 [INFO] Lectura datos climáticos NASA
2025-05-31 17:01:16,882 [INFO] Datos JSON preparados para envío
2025-05-31 17:01:17,942 [INFO] Lectura BMP390
2025-05-31 17:01:18,118 [INFO] Lectura LTR390
2025-05-31 17:01:18,122 [INFO] Lectura desde ESP32-S3 por serial
2025-05-31 17:01:21,381 [INFO] Lectura datos climáticos NASA
2025-05-31 17:01:21,383 [INFO] Datos JSON preparados para envío
2025-05-31 17:01:22,435 [INFO] Lectura BMP390
2025-05-31 17:01:22,614 [INFO] Lectura LTR390
2025-05-31 17:01:22,620 [INFO] Lectura desde ESP32-S3 por serial
2025-05-31 17:01:26,296 [INFO] Lectura datos climáticos NASA
2025-05-31 17:01:26,298 [INFO] Datos JSON preparados para envío
2025-05-31 17:01:27,351 [INFO] Lectura BMP390
2025-05-31 17:01:27,529 [INFO] Lectura LTR390
2025-05-31 17:01:27,536 [INFO] Lectura desde ESP32-S3 por serial
2025-05-31 17:01:30,696 [INFO] Lectura datos climáticos NASA
2025-05-31 17:01:30,699 [INFO] Datos JSON preparados para envío
2025-05-31 17:01:31,750 [INFO] Lectura BMP390
2025-05-31 17:01:31,932 [INFO] Lectura LTR390
2025-05-31 17:01:31,938 [INFO] Lectura desde ESP32-S3 por serial
2025-05-31 17:01:35,506 [INFO] Lectura datos climáticos NASA
2025-05-31 17:01:35,509 [INFO] Datos JSON preparados para envío
2025-05-31 17:01:36,561 [INFO] Lectura BMP390
2025-05-31 17:01:36,748 [INFO] Lectura LTR390
2025-05-31 17:01:36,754 [INFO] Lectura desde ESP32-S3 por serial
2025-05-31 17:01:39,603 [INFO] Lectura datos climáticos NASA
2025-05-31 17:01:39,606 [INFO] Datos JSON preparados para envío
2025-05-31 17:01:40,659 [INFO] Lectura BMP390
2025-05-31 17:01:40,840 [INFO] Lectura LTR390
2025-05-31 17:01:40,846 [INFO] Lectura desde ESP32-S3 por serial
2025-05-31 17:01:44,512 [INFO] Lectura datos climáticos NASA
2025-05-31 17:01:44,513 [INFO] Datos JSON preparados para envío
2025-05-31 17:01:45,566 [INFO] Lectura BMP390
2025-05-31 17:01:45,746 [INFO] Lectura LTR390
2025-05-31 17:01:45,753 [INFO] Lectura desde ESP32-S3 por serial
2025-05-31 17:01:49,828 [INFO] Lectura datos climáticos NASA
2025-05-31 17:01:49,830 [INFO] Datos JSON preparados para envío
2025-05-31 17:01:50,888 [INFO] Lectura BMP390
2025-05-31 17:01:51,068 [INFO] Lectura LTR390
2025-05-31 17:01:51,074 [INFO] Lectura desde ESP32-S3 por serial
2025-05-31 17:01:54,435 [INFO] Lectura datos climáticos NASA
2025-05-31 17:01:54,438 [INFO] Datos JSON preparados para envío
2025-05-31 17:01:55,490 [INFO] Lectura BMP390
2025-05-31 17:01:55,670 [INFO] Lectura LTR390
2025-05-31 17:01:55,675 [INFO] Lectura desde ESP32-S3 por serial
2025-05-31 17:01:59,448 [INFO] Lectura datos climáticos NASA
2025-05-31 17:01:59,450 [INFO] Datos JSON preparados para envío
2025-05-31 17:02:00,508 [INFO] Lectura BMP390
2025-05-31 17:02:00,687 [INFO] Lectura LTR390
2025-05-31 17:02:00,694 [INFO] Lectura desde ESP32-S3 por serial
2025-05-31 17:02:04,777 [INFO] Lectura datos climáticos NASA
2025-05-31 17:02:04,780 [INFO] Datos JSON preparados para envío
2025-05-31 17:02:05,834 [INFO] Lectura BMP390
2025-05-31 17:02:06,017 [INFO] Lectura LTR390
2025-05-31 17:02:06,024 [INFO] Lectura desde ESP32-S3 por serial
2025-05-31 17:02:09,374 [INFO] Lectura datos climáticos NASA
2025-05-31 17:02:09,376 [INFO] Datos JSON preparados para envío
2025-05-31 17:02:10,430 [INFO] Lectura BMP390
2025-05-31 17:02:10,615 [INFO] Lectura LTR390
2025-05-31 17:02:10,618 [INFO] Lectura desde ESP32-S3 por serial
2025-05-31 17:02:14,902 [INFO] Lectura datos climáticos NASA
2025-05-31 17:02:14,908 [INFO] Datos JSON preparados para envío
2025-05-31 17:02:15,962 [INFO] Lectura BMP390
2025-05-31 17:02:16,145 [INFO] Lectura LTR390
2025-05-31 17:02:16,150 [INFO] Lectura desde ESP32-S3 por serial
2025-05-31 17:02:19,711 [INFO] Lectura datos climáticos NASA
2025-05-31 17:02:19,714 [INFO] Datos JSON preparados para envío
2025-05-31 17:02:20,767 [INFO] Lectura BMP390
2025-05-31 17:02:20,948 [INFO] Lectura LTR390
2025-05-31 17:02:20,954 [INFO] Lectura desde ESP32-S3 por serial
2025-05-31 17:02:25,135 [INFO] Lectura datos climáticos NASA
2025-05-31 17:02:25,138 [INFO] Datos JSON preparados para envío
2025-05-31 17:02:26,190 [INFO] Lectura BMP390
2025-05-31 17:02:26,375 [INFO] Lectura LTR390
2025-05-31 17:02:26,380 [INFO] Lectura desde ESP32-S3 por serial
2025-05-31 17:02:29,944 [INFO] Lectura datos climáticos NASA
2025-05-31 17:02:29,947 [INFO] Datos JSON preparados para envío
2025-05-31 17:02:31,003 [INFO] Lectura BMP390
2025-05-31 17:02:31,183 [INFO] Lectura LTR390
2025-05-31 17:02:31,189 [INFO] Lectura desde ESP32-S3 por serial
2025-05-31 17:02:35,367 [INFO] Lectura datos climáticos NASA
2025-05-31 17:02:35,369 [INFO] Datos JSON preparados para envío
2025-05-31 17:02:36,425 [INFO] Lectura BMP390
2025-05-31 17:02:36,605 [INFO] Lectura LTR390
2025-05-31 17:02:36,612 [INFO] Lectura desde ESP32-S3 por serial
2025-05-31 17:02:40,382 [INFO] Lectura datos climáticos NASA
2025-05-31 17:02:40,385 [INFO] Datos JSON preparados para envío
2025-05-31 17:02:41,437 [INFO] Lectura BMP390
2025-05-31 17:02:41,617 [INFO] Lectura LTR390
2025-05-31 17:02:41,623 [INFO] Lectura desde ESP32-S3 por serial
2025-05-31 17:02:45,498 [INFO] Lectura datos climáticos NASA
2025-05-31 17:02:45,502 [INFO] Datos JSON preparados para envío
2025-05-31 17:02:46,554 [INFO] Lectura BMP390
2025-05-31 17:02:46,736 [INFO] Lectura LTR390
2025-05-31 17:02:46,742 [INFO] Lectura desde ESP32-S3 por serial
2025-05-31 17:02:51,639 [INFO] Lectura datos climáticos NASA
2025-05-31 17:02:51,642 [INFO] Datos JSON preparados para envío
2025-05-31 17:02:52,695 [INFO] Lectura BMP390
2025-05-31 17:02:52,875 [INFO] Lectura LTR390
2025-05-31 17:02:52,881 [INFO] Lectura desde ESP32-S3 por serial
2025-05-31 17:02:56,653 [INFO] Lectura datos climáticos NASA
2025-05-31 17:02:56,656 [INFO] Datos JSON preparados para envío
2025-05-31 17:02:57,708 [INFO] Lectura BMP390
2025-05-31 17:02:57,891 [INFO] Lectura LTR390
2025-05-31 17:02:57,897 [INFO] Lectura desde ESP32-S3 por serial
2025-05-31 17:03:01,155 [INFO] Lectura datos climáticos NASA
2025-05-31 17:03:01,158 [INFO] Datos JSON preparados para envío
2025-05-31 17:03:02,211 [INFO] Lectura BMP390
2025-05-31 17:03:02,394 [INFO] Lectura LTR390
2025-05-31 17:03:02,399 [INFO] Lectura desde ESP32-S3 por serial
2025-05-31 17:03:06,273 [INFO] Lectura datos climáticos NASA
2025-05-31 17:03:06,275 [INFO] Datos JSON preparados para envío
2025-05-31 17:03:07,329 [INFO] Lectura BMP390
2025-05-31 17:03:07,509 [INFO] Lectura LTR390
2025-05-31 17:03:07,515 [INFO] Lectura desde ESP32-S3 por serial
2025-05-31 17:03:11,285 [INFO] Lectura datos climáticos NASA
2025-05-31 17:03:11,287 [INFO] Datos JSON preparados para envío
2025-05-31 17:03:12,341 [INFO] Lectura BMP390
2025-05-31 17:03:12,521 [INFO] Lectura LTR390
2025-05-31 17:03:12,527 [INFO] Lectura desde ESP32-S3 por serial
2025-05-31 17:03:15,996 [INFO] Lectura datos climáticos NASA
2025-05-31 17:03:15,998 [INFO] Datos JSON preparados para envío
2025-05-31 17:03:17,055 [INFO] Lectura BMP390
2025-05-31 17:03:17,235 [INFO] Lectura LTR390
2025-05-31 17:03:17,240 [INFO] Lectura desde ESP32-S3 por serial
2025-05-31 17:03:20,701 [INFO] Lectura datos climáticos NASA
2025-05-31 17:03:20,706 [INFO] Datos JSON preparados para envío
2025-05-31 17:03:21,759 [INFO] Lectura BMP390
2025-05-31 17:03:21,938 [INFO] Lectura LTR390
2025-05-31 17:03:21,944 [INFO] Lectura desde ESP32-S3 por serial
2025-05-31 17:03:26,020 [INFO] Lectura datos climáticos NASA
2025-05-31 17:03:26,021 [INFO] Datos JSON preparados para envío
2025-05-31 17:03:27,078 [INFO] Lectura BMP390
2025-05-31 17:03:27,262 [INFO] Lectura LTR390
2025-05-31 17:03:27,267 [INFO] Lectura desde ESP32-S3 por serial
2025-05-31 17:03:31,240 [INFO] Lectura datos climáticos NASA
2025-05-31 17:03:31,243 [INFO] Datos JSON preparados para envío
2025-05-31 17:03:32,299 [INFO] Lectura BMP390
2025-05-31 17:03:32,479 [INFO] Lectura LTR390
2025-05-31 17:03:32,485 [INFO] Lectura desde ESP32-S3 por serial
2025-05-31 17:03:36,364 [INFO] Lectura datos climáticos NASA
2025-05-31 17:03:36,367 [INFO] Datos JSON preparados para envío
2025-05-31 17:03:37,420 [INFO] Lectura BMP390
2025-05-31 17:03:37,600 [INFO] Lectura LTR390
2025-05-31 17:03:37,606 [INFO] Lectura desde ESP32-S3 por serial
2025-05-31 17:03:41,268 [INFO] Lectura datos climáticos NASA
2025-05-31 17:03:41,270 [INFO] Datos JSON preparados para envío
2025-05-31 17:03:42,322 [INFO] Lectura BMP390
2025-05-31 17:03:42,504 [INFO] Lectura LTR390
2025-05-31 17:03:42,510 [INFO] Lectura desde ESP32-S3 por serial
2025-05-31 17:03:46,283 [INFO] Lectura datos climáticos NASA
2025-05-31 17:03:46,285 [INFO] Datos JSON preparados para envío
2025-05-31 17:03:47,336 [INFO] Lectura BMP390
2025-05-31 17:03:47,519 [INFO] Lectura LTR390
2025-05-31 17:03:47,525 [INFO] Lectura desde ESP32-S3 por serial
2025-05-31 17:03:50,783 [INFO] Lectura datos climáticos NASA
2025-05-31 17:03:50,785 [INFO] Datos JSON preparados para envío
2025-05-31 17:03:51,836 [INFO] Lectura BMP390
2025-05-31 17:03:52,017 [INFO] Lectura LTR390
2025-05-31 17:03:52,023 [INFO] Lectura desde ESP32-S3 por serial
2025-05-31 17:03:55,596 [INFO] Lectura datos climáticos NASA
2025-05-31 17:03:55,599 [INFO] Datos JSON preparados para envío
2025-05-31 17:03:56,652 [INFO] Lectura BMP390
2025-05-31 17:03:56,835 [INFO] Lectura LTR390
2025-05-31 17:03:56,841 [INFO] Lectura desde ESP32-S3 por serial
2025-05-31 17:04:00,718 [INFO] Lectura datos climáticos NASA
2025-05-31 17:04:00,726 [INFO] Datos JSON preparados para envío
2025-05-31 17:04:01,784 [INFO] Lectura BMP390
2025-05-31 17:04:01,965 [INFO] Lectura LTR390
2025-05-31 17:04:01,971 [INFO] Lectura desde ESP32-S3 por serial
2025-05-31 17:04:06,855 [INFO] Lectura datos climáticos NASA
2025-05-31 17:04:06,858 [INFO] Datos JSON preparados para envío
2025-05-31 17:04:07,911 [INFO] Lectura BMP390
2025-05-31 17:04:08,092 [INFO] Lectura LTR390
2025-05-31 17:04:08,098 [INFO] Lectura desde ESP32-S3 por serial
2025-05-31 17:04:11,463 [INFO] Lectura datos climáticos NASA
2025-05-31 17:04:11,467 [INFO] Datos JSON preparados para envío
2025-05-31 17:04:12,519 [INFO] Lectura BMP390
2025-05-31 17:04:12,703 [INFO] Lectura LTR390
2025-05-31 17:04:12,710 [INFO] Lectura desde ESP32-S3 por serial
2025-05-31 17:04:16,574 [INFO] Lectura datos climáticos NASA
2025-05-31 17:04:16,577 [INFO] Datos JSON preparados para envío
2025-05-31 17:04:17,628 [INFO] Lectura BMP390
2025-05-31 17:04:17,810 [INFO] Lectura LTR390
2025-05-31 17:04:17,817 [INFO] Lectura desde ESP32-S3 por serial
2025-05-31 17:04:21,693 [INFO] Lectura datos climáticos NASA
2025-05-31 17:04:21,698 [INFO] Datos JSON preparados para envío
2025-05-31 17:04:22,751 [INFO] Lectura BMP390
2025-05-31 17:04:22,932 [INFO] Lectura LTR390
2025-05-31 17:04:22,938 [INFO] Lectura desde ESP32-S3 por serial
2025-05-31 17:04:26,194 [INFO] Lectura datos climáticos NASA
2025-05-31 17:04:26,199 [INFO] Datos JSON preparados para envío
2025-05-31 17:04:27,253 [INFO] Lectura BMP390
2025-05-31 17:04:27,431 [INFO] Lectura LTR390
2025-05-31 17:04:27,437 [INFO] Lectura desde ESP32-S3 por serial
2025-05-31 17:04:32,436 [INFO] Lectura datos climáticos NASA
2025-05-31 17:04:32,439 [INFO] Datos JSON preparados para envío
2025-05-31 17:04:33,494 [INFO] Lectura BMP390
2025-05-31 17:04:33,675 [INFO] Lectura LTR390
2025-05-31 17:04:33,681 [INFO] Lectura desde ESP32-S3 por serial
2025-05-31 17:04:38,310 [INFO] Lectura datos climáticos NASA
2025-05-31 17:04:38,313 [INFO] Datos JSON preparados para envío
2025-05-31 17:04:39,369 [INFO] Lectura BMP390
2025-05-31 17:04:39,549 [INFO] Lectura LTR390
2025-05-31 17:04:39,556 [INFO] Lectura desde ESP32-S3 por serial
2025-05-31 17:04:43,445 [INFO] Lectura datos climáticos NASA
2025-05-31 17:04:43,449 [INFO] Datos JSON preparados para envío
2025-05-31 17:04:44,502 [INFO] Lectura BMP390
2025-05-31 17:04:44,686 [INFO] Lectura LTR390
2025-05-31 17:04:44,693 [INFO] Lectura desde ESP32-S3 por serial
2025-05-31 17:04:48,571 [INFO] Lectura datos climáticos NASA
2025-05-31 17:04:48,578 [INFO] Datos JSON preparados para envío
2025-05-31 17:04:49,631 [INFO] Lectura BMP390
2025-05-31 17:04:49,811 [INFO] Lectura LTR390
2025-05-31 17:04:49,817 [INFO] Lectura desde ESP32-S3 por serial
2025-05-31 17:04:53,824 [INFO] Lectura datos climáticos NASA
2025-05-31 17:04:53,832 [INFO] Datos JSON preparados para envío
2025-05-31 17:04:54,884 [INFO] Lectura BMP390
2025-05-31 17:04:55,064 [INFO] Lectura LTR390
2025-05-31 17:04:55,070 [INFO] Lectura desde ESP32-S3 por serial
2025-05-31 17:04:59,555 [INFO] Lectura datos climáticos NASA
2025-05-31 17:04:59,558 [INFO] Datos JSON preparados para envío
2025-05-31 17:05:00,611 [INFO] Lectura BMP390
2025-05-31 17:05:00,793 [INFO] Lectura LTR390
2025-05-31 17:05:00,799 [INFO] Lectura desde ESP32-S3 por serial
2025-05-31 17:05:04,360 [INFO] Lectura datos climáticos NASA
2025-05-31 17:05:04,362 [INFO] Datos JSON preparados para envío
2025-05-31 17:05:05,412 [INFO] Lectura BMP390
2025-05-31 17:05:05,592 [INFO] Lectura LTR390
2025-05-31 17:05:05,599 [INFO] Lectura desde ESP32-S3 por serial
2025-05-31 17:05:08,867 [INFO] Lectura datos climáticos NASA
2025-05-31 17:05:08,870 [INFO] Datos JSON preparados para envío
2025-05-31 17:05:09,926 [INFO] Lectura BMP390
2025-05-31 17:05:10,107 [INFO] Lectura LTR390
2025-05-31 17:05:10,115 [INFO] Lectura desde ESP32-S3 por serial
2025-05-31 17:05:13,676 [INFO] Lectura datos climáticos NASA
2025-05-31 17:05:13,679 [INFO] Datos JSON preparados para envío
2025-05-31 17:05:14,739 [INFO] Lectura BMP390
2025-05-31 17:05:14,922 [INFO] Lectura LTR390
2025-05-31 17:05:14,926 [INFO] Lectura desde ESP32-S3 por serial
2025-05-31 17:05:18,587 [INFO] Lectura datos climáticos NASA
2025-05-31 17:05:18,591 [INFO] Datos JSON preparados para envío
2025-05-31 17:05:19,644 [INFO] Lectura BMP390
2025-05-31 17:05:19,825 [INFO] Lectura LTR390
2025-05-31 17:05:19,832 [INFO] Lectura desde ESP32-S3 por serial
2025-05-31 17:05:23,293 [INFO] Lectura datos climáticos NASA
2025-05-31 17:05:23,296 [INFO] Datos JSON preparados para envío
2025-05-31 17:05:24,347 [INFO] Lectura BMP390
2025-05-31 17:05:24,534 [INFO] Lectura LTR390
2025-05-31 17:05:24,540 [INFO] Lectura desde ESP32-S3 por serial
2025-05-31 17:05:27,490 [INFO] Lectura datos climáticos NASA
2025-05-31 17:05:27,493 [INFO] Datos JSON preparados para envío
2025-05-31 17:05:28,546 [INFO] Lectura BMP390
2025-05-31 17:05:28,730 [INFO] Lectura LTR390
2025-05-31 17:05:28,736 [INFO] Lectura desde ESP32-S3 por serial
2025-05-31 17:05:32,095 [INFO] Lectura datos climáticos NASA
2025-05-31 17:05:32,100 [INFO] Datos JSON preparados para envío
2025-05-31 17:05:33,153 [INFO] Lectura BMP390
2025-05-31 17:05:33,336 [INFO] Lectura LTR390
2025-05-31 17:05:33,343 [INFO] Lectura desde ESP32-S3 por serial
2025-05-31 17:05:37,727 [INFO] Lectura datos climáticos NASA
2025-05-31 17:05:37,730 [INFO] Datos JSON preparados para envío
2025-05-31 17:05:38,781 [INFO] Lectura BMP390
2025-05-31 17:05:38,961 [INFO] Lectura LTR390
2025-05-31 17:05:38,970 [INFO] Lectura desde ESP32-S3 por serial
2025-05-31 17:05:42,329 [INFO] Lectura datos climáticos NASA
2025-05-31 17:05:42,331 [INFO] Datos JSON preparados para envío
2025-05-31 17:05:43,385 [INFO] Lectura BMP390
2025-05-31 17:05:43,567 [INFO] Lectura LTR390
2025-05-31 17:05:43,574 [INFO] Lectura desde ESP32-S3 por serial
2025-05-31 17:05:47,891 [INFO] Lectura datos climáticos NASA
2025-05-31 17:05:47,892 [INFO] Datos JSON preparados para envío
2025-05-31 17:05:48,945 [INFO] Lectura BMP390
2025-05-31 17:05:49,128 [INFO] Lectura LTR390
2025-05-31 17:05:49,136 [INFO] Lectura desde ESP32-S3 por serial
2025-05-31 17:05:52,666 [INFO] Lectura datos climáticos NASA
2025-05-31 17:05:52,669 [INFO] Datos JSON preparados para envío
2025-05-31 17:05:53,722 [INFO] Lectura BMP390
2025-05-31 17:05:53,903 [INFO] Lectura LTR390
2025-05-31 17:05:53,909 [INFO] Lectura desde ESP32-S3 por serial
2025-05-31 17:05:57,473 [INFO] Lectura datos climáticos NASA
2025-05-31 17:05:57,475 [INFO] Datos JSON preparados para envío
2025-05-31 17:05:58,526 [INFO] Lectura BMP390
2025-05-31 17:05:58,702 [INFO] Lectura LTR390
2025-05-31 17:05:58,705 [INFO] Lectura desde ESP32-S3 por serial
2025-05-31 17:06:02,079 [INFO] Lectura datos climáticos NASA
2025-05-31 17:06:02,082 [INFO] Datos JSON preparados para envío
2025-05-31 17:06:03,134 [INFO] Lectura BMP390
2025-05-31 17:06:03,317 [INFO] Lectura LTR390
2025-05-31 17:06:03,324 [INFO] Lectura desde ESP32-S3 por serial
2025-05-31 17:06:07,197 [INFO] Lectura datos climáticos NASA
2025-05-31 17:06:07,201 [INFO] Datos JSON preparados para envío
2025-05-31 17:06:08,257 [INFO] Lectura BMP390
2025-05-31 17:06:08,435 [INFO] Lectura LTR390
2025-05-31 17:06:08,442 [INFO] Lectura desde ESP32-S3 por serial
2025-05-31 17:06:11,698 [INFO] Lectura datos climáticos NASA
2025-05-31 17:06:11,701 [INFO] Datos JSON preparados para envío
2025-05-31 17:06:12,753 [INFO] Lectura BMP390
2025-05-31 17:06:12,935 [INFO] Lectura LTR390
2025-05-31 17:06:12,941 [INFO] Lectura desde ESP32-S3 por serial
2025-05-31 17:06:17,736 [INFO] Lectura datos climáticos NASA
2025-05-31 17:06:17,740 [INFO] Datos JSON preparados para envío
2025-05-31 17:06:18,793 [INFO] Lectura BMP390
2025-05-31 17:06:18,973 [INFO] Lectura LTR390
2025-05-31 17:06:18,979 [INFO] Lectura desde ESP32-S3 por serial
2025-05-31 17:06:22,239 [INFO] Lectura datos climáticos NASA
2025-05-31 17:06:22,241 [INFO] Datos JSON preparados para envío
2025-05-31 17:06:23,293 [INFO] Lectura BMP390
2025-05-31 17:06:23,472 [INFO] Lectura LTR390
2025-05-31 17:06:23,479 [INFO] Lectura desde ESP32-S3 por serial
2025-05-31 17:06:27,252 [INFO] Lectura datos climáticos NASA
2025-05-31 17:06:27,256 [INFO] Datos JSON preparados para envío
2025-05-31 17:06:28,307 [INFO] Lectura BMP390
2025-05-31 17:06:28,494 [INFO] Lectura LTR390
2025-05-31 17:06:28,500 [INFO] Lectura desde ESP32-S3 por serial
2025-05-31 17:06:32,369 [INFO] Lectura datos climáticos NASA
2025-05-31 17:06:32,371 [INFO] Datos JSON preparados para envío
2025-05-31 17:06:33,426 [INFO] Lectura BMP390
2025-05-31 17:06:33,606 [INFO] Lectura LTR390
2025-05-31 17:06:33,612 [INFO] Lectura desde ESP32-S3 por serial
2025-05-31 17:06:37,488 [INFO] Lectura datos climáticos NASA
2025-05-31 17:06:37,491 [INFO] Datos JSON preparados para envío
2025-05-31 17:06:38,545 [INFO] Lectura BMP390
2025-05-31 17:06:38,729 [INFO] Lectura LTR390
2025-05-31 17:06:38,735 [INFO] Lectura desde ESP32-S3 por serial
2025-05-31 17:06:43,425 [INFO] Lectura datos climáticos NASA
2025-05-31 17:06:43,428 [INFO] Datos JSON preparados para envío
2025-05-31 17:06:44,484 [INFO] Lectura BMP390
2025-05-31 17:06:44,663 [INFO] Lectura LTR390
2025-05-31 17:06:44,670 [INFO] Lectura desde ESP32-S3 por serial
2025-05-31 17:06:48,190 [INFO] Lectura datos climáticos NASA
2025-05-31 17:06:48,193 [INFO] Datos JSON preparados para envío
2025-05-31 17:06:49,248 [INFO] Lectura BMP390
2025-05-31 17:06:49,430 [INFO] Lectura LTR390
2025-05-31 17:06:49,435 [INFO] Lectura desde ESP32-S3 por serial
2025-05-31 17:06:53,446 [INFO] Lectura datos climáticos NASA
2025-05-31 17:06:53,448 [INFO] Datos JSON preparados para envío
2025-05-31 17:06:54,500 [INFO] Lectura BMP390
2025-05-31 17:06:54,679 [INFO] Lectura LTR390
2025-05-31 17:06:54,686 [INFO] Lectura desde ESP32-S3 por serial
2025-05-31 17:06:58,464 [INFO] Lectura datos climáticos NASA
2025-05-31 17:06:58,466 [INFO] Datos JSON preparados para envío
2025-05-31 17:06:59,523 [INFO] Lectura BMP390
2025-05-31 17:06:59,702 [INFO] Lectura LTR390
2025-05-31 17:06:59,709 [INFO] Lectura desde ESP32-S3 por serial
2025-05-31 17:07:03,482 [INFO] Lectura datos climáticos NASA
2025-05-31 17:07:03,485 [INFO] Datos JSON preparados para envío
2025-05-31 17:07:04,538 [INFO] Lectura BMP390
2025-05-31 17:07:04,719 [INFO] Lectura LTR390
2025-05-31 17:07:04,725 [INFO] Lectura desde ESP32-S3 por serial
2025-05-31 17:07:08,697 [INFO] Lectura datos climáticos NASA
2025-05-31 17:07:08,700 [INFO] Datos JSON preparados para envío
2025-05-31 17:07:09,754 [INFO] Lectura BMP390
2025-05-31 17:07:09,934 [INFO] Lectura LTR390
2025-05-31 17:07:09,941 [INFO] Lectura desde ESP32-S3 por serial
2025-05-31 17:07:13,202 [INFO] Lectura datos climáticos NASA
2025-05-31 17:07:13,205 [INFO] Datos JSON preparados para envío
2025-05-31 17:07:14,258 [INFO] Lectura BMP390
2025-05-31 17:07:14,442 [INFO] Lectura LTR390
2025-05-31 17:07:14,445 [INFO] Lectura desde ESP32-S3 por serial
2025-05-31 17:07:18,521 [INFO] Lectura datos climáticos NASA
2025-05-31 17:07:18,526 [INFO] Datos JSON preparados para envío
2025-05-31 17:07:19,579 [INFO] Lectura BMP390
2025-05-31 17:07:19,759 [INFO] Lectura LTR390
2025-05-31 17:07:19,764 [INFO] Lectura desde ESP32-S3 por serial
2025-05-31 17:07:23,227 [INFO] Lectura datos climáticos NASA
2025-05-31 17:07:23,230 [INFO] Datos JSON preparados para envío
2025-05-31 17:07:24,281 [INFO] Lectura BMP390
2025-05-31 17:07:24,460 [INFO] Lectura LTR390
2025-05-31 17:07:24,466 [INFO] Lectura desde ESP32-S3 por serial
2025-05-31 17:07:27,853 [INFO] Lectura datos climáticos NASA
2025-05-31 17:07:27,855 [INFO] Datos JSON preparados para envío
2025-05-31 17:07:28,910 [INFO] Lectura BMP390
2025-05-31 17:07:29,094 [INFO] Lectura LTR390
2025-05-31 17:07:29,100 [INFO] Lectura desde ESP32-S3 por serial
2025-05-31 17:07:32,643 [INFO] Lectura datos climáticos NASA
2025-05-31 17:07:32,646 [INFO] Datos JSON preparados para envío
2025-05-31 17:07:33,698 [INFO] Lectura BMP390
2025-05-31 17:07:33,879 [INFO] Lectura LTR390
2025-05-31 17:07:33,885 [INFO] Lectura desde ESP32-S3 por serial
2025-05-31 17:07:43,308 [INFO] Lectura datos climáticos NASA
2025-05-31 17:07:43,311 [INFO] Datos JSON preparados para envío
2025-05-31 17:07:44,363 [INFO] Lectura BMP390
2025-05-31 17:07:44,544 [INFO] Lectura LTR390
2025-05-31 17:07:44,551 [INFO] Lectura desde ESP32-S3 por serial
2025-05-31 17:07:47,994 [INFO] Lectura datos climáticos NASA
2025-05-31 17:07:47,996 [INFO] Datos JSON preparados para envío
2025-05-31 17:07:49,048 [INFO] Lectura BMP390
2025-05-31 17:07:49,231 [INFO] Lectura LTR390
2025-05-31 17:07:49,235 [INFO] Lectura desde ESP32-S3 por serial
2025-05-31 17:07:53,109 [INFO] Lectura datos climáticos NASA
2025-05-31 17:07:53,112 [INFO] Datos JSON preparados para envío
2025-05-31 17:07:54,168 [INFO] Lectura BMP390
2025-05-31 17:07:54,349 [INFO] Lectura LTR390
2025-05-31 17:07:54,355 [INFO] Lectura desde ESP32-S3 por serial
2025-05-31 17:07:58,533 [INFO] Lectura datos climáticos NASA
2025-05-31 17:07:58,536 [INFO] Datos JSON preparados para envío
2025-05-31 17:07:59,587 [INFO] Lectura BMP390
2025-05-31 17:07:59,769 [INFO] Lectura LTR390
2025-05-31 17:07:59,776 [INFO] Lectura desde ESP32-S3 por serial
2025-05-31 17:08:03,447 [INFO] Lectura datos climáticos NASA
2025-05-31 17:08:03,450 [INFO] Datos JSON preparados para envío
2025-05-31 17:08:04,504 [INFO] Lectura BMP390
2025-05-31 17:08:04,685 [INFO] Lectura LTR390
2025-05-31 17:08:04,691 [INFO] Lectura desde ESP32-S3 por serial
2025-05-31 17:08:08,766 [INFO] Lectura datos climáticos NASA
2025-05-31 17:08:08,768 [INFO] Datos JSON preparados para envío
2025-05-31 17:08:09,822 [INFO] Lectura BMP390
2025-05-31 17:08:10,003 [INFO] Lectura LTR390
2025-05-31 17:08:10,011 [INFO] Lectura desde ESP32-S3 por serial
2025-05-31 17:08:13,370 [INFO] Lectura datos climáticos NASA
2025-05-31 17:08:13,373 [INFO] Datos JSON preparados para envío
2025-05-31 17:08:14,424 [INFO] Lectura BMP390
2025-05-31 17:08:14,603 [INFO] Lectura LTR390
2025-05-31 17:08:14,609 [INFO] Lectura desde ESP32-S3 por serial
2025-05-31 17:08:18,182 [INFO] Lectura datos climáticos NASA
2025-05-31 17:08:18,185 [INFO] Datos JSON preparados para envío
2025-05-31 17:08:19,236 [INFO] Lectura BMP390
2025-05-31 17:08:19,417 [INFO] Lectura LTR390
2025-05-31 17:08:19,422 [INFO] Lectura desde ESP32-S3 por serial
2025-05-31 17:08:23,710 [INFO] Lectura datos climáticos NASA
2025-05-31 17:08:23,713 [INFO] Datos JSON preparados para envío
2025-05-31 17:08:24,765 [INFO] Lectura BMP390
2025-05-31 17:08:24,947 [INFO] Lectura LTR390
2025-05-31 17:08:24,953 [INFO] Lectura desde ESP32-S3 por serial
2025-05-31 17:08:28,314 [INFO] Lectura datos climáticos NASA
2025-05-31 17:08:28,317 [INFO] Datos JSON preparados para envío
2025-05-31 17:08:29,373 [INFO] Lectura BMP390
2025-05-31 17:08:29,550 [INFO] Lectura LTR390
2025-05-31 17:08:29,553 [INFO] Lectura desde ESP32-S3 por serial
2025-05-31 17:08:32,917 [INFO] Lectura datos climáticos NASA
2025-05-31 17:08:32,920 [INFO] Datos JSON preparados para envío
2025-05-31 17:08:33,972 [INFO] Lectura BMP390
2025-05-31 17:08:34,158 [INFO] Lectura LTR390
2025-05-31 17:08:34,164 [INFO] Lectura desde ESP32-S3 por serial
2025-05-31 17:08:37,967 [INFO] Lectura datos climáticos NASA
2025-05-31 17:08:37,970 [INFO] Datos JSON preparados para envío
2025-05-31 17:08:39,024 [INFO] Lectura BMP390
2025-05-31 17:08:39,211 [INFO] Lectura LTR390
2025-05-31 17:08:39,217 [INFO] Lectura desde ESP32-S3 por serial
2025-05-31 17:08:43,238 [INFO] Lectura datos climáticos NASA
2025-05-31 17:08:43,241 [INFO] Datos JSON preparados para envío
2025-05-31 17:08:44,295 [INFO] Lectura BMP390
2025-05-31 17:08:44,478 [INFO] Lectura LTR390
2025-05-31 17:08:44,485 [INFO] Lectura desde ESP32-S3 por serial
2025-05-31 17:08:48,731 [INFO] Lectura datos climáticos NASA
2025-05-31 17:08:48,738 [INFO] Datos JSON preparados para envío
2025-05-31 17:08:49,792 [INFO] Lectura BMP390
2025-05-31 17:08:49,972 [INFO] Lectura LTR390
2025-05-31 17:08:49,978 [INFO] Lectura desde ESP32-S3 por serial
2025-05-31 17:08:53,998 [INFO] Lectura datos climáticos NASA
2025-05-31 17:08:54,001 [INFO] Datos JSON preparados para envío
2025-05-31 17:08:55,055 [INFO] Lectura BMP390
2025-05-31 17:08:55,235 [INFO] Lectura LTR390
2025-05-31 17:08:55,240 [INFO] Lectura desde ESP32-S3 por serial
2025-05-31 17:08:59,114 [INFO] Lectura datos climáticos NASA
2025-05-31 17:08:59,117 [INFO] Datos JSON preparados para envío
2025-05-31 17:09:00,172 [INFO] Lectura BMP390
2025-05-31 17:09:00,353 [INFO] Lectura LTR390
2025-05-31 17:09:00,357 [INFO] Lectura desde ESP32-S3 por serial
2025-05-31 17:09:04,130 [INFO] Lectura datos climáticos NASA
2025-05-31 17:09:04,133 [INFO] Datos JSON preparados para envío
2025-05-31 17:09:05,185 [INFO] Lectura BMP390
2025-05-31 17:09:05,368 [INFO] Lectura LTR390
2025-05-31 17:09:05,372 [INFO] Lectura desde ESP32-S3 por serial
2025-05-31 17:09:09,759 [INFO] Lectura datos climáticos NASA
2025-05-31 17:09:09,762 [INFO] Datos JSON preparados para envío
2025-05-31 17:09:10,815 [INFO] Lectura BMP390
2025-05-31 17:09:10,997 [INFO] Lectura LTR390
2025-05-31 17:09:11,004 [INFO] Lectura desde ESP32-S3 por serial
2025-05-31 17:09:14,876 [INFO] Lectura datos climáticos NASA
2025-05-31 17:09:14,879 [INFO] Datos JSON preparados para envío
2025-05-31 17:09:15,934 [INFO] Lectura BMP390
2025-05-31 17:09:16,115 [INFO] Lectura LTR390
2025-05-31 17:09:16,121 [INFO] Lectura desde ESP32-S3 por serial
2025-05-31 17:09:21,120 [INFO] Lectura datos climáticos NASA
2025-05-31 17:09:21,123 [INFO] Datos JSON preparados para envío
2025-05-31 17:09:22,175 [INFO] Lectura BMP390
2025-05-31 17:09:22,356 [INFO] Lectura LTR390
2025-05-31 17:09:22,361 [INFO] Lectura desde ESP32-S3 por serial
2025-05-31 17:09:27,460 [INFO] Lectura datos climáticos NASA
2025-05-31 17:09:27,463 [INFO] Datos JSON preparados para envío
2025-05-31 17:09:28,515 [INFO] Lectura BMP390
2025-05-31 17:09:28,695 [INFO] Lectura LTR390
2025-05-31 17:09:28,701 [INFO] Lectura desde ESP32-S3 por serial
2025-05-31 17:09:32,886 [INFO] Lectura datos climáticos NASA
2025-05-31 17:09:32,889 [INFO] Datos JSON preparados para envío
2025-05-31 17:09:33,941 [INFO] Lectura BMP390
2025-05-31 17:09:34,117 [INFO] Lectura LTR390
2025-05-31 17:09:34,120 [INFO] Lectura desde ESP32-S3 por serial
2025-05-31 17:09:38,550 [INFO] Lectura datos climáticos NASA
2025-05-31 17:09:38,553 [INFO] Datos JSON preparados para envío
2025-05-31 17:09:39,605 [INFO] Lectura BMP390
2025-05-31 17:09:39,790 [INFO] Lectura LTR390
2025-05-31 17:09:39,797 [INFO] Lectura desde ESP32-S3 por serial
2025-05-31 17:09:43,741 [INFO] Lectura datos climáticos NASA
2025-05-31 17:09:43,744 [INFO] Datos JSON preparados para envío
2025-05-31 17:09:44,798 [INFO] Lectura BMP390
2025-05-31 17:09:44,982 [INFO] Lectura LTR390
2025-05-31 17:09:44,989 [INFO] Lectura desde ESP32-S3 por serial
2025-05-31 17:09:48,853 [INFO] Lectura datos climáticos NASA
2025-05-31 17:09:48,859 [INFO] Datos JSON preparados para envío
2025-05-31 17:09:49,912 [INFO] Lectura BMP390
2025-05-31 17:09:50,091 [INFO] Lectura LTR390
2025-05-31 17:09:50,096 [INFO] Lectura desde ESP32-S3 por serial
2025-05-31 17:09:53,657 [INFO] Lectura datos climáticos NASA
2025-05-31 17:09:53,660 [INFO] Datos JSON preparados para envío
2025-05-31 17:09:54,712 [INFO] Lectura BMP390
2025-05-31 17:09:54,889 [INFO] Lectura LTR390
2025-05-31 17:09:54,893 [INFO] Lectura desde ESP32-S3 por serial
2025-05-31 17:09:58,876 [INFO] Lectura datos climáticos NASA
2025-05-31 17:09:58,879 [INFO] Datos JSON preparados para envío
2025-05-31 17:09:59,931 [INFO] Lectura BMP390
2025-05-31 17:10:00,116 [INFO] Lectura LTR390
2025-05-31 17:10:00,122 [INFO] Lectura desde ESP32-S3 por serial
2025-05-31 17:10:04,504 [INFO] Lectura datos climáticos NASA
2025-05-31 17:10:04,506 [INFO] Datos JSON preparados para envío
2025-05-31 17:10:05,556 [INFO] Lectura BMP390
2025-05-31 17:10:05,732 [INFO] Lectura LTR390
2025-05-31 17:10:05,735 [INFO] Lectura desde ESP32-S3 por serial
2025-05-31 17:10:14,431 [INFO] Lectura datos climáticos NASA
2025-05-31 17:10:14,434 [INFO] Datos JSON preparados para envío
2025-05-31 17:10:15,489 [INFO] Lectura BMP390
2025-05-31 17:10:15,669 [INFO] Lectura LTR390
2025-05-31 17:10:15,675 [INFO] Lectura desde ESP32-S3 por serial
2025-05-31 17:10:19,855 [INFO] Lectura datos climáticos NASA
2025-05-31 17:10:19,858 [INFO] Datos JSON preparados para envío
2025-05-31 17:10:20,911 [INFO] Lectura BMP390
2025-05-31 17:10:21,091 [INFO] Lectura LTR390
2025-05-31 17:10:21,097 [INFO] Lectura desde ESP32-S3 por serial
2025-05-31 17:10:25,280 [INFO] Lectura datos climáticos NASA
2025-05-31 17:10:25,283 [INFO] Datos JSON preparados para envío
2025-05-31 17:10:26,337 [INFO] Lectura BMP390
2025-05-31 17:10:26,515 [INFO] Lectura LTR390
2025-05-31 17:10:26,518 [INFO] Lectura desde ESP32-S3 por serial
2025-05-31 17:10:29,782 [INFO] Lectura datos climáticos NASA
2025-05-31 17:10:29,785 [INFO] Datos JSON preparados para envío
2025-05-31 17:10:30,839 [INFO] Lectura BMP390
2025-05-31 17:10:31,020 [INFO] Lectura LTR390
2025-05-31 17:10:31,026 [INFO] Lectura desde ESP32-S3 por serial
2025-05-31 17:10:34,896 [INFO] Lectura datos climáticos NASA
2025-05-31 17:10:34,899 [INFO] Datos JSON preparados para envío
2025-05-31 17:10:35,954 [INFO] Lectura BMP390
2025-05-31 17:10:36,136 [INFO] Lectura LTR390
2025-05-31 17:10:36,142 [INFO] Lectura desde ESP32-S3 por serial
2025-05-31 17:10:39,727 [INFO] Lectura datos climáticos NASA
2025-05-31 17:10:39,730 [INFO] Datos JSON preparados para envío
2025-05-31 17:10:40,783 [INFO] Lectura BMP390
2025-05-31 17:10:40,964 [INFO] Lectura LTR390
2025-05-31 17:10:40,970 [INFO] Lectura desde ESP32-S3 por serial
2025-05-31 17:10:44,682 [INFO] Lectura datos climáticos NASA
2025-05-31 17:10:44,685 [INFO] Datos JSON preparados para envío
2025-05-31 17:10:45,739 [INFO] Lectura BMP390
2025-05-31 17:10:45,923 [INFO] Lectura LTR390
2025-05-31 17:10:45,930 [INFO] Lectura desde ESP32-S3 por serial
2025-05-31 17:10:49,394 [INFO] Lectura datos climáticos NASA
2025-05-31 17:10:49,396 [INFO] Datos JSON preparados para envío
2025-05-31 17:10:50,447 [INFO] Lectura BMP390
2025-05-31 17:10:50,634 [INFO] Lectura LTR390
2025-05-31 17:10:50,641 [INFO] Lectura desde ESP32-S3 por serial
2025-05-31 17:10:54,035 [INFO] Lectura datos climáticos NASA
2025-05-31 17:10:54,038 [INFO] Datos JSON preparados para envío
2025-05-31 17:10:55,090 [INFO] Lectura BMP390
2025-05-31 17:10:55,277 [INFO] Lectura LTR390
2025-05-31 17:10:55,283 [INFO] Lectura desde ESP32-S3 por serial
2025-05-31 17:10:59,255 [INFO] Lectura datos climáticos NASA
2025-05-31 17:10:59,257 [INFO] Datos JSON preparados para envío
2025-05-31 17:11:00,314 [INFO] Lectura BMP390
2025-05-31 17:11:00,495 [INFO] Lectura LTR390
2025-05-31 17:11:00,501 [INFO] Lectura desde ESP32-S3 por serial
2025-05-31 17:11:04,065 [INFO] Lectura datos climáticos NASA
2025-05-31 17:11:04,068 [INFO] Datos JSON preparados para envío
2025-05-31 17:11:05,121 [INFO] Lectura BMP390
2025-05-31 17:11:05,300 [INFO] Lectura LTR390
2025-05-31 17:11:05,306 [INFO] Lectura desde ESP32-S3 por serial
2025-05-31 17:11:09,077 [INFO] Lectura datos climáticos NASA
2025-05-31 17:11:09,080 [INFO] Datos JSON preparados para envío
2025-05-31 17:11:10,130 [INFO] Lectura BMP390
2025-05-31 17:11:10,312 [INFO] Lectura LTR390
2025-05-31 17:11:10,318 [INFO] Lectura desde ESP32-S3 por serial
2025-05-31 17:11:13,683 [INFO] Lectura datos climáticos NASA
2025-05-31 17:11:13,686 [INFO] Datos JSON preparados para envío
2025-05-31 17:11:14,738 [INFO] Lectura BMP390
2025-05-31 17:11:14,926 [INFO] Lectura LTR390
2025-05-31 17:11:14,933 [INFO] Lectura desde ESP32-S3 por serial
2025-05-31 17:11:19,003 [INFO] Lectura datos climáticos NASA
2025-05-31 17:11:19,006 [INFO] Datos JSON preparados para envío
2025-05-31 17:11:20,058 [INFO] Lectura BMP390
2025-05-31 17:11:20,239 [INFO] Lectura LTR390
2025-05-31 17:11:20,245 [INFO] Lectura desde ESP32-S3 por serial
2025-05-31 17:11:23,506 [INFO] Lectura datos climáticos NASA
2025-05-31 17:11:23,509 [INFO] Datos JSON preparados para envío
2025-05-31 17:11:24,561 [INFO] Lectura BMP390
2025-05-31 17:11:24,743 [INFO] Lectura LTR390
2025-05-31 17:11:24,749 [INFO] Lectura desde ESP32-S3 por serial
2025-05-31 17:11:28,523 [INFO] Lectura datos climáticos NASA
2025-05-31 17:11:28,526 [INFO] Datos JSON preparados para envío
2025-05-31 17:11:29,581 [INFO] Lectura BMP390
2025-05-31 17:11:29,761 [INFO] Lectura LTR390
2025-05-31 17:11:29,767 [INFO] Lectura desde ESP32-S3 por serial
2025-05-31 17:11:33,125 [INFO] Lectura datos climáticos NASA
2025-05-31 17:11:33,131 [INFO] Datos JSON preparados para envío
2025-05-31 17:11:34,184 [INFO] Lectura BMP390
2025-05-31 17:11:34,364 [INFO] Lectura LTR390
2025-05-31 17:11:34,369 [INFO] Lectura desde ESP32-S3 por serial
2025-05-31 17:11:38,610 [INFO] Lectura datos climáticos NASA
2025-05-31 17:11:38,613 [INFO] Datos JSON preparados para envío
2025-05-31 17:11:39,665 [INFO] Lectura BMP390
2025-05-31 17:11:39,845 [INFO] Lectura LTR390
2025-05-31 17:11:39,851 [INFO] Lectura desde ESP32-S3 por serial
2025-05-31 17:11:43,360 [INFO] Lectura datos climáticos NASA
2025-05-31 17:11:43,363 [INFO] Datos JSON preparados para envío
2025-05-31 17:11:44,415 [INFO] Lectura BMP390
2025-05-31 17:11:44,595 [INFO] Lectura LTR390
2025-05-31 17:11:44,601 [INFO] Lectura desde ESP32-S3 por serial
2025-05-31 17:11:49,000 [INFO] Lectura datos climáticos NASA
2025-05-31 17:11:49,003 [INFO] Datos JSON preparados para envío
2025-05-31 17:11:50,053 [INFO] Lectura BMP390
2025-05-31 17:11:50,232 [INFO] Lectura LTR390
2025-05-31 17:11:50,237 [INFO] Lectura desde ESP32-S3 por serial
2025-05-31 17:11:54,309 [INFO] Lectura datos climáticos NASA
2025-05-31 17:11:54,312 [INFO] Datos JSON preparados para envío
2025-05-31 17:11:55,364 [INFO] Lectura BMP390
2025-05-31 17:11:55,543 [INFO] Lectura LTR390
2025-05-31 17:11:55,549 [INFO] Lectura desde ESP32-S3 por serial
2025-05-31 17:11:59,424 [INFO] Lectura datos climáticos NASA
2025-05-31 17:11:59,426 [INFO] Datos JSON preparados para envío
2025-05-31 17:12:00,478 [INFO] Lectura BMP390
2025-05-31 17:12:00,660 [INFO] Lectura LTR390
2025-05-31 17:12:00,665 [INFO] Lectura desde ESP32-S3 por serial
2025-05-31 17:12:04,337 [INFO] Lectura datos climáticos NASA
2025-05-31 17:12:04,343 [INFO] Datos JSON preparados para envío
2025-05-31 17:12:05,396 [INFO] Lectura BMP390
2025-05-31 17:12:05,578 [INFO] Lectura LTR390
2025-05-31 17:12:05,584 [INFO] Lectura desde ESP32-S3 por serial
2025-05-31 17:12:09,731 [INFO] Lectura datos climáticos NASA
2025-05-31 17:12:09,734 [INFO] Datos JSON preparados para envío
2025-05-31 17:12:10,790 [INFO] Lectura BMP390
2025-05-31 17:12:10,970 [INFO] Lectura LTR390
2025-05-31 17:12:10,976 [INFO] Lectura desde ESP32-S3 por serial
2025-05-31 17:12:14,914 [INFO] Lectura datos climáticos NASA
2025-05-31 17:12:14,917 [INFO] Datos JSON preparados para envío
2025-05-31 17:12:15,968 [INFO] Lectura BMP390
2025-05-31 17:12:16,148 [INFO] Lectura LTR390
2025-05-31 17:12:16,154 [INFO] Lectura desde ESP32-S3 por serial
2025-05-31 17:12:19,499 [INFO] Lectura datos climáticos NASA
2025-05-31 17:12:19,502 [INFO] Datos JSON preparados para envío
2025-05-31 17:12:20,555 [INFO] Lectura BMP390
2025-05-31 17:12:20,737 [INFO] Lectura LTR390
2025-05-31 17:12:20,743 [INFO] Lectura desde ESP32-S3 por serial
2025-05-31 17:12:24,498 [INFO] Lectura datos climáticos NASA
2025-05-31 17:12:24,500 [INFO] Datos JSON preparados para envío
2025-05-31 17:12:25,553 [INFO] Lectura BMP390
2025-05-31 17:12:25,733 [INFO] Lectura LTR390
2025-05-31 17:12:25,738 [INFO] Lectura desde ESP32-S3 por serial
2025-05-31 17:12:29,206 [INFO] Lectura datos climáticos NASA
2025-05-31 17:12:29,210 [INFO] Datos JSON preparados para envío
2025-05-31 17:12:30,266 [INFO] Lectura BMP390
2025-05-31 17:12:30,445 [INFO] Lectura LTR390
2025-05-31 17:12:30,451 [INFO] Lectura desde ESP32-S3 por serial
2025-05-31 17:12:34,116 [INFO] Lectura datos climáticos NASA
2025-05-31 17:12:34,120 [INFO] Datos JSON preparados para envío
2025-05-31 17:12:35,177 [INFO] Lectura BMP390
2025-05-31 17:12:35,358 [INFO] Lectura LTR390
2025-05-31 17:12:35,362 [INFO] Lectura desde ESP32-S3 por serial
2025-05-31 17:12:39,583 [INFO] Lectura datos climáticos NASA
2025-05-31 17:12:39,585 [INFO] Datos JSON preparados para envío
2025-05-31 17:12:40,639 [INFO] Lectura BMP390
2025-05-31 17:12:40,821 [INFO] Lectura LTR390
2025-05-31 17:12:40,827 [INFO] Lectura desde ESP32-S3 por serial
2025-05-31 17:12:44,185 [INFO] Lectura datos climáticos NASA
2025-05-31 17:12:44,188 [INFO] Datos JSON preparados para envío
2025-05-31 17:12:45,242 [INFO] Lectura BMP390
2025-05-31 17:12:45,419 [INFO] Lectura LTR390
2025-05-31 17:12:45,422 [INFO] Lectura desde ESP32-S3 por serial
2025-05-31 17:12:49,150 [INFO] Lectura datos climáticos NASA
2025-05-31 17:12:49,153 [INFO] Datos JSON preparados para envío
2025-05-31 17:12:50,204 [INFO] Lectura BMP390
2025-05-31 17:12:50,384 [INFO] Lectura LTR390
2025-05-31 17:12:50,390 [INFO] Lectura desde ESP32-S3 por serial
2025-05-31 17:12:53,763 [INFO] Lectura datos climáticos NASA
2025-05-31 17:12:53,766 [INFO] Datos JSON preparados para envío
2025-05-31 17:12:54,819 [INFO] Lectura BMP390
2025-05-31 17:12:55,000 [INFO] Lectura LTR390
2025-05-31 17:12:55,006 [INFO] Lectura desde ESP32-S3 por serial
2025-05-31 17:12:58,880 [INFO] Lectura datos climáticos NASA
2025-05-31 17:12:58,883 [INFO] Datos JSON preparados para envío
2025-05-31 17:12:59,941 [INFO] Lectura BMP390
2025-05-31 17:13:00,121 [INFO] Lectura LTR390
2025-05-31 17:13:00,127 [INFO] Lectura desde ESP32-S3 por serial
2025-05-31 17:13:03,485 [INFO] Lectura datos climáticos NASA
2025-05-31 17:13:03,488 [INFO] Datos JSON preparados para envío
2025-05-31 17:13:04,540 [INFO] Lectura BMP390
2025-05-31 17:13:04,721 [INFO] Lectura LTR390
2025-05-31 17:13:04,727 [INFO] Lectura desde ESP32-S3 por serial
2025-05-31 17:13:08,546 [INFO] Lectura datos climáticos NASA
2025-05-31 17:13:08,549 [INFO] Datos JSON preparados para envío
2025-05-31 17:13:09,602 [INFO] Lectura BMP390
2025-05-31 17:13:09,786 [INFO] Lectura LTR390
2025-05-31 17:13:09,792 [INFO] Lectura desde ESP32-S3 por serial
2025-05-31 17:13:14,025 [INFO] Lectura datos climáticos NASA
2025-05-31 17:13:14,028 [INFO] Datos JSON preparados para envío
2025-05-31 17:13:15,079 [INFO] Lectura BMP390
2025-05-31 17:13:15,259 [INFO] Lectura LTR390
2025-05-31 17:13:15,264 [INFO] Lectura desde ESP32-S3 por serial
2025-05-31 17:13:19,654 [INFO] Lectura datos climáticos NASA
2025-05-31 17:13:19,657 [INFO] Datos JSON preparados para envío
2025-05-31 17:13:20,712 [INFO] Lectura BMP390
2025-05-31 17:13:20,894 [INFO] Lectura LTR390
2025-05-31 17:13:20,902 [INFO] Lectura desde ESP32-S3 por serial
2025-05-31 17:13:24,464 [INFO] Lectura datos climáticos NASA
2025-05-31 17:13:24,467 [INFO] Datos JSON preparados para envío
2025-05-31 17:13:25,519 [INFO] Lectura BMP390
2025-05-31 17:13:25,698 [INFO] Lectura LTR390
2025-05-31 17:13:25,704 [INFO] Lectura desde ESP32-S3 por serial
2025-05-31 17:13:29,496 [INFO] Lectura datos climáticos NASA
2025-05-31 17:13:29,499 [INFO] Datos JSON preparados para envío
2025-05-31 17:13:30,551 [INFO] Lectura BMP390
2025-05-31 17:13:30,732 [INFO] Lectura LTR390
2025-05-31 17:13:30,739 [INFO] Lectura desde ESP32-S3 por serial
2025-05-31 17:13:34,801 [INFO] Lectura datos climáticos NASA
2025-05-31 17:13:34,804 [INFO] Datos JSON preparados para envío
2025-05-31 17:13:35,857 [INFO] Lectura BMP390
2025-05-31 17:13:36,038 [INFO] Lectura LTR390
2025-05-31 17:13:36,044 [INFO] Lectura desde ESP32-S3 por serial
2025-05-31 17:13:39,631 [INFO] Lectura datos climáticos NASA
2025-05-31 17:13:39,634 [INFO] Datos JSON preparados para envío
2025-05-31 17:13:40,687 [INFO] Lectura BMP390
2025-05-31 17:13:40,868 [INFO] Lectura LTR390
2025-05-31 17:13:40,874 [INFO] Lectura desde ESP32-S3 por serial
2025-05-31 17:13:44,583 [INFO] Lectura datos climáticos NASA
2025-05-31 17:13:44,587 [INFO] Datos JSON preparados para envío
2025-05-31 17:13:45,643 [INFO] Lectura BMP390
2025-05-31 17:13:45,825 [INFO] Lectura LTR390
2025-05-31 17:13:45,832 [INFO] Lectura desde ESP32-S3 por serial
2025-05-31 17:13:49,856 [INFO] Lectura datos climáticos NASA
2025-05-31 17:13:49,857 [INFO] Datos JSON preparados para envío
2025-05-31 17:13:50,907 [INFO] Lectura BMP390
2025-05-31 17:13:51,085 [INFO] Lectura LTR390
2025-05-31 17:13:51,092 [INFO] Lectura desde ESP32-S3 por serial
2025-05-31 17:13:55,264 [INFO] Lectura datos climáticos NASA
2025-05-31 17:13:55,266 [INFO] Datos JSON preparados para envío
2025-05-31 17:13:56,318 [INFO] Lectura BMP390
2025-05-31 17:13:56,498 [INFO] Lectura LTR390
2025-05-31 17:13:56,504 [INFO] Lectura desde ESP32-S3 por serial
2025-05-31 17:14:00,381 [INFO] Lectura datos climáticos NASA
2025-05-31 17:14:00,388 [INFO] Datos JSON preparados para envío
2025-05-31 17:14:01,446 [INFO] Lectura BMP390
2025-05-31 17:14:01,624 [INFO] Lectura LTR390
2025-05-31 17:14:01,627 [INFO] Lectura desde ESP32-S3 por serial
2025-05-31 17:14:05,638 [INFO] Lectura datos climáticos NASA
2025-05-31 17:14:05,641 [INFO] Datos JSON preparados para envío
2025-05-31 17:14:06,693 [INFO] Lectura BMP390
2025-05-31 17:14:06,873 [INFO] Lectura LTR390
2025-05-31 17:14:06,879 [INFO] Lectura desde ESP32-S3 por serial
2025-05-31 17:14:11,229 [INFO] Lectura datos climáticos NASA
2025-05-31 17:14:11,231 [INFO] Datos JSON preparados para envío
2025-05-31 17:14:12,284 [INFO] Lectura BMP390
2025-05-31 17:14:12,465 [INFO] Lectura LTR390
2025-05-31 17:14:12,468 [INFO] Lectura desde ESP32-S3 por serial
2025-05-31 17:14:16,555 [INFO] Lectura datos climáticos NASA
2025-05-31 17:14:16,558 [INFO] Datos JSON preparados para envío
2025-05-31 17:14:17,610 [INFO] Lectura BMP390
2025-05-31 17:14:17,792 [INFO] Lectura LTR390
2025-05-31 17:14:17,798 [INFO] Lectura desde ESP32-S3 por serial
2025-05-31 17:14:22,387 [INFO] Lectura datos climáticos NASA
2025-05-31 17:14:22,392 [INFO] Datos JSON preparados para envío
2025-05-31 17:14:23,446 [INFO] Lectura BMP390
2025-05-31 17:14:23,626 [INFO] Lectura LTR390
2025-05-31 17:14:23,632 [INFO] Lectura desde ESP32-S3 por serial
2025-05-31 17:14:26,683 [INFO] Lectura datos climáticos NASA
2025-05-31 17:14:26,686 [INFO] Datos JSON preparados para envío
2025-05-31 17:14:27,739 [INFO] Lectura BMP390
2025-05-31 17:14:27,919 [INFO] Lectura LTR390
2025-05-31 17:14:27,926 [INFO] Lectura desde ESP32-S3 por serial
2025-05-31 17:14:32,617 [INFO] Lectura datos climáticos NASA
2025-05-31 17:14:32,620 [INFO] Datos JSON preparados para envío
2025-05-31 17:14:33,674 [INFO] Lectura BMP390
2025-05-31 17:14:33,854 [INFO] Lectura LTR390
2025-05-31 17:14:33,860 [INFO] Lectura desde ESP32-S3 por serial
2025-05-31 17:14:37,629 [INFO] Lectura datos climáticos NASA
2025-05-31 17:14:37,631 [INFO] Datos JSON preparados para envío
2025-05-31 17:14:38,681 [INFO] Lectura BMP390
2025-05-31 17:14:38,863 [INFO] Lectura LTR390
2025-05-31 17:14:38,871 [INFO] Lectura desde ESP32-S3 por serial
2025-05-31 17:14:42,545 [INFO] Lectura datos climáticos NASA
2025-05-31 17:14:42,548 [INFO] Datos JSON preparados para envío
2025-05-31 17:14:43,600 [INFO] Lectura BMP390
2025-05-31 17:14:43,780 [INFO] Lectura LTR390
2025-05-31 17:14:43,788 [INFO] Lectura desde ESP32-S3 por serial
2025-05-31 17:14:48,069 [INFO] Lectura datos climáticos NASA
2025-05-31 17:14:48,072 [INFO] Datos JSON preparados para envío
2025-05-31 17:14:49,122 [INFO] Lectura BMP390
2025-05-31 17:14:49,298 [INFO] Lectura LTR390
2025-05-31 17:14:49,302 [INFO] Lectura desde ESP32-S3 por serial
2025-05-31 17:14:52,777 [INFO] Lectura datos climáticos NASA
2025-05-31 17:14:52,780 [INFO] Datos JSON preparados para envío
2025-05-31 17:14:53,833 [INFO] Lectura BMP390
2025-05-31 17:14:54,016 [INFO] Lectura LTR390
2025-05-31 17:14:54,022 [INFO] Lectura desde ESP32-S3 por serial
2025-05-31 17:14:57,695 [INFO] Lectura datos climáticos NASA
2025-05-31 17:14:57,697 [INFO] Datos JSON preparados para envío
2025-05-31 17:14:58,751 [INFO] Lectura BMP390
2025-05-31 17:14:58,934 [INFO] Lectura LTR390
2025-05-31 17:14:58,941 [INFO] Lectura desde ESP32-S3 por serial
2025-05-31 17:15:02,599 [INFO] Lectura datos climáticos NASA
2025-05-31 17:15:02,600 [INFO] Datos JSON preparados para envío
2025-05-31 17:15:03,652 [INFO] Lectura BMP390
2025-05-31 17:15:03,833 [INFO] Lectura LTR390
2025-05-31 17:15:03,839 [INFO] Lectura desde ESP32-S3 por serial
2025-05-31 17:15:08,333 [INFO] Lectura datos climáticos NASA
2025-05-31 17:15:08,336 [INFO] Datos JSON preparados para envío
2025-05-31 17:15:09,390 [INFO] Lectura BMP390
2025-05-31 17:15:09,570 [INFO] Lectura LTR390
2025-05-31 17:15:09,576 [INFO] Lectura desde ESP32-S3 por serial
2025-05-31 17:15:13,346 [INFO] Lectura datos climáticos NASA
2025-05-31 17:15:13,348 [INFO] Datos JSON preparados para envío
2025-05-31 17:15:14,399 [INFO] Lectura BMP390
2025-05-31 17:15:14,577 [INFO] Lectura LTR390
2025-05-31 17:15:14,580 [INFO] Lectura desde ESP32-S3 por serial
2025-05-31 17:15:17,850 [INFO] Lectura datos climáticos NASA
2025-05-31 17:15:17,853 [INFO] Datos JSON preparados para envío
2025-05-31 17:15:18,908 [INFO] Lectura BMP390
2025-05-31 17:15:19,090 [INFO] Lectura LTR390
2025-05-31 17:15:19,096 [INFO] Lectura desde ESP32-S3 por serial
2025-05-31 17:15:22,659 [INFO] Lectura datos climáticos NASA
2025-05-31 17:15:22,662 [INFO] Datos JSON preparados para envío
2025-05-31 17:15:23,715 [INFO] Lectura BMP390
2025-05-31 17:15:23,896 [INFO] Lectura LTR390
2025-05-31 17:15:23,903 [INFO] Lectura desde ESP32-S3 por serial
2025-05-31 17:15:27,465 [INFO] Lectura datos climáticos NASA
2025-05-31 17:15:27,467 [INFO] Datos JSON preparados para envío
2025-05-31 17:15:28,518 [INFO] Lectura BMP390
2025-05-31 17:15:28,698 [INFO] Lectura LTR390
2025-05-31 17:15:28,704 [INFO] Lectura desde ESP32-S3 por serial
2025-05-31 17:15:32,082 [INFO] Lectura datos climáticos NASA
2025-05-31 17:15:32,085 [INFO] Datos JSON preparados para envío
2025-05-31 17:15:33,137 [INFO] Lectura BMP390
2025-05-31 17:15:33,320 [INFO] Lectura LTR390
2025-05-31 17:15:33,325 [INFO] Lectura desde ESP32-S3 por serial
2025-05-31 17:15:36,782 [INFO] Lectura datos climáticos NASA
2025-05-31 17:15:36,785 [INFO] Datos JSON preparados para envío
2025-05-31 17:15:37,837 [INFO] Lectura BMP390
2025-05-31 17:15:38,017 [INFO] Lectura LTR390
2025-05-31 17:15:38,020 [INFO] Lectura desde ESP32-S3 por serial
2025-05-31 17:15:41,181 [INFO] Lectura datos climáticos NASA
2025-05-31 17:15:41,183 [INFO] Datos JSON preparados para envío
2025-05-31 17:15:42,240 [INFO] Lectura BMP390
2025-05-31 17:15:42,419 [INFO] Lectura LTR390
2025-05-31 17:15:42,425 [INFO] Lectura desde ESP32-S3 por serial
2025-05-31 17:15:47,217 [INFO] Lectura datos climáticos NASA
2025-05-31 17:15:47,219 [INFO] Datos JSON preparados para envío
2025-05-31 17:15:48,273 [INFO] Lectura BMP390
2025-05-31 17:15:48,453 [INFO] Lectura LTR390
2025-05-31 17:15:48,459 [INFO] Lectura desde ESP32-S3 por serial
2025-05-31 17:15:52,025 [INFO] Lectura datos climáticos NASA
2025-05-31 17:15:52,026 [INFO] Datos JSON preparados para envío
2025-05-31 17:15:53,080 [INFO] Lectura BMP390
2025-05-31 17:15:53,263 [INFO] Lectura LTR390
2025-05-31 17:15:53,268 [INFO] Lectura desde ESP32-S3 por serial
2025-05-31 17:15:57,349 [INFO] Lectura datos climáticos NASA
2025-05-31 17:15:57,352 [INFO] Datos JSON preparados para envío
2025-05-31 17:15:58,404 [INFO] Lectura BMP390
2025-05-31 17:15:58,593 [INFO] Lectura LTR390
2025-05-31 17:15:58,599 [INFO] Lectura desde ESP32-S3 por serial
2025-05-31 17:16:02,340 [INFO] Lectura datos climáticos NASA
2025-05-31 17:16:02,341 [INFO] Datos JSON preparados para envío
2025-05-31 17:16:03,392 [INFO] Lectura BMP390
2025-05-31 17:16:03,568 [INFO] Lectura LTR390
2025-05-31 17:16:03,571 [INFO] Lectura desde ESP32-S3 por serial
2025-05-31 17:16:07,998 [INFO] Lectura datos climáticos NASA
2025-05-31 17:16:08,001 [INFO] Datos JSON preparados para envío
2025-05-31 17:16:09,054 [INFO] Lectura BMP390
2025-05-31 17:16:09,236 [INFO] Lectura LTR390
2025-05-31 17:16:09,241 [INFO] Lectura desde ESP32-S3 por serial
2025-05-31 17:16:12,702 [INFO] Lectura datos climáticos NASA
2025-05-31 17:16:12,704 [INFO] Datos JSON preparados para envío
2025-05-31 17:16:13,757 [INFO] Lectura BMP390
2025-05-31 17:16:13,935 [INFO] Lectura LTR390
2025-05-31 17:16:13,941 [INFO] Lectura desde ESP32-S3 por serial
2025-05-31 17:16:17,716 [INFO] Lectura datos climáticos NASA
2025-05-31 17:16:17,721 [INFO] Datos JSON preparados para envío
2025-05-31 17:16:18,774 [INFO] Lectura BMP390
2025-05-31 17:16:18,955 [INFO] Lectura LTR390
2025-05-31 17:16:18,962 [INFO] Lectura desde ESP32-S3 por serial
2025-05-31 17:16:23,853 [INFO] Lectura datos climáticos NASA
2025-05-31 17:16:23,856 [INFO] Datos JSON preparados para envío
2025-05-31 17:16:24,909 [INFO] Lectura BMP390
2025-05-31 17:16:25,094 [INFO] Lectura LTR390
2025-05-31 17:16:25,099 [INFO] Lectura desde ESP32-S3 por serial
2025-05-31 17:16:28,971 [INFO] Lectura datos climáticos NASA
2025-05-31 17:16:28,974 [INFO] Datos JSON preparados para envío
2025-05-31 17:16:30,028 [INFO] Lectura BMP390
2025-05-31 17:16:30,212 [INFO] Lectura LTR390
2025-05-31 17:16:30,217 [INFO] Lectura desde ESP32-S3 por serial
2025-05-31 17:16:35,212 [INFO] Lectura datos climáticos NASA
2025-05-31 17:16:35,214 [INFO] Datos JSON preparados para envío
2025-05-31 17:16:36,266 [INFO] Lectura BMP390
2025-05-31 17:16:36,446 [INFO] Lectura LTR390
2025-05-31 17:16:36,453 [INFO] Lectura desde ESP32-S3 por serial
2025-05-31 17:16:40,122 [INFO] Lectura datos climáticos NASA
2025-05-31 17:16:40,124 [INFO] Datos JSON preparados para envío
2025-05-31 17:16:41,177 [INFO] Lectura BMP390
2025-05-31 17:16:41,357 [INFO] Lectura LTR390
2025-05-31 17:16:41,363 [INFO] Lectura desde ESP32-S3 por serial
2025-05-31 17:16:44,806 [INFO] Lectura datos climáticos NASA
2025-05-31 17:16:44,809 [INFO] Datos JSON preparados para envío
2025-05-31 17:16:45,862 [INFO] Lectura BMP390
2025-05-31 17:16:46,045 [INFO] Lectura LTR390
2025-05-31 17:16:46,051 [INFO] Lectura desde ESP32-S3 por serial
2025-05-31 17:16:50,411 [INFO] Lectura datos climáticos NASA
2025-05-31 17:16:50,412 [INFO] Datos JSON preparados para envío
2025-05-31 17:16:51,463 [INFO] Lectura BMP390
2025-05-31 17:16:51,644 [INFO] Lectura LTR390
2025-05-31 17:16:51,646 [INFO] Lectura desde ESP32-S3 por serial
2025-05-31 17:16:55,167 [INFO] Lectura datos climáticos NASA
2025-05-31 17:16:55,170 [INFO] Datos JSON preparados para envío
2025-05-31 17:16:56,222 [INFO] Lectura BMP390
2025-05-31 17:16:56,403 [INFO] Lectura LTR390
2025-05-31 17:16:56,409 [INFO] Lectura desde ESP32-S3 por serial
2025-05-31 17:16:59,977 [INFO] Lectura datos climáticos NASA
2025-05-31 17:16:59,980 [INFO] Datos JSON preparados para envío
2025-05-31 17:17:01,032 [INFO] Lectura BMP390
2025-05-31 17:17:01,213 [INFO] Lectura LTR390
2025-05-31 17:17:01,218 [INFO] Lectura desde ESP32-S3 por serial
2025-05-31 17:17:04,583 [INFO] Lectura datos climáticos NASA
2025-05-31 17:17:04,586 [INFO] Datos JSON preparados para envío
2025-05-31 17:17:05,642 [INFO] Lectura BMP390
2025-05-31 17:17:05,822 [INFO] Lectura LTR390
2025-05-31 17:17:05,828 [INFO] Lectura desde ESP32-S3 por serial
2025-05-31 17:17:09,500 [INFO] Lectura datos climáticos NASA
2025-05-31 17:17:09,503 [INFO] Datos JSON preparados para envío
2025-05-31 17:17:10,555 [INFO] Lectura BMP390
2025-05-31 17:17:10,742 [INFO] Lectura LTR390
2025-05-31 17:17:10,748 [INFO] Lectura desde ESP32-S3 por serial
2025-05-31 17:17:14,407 [INFO] Lectura datos climáticos NASA
2025-05-31 17:17:14,410 [INFO] Datos JSON preparados para envío
2025-05-31 17:17:15,466 [INFO] Lectura BMP390
2025-05-31 17:17:15,643 [INFO] Lectura LTR390
2025-05-31 17:17:15,645 [INFO] Lectura desde ESP32-S3 por serial
2025-05-31 17:17:19,119 [INFO] Lectura datos climáticos NASA
2025-05-31 17:17:19,122 [INFO] Datos JSON preparados para envío
2025-05-31 17:17:20,175 [INFO] Lectura BMP390
2025-05-31 17:17:20,354 [INFO] Lectura LTR390
2025-05-31 17:17:20,360 [INFO] Lectura desde ESP32-S3 por serial
2025-05-31 17:17:24,035 [INFO] Lectura datos climáticos NASA
2025-05-31 17:17:24,038 [INFO] Datos JSON preparados para envío
2025-05-31 17:17:25,091 [INFO] Lectura BMP390
2025-05-31 17:17:25,275 [INFO] Lectura LTR390
2025-05-31 17:17:25,280 [INFO] Lectura desde ESP32-S3 por serial
2025-05-31 17:17:28,607 [INFO] Lectura datos climáticos NASA
2025-05-31 17:17:28,608 [INFO] Datos JSON preparados para envío
2025-05-31 17:17:29,664 [INFO] Lectura BMP390
2025-05-31 17:17:29,843 [INFO] Lectura LTR390
2025-05-31 17:17:29,849 [INFO] Lectura desde ESP32-S3 por serial
2025-05-31 17:17:33,444 [INFO] Lectura datos climáticos NASA
2025-05-31 17:17:33,447 [INFO] Datos JSON preparados para envío
2025-05-31 17:17:34,500 [INFO] Lectura BMP390
2025-05-31 17:17:34,682 [INFO] Lectura LTR390
2025-05-31 17:17:34,688 [INFO] Lectura desde ESP32-S3 por serial
2025-05-31 17:17:38,164 [INFO] Lectura datos climáticos NASA
2025-05-31 17:17:38,167 [INFO] Datos JSON preparados para envío
2025-05-31 17:17:39,219 [INFO] Lectura BMP390
2025-05-31 17:17:39,396 [INFO] Lectura LTR390
2025-05-31 17:17:39,399 [INFO] Lectura desde ESP32-S3 por serial
2025-05-31 17:17:42,776 [INFO] Lectura datos climáticos NASA
2025-05-31 17:17:42,778 [INFO] Datos JSON preparados para envío
2025-05-31 17:17:43,830 [INFO] Lectura BMP390
2025-05-31 17:17:44,010 [INFO] Lectura LTR390
2025-05-31 17:17:44,016 [INFO] Lectura desde ESP32-S3 por serial
2025-05-31 17:17:47,567 [INFO] Lectura datos climáticos NASA
2025-05-31 17:17:47,570 [INFO] Datos JSON preparados para envío
2025-05-31 17:17:48,623 [INFO] Lectura BMP390
2025-05-31 17:17:48,803 [INFO] Lectura LTR390
2025-05-31 17:17:48,810 [INFO] Lectura desde ESP32-S3 por serial
2025-05-31 17:17:52,167 [INFO] Lectura datos climáticos NASA
2025-05-31 17:17:52,170 [INFO] Datos JSON preparados para envío
2025-05-31 17:17:53,221 [INFO] Lectura BMP390
2025-05-31 17:17:53,398 [INFO] Lectura LTR390
2025-05-31 17:17:53,402 [INFO] Lectura desde ESP32-S3 por serial
2025-05-31 17:17:56,966 [INFO] Lectura datos climáticos NASA
2025-05-31 17:17:56,971 [INFO] Datos JSON preparados para envío
2025-05-31 17:17:58,024 [INFO] Lectura BMP390
2025-05-31 17:17:58,203 [INFO] Lectura LTR390
2025-05-31 17:17:58,208 [INFO] Lectura desde ESP32-S3 por serial
2025-05-31 17:18:02,713 [INFO] Lectura datos climáticos NASA
2025-05-31 17:18:02,716 [INFO] Datos JSON preparados para envío
2025-05-31 17:18:03,766 [INFO] Lectura BMP390
2025-05-31 17:18:03,943 [INFO] Lectura LTR390
2025-05-31 17:18:03,946 [INFO] Lectura desde ESP32-S3 por serial
2025-05-31 17:18:07,114 [INFO] Lectura datos climáticos NASA
2025-05-31 17:18:07,118 [INFO] Datos JSON preparados para envío
2025-05-31 17:18:08,172 [INFO] Lectura BMP390
2025-05-31 17:18:08,351 [INFO] Lectura LTR390
2025-05-31 17:18:08,356 [INFO] Lectura desde ESP32-S3 por serial
2025-05-31 17:18:13,050 [INFO] Lectura datos climáticos NASA
2025-05-31 17:18:13,053 [INFO] Datos JSON preparados para envío
2025-05-31 17:18:14,105 [INFO] Lectura BMP390
2025-05-31 17:18:14,287 [INFO] Lectura LTR390
2025-05-31 17:18:14,292 [INFO] Lectura desde ESP32-S3 por serial
2025-05-31 17:18:17,752 [INFO] Lectura datos climáticos NASA
2025-05-31 17:18:17,754 [INFO] Datos JSON preparados para envío
2025-05-31 17:18:18,805 [INFO] Lectura BMP390
2025-05-31 17:18:18,986 [INFO] Lectura LTR390
2025-05-31 17:18:18,993 [INFO] Lectura desde ESP32-S3 por serial
2025-05-31 17:18:22,771 [INFO] Lectura datos climáticos NASA
2025-05-31 17:18:22,774 [INFO] Datos JSON preparados para envío
2025-05-31 17:18:23,826 [INFO] Lectura BMP390
2025-05-31 17:18:24,012 [INFO] Lectura LTR390
2025-05-31 17:18:24,019 [INFO] Lectura desde ESP32-S3 por serial
2025-05-31 17:18:28,498 [INFO] Lectura datos climáticos NASA
2025-05-31 17:18:28,500 [INFO] Datos JSON preparados para envío
2025-05-31 17:18:29,550 [INFO] Lectura BMP390
2025-05-31 17:18:29,726 [INFO] Lectura LTR390
2025-05-31 17:18:29,728 [INFO] Lectura desde ESP32-S3 por serial
2025-05-31 17:18:32,841 [INFO] Lectura datos climáticos NASA
2025-05-31 17:18:32,846 [INFO] Datos JSON preparados para envío
2025-05-31 17:18:33,903 [INFO] Lectura BMP390
2025-05-31 17:18:34,087 [INFO] Lectura LTR390
2025-05-31 17:18:34,093 [INFO] Lectura desde ESP32-S3 por serial
2025-05-31 17:18:37,610 [INFO] Lectura datos climáticos NASA
2025-05-31 17:18:37,613 [INFO] Datos JSON preparados para envío
2025-05-31 17:18:38,667 [INFO] Lectura BMP390
2025-05-31 17:18:38,847 [INFO] Lectura LTR390
2025-05-31 17:18:38,853 [INFO] Lectura desde ESP32-S3 por serial
2025-05-31 17:18:42,523 [INFO] Lectura datos climáticos NASA
2025-05-31 17:18:42,526 [INFO] Datos JSON preparados para envío
2025-05-31 17:18:43,578 [INFO] Lectura BMP390
2025-05-31 17:18:43,762 [INFO] Lectura LTR390
2025-05-31 17:18:43,768 [INFO] Lectura desde ESP32-S3 por serial
2025-05-31 17:18:47,230 [INFO] Lectura datos climáticos NASA
2025-05-31 17:18:47,233 [INFO] Datos JSON preparados para envío
2025-05-31 17:18:48,285 [INFO] Lectura BMP390
2025-05-31 17:18:48,467 [INFO] Lectura LTR390
2025-05-31 17:18:48,474 [INFO] Lectura desde ESP32-S3 por serial
2025-05-31 17:18:52,137 [INFO] Lectura datos climáticos NASA
2025-05-31 17:18:52,139 [INFO] Datos JSON preparados para envío
2025-05-31 17:18:53,189 [INFO] Lectura BMP390
2025-05-31 17:18:53,366 [INFO] Lectura LTR390
2025-05-31 17:18:53,369 [INFO] Lectura desde ESP32-S3 por serial
2025-05-31 17:18:56,852 [INFO] Lectura datos climáticos NASA
2025-05-31 17:18:56,856 [INFO] Datos JSON preparados para envío
2025-05-31 17:18:57,909 [INFO] Lectura BMP390
2025-05-31 17:18:58,089 [INFO] Lectura LTR390
2025-05-31 17:18:58,095 [INFO] Lectura desde ESP32-S3 por serial
2025-05-31 17:19:01,557 [INFO] Lectura datos climáticos NASA
2025-05-31 17:19:01,561 [INFO] Datos JSON preparados para envío
2025-05-31 17:19:02,617 [INFO] Lectura BMP390
2025-05-31 17:19:02,797 [INFO] Lectura LTR390
2025-05-31 17:19:02,803 [INFO] Lectura desde ESP32-S3 por serial
2025-05-31 17:19:07,284 [INFO] Lectura datos climáticos NASA
2025-05-31 17:19:07,286 [INFO] Datos JSON preparados para envío
2025-05-31 17:19:08,341 [INFO] Lectura BMP390
2025-05-31 17:19:08,523 [INFO] Lectura LTR390
2025-05-31 17:19:08,529 [INFO] Lectura desde ESP32-S3 por serial
2025-05-31 17:19:12,196 [INFO] Lectura datos climáticos NASA
2025-05-31 17:19:12,198 [INFO] Datos JSON preparados para envío
2025-05-31 17:19:13,251 [INFO] Lectura BMP390
2025-05-31 17:19:13,430 [INFO] Lectura LTR390
2025-05-31 17:19:13,437 [INFO] Lectura desde ESP32-S3 por serial
2025-05-31 17:19:16,697 [INFO] Lectura datos climáticos NASA
2025-05-31 17:19:16,699 [INFO] Datos JSON preparados para envío
2025-05-31 17:19:17,749 [INFO] Lectura BMP390
2025-05-31 17:19:17,926 [INFO] Lectura LTR390
2025-05-31 17:19:17,929 [INFO] Lectura desde ESP32-S3 por serial
2025-05-31 17:19:20,999 [INFO] Lectura datos climáticos NASA
2025-05-31 17:19:21,002 [INFO] Datos JSON preparados para envío
2025-05-31 17:19:22,060 [INFO] Lectura BMP390
2025-05-31 17:19:22,239 [INFO] Lectura LTR390
2025-05-31 17:19:22,244 [INFO] Lectura desde ESP32-S3 por serial
2025-05-31 17:19:26,322 [INFO] Lectura datos climáticos NASA
2025-05-31 17:19:26,325 [INFO] Datos JSON preparados para envío
2025-05-31 17:19:27,377 [INFO] Lectura BMP390
2025-05-31 17:19:27,561 [INFO] Lectura LTR390
2025-05-31 17:19:27,567 [INFO] Lectura desde ESP32-S3 por serial
2025-05-31 17:19:31,646 [INFO] Lectura datos climáticos NASA
2025-05-31 17:19:31,650 [INFO] Datos JSON preparados para envío
2025-05-31 17:19:32,704 [INFO] Lectura BMP390
2025-05-31 17:19:32,884 [INFO] Lectura LTR390
2025-05-31 17:19:32,890 [INFO] Lectura desde ESP32-S3 por serial
2025-05-31 17:19:36,861 [INFO] Lectura datos climáticos NASA
2025-05-31 17:19:36,864 [INFO] Datos JSON preparados para envío
2025-05-31 17:19:37,919 [INFO] Lectura BMP390
2025-05-31 17:19:38,098 [INFO] Lectura LTR390
2025-05-31 17:19:38,105 [INFO] Lectura desde ESP32-S3 por serial
2025-05-31 17:19:41,262 [INFO] Lectura datos climáticos NASA
2025-05-31 17:19:41,263 [INFO] Datos JSON preparados para envío
2025-05-31 17:19:42,315 [INFO] Lectura BMP390
2025-05-31 17:19:42,500 [INFO] Lectura LTR390
2025-05-31 17:19:42,505 [INFO] Lectura desde ESP32-S3 por serial
2025-05-31 17:19:46,478 [INFO] Lectura datos climáticos NASA
2025-05-31 17:19:46,481 [INFO] Datos JSON preparados para envío
2025-05-31 17:19:47,534 [INFO] Lectura BMP390
2025-05-31 17:19:47,717 [INFO] Lectura LTR390
2025-05-31 17:19:47,723 [INFO] Lectura desde ESP32-S3 por serial
2025-05-31 17:19:51,085 [INFO] Lectura datos climáticos NASA
2025-05-31 17:19:51,088 [INFO] Datos JSON preparados para envío
2025-05-31 17:19:52,140 [INFO] Lectura BMP390
2025-05-31 17:19:52,322 [INFO] Lectura LTR390
2025-05-31 17:19:52,324 [INFO] Lectura desde ESP32-S3 por serial
2025-05-31 17:19:56,612 [INFO] Lectura datos climáticos NASA
2025-05-31 17:19:56,616 [INFO] Datos JSON preparados para envío
2025-05-31 17:19:57,669 [INFO] Lectura BMP390
2025-05-31 17:19:57,855 [INFO] Lectura LTR390
2025-05-31 17:19:57,861 [INFO] Lectura desde ESP32-S3 por serial
2025-05-31 17:20:02,856 [INFO] Lectura datos climáticos NASA
2025-05-31 17:20:02,857 [INFO] Datos JSON preparados para envío
2025-05-31 17:20:03,915 [INFO] Lectura BMP390
2025-05-31 17:20:04,095 [INFO] Lectura LTR390
2025-05-31 17:20:04,101 [INFO] Lectura desde ESP32-S3 por serial
2025-05-31 17:20:08,481 [INFO] Lectura datos climáticos NASA
2025-05-31 17:20:08,484 [INFO] Datos JSON preparados para envío
2025-05-31 17:20:09,541 [INFO] Lectura BMP390
2025-05-31 17:20:09,724 [INFO] Lectura LTR390
2025-05-31 17:20:09,732 [INFO] Lectura desde ESP32-S3 por serial
2025-05-31 17:20:14,421 [INFO] Lectura datos climáticos NASA
2025-05-31 17:20:14,425 [INFO] Datos JSON preparados para envío
2025-05-31 17:20:15,478 [INFO] Lectura BMP390
2025-05-31 17:20:15,658 [INFO] Lectura LTR390
2025-05-31 17:20:15,664 [INFO] Lectura desde ESP32-S3 por serial
2025-05-31 17:20:20,454 [INFO] Lectura datos climáticos NASA
2025-05-31 17:20:20,456 [INFO] Datos JSON preparados para envío
2025-05-31 17:20:21,508 [INFO] Lectura BMP390
2025-05-31 17:20:21,692 [INFO] Lectura LTR390
2025-05-31 17:20:21,698 [INFO] Lectura desde ESP32-S3 por serial
2025-05-31 17:20:25,158 [INFO] Lectura datos climáticos NASA
2025-05-31 17:20:25,160 [INFO] Datos JSON preparados para envío
2025-05-31 17:20:26,211 [INFO] Lectura BMP390
2025-05-31 17:20:26,389 [INFO] Lectura LTR390
2025-05-31 17:20:26,394 [INFO] Lectura desde ESP32-S3 por serial
2025-05-31 17:20:29,874 [INFO] Lectura datos climáticos NASA
2025-05-31 17:20:29,877 [INFO] Datos JSON preparados para envío
2025-05-31 17:20:30,929 [INFO] Lectura BMP390
2025-05-31 17:20:31,109 [INFO] Lectura LTR390
2025-05-31 17:20:31,114 [INFO] Lectura desde ESP32-S3 por serial
2025-05-31 17:20:34,577 [INFO] Lectura datos climáticos NASA
2025-05-31 17:20:34,580 [INFO] Datos JSON preparados para envío
2025-05-31 17:20:35,632 [INFO] Lectura BMP390
2025-05-31 17:20:35,816 [INFO] Lectura LTR390
2025-05-31 17:20:35,822 [INFO] Lectura desde ESP32-S3 por serial
2025-05-31 17:20:39,228 [INFO] Lectura datos climáticos NASA
2025-05-31 17:20:39,231 [INFO] Datos JSON preparados para envío
2025-05-31 17:20:40,283 [INFO] Lectura BMP390
2025-05-31 17:20:40,463 [INFO] Lectura LTR390
2025-05-31 17:20:40,469 [INFO] Lectura desde ESP32-S3 por serial
2025-05-31 17:20:44,155 [INFO] Lectura datos climáticos NASA
2025-05-31 17:20:44,158 [INFO] Datos JSON preparados para envío
2025-05-31 17:20:45,210 [INFO] Lectura BMP390
2025-05-31 17:20:45,389 [INFO] Lectura LTR390
2025-05-31 17:20:45,395 [INFO] Lectura desde ESP32-S3 por serial
2025-05-31 17:20:49,413 [INFO] Lectura datos climáticos NASA
2025-05-31 17:20:49,415 [INFO] Datos JSON preparados para envío
2025-05-31 17:20:50,467 [INFO] Lectura BMP390
2025-05-31 17:20:50,647 [INFO] Lectura LTR390
2025-05-31 17:20:50,653 [INFO] Lectura desde ESP32-S3 por serial
2025-05-31 17:20:54,323 [INFO] Lectura datos climáticos NASA
2025-05-31 17:20:54,325 [INFO] Datos JSON preparados para envío
2025-05-31 17:20:55,379 [INFO] Lectura BMP390
2025-05-31 17:20:55,559 [INFO] Lectura LTR390
2025-05-31 17:20:55,565 [INFO] Lectura desde ESP32-S3 por serial
2025-05-31 17:20:58,902 [INFO] Lectura datos climáticos NASA
2025-05-31 17:20:58,905 [INFO] Datos JSON preparados para envío
2025-05-31 17:20:59,958 [INFO] Lectura BMP390
2025-05-31 17:21:00,142 [INFO] Lectura LTR390
2025-05-31 17:21:00,148 [INFO] Lectura desde ESP32-S3 por serial
2025-05-31 17:21:03,555 [INFO] Lectura datos climáticos NASA
2025-05-31 17:21:03,558 [INFO] Datos JSON preparados para envío
2025-05-31 17:21:04,611 [INFO] Lectura BMP390
2025-05-31 17:21:04,797 [INFO] Lectura LTR390
2025-05-31 17:21:04,804 [INFO] Lectura desde ESP32-S3 por serial
2025-05-31 17:21:08,449 [INFO] Lectura datos climáticos NASA
2025-05-31 17:21:08,452 [INFO] Datos JSON preparados para envío
2025-05-31 17:21:09,506 [INFO] Lectura BMP390
2025-05-31 17:21:09,687 [INFO] Lectura LTR390
2025-05-31 17:21:09,693 [INFO] Lectura desde ESP32-S3 por serial
2025-05-31 17:21:13,470 [INFO] Lectura datos climáticos NASA
2025-05-31 17:21:13,471 [INFO] Datos JSON preparados para envío
2025-05-31 17:21:14,522 [INFO] Lectura BMP390
2025-05-31 17:21:14,699 [INFO] Lectura LTR390
2025-05-31 17:21:14,703 [INFO] Lectura desde ESP32-S3 por serial
2025-05-31 17:21:18,478 [INFO] Lectura datos climáticos NASA
2025-05-31 17:21:18,481 [INFO] Datos JSON preparados para envío
2025-05-31 17:21:19,537 [INFO] Lectura BMP390
2025-05-31 17:21:19,721 [INFO] Lectura LTR390
2025-05-31 17:21:19,727 [INFO] Lectura desde ESP32-S3 por serial
2025-05-31 17:21:23,594 [INFO] Lectura datos climáticos NASA
2025-05-31 17:21:23,597 [INFO] Datos JSON preparados para envío
2025-05-31 17:21:24,651 [INFO] Lectura BMP390
2025-05-31 17:21:24,831 [INFO] Lectura LTR390
2025-05-31 17:21:24,838 [INFO] Lectura desde ESP32-S3 por serial
2025-05-31 17:21:29,236 [INFO] Lectura datos climáticos NASA
2025-05-31 17:21:29,238 [INFO] Datos JSON preparados para envío
2025-05-31 17:21:30,292 [INFO] Lectura BMP390
2025-05-31 17:21:30,471 [INFO] Lectura LTR390
2025-05-31 17:21:30,477 [INFO] Lectura desde ESP32-S3 por serial
2025-05-31 17:21:34,246 [INFO] Lectura datos climáticos NASA
2025-05-31 17:21:34,249 [INFO] Datos JSON preparados para envío
2025-05-31 17:21:35,301 [INFO] Lectura BMP390
2025-05-31 17:21:35,482 [INFO] Lectura LTR390
2025-05-31 17:21:35,488 [INFO] Lectura desde ESP32-S3 por serial
2025-05-31 17:21:39,055 [INFO] Lectura datos climáticos NASA
2025-05-31 17:21:39,057 [INFO] Datos JSON preparados para envío
2025-05-31 17:21:40,109 [INFO] Lectura BMP390
2025-05-31 17:21:40,289 [INFO] Lectura LTR390
2025-05-31 17:21:40,294 [INFO] Lectura desde ESP32-S3 por serial
2025-05-31 17:21:43,855 [INFO] Lectura datos climáticos NASA
2025-05-31 17:21:43,858 [INFO] Datos JSON preparados para envío
2025-05-31 17:21:44,913 [INFO] Lectura BMP390
2025-05-31 17:21:45,094 [INFO] Lectura LTR390
2025-05-31 17:21:45,100 [INFO] Lectura desde ESP32-S3 por serial
2025-05-31 17:21:48,407 [INFO] Lectura datos climáticos NASA
2025-05-31 17:21:48,410 [INFO] Datos JSON preparados para envío
2025-05-31 17:21:49,466 [INFO] Lectura BMP390
2025-05-31 17:21:49,644 [INFO] Lectura LTR390
2025-05-31 17:21:49,647 [INFO] Lectura desde ESP32-S3 por serial
2025-05-31 17:21:52,450 [INFO] Lectura datos climáticos NASA
2025-05-31 17:21:52,452 [INFO] Datos JSON preparados para envío
2025-05-31 17:21:53,504 [INFO] Lectura BMP390
2025-05-31 17:21:53,684 [INFO] Lectura LTR390
2025-05-31 17:21:53,689 [INFO] Lectura desde ESP32-S3 por serial
2025-05-31 17:21:57,208 [INFO] Lectura datos climáticos NASA
2025-05-31 17:21:57,210 [INFO] Datos JSON preparados para envío
2025-05-31 17:21:58,263 [INFO] Lectura BMP390
2025-05-31 17:21:58,444 [INFO] Lectura LTR390
2025-05-31 17:21:58,449 [INFO] Lectura desde ESP32-S3 por serial
2025-05-31 17:22:02,055 [INFO] Lectura datos climáticos NASA
2025-05-31 17:22:02,057 [INFO] Datos JSON preparados para envío
2025-05-31 17:22:03,108 [INFO] Lectura BMP390
2025-05-31 17:22:03,290 [INFO] Lectura LTR390
2025-05-31 17:22:03,294 [INFO] Lectura desde ESP32-S3 por serial
2025-05-31 17:22:08,254 [INFO] Lectura datos climáticos NASA
2025-05-31 17:22:08,256 [INFO] Datos JSON preparados para envío
2025-05-31 17:22:09,311 [INFO] Lectura BMP390
2025-05-31 17:22:09,492 [INFO] Lectura LTR390
2025-05-31 17:22:09,498 [INFO] Lectura desde ESP32-S3 por serial
2025-05-31 17:22:12,829 [INFO] Lectura datos climáticos NASA
2025-05-31 17:22:12,832 [INFO] Datos JSON preparados para envío
2025-05-31 17:22:13,883 [INFO] Lectura BMP390
2025-05-31 17:22:14,064 [INFO] Lectura LTR390
2025-05-31 17:22:14,067 [INFO] Lectura desde ESP32-S3 por serial
2025-05-31 17:22:17,510 [INFO] Lectura datos climáticos NASA
2025-05-31 17:22:17,515 [INFO] Datos JSON preparados para envío
2025-05-31 17:22:18,568 [INFO] Lectura BMP390
2025-05-31 17:22:18,752 [INFO] Lectura LTR390
2025-05-31 17:22:18,758 [INFO] Lectura desde ESP32-S3 por serial
2025-05-31 17:22:23,306 [INFO] Lectura datos climáticos NASA
2025-05-31 17:22:23,311 [INFO] Datos JSON preparados para envío
2025-05-31 17:22:24,364 [INFO] Lectura BMP390
2025-05-31 17:22:24,545 [INFO] Lectura LTR390
2025-05-31 17:22:24,551 [INFO] Lectura desde ESP32-S3 por serial
2025-05-31 17:22:29,176 [INFO] Lectura datos climáticos NASA
2025-05-31 17:22:29,178 [INFO] Datos JSON preparados para envío
2025-05-31 17:22:30,230 [INFO] Lectura BMP390
2025-05-31 17:22:30,413 [INFO] Lectura LTR390
2025-05-31 17:22:30,419 [INFO] Lectura desde ESP32-S3 por serial
2025-05-31 17:22:34,831 [INFO] Lectura datos climáticos NASA
2025-05-31 17:22:34,834 [INFO] Datos JSON preparados para envío
2025-05-31 17:22:35,887 [INFO] Lectura BMP390
2025-05-31 17:22:36,076 [INFO] Lectura LTR390
2025-05-31 17:22:36,082 [INFO] Lectura desde ESP32-S3 por serial
2025-05-31 17:22:39,499 [INFO] Lectura datos climáticos NASA
2025-05-31 17:22:39,501 [INFO] Datos JSON preparados para envío
2025-05-31 17:22:40,555 [INFO] Lectura BMP390
2025-05-31 17:22:40,740 [INFO] Lectura LTR390
2025-05-31 17:22:40,746 [INFO] Lectura desde ESP32-S3 por serial
2025-05-31 17:22:44,856 [INFO] Lectura datos climáticos NASA
2025-05-31 17:22:44,860 [INFO] Datos JSON preparados para envío
2025-05-31 17:22:45,914 [INFO] Lectura BMP390
2025-05-31 17:22:46,093 [INFO] Lectura LTR390
2025-05-31 17:22:46,100 [INFO] Lectura desde ESP32-S3 por serial
2025-05-31 17:22:50,310 [INFO] Lectura datos climáticos NASA
2025-05-31 17:22:50,312 [INFO] Datos JSON preparados para envío
2025-05-31 17:22:51,361 [INFO] Lectura BMP390
2025-05-31 17:22:51,539 [INFO] Lectura LTR390
2025-05-31 17:22:51,543 [INFO] Lectura desde ESP32-S3 por serial
2025-05-31 17:22:55,387 [INFO] Lectura datos climáticos NASA
2025-05-31 17:22:55,390 [INFO] Datos JSON preparados para envío
2025-05-31 17:22:56,444 [INFO] Lectura BMP390
2025-05-31 17:22:56,628 [INFO] Lectura LTR390
2025-05-31 17:22:56,634 [INFO] Lectura desde ESP32-S3 por serial
2025-05-31 17:23:00,121 [INFO] Lectura datos climáticos NASA
2025-05-31 17:23:00,124 [INFO] Datos JSON preparados para envío
2025-05-31 17:23:01,177 [INFO] Lectura BMP390
2025-05-31 17:23:01,357 [INFO] Lectura LTR390
2025-05-31 17:23:01,364 [INFO] Lectura desde ESP32-S3 por serial
2025-05-31 17:23:04,700 [INFO] Lectura datos climáticos NASA
2025-05-31 17:23:04,703 [INFO] Datos JSON preparados para envío
2025-05-31 17:23:05,756 [INFO] Lectura BMP390
2025-05-31 17:23:05,939 [INFO] Lectura LTR390
2025-05-31 17:23:05,947 [INFO] Lectura desde ESP32-S3 por serial
2025-05-31 17:23:10,576 [INFO] Lectura datos climáticos NASA
2025-05-31 17:23:10,580 [INFO] Datos JSON preparados para envío
2025-05-31 17:23:11,633 [INFO] Lectura BMP390
2025-05-31 17:23:11,813 [INFO] Lectura LTR390
2025-05-31 17:23:11,820 [INFO] Lectura desde ESP32-S3 por serial
2025-05-31 17:23:15,323 [INFO] Lectura datos climáticos NASA
2025-05-31 17:23:15,325 [INFO] Datos JSON preparados para envío
2025-05-31 17:23:16,374 [INFO] Lectura BMP390
2025-05-31 17:23:16,551 [INFO] Lectura LTR390
2025-05-31 17:23:16,553 [INFO] Lectura desde ESP32-S3 por serial
2025-05-31 17:23:20,022 [INFO] Lectura datos climáticos NASA
2025-05-31 17:23:20,027 [INFO] Datos JSON preparados para envío
2025-05-31 17:23:21,082 [INFO] Lectura BMP390
2025-05-31 17:23:21,264 [INFO] Lectura LTR390
2025-05-31 17:23:21,270 [INFO] Lectura desde ESP32-S3 por serial
2025-05-31 17:23:25,473 [INFO] Lectura datos climáticos NASA
2025-05-31 17:23:25,476 [INFO] Datos JSON preparados para envío
2025-05-31 17:23:26,531 [INFO] Lectura BMP390
2025-05-31 17:23:26,710 [INFO] Lectura LTR390
2025-05-31 17:23:26,713 [INFO] Lectura desde ESP32-S3 por serial
2025-05-31 17:23:29,928 [INFO] Lectura datos climáticos NASA
2025-05-31 17:23:29,931 [INFO] Datos JSON preparados para envío
2025-05-31 17:23:30,983 [INFO] Lectura BMP390
2025-05-31 17:23:31,166 [INFO] Lectura LTR390
2025-05-31 17:23:31,172 [INFO] Lectura desde ESP32-S3 por serial
2025-05-31 17:23:34,601 [INFO] Lectura datos climáticos NASA
2025-05-31 17:23:34,604 [INFO] Datos JSON preparados para envío
2025-05-31 17:23:35,661 [INFO] Lectura BMP390
2025-05-31 17:23:35,841 [INFO] Lectura LTR390
2025-05-31 17:23:35,846 [INFO] Lectura desde ESP32-S3 por serial
2025-05-31 17:23:39,812 [INFO] Lectura datos climáticos NASA
2025-05-31 17:23:39,813 [INFO] Datos JSON preparados para envío
2025-05-31 17:23:40,864 [INFO] Lectura BMP390
2025-05-31 17:23:41,041 [INFO] Lectura LTR390
2025-05-31 17:23:41,046 [INFO] Lectura desde ESP32-S3 por serial
2025-05-31 17:23:45,607 [INFO] Lectura datos climáticos NASA
2025-05-31 17:23:45,610 [INFO] Datos JSON preparados para envío
2025-05-31 17:23:46,663 [INFO] Lectura BMP390
2025-05-31 17:23:46,844 [INFO] Lectura LTR390
2025-05-31 17:23:46,850 [INFO] Lectura desde ESP32-S3 por serial
2025-05-31 17:23:51,668 [INFO] Lectura datos climáticos NASA
2025-05-31 17:23:51,672 [INFO] Datos JSON preparados para envío
2025-05-31 17:23:52,723 [INFO] Lectura BMP390
2025-05-31 17:23:52,900 [INFO] Lectura LTR390
2025-05-31 17:23:52,903 [INFO] Lectura desde ESP32-S3 por serial
2025-05-31 17:23:57,196 [INFO] Lectura datos climáticos NASA
2025-05-31 17:23:57,198 [INFO] Datos JSON preparados para envío
2025-05-31 17:23:58,251 [INFO] Lectura BMP390
2025-05-31 17:23:58,437 [INFO] Lectura LTR390
2025-05-31 17:23:58,442 [INFO] Lectura desde ESP32-S3 por serial
2025-05-31 17:24:01,921 [INFO] Lectura datos climáticos NASA
2025-05-31 17:24:01,924 [INFO] Datos JSON preparados para envío
2025-05-31 17:24:02,978 [INFO] Lectura BMP390
2025-05-31 17:24:03,157 [INFO] Lectura LTR390
2025-05-31 17:24:03,160 [INFO] Lectura desde ESP32-S3 por serial
2025-05-31 17:24:06,574 [INFO] Lectura datos climáticos NASA
2025-05-31 17:24:06,577 [INFO] Datos JSON preparados para envío
2025-05-31 17:24:07,627 [INFO] Lectura BMP390
2025-05-31 17:24:07,813 [INFO] Lectura LTR390
2025-05-31 17:24:07,820 [INFO] Lectura desde ESP32-S3 por serial
2025-05-31 17:24:12,038 [INFO] Lectura datos climáticos NASA
2025-05-31 17:24:12,041 [INFO] Datos JSON preparados para envío
2025-05-31 17:24:13,093 [INFO] Lectura BMP390
2025-05-31 17:24:13,273 [INFO] Lectura LTR390
2025-05-31 17:24:13,278 [INFO] Lectura desde ESP32-S3 por serial
2025-05-31 17:24:17,355 [INFO] Lectura datos climáticos NASA
2025-05-31 17:24:17,358 [INFO] Datos JSON preparados para envío
2025-05-31 17:24:18,412 [INFO] Lectura BMP390
2025-05-31 17:24:18,591 [INFO] Lectura LTR390
2025-05-31 17:24:18,597 [INFO] Lectura desde ESP32-S3 por serial
2025-05-31 17:24:22,883 [INFO] Lectura datos climáticos NASA
2025-05-31 17:24:22,892 [INFO] Datos JSON preparados para envío
2025-05-31 17:24:23,948 [INFO] Lectura BMP390
2025-05-31 17:24:24,128 [INFO] Lectura LTR390
2025-05-31 17:24:24,133 [INFO] Lectura desde ESP32-S3 por serial
2025-05-31 17:24:27,892 [INFO] Lectura datos climáticos NASA
2025-05-31 17:24:27,905 [INFO] Datos JSON preparados para envío
2025-05-31 17:24:28,954 [INFO] Lectura BMP390
2025-05-31 17:24:29,134 [INFO] Lectura LTR390
2025-05-31 17:24:29,137 [INFO] Lectura desde ESP32-S3 por serial
2025-05-31 17:24:32,825 [INFO] Lectura datos climáticos NASA
2025-05-31 17:24:32,828 [INFO] Datos JSON preparados para envío
2025-05-31 17:24:33,886 [INFO] Lectura BMP390
2025-05-31 17:24:34,066 [INFO] Lectura LTR390
2025-05-31 17:24:34,072 [INFO] Lectura desde ESP32-S3 por serial
2025-05-31 17:24:38,357 [INFO] Lectura datos climáticos NASA
2025-05-31 17:24:38,360 [INFO] Datos JSON preparados para envío
2025-05-31 17:24:39,419 [INFO] Lectura BMP390
2025-05-31 17:24:39,599 [INFO] Lectura LTR390
2025-05-31 17:24:39,603 [INFO] Lectura desde ESP32-S3 por serial
2025-05-31 17:24:42,814 [INFO] Lectura datos climáticos NASA
2025-05-31 17:24:42,821 [INFO] Datos JSON preparados para envío
2025-05-31 17:24:43,874 [INFO] Lectura BMP390
2025-05-31 17:24:44,054 [INFO] Lectura LTR390
2025-05-31 17:24:44,060 [INFO] Lectura desde ESP32-S3 por serial
2025-05-31 17:24:47,750 [INFO] Lectura datos climáticos NASA
2025-05-31 17:24:47,753 [INFO] Datos JSON preparados para envío
2025-05-31 17:24:48,809 [INFO] Lectura BMP390
2025-05-31 17:24:48,989 [INFO] Lectura LTR390
2025-05-31 17:24:48,995 [INFO] Lectura desde ESP32-S3 por serial
2025-05-31 17:24:53,476 [INFO] Lectura datos climáticos NASA
2025-05-31 17:24:53,477 [INFO] Datos JSON preparados para envío
2025-05-31 17:24:54,534 [INFO] Lectura BMP390
2025-05-31 17:24:54,715 [INFO] Lectura LTR390
2025-05-31 17:24:54,722 [INFO] Lectura desde ESP32-S3 por serial
2025-05-31 17:25:00,028 [INFO] Lectura datos climáticos NASA
2025-05-31 17:25:00,031 [INFO] Datos JSON preparados para envío
2025-05-31 17:25:01,085 [INFO] Lectura BMP390
2025-05-31 17:25:01,269 [INFO] Lectura LTR390
2025-05-31 17:25:01,274 [INFO] Lectura desde ESP32-S3 por serial
2025-05-31 17:25:04,631 [INFO] Lectura datos climáticos NASA
2025-05-31 17:25:04,633 [INFO] Datos JSON preparados para envío
2025-05-31 17:25:05,683 [INFO] Lectura BMP390
2025-05-31 17:25:05,860 [INFO] Lectura LTR390
2025-05-31 17:25:05,864 [INFO] Lectura desde ESP32-S3 por serial
2025-05-31 17:25:09,953 [INFO] Lectura datos climáticos NASA
2025-05-31 17:25:09,955 [INFO] Datos JSON preparados para envío
2025-05-31 17:25:11,009 [INFO] Lectura BMP390
2025-05-31 17:25:11,188 [INFO] Lectura LTR390
2025-05-31 17:25:11,194 [INFO] Lectura desde ESP32-S3 por serial
2025-05-31 17:25:15,073 [INFO] Lectura datos climáticos NASA
2025-05-31 17:25:15,076 [INFO] Datos JSON preparados para envío
2025-05-31 17:25:16,127 [INFO] Lectura BMP390
2025-05-31 17:25:16,304 [INFO] Lectura LTR390
2025-05-31 17:25:16,306 [INFO] Lectura desde ESP32-S3 por serial
2025-05-31 17:25:19,684 [INFO] Lectura datos climáticos NASA
2025-05-31 17:25:19,686 [INFO] Datos JSON preparados para envío
2025-05-31 17:25:20,739 [INFO] Lectura BMP390
2025-05-31 17:25:20,921 [INFO] Lectura LTR390
2025-05-31 17:25:20,927 [INFO] Lectura desde ESP32-S3 por serial
2025-05-31 17:25:31,410 [ERROR] Error al leer datos climáticos NASA
2025-05-31 17:25:31,412 [INFO] Datos JSON preparados para envío
2025-05-31 17:25:32,464 [INFO] Lectura BMP390
2025-05-31 17:25:32,645 [INFO] Lectura LTR390
2025-05-31 17:25:32,651 [INFO] Lectura desde ESP32-S3 por serial
2025-05-31 17:25:36,422 [INFO] Lectura datos climáticos NASA
2025-05-31 17:25:36,427 [INFO] Datos JSON preparados para envío
2025-05-31 17:25:37,481 [INFO] Lectura BMP390
2025-05-31 17:25:37,662 [INFO] Lectura LTR390
2025-05-31 17:25:37,668 [INFO] Lectura desde ESP32-S3 por serial
2025-05-31 17:25:41,486 [INFO] Lectura datos climáticos NASA
2025-05-31 17:25:41,495 [INFO] Datos JSON preparados para envío
2025-05-31 17:25:42,550 [INFO] Lectura BMP390
2025-05-31 17:25:42,730 [INFO] Lectura LTR390
2025-05-31 17:25:42,736 [INFO] Lectura desde ESP32-S3 por serial
2025-05-31 17:25:46,487 [INFO] Lectura datos climáticos NASA
2025-05-31 17:25:46,494 [INFO] Datos JSON preparados para envío
2025-05-31 17:25:47,547 [INFO] Lectura BMP390
2025-05-31 17:25:47,727 [INFO] Lectura LTR390
2025-05-31 17:25:47,734 [INFO] Lectura desde ESP32-S3 por serial
2025-05-31 17:25:51,866 [INFO] Lectura datos climáticos NASA
2025-05-31 17:25:51,869 [INFO] Datos JSON preparados para envío
2025-05-31 17:25:52,920 [INFO] Lectura BMP390
2025-05-31 17:25:53,100 [INFO] Lectura LTR390
2025-05-31 17:25:53,103 [INFO] Lectura desde ESP32-S3 por serial
2025-05-31 17:25:59,387 [INFO] Lectura datos climáticos NASA
2025-05-31 17:25:59,390 [INFO] Datos JSON preparados para envío
2025-05-31 17:26:00,448 [INFO] Lectura BMP390
2025-05-31 17:26:00,629 [INFO] Lectura LTR390
2025-05-31 17:26:00,635 [INFO] Lectura desde ESP32-S3 por serial
2025-05-31 17:26:04,190 [INFO] Lectura datos climáticos NASA
2025-05-31 17:26:04,198 [INFO] Datos JSON preparados para envío
2025-05-31 17:26:05,248 [INFO] Lectura BMP390
2025-05-31 17:26:05,424 [INFO] Lectura LTR390
2025-05-31 17:26:05,427 [INFO] Lectura desde ESP32-S3 por serial
2025-05-31 17:26:09,070 [INFO] Lectura datos climáticos NASA
2025-05-31 17:26:09,072 [INFO] Datos JSON preparados para envío
2025-05-31 17:26:10,126 [INFO] Lectura BMP390
2025-05-31 17:26:10,307 [INFO] Lectura LTR390
2025-05-31 17:26:10,312 [INFO] Lectura desde ESP32-S3 por serial
2025-05-31 17:26:13,739 [INFO] Lectura datos climáticos NASA
2025-05-31 17:26:13,742 [INFO] Datos JSON preparados para envío
2025-05-31 17:26:14,795 [INFO] Lectura BMP390
2025-05-31 17:26:14,974 [INFO] Lectura LTR390
2025-05-31 17:26:14,979 [INFO] Lectura desde ESP32-S3 por serial
2025-05-31 17:26:18,719 [INFO] Lectura datos climáticos NASA
2025-05-31 17:26:18,720 [INFO] Datos JSON preparados para envío
2025-05-31 17:26:19,774 [INFO] Lectura BMP390
2025-05-31 17:26:19,955 [INFO] Lectura LTR390
2025-05-31 17:26:19,964 [INFO] Lectura desde ESP32-S3 por serial
2025-05-31 17:26:23,447 [INFO] Lectura datos climáticos NASA
2025-05-31 17:26:23,450 [INFO] Datos JSON preparados para envío
2025-05-31 17:26:24,504 [INFO] Lectura BMP390
2025-05-31 17:26:24,684 [INFO] Lectura LTR390
2025-05-31 17:26:24,691 [INFO] Lectura desde ESP32-S3 por serial
2025-05-31 17:26:29,730 [INFO] Lectura datos climáticos NASA
2025-05-31 17:26:29,732 [INFO] Datos JSON preparados para envío
2025-05-31 17:26:30,784 [INFO] Lectura BMP390
2025-05-31 17:26:30,961 [INFO] Lectura LTR390
2025-05-31 17:26:30,965 [INFO] Lectura desde ESP32-S3 por serial
2025-05-31 17:26:34,995 [INFO] Lectura datos climáticos NASA
2025-05-31 17:26:34,998 [INFO] Datos JSON preparados para envío
2025-05-31 17:26:36,050 [INFO] Lectura BMP390
2025-05-31 17:26:36,230 [INFO] Lectura LTR390
2025-05-31 17:26:36,235 [INFO] Lectura desde ESP32-S3 por serial
2025-05-31 17:26:39,586 [INFO] Lectura datos climáticos NASA
2025-05-31 17:26:39,591 [INFO] Datos JSON preparados para envío
2025-05-31 17:26:40,645 [INFO] Lectura BMP390
2025-05-31 17:26:40,828 [INFO] Lectura LTR390
2025-05-31 17:26:40,834 [INFO] Lectura desde ESP32-S3 por serial
2025-05-31 17:26:45,212 [INFO] Lectura datos climáticos NASA
2025-05-31 17:26:45,214 [INFO] Datos JSON preparados para envío
2025-05-31 17:26:46,270 [INFO] Lectura BMP390
2025-05-31 17:26:46,450 [INFO] Lectura LTR390
2025-05-31 17:26:46,455 [INFO] Lectura desde ESP32-S3 por serial
2025-05-31 17:26:56,552 [INFO] Lectura datos climáticos NASA
2025-05-31 17:26:56,555 [INFO] Datos JSON preparados para envío
2025-05-31 17:26:57,606 [INFO] Lectura BMP390
2025-05-31 17:26:57,787 [INFO] Lectura LTR390
2025-05-31 17:26:57,792 [INFO] Lectura desde ESP32-S3 por serial
2025-05-31 17:27:01,191 [INFO] Lectura datos climáticos NASA
2025-05-31 17:27:01,194 [INFO] Datos JSON preparados para envío
2025-05-31 17:27:02,246 [INFO] Lectura BMP390
2025-05-31 17:27:02,427 [INFO] Lectura LTR390
2025-05-31 17:27:02,433 [INFO] Lectura desde ESP32-S3 por serial
2025-05-31 17:27:06,408 [INFO] Lectura datos climáticos NASA
2025-05-31 17:27:06,410 [INFO] Datos JSON preparados para envío
2025-05-31 17:27:07,466 [INFO] Lectura BMP390
2025-05-31 17:27:07,646 [INFO] Lectura LTR390
2025-05-31 17:27:07,652 [INFO] Lectura desde ESP32-S3 por serial
2025-05-31 17:27:11,846 [INFO] Lectura datos climáticos NASA
2025-05-31 17:27:11,849 [INFO] Datos JSON preparados para envío
2025-05-31 17:27:12,904 [INFO] Lectura BMP390
2025-05-31 17:27:13,086 [INFO] Lectura LTR390
2025-05-31 17:27:13,093 [INFO] Lectura desde ESP32-S3 por serial
2025-05-31 17:27:16,748 [INFO] Lectura datos climáticos NASA
2025-05-31 17:27:16,751 [INFO] Datos JSON preparados para envío
2025-05-31 17:27:17,801 [INFO] Lectura BMP390
2025-05-31 17:27:17,977 [INFO] Lectura LTR390
2025-05-31 17:27:17,980 [INFO] Lectura desde ESP32-S3 por serial
2025-05-31 17:27:22,375 [INFO] Lectura datos climáticos NASA
2025-05-31 17:27:22,382 [INFO] Datos JSON preparados para envío
2025-05-31 17:27:23,435 [INFO] Lectura BMP390
2025-05-31 17:27:23,617 [INFO] Lectura LTR390
2025-05-31 17:27:23,623 [INFO] Lectura desde ESP32-S3 por serial
2025-05-31 17:27:27,084 [INFO] Lectura datos climáticos NASA
2025-05-31 17:27:27,086 [INFO] Datos JSON preparados para envío
2025-05-31 17:27:28,139 [INFO] Lectura BMP390
2025-05-31 17:27:28,319 [INFO] Lectura LTR390
2025-05-31 17:27:28,325 [INFO] Lectura desde ESP32-S3 por serial
2025-05-31 17:27:36,458 [INFO] Lectura datos climáticos NASA
2025-05-31 17:27:36,462 [INFO] Datos JSON preparados para envío
2025-05-31 17:27:37,514 [INFO] Lectura BMP390
2025-05-31 17:27:37,694 [INFO] Lectura LTR390
2025-05-31 17:27:37,699 [INFO] Lectura desde ESP32-S3 por serial
2025-05-31 17:27:41,765 [INFO] Lectura datos climáticos NASA
2025-05-31 17:27:41,769 [INFO] Datos JSON preparados para envío
2025-05-31 17:27:42,819 [INFO] Lectura BMP390
2025-05-31 17:27:42,996 [INFO] Lectura LTR390
2025-05-31 17:27:43,000 [INFO] Lectura desde ESP32-S3 por serial
2025-05-31 17:27:46,525 [INFO] Lectura datos climáticos NASA
2025-05-31 17:27:46,530 [INFO] Datos JSON preparados para envío
2025-05-31 17:27:47,582 [INFO] Lectura BMP390
2025-05-31 17:27:47,768 [INFO] Lectura LTR390
2025-05-31 17:27:47,774 [INFO] Lectura desde ESP32-S3 por serial
2025-05-31 17:27:51,054 [INFO] Lectura datos climáticos NASA
2025-05-31 17:27:51,059 [INFO] Datos JSON preparados para envío
2025-05-31 17:27:52,112 [INFO] Lectura BMP390
2025-05-31 17:27:52,298 [INFO] Lectura LTR390
2025-05-31 17:27:52,303 [INFO] Lectura desde ESP32-S3 por serial
2025-05-31 17:27:55,586 [INFO] Lectura datos climáticos NASA
2025-05-31 17:27:55,588 [INFO] Datos JSON preparados para envío
2025-05-31 17:27:56,639 [INFO] Lectura BMP390
2025-05-31 17:27:56,819 [INFO] Lectura LTR390
2025-05-31 17:27:56,825 [INFO] Lectura desde ESP32-S3 por serial
2025-05-31 17:27:59,829 [INFO] Lectura datos climáticos NASA
2025-05-31 17:27:59,832 [INFO] Datos JSON preparados para envío
2025-05-31 17:28:00,888 [INFO] Lectura BMP390
2025-05-31 17:28:01,068 [INFO] Lectura LTR390
2025-05-31 17:28:01,074 [INFO] Lectura desde ESP32-S3 por serial
2025-05-31 17:28:05,337 [INFO] Lectura datos climáticos NASA
2025-05-31 17:28:05,339 [INFO] Datos JSON preparados para envío
2025-05-31 17:28:06,393 [INFO] Lectura BMP390
2025-05-31 17:28:06,571 [INFO] Lectura LTR390
2025-05-31 17:28:06,573 [INFO] Lectura desde ESP32-S3 por serial
2025-05-31 17:28:10,435 [INFO] Lectura datos climáticos NASA
2025-05-31 17:28:10,438 [INFO] Datos JSON preparados para envío
2025-05-31 17:28:11,496 [INFO] Lectura BMP390
2025-05-31 17:28:11,675 [INFO] Lectura LTR390
2025-05-31 17:28:11,682 [INFO] Lectura desde ESP32-S3 por serial
2025-05-31 17:28:14,855 [INFO] Lectura datos climáticos NASA
2025-05-31 17:28:14,858 [INFO] Datos JSON preparados para envío
2025-05-31 17:28:15,916 [INFO] Lectura BMP390
2025-05-31 17:28:16,097 [INFO] Lectura LTR390
2025-05-31 17:28:16,103 [INFO] Lectura desde ESP32-S3 por serial
2025-05-31 17:28:20,190 [INFO] Lectura datos climáticos NASA
2025-05-31 17:28:20,192 [INFO] Datos JSON preparados para envío
2025-05-31 17:28:21,244 [INFO] Lectura BMP390
2025-05-31 17:28:21,426 [INFO] Lectura LTR390
2025-05-31 17:28:21,433 [INFO] Lectura desde ESP32-S3 por serial
2025-05-31 17:28:24,884 [INFO] Lectura datos climáticos NASA
2025-05-31 17:28:24,887 [INFO] Datos JSON preparados para envío
2025-05-31 17:28:25,939 [INFO] Lectura BMP390
2025-05-31 17:28:26,120 [INFO] Lectura LTR390
2025-05-31 17:28:26,126 [INFO] Lectura desde ESP32-S3 por serial
2025-05-31 17:28:29,418 [INFO] Lectura datos climáticos NASA
2025-05-31 17:28:29,421 [INFO] Datos JSON preparados para envío
2025-05-31 17:28:30,477 [INFO] Lectura BMP390
2025-05-31 17:28:30,659 [INFO] Lectura LTR390
2025-05-31 17:28:30,662 [INFO] Lectura desde ESP32-S3 por serial
2025-05-31 17:28:35,452 [INFO] Lectura datos climáticos NASA
2025-05-31 17:28:35,455 [INFO] Datos JSON preparados para envío
2025-05-31 17:28:36,508 [INFO] Lectura BMP390
2025-05-31 17:28:36,693 [INFO] Lectura LTR390
2025-05-31 17:28:36,700 [INFO] Lectura desde ESP32-S3 por serial
2025-05-31 17:28:38,971 [INFO] 10.42.0.248 - - [31/May/2025 17:28:38] "GET /datos HTTP/1.1" 200 -
2025-05-31 17:28:39,200 [INFO] 10.42.0.248 - - [31/May/2025 17:28:39] "[33mGET /favicon.ico HTTP/1.1[0m" 404 -
2025-05-31 17:28:40,761 [INFO] Lectura datos climáticos NASA
2025-05-31 17:28:40,764 [INFO] Datos JSON preparados para envío
2025-05-31 17:28:41,817 [INFO] Lectura BMP390
2025-05-31 17:28:42,005 [INFO] Lectura LTR390
2025-05-31 17:28:42,011 [INFO] Lectura desde ESP32-S3 por serial
2025-05-31 17:28:45,366 [INFO] Lectura datos climáticos NASA
2025-05-31 17:28:45,369 [INFO] Datos JSON preparados para envío
2025-05-31 17:28:46,422 [INFO] Lectura BMP390
2025-05-31 17:28:46,605 [INFO] Lectura LTR390
2025-05-31 17:28:46,611 [INFO] Lectura desde ESP32-S3 por serial
2025-05-31 17:28:50,277 [INFO] Lectura datos climáticos NASA
2025-05-31 17:28:50,280 [INFO] Datos JSON preparados para envío
2025-05-31 17:28:51,334 [INFO] Lectura BMP390
2025-05-31 17:28:51,515 [INFO] Lectura LTR390
2025-05-31 17:28:51,520 [INFO] Lectura desde ESP32-S3 por serial
2025-05-31 17:28:55,289 [INFO] Lectura datos climáticos NASA
2025-05-31 17:28:55,290 [INFO] Datos JSON preparados para envío
2025-05-31 17:28:56,340 [INFO] Lectura BMP390
2025-05-31 17:28:56,516 [INFO] Lectura LTR390
2025-05-31 17:28:56,519 [INFO] Lectura desde ESP32-S3 por serial
2025-05-31 17:29:00,147 [INFO] Lectura datos climáticos NASA
2025-05-31 17:29:00,149 [INFO] Datos JSON preparados para envío
2025-05-31 17:29:01,201 [INFO] Lectura BMP390
2025-05-31 17:29:01,383 [INFO] Lectura LTR390
2025-05-31 17:29:01,390 [INFO] Lectura desde ESP32-S3 por serial
2025-05-31 17:29:04,798 [INFO] Lectura datos climáticos NASA
2025-05-31 17:29:04,801 [INFO] Datos JSON preparados para envío
2025-05-31 17:29:05,853 [INFO] Lectura BMP390
2025-05-31 17:29:06,033 [INFO] Lectura LTR390
2025-05-31 17:29:06,039 [INFO] Lectura desde ESP32-S3 por serial
2025-05-31 17:29:09,722 [INFO] Lectura datos climáticos NASA
2025-05-31 17:29:09,724 [INFO] Datos JSON preparados para envío
2025-05-31 17:29:10,778 [INFO] Lectura BMP390
2025-05-31 17:29:10,957 [INFO] Lectura LTR390
2025-05-31 17:29:10,964 [INFO] Lectura desde ESP32-S3 por serial
2025-05-31 17:29:14,635 [INFO] 10.42.0.248 - - [31/May/2025 17:29:14] "GET / HTTP/1.1" 200 -
2025-05-31 17:29:14,769 [INFO] Lectura datos climáticos NASA
2025-05-31 17:29:14,771 [INFO] Datos JSON preparados para envío
2025-05-31 17:29:15,824 [INFO] Lectura BMP390
2025-05-31 17:29:16,010 [INFO] Lectura LTR390
2025-05-31 17:29:16,016 [INFO] Lectura desde ESP32-S3 por serial
2025-05-31 17:29:19,371 [INFO] Lectura datos climáticos NASA
2025-05-31 17:29:19,374 [INFO] Datos JSON preparados para envío
2025-05-31 17:29:20,425 [INFO] Lectura BMP390
2025-05-31 17:29:20,607 [INFO] Lectura LTR390
2025-05-31 17:29:20,613 [INFO] Lectura desde ESP32-S3 por serial
2025-05-31 17:29:24,397 [INFO] Lectura datos climáticos NASA
2025-05-31 17:29:24,400 [INFO] Datos JSON preparados para envío
2025-05-31 17:29:25,452 [INFO] Lectura BMP390
2025-05-31 17:29:25,633 [INFO] Lectura LTR390
2025-05-31 17:29:25,639 [INFO] Lectura desde ESP32-S3 por serial
2025-05-31 17:29:28,819 [INFO] Lectura datos climáticos NASA
2025-05-31 17:29:28,822 [INFO] Datos JSON preparados para envío
2025-05-31 17:29:29,875 [INFO] Lectura BMP390
2025-05-31 17:29:30,056 [INFO] Lectura LTR390
2025-05-31 17:29:30,062 [INFO] Lectura desde ESP32-S3 por serial
2025-05-31 17:29:33,937 [INFO] Lectura datos climáticos NASA
2025-05-31 17:29:33,941 [INFO] Datos JSON preparados para envío
2025-05-31 17:29:34,995 [INFO] Lectura BMP390
2025-05-31 17:29:35,176 [INFO] Lectura LTR390
2025-05-31 17:29:35,181 [INFO] Lectura desde ESP32-S3 por serial
2025-05-31 17:29:38,959 [INFO] Lectura datos climáticos NASA
2025-05-31 17:29:38,961 [INFO] Datos JSON preparados para envío
2025-05-31 17:29:40,013 [INFO] Lectura BMP390
2025-05-31 17:29:40,208 [INFO] Lectura LTR390
2025-05-31 17:29:40,212 [INFO] Lectura desde ESP32-S3 por serial
2025-05-31 17:29:42,396 [INFO] Movimiento hacia adelante
2025-05-31 17:29:42,412 [INFO] 10.42.0.248 - - [31/May/2025 17:29:42] "POST /mover HTTP/1.1" 200 -
2025-05-31 17:29:43,431 [INFO] Lectura datos climáticos NASA
2025-05-31 17:29:43,434 [INFO] Datos JSON preparados para envío
2025-05-31 17:29:44,494 [INFO] Lectura BMP390
2025-05-31 17:29:44,684 [INFO] Lectura LTR390
2025-05-31 17:29:44,690 [INFO] Lectura desde ESP32-S3 por serial
2025-05-31 17:29:45,600 [INFO] Movimiento hacia adelante
2025-05-31 17:29:46,532 [INFO] 10.42.0.248 - - [31/May/2025 17:29:46] "GET / HTTP/1.1" 200 -
2025-05-31 17:29:48,642 [INFO] Lectura datos climáticos NASA
2025-05-31 17:29:48,644 [INFO] Datos JSON preparados para envío
2025-05-31 17:29:48,758 [INFO] Movimiento hacia adelante
2025-05-31 17:29:49,705 [INFO] Lectura BMP390
2025-05-31 17:29:49,893 [INFO] Lectura LTR390
2025-05-31 17:29:49,899 [INFO] Lectura desde ESP32-S3 por serial
2025-05-31 17:29:50,485 [INFO] 10.42.0.248 - - [31/May/2025 17:29:50] "GET /datos HTTP/1.1" 200 -
2025-05-31 17:29:51,915 [INFO] Movimiento hacia adelante
2025-05-31 17:29:53,163 [INFO] Lectura datos climáticos NASA
2025-05-31 17:29:53,166 [INFO] Datos JSON preparados para envío
2025-05-31 17:29:54,224 [INFO] Lectura BMP390
2025-05-31 17:29:54,420 [INFO] Lectura LTR390
2025-05-31 17:29:54,426 [INFO] Lectura desde ESP32-S3 por serial
2025-05-31 17:29:55,099 [INFO] Movimiento hacia adelante
2025-05-31 17:29:58,215 [INFO] Movimiento hacia adelante
2025-05-31 17:29:58,348 [INFO] Lectura datos climáticos NASA
2025-05-31 17:29:58,351 [INFO] Datos JSON preparados para envío
2025-05-31 17:29:59,409 [INFO] Lectura BMP390
2025-05-31 17:29:59,605 [INFO] Lectura LTR390
2025-05-31 17:29:59,611 [INFO] Lectura desde ESP32-S3 por serial
2025-05-31 17:30:01,376 [INFO] Movimiento hacia adelante
2025-05-31 17:30:03,814 [INFO] Lectura datos climáticos NASA
2025-05-31 17:30:03,816 [INFO] Datos JSON preparados para envío
2025-05-31 17:30:04,512 [INFO] Movimiento hacia adelante
2025-05-31 17:30:04,876 [INFO] Lectura BMP390
2025-05-31 17:30:05,070 [INFO] Lectura LTR390
2025-05-31 17:30:05,076 [INFO] Lectura desde ESP32-S3 por serial
2025-05-31 17:30:07,702 [INFO] Movimiento hacia adelante
2025-05-31 17:30:09,816 [INFO] Lectura datos climáticos NASA
2025-05-31 17:30:09,818 [INFO] Datos JSON preparados para envío
2025-05-31 17:30:10,859 [INFO] Movimiento hacia adelante
2025-05-31 17:30:10,874 [INFO] Lectura BMP390
2025-05-31 17:30:11,070 [INFO] Lectura LTR390
2025-05-31 17:30:11,076 [INFO] Lectura desde ESP32-S3 por serial
2025-05-31 17:30:13,988 [INFO] Movimiento hacia adelante
2025-05-31 17:30:14,603 [INFO] Lectura datos climáticos NASA
2025-05-31 17:30:14,605 [INFO] Datos JSON preparados para envío
2025-05-31 17:30:15,666 [INFO] Lectura BMP390
2025-05-31 17:30:15,861 [INFO] Lectura LTR390
2025-05-31 17:30:15,867 [INFO] Lectura desde ESP32-S3 por serial
2025-05-31 17:30:17,146 [INFO] Movimiento hacia adelante
2025-05-31 17:30:19,931 [INFO] Lectura datos climáticos NASA
2025-05-31 17:30:19,933 [INFO] Datos JSON preparados para envío
2025-05-31 17:30:20,305 [INFO] Movimiento hacia adelante
2025-05-31 17:30:20,993 [INFO] Lectura BMP390
2025-05-31 17:30:21,183 [INFO] Lectura LTR390
2025-05-31 17:30:21,191 [INFO] Lectura desde ESP32-S3 por serial
2025-05-31 17:30:23,492 [INFO] Movimiento hacia adelante
2025-05-31 17:30:24,762 [INFO] Lectura datos climáticos NASA
2025-05-31 17:30:24,763 [INFO] Datos JSON preparados para envío
2025-05-31 17:30:25,816 [INFO] Lectura BMP390
2025-05-31 17:30:26,008 [INFO] Lectura LTR390
2025-05-31 17:30:26,014 [INFO] Lectura desde ESP32-S3 por serial
2025-05-31 17:30:26,594 [INFO] Movimiento hacia adelante
2025-05-31 17:30:29,720 [INFO] Movimiento hacia adelante
2025-05-31 17:30:30,473 [INFO] Lectura datos climáticos NASA
2025-05-31 17:30:30,476 [INFO] Datos JSON preparados para envío
2025-05-31 17:30:31,535 [INFO] Lectura BMP390
2025-05-31 17:30:31,724 [INFO] Lectura LTR390
2025-05-31 17:30:31,731 [INFO] Lectura desde ESP32-S3 por serial
2025-05-31 17:30:32,915 [INFO] Movimiento hacia adelante
2025-05-31 17:30:35,210 [INFO] Lectura datos climáticos NASA
2025-05-31 17:30:35,213 [INFO] Datos JSON preparados para envío
2025-05-31 17:30:36,065 [INFO] Movimiento hacia adelante
2025-05-31 17:30:36,271 [INFO] Lectura BMP390
2025-05-31 17:30:36,467 [INFO] Lectura LTR390
2025-05-31 17:30:36,473 [INFO] Lectura desde ESP32-S3 por serial
2025-05-31 17:30:39,155 [INFO] Movimiento hacia adelante
2025-05-31 17:30:40,418 [INFO] Lectura datos climáticos NASA
2025-05-31 17:30:40,421 [INFO] Datos JSON preparados para envío
2025-05-31 17:30:41,479 [INFO] Lectura BMP390
2025-05-31 17:30:41,674 [INFO] Lectura LTR390
2025-05-31 17:30:41,681 [INFO] Lectura desde ESP32-S3 por serial
2025-05-31 17:30:42,349 [INFO] Movimiento hacia adelante
2025-05-31 17:30:45,127 [INFO] Lectura datos climáticos NASA
2025-05-31 17:30:45,130 [INFO] Datos JSON preparados para envío
2025-05-31 17:30:45,512 [INFO] Movimiento hacia adelante
2025-05-31 17:30:46,192 [INFO] Lectura BMP390
2025-05-31 17:30:46,386 [INFO] Lectura LTR390
2025-05-31 17:30:46,392 [INFO] Lectura desde ESP32-S3 por serial
2025-05-31 17:30:48,682 [INFO] Movimiento hacia adelante
2025-05-31 17:30:50,929 [INFO] Lectura datos climáticos NASA
2025-05-31 17:30:50,933 [INFO] Datos JSON preparados para envío
2025-05-31 17:30:51,788 [INFO] Movimiento hacia adelante
2025-05-31 17:30:51,993 [INFO] Lectura BMP390
2025-05-31 17:30:52,190 [INFO] Lectura LTR390
2025-05-31 17:30:52,195 [INFO] Lectura desde ESP32-S3 por serial
2025-05-31 17:30:54,976 [INFO] Movimiento hacia adelante
2025-05-31 17:30:55,651 [INFO] Lectura datos climáticos NASA
2025-05-31 17:30:55,653 [INFO] Datos JSON preparados para envío
2025-05-31 17:30:56,711 [INFO] Lectura BMP390
2025-05-31 17:30:56,907 [INFO] Lectura LTR390
2025-05-31 17:30:56,912 [INFO] Lectura desde ESP32-S3 por serial
2025-05-31 17:30:58,188 [INFO] Movimiento hacia adelante
2025-05-31 17:31:00,474 [INFO] Lectura datos climáticos NASA
2025-05-31 17:31:00,479 [INFO] Datos JSON preparados para envío
2025-05-31 17:31:01,330 [INFO] Movimiento hacia adelante
2025-05-31 17:31:01,538 [INFO] Lectura BMP390
2025-05-31 17:31:01,729 [INFO] Lectura LTR390
2025-05-31 17:31:01,733 [INFO] Lectura desde ESP32-S3 por serial
2025-05-31 17:31:04,453 [INFO] Movimiento hacia adelante
2025-05-31 17:31:05,268 [INFO] Lectura datos climáticos NASA
2025-05-31 17:31:05,270 [INFO] Datos JSON preparados para envío
2025-05-31 17:31:06,335 [INFO] Lectura BMP390
2025-05-31 17:31:06,530 [INFO] Lectura LTR390
2025-05-31 17:31:06,536 [INFO] Lectura desde ESP32-S3 por serial
2025-05-31 17:31:07,655 [INFO] Movimiento hacia adelante
2025-05-31 17:31:09,860 [INFO] Lectura datos climáticos NASA
2025-05-31 17:31:09,863 [INFO] Datos JSON preparados para envío
2025-05-31 17:31:10,808 [INFO] Movimiento hacia adelante
2025-05-31 17:31:10,924 [INFO] Lectura BMP390
2025-05-31 17:31:11,113 [INFO] Lectura LTR390
2025-05-31 17:31:11,119 [INFO] Lectura desde ESP32-S3 por serial
2025-05-31 17:31:13,975 [INFO] Movimiento hacia adelante
2025-05-31 17:31:14,872 [INFO] Lectura datos climáticos NASA
2025-05-31 17:31:14,873 [INFO] Datos JSON preparados para envío
2025-05-31 17:31:15,931 [INFO] Lectura BMP390
2025-05-31 17:31:16,118 [INFO] Lectura LTR390
2025-05-31 17:31:16,127 [INFO] Lectura desde ESP32-S3 por serial
2025-05-31 17:31:17,132 [INFO] Movimiento hacia adelante
2025-05-31 17:31:19,500 [INFO] Lectura datos climáticos NASA
2025-05-31 17:31:19,503 [INFO] Datos JSON preparados para envío
2025-05-31 17:31:20,287 [INFO] Movimiento hacia adelante
2025-05-31 17:31:20,561 [INFO] Lectura BMP390
2025-05-31 17:31:20,748 [INFO] Lectura LTR390
2025-05-31 17:31:20,754 [INFO] Lectura desde ESP32-S3 por serial
2025-05-31 17:31:23,480 [INFO] Movimiento hacia adelante
2025-05-31 17:31:25,214 [INFO] Lectura datos climáticos NASA
2025-05-31 17:31:25,216 [INFO] Datos JSON preparados para envío
2025-05-31 17:31:26,275 [INFO] Lectura BMP390
2025-05-31 17:31:26,471 [INFO] Lectura LTR390
2025-05-31 17:31:26,474 [INFO] Lectura desde ESP32-S3 por serial
2025-05-31 17:31:26,622 [INFO] Movimiento hacia adelante
2025-05-31 17:31:29,737 [INFO] Movimiento hacia adelante
2025-05-31 17:31:31,785 [INFO] Lectura datos climáticos NASA
2025-05-31 17:31:31,788 [INFO] Datos JSON preparados para envío
2025-05-31 17:31:32,840 [INFO] Lectura BMP390
2025-05-31 17:31:32,891 [INFO] Movimiento hacia adelante
2025-05-31 17:31:33,031 [INFO] Lectura LTR390
2025-05-31 17:31:33,039 [INFO] Lectura desde ESP32-S3 por serial
2025-05-31 17:31:36,048 [INFO] Movimiento hacia adelante
2025-05-31 17:31:38,103 [INFO] Lectura datos climáticos NASA
2025-05-31 17:31:38,104 [INFO] Datos JSON preparados para envío
2025-05-31 17:31:39,139 [INFO] Movimiento hacia adelante
2025-05-31 17:31:39,161 [INFO] Lectura BMP390
2025-05-31 17:31:39,358 [INFO] Lectura LTR390
2025-05-31 17:31:39,364 [INFO] Lectura desde ESP32-S3 por serial
2025-05-31 17:31:42,317 [INFO] Movimiento hacia adelante
2025-05-31 17:31:42,841 [INFO] Lectura datos climáticos NASA
2025-05-31 17:31:42,844 [INFO] Datos JSON preparados para envío
2025-05-31 17:31:43,903 [INFO] Lectura BMP390
2025-05-31 17:31:44,099 [INFO] Lectura LTR390
2025-05-31 17:31:44,105 [INFO] Lectura desde ESP32-S3 por serial
2025-05-31 17:31:44,762 [INFO] 192.168.95.170 - - [31/May/2025 17:31:44] "GET /datos HTTP/1.1" 200 -
2025-05-31 17:31:45,423 [INFO] 192.168.95.170 - - [31/May/2025 17:31:45] "[33mGET /favicon.ico HTTP/1.1[0m" 404 -
2025-05-31 17:31:45,528 [INFO] Movimiento hacia adelante
2025-05-31 17:31:47,827 [INFO] Lectura datos climáticos NASA
2025-05-31 17:31:47,830 [INFO] Datos JSON preparados para envío
2025-05-31 17:31:48,678 [INFO] Movimiento hacia adelante
2025-05-31 17:31:48,892 [INFO] Lectura BMP390
2025-05-31 17:31:49,081 [INFO] Lectura LTR390
2025-05-31 17:31:49,087 [INFO] Lectura desde ESP32-S3 por serial
2025-05-31 17:31:49,173 [INFO] 192.168.95.170 - - [31/May/2025 17:31:49] "GET / HTTP/1.1" 200 -
2025-05-31 17:31:51,734 [INFO] 192.168.95.170 - - [31/May/2025 17:31:51] "POST /mover HTTP/1.1" 200 -
2025-05-31 17:31:52,711 [INFO] Lectura datos climáticos NASA
2025-05-31 17:31:52,713 [INFO] Datos JSON preparados para envío
2025-05-31 17:31:53,295 [INFO] 192.168.95.170 - - [31/May/2025 17:31:53] "GET / HTTP/1.1" 200 -
2025-05-31 17:31:53,770 [INFO] Lectura BMP390
2025-05-31 17:31:53,950 [INFO] Lectura LTR390
2025-05-31 17:31:53,956 [INFO] Lectura desde ESP32-S3 por serial
2025-05-31 17:31:59,108 [INFO] Lectura datos climáticos NASA
2025-05-31 17:31:59,109 [INFO] Datos JSON preparados para envío
2025-05-31 17:32:00,164 [INFO] Lectura BMP390
2025-05-31 17:32:00,349 [INFO] Lectura LTR390
2025-05-31 17:32:00,351 [INFO] Lectura desde ESP32-S3 por serial
2025-05-31 17:32:04,073 [INFO] Lectura datos climáticos NASA
2025-05-31 17:32:04,078 [INFO] Datos JSON preparados para envío
2025-05-31 17:32:05,131 [INFO] Lectura BMP390
2025-05-31 17:32:05,311 [INFO] Lectura LTR390
2025-05-31 17:32:05,318 [INFO] Lectura desde ESP32-S3 por serial
2025-05-31 17:32:09,116 [INFO] Lectura datos climáticos NASA
2025-05-31 17:32:09,123 [INFO] Datos JSON preparados para envío
2025-05-31 17:32:10,177 [INFO] Lectura BMP390
2025-05-31 17:32:10,357 [INFO] Lectura LTR390
2025-05-31 17:32:10,364 [INFO] Lectura desde ESP32-S3 por serial
2025-05-31 17:32:14,879 [INFO] Lectura datos climáticos NASA
2025-05-31 17:32:14,882 [INFO] Datos JSON preparados para envío
2025-05-31 17:32:15,939 [INFO] Lectura BMP390
2025-05-31 17:32:16,121 [INFO] Lectura LTR390
2025-05-31 17:32:16,128 [INFO] Lectura desde ESP32-S3 por serial
2025-05-31 17:32:20,898 [INFO] Lectura datos climáticos NASA
2025-05-31 17:32:20,901 [INFO] Datos JSON preparados para envío
2025-05-31 17:32:21,953 [INFO] Lectura BMP390
2025-05-31 17:32:22,134 [INFO] Lectura LTR390
2025-05-31 17:32:22,141 [INFO] Lectura desde ESP32-S3 por serial
2025-05-31 17:32:25,380 [INFO] Lectura datos climáticos NASA
2025-05-31 17:32:25,382 [INFO] Datos JSON preparados para envío
2025-05-31 17:32:26,432 [INFO] Lectura BMP390
2025-05-31 17:32:26,609 [INFO] Lectura LTR390
2025-05-31 17:32:26,612 [INFO] Lectura desde ESP32-S3 por serial
2025-05-31 17:32:29,990 [INFO] Lectura datos climáticos NASA
2025-05-31 17:32:29,993 [INFO] Datos JSON preparados para envío
2025-05-31 17:32:31,046 [INFO] Lectura BMP390
2025-05-31 17:32:31,229 [INFO] Lectura LTR390
2025-05-31 17:32:31,234 [INFO] Lectura desde ESP32-S3 por serial
2025-05-31 17:32:34,490 [INFO] Lectura datos climáticos NASA
2025-05-31 17:32:34,493 [INFO] Datos JSON preparados para envío
2025-05-31 17:32:35,546 [INFO] Lectura BMP390
2025-05-31 17:32:35,732 [INFO] Lectura LTR390
2025-05-31 17:32:35,738 [INFO] Lectura desde ESP32-S3 por serial
2025-05-31 17:32:39,681 [INFO] Lectura datos climáticos NASA
2025-05-31 17:32:39,684 [INFO] Datos JSON preparados para envío
2025-05-31 17:32:40,737 [INFO] Lectura BMP390
2025-05-31 17:32:40,916 [INFO] Lectura LTR390
2025-05-31 17:32:40,922 [INFO] Lectura desde ESP32-S3 por serial
2025-05-31 17:32:44,817 [INFO] Lectura datos climáticos NASA
2025-05-31 17:32:44,820 [INFO] Datos JSON preparados para envío
2025-05-31 17:32:45,875 [INFO] Lectura BMP390
2025-05-31 17:32:46,054 [INFO] Lectura LTR390
2025-05-31 17:32:46,061 [INFO] Lectura desde ESP32-S3 por serial
2025-05-31 17:32:49,633 [INFO] Lectura datos climáticos NASA
2025-05-31 17:32:49,634 [INFO] Datos JSON preparados para envío
2025-05-31 17:32:50,684 [INFO] Lectura BMP390
2025-05-31 17:32:50,862 [INFO] Lectura LTR390
2025-05-31 17:32:50,865 [INFO] Lectura desde ESP32-S3 por serial
2025-05-31 17:32:54,240 [INFO] Lectura datos climáticos NASA
2025-05-31 17:32:54,243 [INFO] Datos JSON preparados para envío
2025-05-31 17:32:55,294 [INFO] Lectura BMP390
2025-05-31 17:32:55,482 [INFO] Lectura LTR390
2025-05-31 17:32:55,488 [INFO] Lectura desde ESP32-S3 por serial
2025-05-31 17:32:58,743 [INFO] Lectura datos climáticos NASA
2025-05-31 17:32:58,746 [INFO] Datos JSON preparados para envío
2025-05-31 17:32:59,799 [INFO] Lectura BMP390
2025-05-31 17:32:59,982 [INFO] Lectura LTR390
2025-05-31 17:32:59,989 [INFO] Lectura desde ESP32-S3 por serial
2025-05-31 17:33:03,388 [INFO] Lectura datos climáticos NASA
2025-05-31 17:33:03,391 [INFO] Datos JSON preparados para envío
2025-05-31 17:33:04,444 [INFO] Lectura BMP390
2025-05-31 17:33:04,624 [INFO] Lectura LTR390
2025-05-31 17:33:04,630 [INFO] Lectura desde ESP32-S3 por serial
2025-05-31 17:33:07,851 [INFO] Lectura datos climáticos NASA
2025-05-31 17:33:07,854 [INFO] Datos JSON preparados para envío
2025-05-31 17:33:08,907 [INFO] Lectura BMP390
2025-05-31 17:33:09,091 [INFO] Lectura LTR390
2025-05-31 17:33:09,098 [INFO] Lectura desde ESP32-S3 por serial
2025-05-31 17:33:12,993 [INFO] Lectura datos climáticos NASA
2025-05-31 17:33:12,996 [INFO] Datos JSON preparados para envío
2025-05-31 17:33:14,045 [INFO] Lectura BMP390
2025-05-31 17:33:14,222 [INFO] Lectura LTR390
2025-05-31 17:33:14,225 [INFO] Lectura desde ESP32-S3 por serial
2025-05-31 17:33:17,880 [INFO] Lectura datos climáticos NASA
2025-05-31 17:33:17,883 [INFO] Datos JSON preparados para envío
2025-05-31 17:33:18,936 [INFO] Lectura BMP390
2025-05-31 17:33:19,116 [INFO] Lectura LTR390
2025-05-31 17:33:19,124 [INFO] Lectura desde ESP32-S3 por serial
2025-05-31 17:33:23,611 [INFO] Lectura datos climáticos NASA
2025-05-31 17:33:23,614 [INFO] Datos JSON preparados para envío
2025-05-31 17:33:24,666 [INFO] Lectura BMP390
2025-05-31 17:33:24,846 [INFO] Lectura LTR390
2025-05-31 17:33:24,852 [INFO] Lectura desde ESP32-S3 por serial
2025-05-31 17:33:28,509 [INFO] Lectura datos climáticos NASA
2025-05-31 17:33:28,512 [INFO] Datos JSON preparados para envío
2025-05-31 17:33:29,567 [INFO] Lectura BMP390
2025-05-31 17:33:29,747 [INFO] Lectura LTR390
2025-05-31 17:33:29,754 [INFO] Lectura desde ESP32-S3 por serial
2025-05-31 17:33:33,396 [INFO] Lectura datos climáticos NASA
2025-05-31 17:33:33,399 [INFO] Datos JSON preparados para envío
2025-05-31 17:33:34,452 [INFO] Lectura BMP390
2025-05-31 17:33:34,635 [INFO] Lectura LTR390
2025-05-31 17:33:34,641 [INFO] Lectura desde ESP32-S3 por serial
2025-05-31 17:33:38,026 [INFO] Lectura datos climáticos NASA
2025-05-31 17:33:38,028 [INFO] Datos JSON preparados para envío
2025-05-31 17:33:39,078 [INFO] Lectura BMP390
2025-05-31 17:33:39,257 [INFO] Lectura LTR390
2025-05-31 17:33:39,261 [INFO] Lectura desde ESP32-S3 por serial
2025-05-31 17:33:43,283 [INFO] Lectura datos climáticos NASA
2025-05-31 17:33:43,289 [INFO] Datos JSON preparados para envío
2025-05-31 17:33:44,343 [INFO] Lectura BMP390
2025-05-31 17:33:44,524 [INFO] Lectura LTR390
2025-05-31 17:33:44,530 [INFO] Lectura desde ESP32-S3 por serial
2025-05-31 17:33:47,957 [INFO] Lectura datos climáticos NASA
2025-05-31 17:33:47,960 [INFO] Datos JSON preparados para envío
2025-05-31 17:33:49,012 [INFO] Lectura BMP390
2025-05-31 17:33:49,192 [INFO] Lectura LTR390
2025-05-31 17:33:49,197 [INFO] Lectura desde ESP32-S3 por serial
2025-05-31 17:33:52,570 [INFO] Lectura datos climáticos NASA
2025-05-31 17:33:52,573 [INFO] Datos JSON preparados para envío
2025-05-31 17:33:53,626 [INFO] Lectura BMP390
2025-05-31 17:33:53,807 [INFO] Lectura LTR390
2025-05-31 17:33:53,813 [INFO] Lectura desde ESP32-S3 por serial
2025-05-31 17:33:57,074 [INFO] Lectura datos climáticos NASA
2025-05-31 17:33:57,077 [INFO] Datos JSON preparados para envío
2025-05-31 17:33:58,130 [INFO] Lectura BMP390
2025-05-31 17:33:58,314 [INFO] Lectura LTR390
2025-05-31 17:33:58,320 [INFO] Lectura desde ESP32-S3 por serial
2025-05-31 17:34:02,143 [INFO] Lectura datos climáticos NASA
2025-05-31 17:34:02,145 [INFO] Datos JSON preparados para envío
2025-05-31 17:34:03,196 [INFO] Lectura BMP390
2025-05-31 17:34:03,373 [INFO] Lectura LTR390
2025-05-31 17:34:03,376 [INFO] Lectura desde ESP32-S3 por serial
2025-05-31 17:34:06,795 [INFO] Lectura datos climáticos NASA
2025-05-31 17:34:06,798 [INFO] Datos JSON preparados para envío
2025-05-31 17:34:07,854 [INFO] Lectura BMP390
2025-05-31 17:34:08,037 [INFO] Lectura LTR390
2025-05-31 17:34:08,043 [INFO] Lectura desde ESP32-S3 por serial
2025-05-31 17:34:11,706 [INFO] Lectura datos climáticos NASA
2025-05-31 17:34:11,711 [INFO] Datos JSON preparados para envío
2025-05-31 17:34:12,766 [INFO] Lectura BMP390
2025-05-31 17:34:12,948 [INFO] Lectura LTR390
2025-05-31 17:34:12,954 [INFO] Lectura desde ESP32-S3 por serial
2025-05-31 17:34:16,812 [INFO] Lectura datos climáticos NASA
2025-05-31 17:34:16,815 [INFO] Datos JSON preparados para envío
2025-05-31 17:34:17,867 [INFO] Lectura BMP390
2025-05-31 17:34:18,050 [INFO] Lectura LTR390
2025-05-31 17:34:18,056 [INFO] Lectura desde ESP32-S3 por serial
2025-05-31 17:34:22,043 [INFO] Lectura datos climáticos NASA
2025-05-31 17:34:22,046 [INFO] Datos JSON preparados para envío
2025-05-31 17:34:23,097 [INFO] Lectura BMP390
2025-05-31 17:34:23,278 [INFO] Lectura LTR390
2025-05-31 17:34:23,284 [INFO] Lectura desde ESP32-S3 por serial
2025-05-31 17:34:26,955 [INFO] Lectura datos climáticos NASA
2025-05-31 17:34:26,956 [INFO] Datos JSON preparados para envío
2025-05-31 17:34:28,006 [INFO] Lectura BMP390
2025-05-31 17:34:28,189 [INFO] Lectura LTR390
2025-05-31 17:34:28,193 [INFO] Lectura desde ESP32-S3 por serial
2025-05-31 17:34:31,765 [INFO] Lectura datos climáticos NASA
2025-05-31 17:34:31,768 [INFO] Datos JSON preparados para envío
2025-05-31 17:34:32,821 [INFO] Lectura BMP390
2025-05-31 17:34:33,001 [INFO] Lectura LTR390
2025-05-31 17:34:33,007 [INFO] Lectura desde ESP32-S3 por serial
2025-05-31 17:34:36,485 [INFO] Lectura datos climáticos NASA
2025-05-31 17:34:36,488 [INFO] Datos JSON preparados para envío
2025-05-31 17:34:37,540 [INFO] Lectura BMP390
2025-05-31 17:34:37,724 [INFO] Lectura LTR390
2025-05-31 17:34:37,730 [INFO] Lectura desde ESP32-S3 por serial
2025-05-31 17:34:41,608 [INFO] Lectura datos climáticos NASA
2025-05-31 17:34:41,611 [INFO] Datos JSON preparados para envío
2025-05-31 17:34:42,666 [INFO] Lectura BMP390
2025-05-31 17:34:42,849 [INFO] Lectura LTR390
2025-05-31 17:34:42,855 [INFO] Lectura desde ESP32-S3 por serial
2025-05-31 17:34:46,603 [INFO] Lectura datos climáticos NASA
2025-05-31 17:34:46,606 [INFO] Datos JSON preparados para envío
2025-05-31 17:34:47,658 [INFO] Lectura BMP390
2025-05-31 17:34:47,849 [INFO] Lectura LTR390
2025-05-31 17:34:47,856 [INFO] Lectura desde ESP32-S3 por serial
2025-05-31 17:34:52,152 [INFO] Lectura datos climáticos NASA
2025-05-31 17:34:52,153 [INFO] Datos JSON preparados para envío
2025-05-31 17:34:53,205 [INFO] Lectura BMP390
2025-05-31 17:34:53,384 [INFO] Lectura LTR390
2025-05-31 17:34:53,390 [INFO] Lectura desde ESP32-S3 por serial
2025-05-31 17:34:57,244 [INFO] Lectura datos climáticos NASA
2025-05-31 17:34:57,246 [INFO] Datos JSON preparados para envío
2025-05-31 17:34:58,298 [INFO] Lectura BMP390
2025-05-31 17:34:58,478 [INFO] Lectura LTR390
2025-05-31 17:34:58,483 [INFO] Lectura desde ESP32-S3 por serial
2025-05-31 17:35:02,484 [INFO] Lectura datos climáticos NASA
2025-05-31 17:35:02,492 [INFO] Datos JSON preparados para envío
2025-05-31 17:35:03,542 [INFO] Lectura BMP390
2025-05-31 17:35:03,729 [INFO] Lectura LTR390
2025-05-31 17:35:03,732 [INFO] Lectura desde ESP32-S3 por serial
2025-05-31 17:35:08,195 [INFO] Lectura datos climáticos NASA
2025-05-31 17:35:08,199 [INFO] Datos JSON preparados para envío
2025-05-31 17:35:09,253 [INFO] Lectura BMP390
2025-05-31 17:35:09,432 [INFO] Lectura LTR390
2025-05-31 17:35:09,438 [INFO] Lectura desde ESP32-S3 por serial
2025-05-31 17:35:12,903 [INFO] Lectura datos climáticos NASA
2025-05-31 17:35:12,906 [INFO] Datos JSON preparados para envío
2025-05-31 17:35:13,958 [INFO] Lectura BMP390
2025-05-31 17:35:14,139 [INFO] Lectura LTR390
2025-05-31 17:35:14,145 [INFO] Lectura desde ESP32-S3 por serial
2025-05-31 17:35:18,633 [INFO] Lectura datos climáticos NASA
2025-05-31 17:35:18,638 [INFO] Datos JSON preparados para envío
2025-05-31 17:35:19,691 [INFO] Lectura BMP390
2025-05-31 17:35:19,872 [INFO] Lectura LTR390
2025-05-31 17:35:19,878 [INFO] Lectura desde ESP32-S3 por serial
2025-05-31 17:35:23,340 [INFO] Lectura datos climáticos NASA
2025-05-31 17:35:23,343 [INFO] Datos JSON preparados para envío
2025-05-31 17:35:24,396 [INFO] Lectura BMP390
2025-05-31 17:35:24,579 [INFO] Lectura LTR390
2025-05-31 17:35:24,586 [INFO] Lectura desde ESP32-S3 por serial
2025-05-31 17:35:27,839 [INFO] Lectura datos climáticos NASA
2025-05-31 17:35:27,841 [INFO] Datos JSON preparados para envío
2025-05-31 17:35:28,900 [INFO] Lectura BMP390
2025-05-31 17:35:29,077 [INFO] Lectura LTR390
2025-05-31 17:35:29,079 [INFO] Lectura desde ESP32-S3 por serial
2025-05-31 17:35:32,465 [INFO] Lectura datos climáticos NASA
2025-05-31 17:35:32,468 [INFO] Datos JSON preparados para envío
2025-05-31 17:35:33,522 [INFO] Lectura BMP390
2025-05-31 17:35:33,704 [INFO] Lectura LTR390
2025-05-31 17:35:33,709 [INFO] Lectura desde ESP32-S3 por serial
2025-05-31 17:35:37,164 [INFO] Lectura datos climáticos NASA
2025-05-31 17:35:37,168 [INFO] Datos JSON preparados para envío
2025-05-31 17:35:38,220 [INFO] Lectura BMP390
2025-05-31 17:35:38,399 [INFO] Lectura LTR390
2025-05-31 17:35:38,405 [INFO] Lectura desde ESP32-S3 por serial
2025-05-31 17:35:42,694 [INFO] Lectura datos climáticos NASA
2025-05-31 17:35:42,697 [INFO] Datos JSON preparados para envío
2025-05-31 17:35:43,749 [INFO] Lectura BMP390
2025-05-31 17:35:43,929 [INFO] Lectura LTR390
2025-05-31 17:35:43,935 [INFO] Lectura desde ESP32-S3 por serial
2025-05-31 17:35:48,191 [INFO] Lectura datos climáticos NASA
2025-05-31 17:35:48,194 [INFO] Datos JSON preparados para envío
2025-05-31 17:35:49,247 [INFO] Lectura BMP390
2025-05-31 17:35:49,428 [INFO] Lectura LTR390
2025-05-31 17:35:49,434 [INFO] Lectura desde ESP32-S3 por serial
2025-05-31 17:35:53,633 [INFO] Lectura datos climáticos NASA
2025-05-31 17:35:53,636 [INFO] Datos JSON preparados para envío
2025-05-31 17:35:54,690 [INFO] Lectura BMP390
2025-05-31 17:35:54,871 [INFO] Lectura LTR390
2025-05-31 17:35:54,876 [INFO] Lectura desde ESP32-S3 por serial
2025-05-31 17:35:58,234 [INFO] Lectura datos climáticos NASA
2025-05-31 17:35:58,236 [INFO] Datos JSON preparados para envío
2025-05-31 17:35:59,290 [INFO] Lectura BMP390
2025-05-31 17:35:59,470 [INFO] Lectura LTR390
2025-05-31 17:35:59,476 [INFO] Lectura desde ESP32-S3 por serial
2025-05-31 17:36:02,739 [INFO] Lectura datos climáticos NASA
2025-05-31 17:36:02,742 [INFO] Datos JSON preparados para envío
2025-05-31 17:36:03,793 [INFO] Lectura BMP390
2025-05-31 17:36:03,969 [INFO] Lectura LTR390
2025-05-31 17:36:03,972 [INFO] Lectura desde ESP32-S3 por serial
2025-05-31 17:36:07,549 [INFO] Lectura datos climáticos NASA
2025-05-31 17:36:07,552 [INFO] Datos JSON preparados para envío
2025-05-31 17:36:08,605 [INFO] Lectura BMP390
2025-05-31 17:36:08,789 [INFO] Lectura LTR390
2025-05-31 17:36:08,796 [INFO] Lectura desde ESP32-S3 por serial
2025-05-31 17:36:12,360 [INFO] Lectura datos climáticos NASA
2025-05-31 17:36:12,363 [INFO] Datos JSON preparados para envío
2025-05-31 17:36:13,416 [INFO] Lectura BMP390
2025-05-31 17:36:13,596 [INFO] Lectura LTR390
2025-05-31 17:36:13,602 [INFO] Lectura desde ESP32-S3 por serial
2025-05-31 17:36:17,779 [INFO] Lectura datos climáticos NASA
2025-05-31 17:36:17,780 [INFO] Datos JSON preparados para envío
2025-05-31 17:36:18,832 [INFO] Lectura BMP390
2025-05-31 17:36:19,018 [INFO] Lectura LTR390
2025-05-31 17:36:19,025 [INFO] Lectura desde ESP32-S3 por serial
2025-05-31 17:36:22,796 [INFO] Lectura datos climáticos NASA
2025-05-31 17:36:22,799 [INFO] Datos JSON preparados para envío
2025-05-31 17:36:23,852 [INFO] Lectura BMP390
2025-05-31 17:36:24,032 [INFO] Lectura LTR390
2025-05-31 17:36:24,038 [INFO] Lectura desde ESP32-S3 por serial
2025-05-31 17:36:27,810 [INFO] Lectura datos climáticos NASA
2025-05-31 17:36:27,813 [INFO] Datos JSON preparados para envío
2025-05-31 17:36:28,863 [INFO] Lectura BMP390
2025-05-31 17:36:29,040 [INFO] Lectura LTR390
2025-05-31 17:36:29,044 [INFO] Lectura desde ESP32-S3 por serial
2025-05-31 17:36:33,644 [INFO] Lectura datos climáticos NASA
2025-05-31 17:36:33,647 [INFO] Datos JSON preparados para envío
2025-05-31 17:36:34,701 [INFO] Lectura BMP390
2025-05-31 17:36:34,884 [INFO] Lectura LTR390
2025-05-31 17:36:34,890 [INFO] Lectura desde ESP32-S3 por serial
2025-05-31 17:36:38,351 [INFO] Lectura datos climáticos NASA
2025-05-31 17:36:38,353 [INFO] Datos JSON preparados para envío
2025-05-31 17:36:39,409 [INFO] Lectura BMP390
2025-05-31 17:36:39,589 [INFO] Lectura LTR390
2025-05-31 17:36:39,595 [INFO] Lectura desde ESP32-S3 por serial
2025-05-31 17:36:42,914 [INFO] Lectura datos climáticos NASA
2025-05-31 17:36:42,917 [INFO] Datos JSON preparados para envío
2025-05-31 17:36:43,969 [INFO] Lectura BMP390
2025-05-31 17:36:44,151 [INFO] Lectura LTR390
2025-05-31 17:36:44,156 [INFO] Lectura desde ESP32-S3 por serial
2025-05-31 17:36:47,945 [INFO] Lectura datos climáticos NASA
2025-05-31 17:36:47,950 [INFO] Datos JSON preparados para envío
2025-05-31 17:36:49,006 [INFO] Lectura BMP390
2025-05-31 17:36:49,186 [INFO] Lectura LTR390
2025-05-31 17:36:49,192 [INFO] Lectura desde ESP32-S3 por serial
2025-05-31 17:36:53,814 [INFO] Lectura datos climáticos NASA
2025-05-31 17:36:53,815 [INFO] Datos JSON preparados para envío
2025-05-31 17:36:54,868 [INFO] Lectura BMP390
2025-05-31 17:36:55,048 [INFO] Lectura LTR390
2025-05-31 17:36:55,054 [INFO] Lectura desde ESP32-S3 por serial
2025-05-31 17:36:58,512 [INFO] Lectura datos climáticos NASA
2025-05-31 17:36:58,519 [INFO] Datos JSON preparados para envío
2025-05-31 17:36:59,572 [INFO] Lectura BMP390
2025-05-31 17:36:59,754 [INFO] Lectura LTR390
2025-05-31 17:36:59,759 [INFO] Lectura desde ESP32-S3 por serial
2025-05-31 17:37:04,042 [INFO] Lectura datos climáticos NASA
2025-05-31 17:37:04,045 [INFO] Datos JSON preparados para envío
2025-05-31 17:37:05,097 [INFO] Lectura BMP390
2025-05-31 17:37:05,278 [INFO] Lectura LTR390
2025-05-31 17:37:05,281 [INFO] Lectura desde ESP32-S3 por serial
2025-05-31 17:37:09,154 [INFO] Lectura datos climáticos NASA
2025-05-31 17:37:09,156 [INFO] Datos JSON preparados para envío
2025-05-31 17:37:10,212 [INFO] Lectura BMP390
2025-05-31 17:37:10,392 [INFO] Lectura LTR390
2025-05-31 17:37:10,398 [INFO] Lectura desde ESP32-S3 por serial
2025-05-31 17:37:13,967 [INFO] Lectura datos climáticos NASA
2025-05-31 17:37:13,970 [INFO] Datos JSON preparados para envío
2025-05-31 17:37:15,022 [INFO] Lectura BMP390
2025-05-31 17:37:15,202 [INFO] Lectura LTR390
2025-05-31 17:37:15,207 [INFO] Lectura desde ESP32-S3 por serial
2025-05-31 17:37:19,157 [INFO] Lectura datos climáticos NASA
2025-05-31 17:37:19,159 [INFO] Datos JSON preparados para envío
2025-05-31 17:37:20,211 [INFO] Lectura BMP390
2025-05-31 17:37:20,398 [INFO] Lectura LTR390
2025-05-31 17:37:20,404 [INFO] Lectura desde ESP32-S3 por serial
2025-05-31 17:37:24,198 [INFO] Lectura datos climáticos NASA
2025-05-31 17:37:24,201 [INFO] Datos JSON preparados para envío
2025-05-31 17:37:25,253 [INFO] Lectura BMP390
2025-05-31 17:37:25,433 [INFO] Lectura LTR390
2025-05-31 17:37:25,440 [INFO] Lectura desde ESP32-S3 por serial
2025-05-31 17:37:29,415 [INFO] Lectura datos climáticos NASA
2025-05-31 17:37:29,416 [INFO] Datos JSON preparados para envío
2025-05-31 17:37:30,467 [INFO] Lectura BMP390
2025-05-31 17:37:30,650 [INFO] Lectura LTR390
2025-05-31 17:37:30,654 [INFO] Lectura desde ESP32-S3 por serial
2025-05-31 17:37:35,088 [INFO] Lectura datos climáticos NASA
2025-05-31 17:37:35,091 [INFO] Datos JSON preparados para envío
2025-05-31 17:37:36,144 [INFO] Lectura BMP390
2025-05-31 17:37:36,324 [INFO] Lectura LTR390
2025-05-31 17:37:36,329 [INFO] Lectura desde ESP32-S3 por serial
2025-05-31 17:37:40,672 [INFO] Lectura datos climáticos NASA
2025-05-31 17:37:40,674 [INFO] Datos JSON preparados para envío
2025-05-31 17:37:41,725 [INFO] Lectura BMP390
2025-05-31 17:37:41,906 [INFO] Lectura LTR390
2025-05-31 17:37:41,909 [INFO] Lectura desde ESP32-S3 por serial
2025-05-31 17:37:46,198 [INFO] Lectura datos climáticos NASA
2025-05-31 17:37:46,201 [INFO] Datos JSON preparados para envío
2025-05-31 17:37:47,254 [INFO] Lectura BMP390
2025-05-31 17:37:47,434 [INFO] Lectura LTR390
2025-05-31 17:37:47,440 [INFO] Lectura desde ESP32-S3 por serial
2025-05-31 17:37:51,622 [INFO] Lectura datos climáticos NASA
2025-05-31 17:37:51,625 [INFO] Datos JSON preparados para envío
2025-05-31 17:37:52,677 [INFO] Lectura BMP390
2025-05-31 17:37:52,859 [INFO] Lectura LTR390
2025-05-31 17:37:52,865 [INFO] Lectura desde ESP32-S3 por serial
2025-05-31 17:37:57,046 [INFO] Lectura datos climáticos NASA
2025-05-31 17:37:57,049 [INFO] Datos JSON preparados para envío
2025-05-31 17:37:58,102 [INFO] Lectura BMP390
2025-05-31 17:37:58,285 [INFO] Lectura LTR390
2025-05-31 17:37:58,293 [INFO] Lectura desde ESP32-S3 por serial
2025-05-31 17:38:01,855 [INFO] Lectura datos climáticos NASA
2025-05-31 17:38:01,858 [INFO] Datos JSON preparados para envío
2025-05-31 17:38:02,911 [INFO] Lectura BMP390
2025-05-31 17:38:03,090 [INFO] Lectura LTR390
2025-05-31 17:38:03,097 [INFO] Lectura desde ESP32-S3 por serial
2025-05-31 17:38:07,173 [INFO] Lectura datos climáticos NASA
2025-05-31 17:38:07,175 [INFO] Datos JSON preparados para envío
2025-05-31 17:38:08,228 [INFO] Lectura BMP390
2025-05-31 17:38:08,409 [INFO] Lectura LTR390
2025-05-31 17:38:08,415 [INFO] Lectura desde ESP32-S3 por serial
2025-05-31 17:38:11,781 [INFO] Lectura datos climáticos NASA
2025-05-31 17:38:11,784 [INFO] Datos JSON preparados para envío
2025-05-31 17:38:12,837 [INFO] Lectura BMP390
2025-05-31 17:38:13,017 [INFO] Lectura LTR390
2025-05-31 17:38:13,024 [INFO] Lectura desde ESP32-S3 por serial
2025-05-31 17:38:16,333 [INFO] Lectura datos climáticos NASA
2025-05-31 17:38:16,335 [INFO] Datos JSON preparados para envío
2025-05-31 17:38:17,387 [INFO] Lectura BMP390
2025-05-31 17:38:17,564 [INFO] Lectura LTR390
2025-05-31 17:38:17,567 [INFO] Lectura desde ESP32-S3 por serial
2025-05-31 17:38:21,097 [INFO] Lectura datos climáticos NASA
2025-05-31 17:38:21,100 [INFO] Datos JSON preparados para envío
2025-05-31 17:38:22,151 [INFO] Lectura BMP390
2025-05-31 17:38:22,330 [INFO] Lectura LTR390
2025-05-31 17:38:22,336 [INFO] Lectura desde ESP32-S3 por serial
2025-05-31 17:38:25,801 [INFO] Lectura datos climáticos NASA
2025-05-31 17:38:25,804 [INFO] Datos JSON preparados para envío
2025-05-31 17:38:26,855 [INFO] Lectura BMP390
2025-05-31 17:38:27,036 [INFO] Lectura LTR390
2025-05-31 17:38:27,042 [INFO] Lectura desde ESP32-S3 por serial
2025-05-31 17:38:31,017 [INFO] Lectura datos climáticos NASA
2025-05-31 17:38:31,019 [INFO] Datos JSON preparados para envío
2025-05-31 17:38:32,072 [INFO] Lectura BMP390
2025-05-31 17:38:32,256 [INFO] Lectura LTR390
2025-05-31 17:38:32,261 [INFO] Lectura desde ESP32-S3 por serial
2025-05-31 17:38:35,934 [INFO] Lectura datos climáticos NASA
2025-05-31 17:38:35,936 [INFO] Datos JSON preparados para envío
2025-05-31 17:38:36,996 [INFO] Lectura BMP390
2025-05-31 17:38:37,179 [INFO] Lectura LTR390
2025-05-31 17:38:37,184 [INFO] Lectura desde ESP32-S3 por serial
2025-05-31 17:38:40,742 [INFO] Lectura datos climáticos NASA
2025-05-31 17:38:40,745 [INFO] Datos JSON preparados para envío
2025-05-31 17:38:41,795 [INFO] Lectura BMP390
2025-05-31 17:38:41,976 [INFO] Lectura LTR390
2025-05-31 17:38:41,980 [INFO] Lectura desde ESP32-S3 por serial
2025-05-31 17:38:45,167 [INFO] Lectura datos climáticos NASA
2025-05-31 17:38:45,170 [INFO] Datos JSON preparados para envío
2025-05-31 17:38:46,221 [INFO] Lectura BMP390
2025-05-31 17:38:46,400 [INFO] Lectura LTR390
2025-05-31 17:38:46,406 [INFO] Lectura desde ESP32-S3 por serial
2025-05-31 17:38:50,464 [INFO] Lectura datos climáticos NASA
2025-05-31 17:38:50,467 [INFO] Datos JSON preparados para envío
2025-05-31 17:38:51,520 [INFO] Lectura BMP390
2025-05-31 17:38:51,699 [INFO] Lectura LTR390
2025-05-31 17:38:51,705 [INFO] Lectura desde ESP32-S3 por serial
2025-05-31 17:38:55,681 [INFO] Lectura datos climáticos NASA
2025-05-31 17:38:55,683 [INFO] Datos JSON preparados para envío
2025-05-31 17:38:56,735 [INFO] Lectura BMP390
2025-05-31 17:38:56,915 [INFO] Lectura LTR390
2025-05-31 17:38:56,921 [INFO] Lectura desde ESP32-S3 por serial
2025-05-31 17:39:00,287 [INFO] Lectura datos climáticos NASA
2025-05-31 17:39:00,291 [INFO] Datos JSON preparados para envío
2025-05-31 17:39:01,344 [INFO] Lectura BMP390
2025-05-31 17:39:01,524 [INFO] Lectura LTR390
2025-05-31 17:39:01,530 [INFO] Lectura desde ESP32-S3 por serial
2025-05-31 17:39:04,790 [INFO] Lectura datos climáticos NASA
2025-05-31 17:39:04,793 [INFO] Datos JSON preparados para envío
2025-05-31 17:39:05,844 [INFO] Lectura BMP390
2025-05-31 17:39:06,023 [INFO] Lectura LTR390
2025-05-31 17:39:06,029 [INFO] Lectura desde ESP32-S3 por serial
2025-05-31 17:39:09,702 [INFO] Lectura datos climáticos NASA
2025-05-31 17:39:09,705 [INFO] Datos JSON preparados para envío
2025-05-31 17:39:10,757 [INFO] Lectura BMP390
2025-05-31 17:39:10,937 [INFO] Lectura LTR390
2025-05-31 17:39:10,943 [INFO] Lectura desde ESP32-S3 por serial
2025-05-31 17:39:14,373 [INFO] Lectura datos climáticos NASA
2025-05-31 17:39:14,376 [INFO] Datos JSON preparados para envío
2025-05-31 17:39:15,428 [INFO] Lectura BMP390
2025-05-31 17:39:15,610 [INFO] Lectura LTR390
2025-05-31 17:39:15,616 [INFO] Lectura desde ESP32-S3 por serial
2025-05-31 17:39:19,523 [INFO] Lectura datos climáticos NASA
2025-05-31 17:39:19,525 [INFO] Datos JSON preparados para envío
2025-05-31 17:39:20,577 [INFO] Lectura BMP390
2025-05-31 17:39:20,757 [INFO] Lectura LTR390
2025-05-31 17:39:20,763 [INFO] Lectura desde ESP32-S3 por serial
2025-05-31 17:39:25,157 [INFO] Lectura datos climáticos NASA
2025-05-31 17:39:25,160 [INFO] Datos JSON preparados para envío
2025-05-31 17:39:26,212 [INFO] Lectura BMP390
2025-05-31 17:39:26,392 [INFO] Lectura LTR390
2025-05-31 17:39:26,398 [INFO] Lectura desde ESP32-S3 por serial
2025-05-31 17:39:30,270 [INFO] Lectura datos climáticos NASA
2025-05-31 17:39:30,272 [INFO] Datos JSON preparados para envío
2025-05-31 17:39:31,326 [INFO] Lectura BMP390
2025-05-31 17:39:31,505 [INFO] Lectura LTR390
2025-05-31 17:39:31,509 [INFO] Lectura desde ESP32-S3 por serial
2025-05-31 17:39:35,695 [INFO] Lectura datos climáticos NASA
2025-05-31 17:39:35,697 [INFO] Datos JSON preparados para envío
2025-05-31 17:39:36,751 [INFO] Lectura BMP390
2025-05-31 17:39:36,934 [INFO] Lectura LTR390
2025-05-31 17:39:36,941 [INFO] Lectura desde ESP32-S3 por serial
2025-05-31 17:39:40,973 [INFO] Lectura datos climáticos NASA
2025-05-31 17:39:40,976 [INFO] Datos JSON preparados para envío
2025-05-31 17:39:42,031 [INFO] Lectura BMP390
2025-05-31 17:39:42,212 [INFO] Lectura LTR390
2025-05-31 17:39:42,216 [INFO] Lectura desde ESP32-S3 por serial
2025-05-31 17:39:45,646 [INFO] Lectura datos climáticos NASA
2025-05-31 17:39:45,650 [INFO] Datos JSON preparados para envío
2025-05-31 17:39:46,702 [INFO] Lectura BMP390
2025-05-31 17:39:46,883 [INFO] Lectura LTR390
2025-05-31 17:39:46,888 [INFO] Lectura desde ESP32-S3 por serial
2025-05-31 17:39:51,047 [INFO] Lectura datos climáticos NASA
2025-05-31 17:39:51,050 [INFO] Datos JSON preparados para envío
2025-05-31 17:39:52,103 [INFO] Lectura BMP390
2025-05-31 17:39:52,283 [INFO] Lectura LTR390
2025-05-31 17:39:52,288 [INFO] Lectura desde ESP32-S3 por serial
2025-05-31 17:39:55,851 [INFO] Lectura datos climáticos NASA
2025-05-31 17:39:55,852 [INFO] Datos JSON preparados para envío
2025-05-31 17:39:56,906 [INFO] Lectura BMP390
2025-05-31 17:39:57,086 [INFO] Lectura LTR390
2025-05-31 17:39:57,092 [INFO] Lectura desde ESP32-S3 por serial
2025-05-31 17:40:00,705 [INFO] Lectura datos climáticos NASA
2025-05-31 17:40:00,710 [INFO] Datos JSON preparados para envío
2025-05-31 17:40:01,761 [INFO] Lectura BMP390
2025-05-31 17:40:01,943 [INFO] Lectura LTR390
2025-05-31 17:40:01,949 [INFO] Lectura desde ESP32-S3 por serial
2025-05-31 17:40:05,678 [INFO] Lectura datos climáticos NASA
2025-05-31 17:40:05,681 [INFO] Datos JSON preparados para envío
2025-05-31 17:40:06,739 [INFO] Lectura BMP390
2025-05-31 17:40:06,918 [INFO] Lectura LTR390
2025-05-31 17:40:06,922 [INFO] Lectura desde ESP32-S3 por serial
2025-05-31 17:40:11,408 [INFO] Lectura datos climáticos NASA
2025-05-31 17:40:11,411 [INFO] Datos JSON preparados para envío
2025-05-31 17:40:12,464 [INFO] Lectura BMP390
2025-05-31 17:40:12,643 [INFO] Lectura LTR390
2025-05-31 17:40:12,650 [INFO] Lectura desde ESP32-S3 por serial
2025-05-31 17:40:16,731 [INFO] Lectura datos climáticos NASA
2025-05-31 17:40:16,734 [INFO] Datos JSON preparados para envío
2025-05-31 17:40:17,787 [INFO] Lectura BMP390
2025-05-31 17:40:17,969 [INFO] Lectura LTR390
2025-05-31 17:40:17,976 [INFO] Lectura desde ESP32-S3 por serial
2025-05-31 17:40:21,643 [INFO] Lectura datos climáticos NASA
2025-05-31 17:40:21,646 [INFO] Datos JSON preparados para envío
2025-05-31 17:40:22,699 [INFO] Lectura BMP390
2025-05-31 17:40:22,879 [INFO] Lectura LTR390
2025-05-31 17:40:22,884 [INFO] Lectura desde ESP32-S3 por serial
2025-05-31 17:40:26,871 [INFO] Lectura datos climáticos NASA
2025-05-31 17:40:26,874 [INFO] Datos JSON preparados para envío
2025-05-31 17:40:27,928 [INFO] Lectura BMP390
2025-05-31 17:40:28,109 [INFO] Lectura LTR390
2025-05-31 17:40:28,116 [INFO] Lectura desde ESP32-S3 por serial
2025-05-31 17:40:31,527 [INFO] Lectura datos climáticos NASA
2025-05-31 17:40:31,528 [INFO] Datos JSON preparados para envío
2025-05-31 17:40:32,579 [INFO] Lectura BMP390
2025-05-31 17:40:32,756 [INFO] Lectura LTR390
2025-05-31 17:40:32,760 [INFO] Lectura desde ESP32-S3 por serial
2025-05-31 17:40:36,074 [INFO] Lectura datos climáticos NASA
2025-05-31 17:40:36,080 [INFO] Datos JSON preparados para envío
2025-05-31 17:40:37,133 [INFO] Lectura BMP390
2025-05-31 17:40:37,312 [INFO] Lectura LTR390
2025-05-31 17:40:37,318 [INFO] Lectura desde ESP32-S3 por serial
2025-05-31 17:40:41,381 [INFO] Lectura datos climáticos NASA
2025-05-31 17:40:41,384 [INFO] Datos JSON preparados para envío
2025-05-31 17:40:42,438 [INFO] Lectura BMP390
2025-05-31 17:40:42,618 [INFO] Lectura LTR390
2025-05-31 17:40:42,624 [INFO] Lectura desde ESP32-S3 por serial
2025-05-31 17:40:46,204 [INFO] Lectura datos climáticos NASA
2025-05-31 17:40:46,207 [INFO] Datos JSON preparados para envío
2025-05-31 17:40:47,263 [INFO] Lectura BMP390
2025-05-31 17:40:47,444 [INFO] Lectura LTR390
2025-05-31 17:40:47,450 [INFO] Lectura desde ESP32-S3 por serial
2025-05-31 17:40:51,014 [INFO] Lectura datos climáticos NASA
2025-05-31 17:40:51,017 [INFO] Datos JSON preparados para envío
2025-05-31 17:40:52,070 [INFO] Lectura BMP390
2025-05-31 17:40:52,256 [INFO] Lectura LTR390
2025-05-31 17:40:52,261 [INFO] Lectura desde ESP32-S3 por serial
2025-05-31 17:40:55,922 [INFO] Lectura datos climáticos NASA
2025-05-31 17:40:55,923 [INFO] Datos JSON preparados para envío
2025-05-31 17:40:56,978 [INFO] Lectura BMP390
2025-05-31 17:40:57,154 [INFO] Lectura LTR390
2025-05-31 17:40:57,158 [INFO] Lectura desde ESP32-S3 por serial
2025-05-31 17:41:00,734 [INFO] Lectura datos climáticos NASA
2025-05-31 17:41:00,737 [INFO] Datos JSON preparados para envío
2025-05-31 17:41:01,791 [INFO] Lectura BMP390
2025-05-31 17:41:01,976 [INFO] Lectura LTR390
2025-05-31 17:41:01,981 [INFO] Lectura desde ESP32-S3 por serial
2025-05-31 17:41:05,646 [INFO] Lectura datos climáticos NASA
2025-05-31 17:41:05,648 [INFO] Datos JSON preparados para envío
2025-05-31 17:41:06,700 [INFO] Lectura BMP390
2025-05-31 17:41:06,879 [INFO] Lectura LTR390
2025-05-31 17:41:06,885 [INFO] Lectura desde ESP32-S3 por serial
2025-05-31 17:41:10,883 [INFO] Lectura datos climáticos NASA
2025-05-31 17:41:10,886 [INFO] Datos JSON preparados para envío
2025-05-31 17:41:11,937 [INFO] Lectura BMP390
2025-05-31 17:41:12,120 [INFO] Lectura LTR390
2025-05-31 17:41:12,129 [INFO] Lectura desde ESP32-S3 por serial
2025-05-31 17:41:15,573 [INFO] Lectura datos climáticos NASA
2025-05-31 17:41:15,576 [INFO] Datos JSON preparados para envío
2025-05-31 17:41:16,629 [INFO] Lectura BMP390
2025-05-31 17:41:16,810 [INFO] Lectura LTR390
2025-05-31 17:41:16,816 [INFO] Lectura desde ESP32-S3 por serial
2025-05-31 17:41:20,279 [INFO] Lectura datos climáticos NASA
2025-05-31 17:41:20,281 [INFO] Datos JSON preparados para envío
2025-05-31 17:41:21,330 [INFO] Lectura BMP390
2025-05-31 17:41:21,509 [INFO] Lectura LTR390
2025-05-31 17:41:21,512 [INFO] Lectura desde ESP32-S3 por serial
2025-05-31 17:41:25,806 [INFO] Lectura datos climáticos NASA
2025-05-31 17:41:25,809 [INFO] Datos JSON preparados para envío
2025-05-31 17:41:26,862 [INFO] Lectura BMP390
2025-05-31 17:41:27,042 [INFO] Lectura LTR390
2025-05-31 17:41:27,048 [INFO] Lectura desde ESP32-S3 por serial
2025-05-31 17:41:30,821 [INFO] Lectura datos climáticos NASA
2025-05-31 17:41:30,824 [INFO] Datos JSON preparados para envío
2025-05-31 17:41:31,883 [INFO] Lectura BMP390
2025-05-31 17:41:32,063 [INFO] Lectura LTR390
2025-05-31 17:41:32,066 [INFO] Lectura desde ESP32-S3 por serial
2025-05-31 17:41:35,629 [INFO] Lectura datos climáticos NASA
2025-05-31 17:41:35,632 [INFO] Datos JSON preparados para envío
2025-05-31 17:41:36,685 [INFO] Lectura BMP390
2025-05-31 17:41:36,864 [INFO] Lectura LTR390
2025-05-31 17:41:36,870 [INFO] Lectura desde ESP32-S3 por serial
2025-05-31 17:41:40,284 [INFO] Lectura datos climáticos NASA
2025-05-31 17:41:40,286 [INFO] Datos JSON preparados para envío
2025-05-31 17:41:41,343 [INFO] Lectura BMP390
2025-05-31 17:41:41,524 [INFO] Lectura LTR390
2025-05-31 17:41:41,530 [INFO] Lectura desde ESP32-S3 por serial
2025-05-31 17:41:44,565 [INFO] Lectura datos climáticos NASA
2025-05-31 17:41:44,566 [INFO] Datos JSON preparados para envío
2025-05-31 17:41:45,618 [INFO] Lectura BMP390
2025-05-31 17:41:45,794 [INFO] Lectura LTR390
2025-05-31 17:41:45,798 [INFO] Lectura desde ESP32-S3 por serial
2025-05-31 17:41:49,854 [INFO] Lectura datos climáticos NASA
2025-05-31 17:41:49,859 [INFO] Datos JSON preparados para envío
2025-05-31 17:41:50,912 [INFO] Lectura BMP390
2025-05-31 17:41:51,091 [INFO] Lectura LTR390
2025-05-31 17:41:51,097 [INFO] Lectura desde ESP32-S3 por serial
2025-05-31 17:41:54,562 [INFO] Lectura datos climáticos NASA
2025-05-31 17:41:54,565 [INFO] Datos JSON preparados para envío
2025-05-31 17:41:55,618 [INFO] Lectura BMP390
2025-05-31 17:41:55,798 [INFO] Lectura LTR390
2025-05-31 17:41:55,805 [INFO] Lectura desde ESP32-S3 por serial
2025-05-31 17:41:59,781 [INFO] Lectura datos climáticos NASA
2025-05-31 17:41:59,783 [INFO] Datos JSON preparados para envío
2025-05-31 17:42:00,833 [INFO] Lectura BMP390
2025-05-31 17:42:01,009 [INFO] Lectura LTR390
2025-05-31 17:42:01,012 [INFO] Lectura desde ESP32-S3 por serial
2025-05-31 17:42:05,512 [INFO] Lectura datos climáticos NASA
2025-05-31 17:42:05,515 [INFO] Datos JSON preparados para envío
2025-05-31 17:42:06,567 [INFO] Lectura BMP390
2025-05-31 17:42:06,750 [INFO] Lectura LTR390
2025-05-31 17:42:06,757 [INFO] Lectura desde ESP32-S3 por serial
2025-05-31 17:42:10,534 [INFO] Lectura datos climáticos NASA
2025-05-31 17:42:10,536 [INFO] Datos JSON preparados para envío
2025-05-31 17:42:11,590 [INFO] Lectura BMP390
2025-05-31 17:42:11,770 [INFO] Lectura LTR390
2025-05-31 17:42:11,776 [INFO] Lectura desde ESP32-S3 por serial
2025-05-31 17:42:16,666 [INFO] Lectura datos climáticos NASA
2025-05-31 17:42:16,670 [INFO] Datos JSON preparados para envío
2025-05-31 17:42:17,723 [INFO] Lectura BMP390
2025-05-31 17:42:17,904 [INFO] Lectura LTR390
2025-05-31 17:42:17,909 [INFO] Lectura desde ESP32-S3 por serial
2025-05-31 17:42:21,062 [INFO] Lectura datos climáticos NASA
2025-05-31 17:42:21,064 [INFO] Datos JSON preparados para envío
2025-05-31 17:42:22,114 [INFO] Lectura BMP390
2025-05-31 17:42:22,290 [INFO] Lectura LTR390
2025-05-31 17:42:22,293 [INFO] Lectura desde ESP32-S3 por serial
2025-05-31 17:42:26,386 [INFO] Lectura datos climáticos NASA
2025-05-31 17:42:26,389 [INFO] Datos JSON preparados para envío
2025-05-31 17:42:27,441 [INFO] Lectura BMP390
2025-05-31 17:42:27,622 [INFO] Lectura LTR390
2025-05-31 17:42:27,627 [INFO] Lectura desde ESP32-S3 por serial
2025-05-31 17:42:31,479 [INFO] Lectura datos climáticos NASA
2025-05-31 17:42:31,482 [INFO] Datos JSON preparados para envío
2025-05-31 17:42:32,536 [INFO] Lectura BMP390
2025-05-31 17:42:32,718 [INFO] Lectura LTR390
2025-05-31 17:42:32,724 [INFO] Lectura desde ESP32-S3 por serial
2025-05-31 17:42:36,214 [INFO] Lectura datos climáticos NASA
2025-05-31 17:42:36,216 [INFO] Datos JSON preparados para envío
2025-05-31 17:42:37,268 [INFO] Lectura BMP390
2025-05-31 17:42:37,450 [INFO] Lectura LTR390
2025-05-31 17:42:37,456 [INFO] Lectura desde ESP32-S3 por serial
2025-05-31 17:42:40,920 [INFO] Lectura datos climáticos NASA
2025-05-31 17:42:40,923 [INFO] Datos JSON preparados para envío
2025-05-31 17:42:41,976 [INFO] Lectura BMP390
2025-05-31 17:42:42,155 [INFO] Lectura LTR390
2025-05-31 17:42:42,161 [INFO] Lectura desde ESP32-S3 por serial
2025-05-31 17:42:45,631 [INFO] Lectura datos climáticos NASA
2025-05-31 17:42:45,632 [INFO] Datos JSON preparados para envío
2025-05-31 17:42:46,687 [INFO] Lectura BMP390
2025-05-31 17:42:46,864 [INFO] Lectura LTR390
2025-05-31 17:42:46,867 [INFO] Lectura desde ESP32-S3 por serial
2025-05-31 17:42:50,333 [INFO] Lectura datos climáticos NASA
2025-05-31 17:42:50,335 [INFO] Datos JSON preparados para envío
2025-05-31 17:42:51,388 [INFO] Lectura BMP390
2025-05-31 17:42:51,568 [INFO] Lectura LTR390
2025-05-31 17:42:51,575 [INFO] Lectura desde ESP32-S3 por serial
2025-05-31 17:42:55,758 [INFO] Lectura datos climáticos NASA
2025-05-31 17:42:55,761 [INFO] Datos JSON preparados para envío
2025-05-31 17:42:56,813 [INFO] Lectura BMP390
2025-05-31 17:42:56,998 [INFO] Lectura LTR390
2025-05-31 17:42:57,004 [INFO] Lectura desde ESP32-S3 por serial
2025-05-31 17:43:00,773 [INFO] Lectura datos climáticos NASA
2025-05-31 17:43:00,775 [INFO] Datos JSON preparados para envío
2025-05-31 17:43:01,829 [INFO] Lectura BMP390
2025-05-31 17:43:02,012 [INFO] Lectura LTR390
2025-05-31 17:43:02,018 [INFO] Lectura desde ESP32-S3 por serial
2025-05-31 17:43:05,484 [INFO] Lectura datos climáticos NASA
2025-05-31 17:43:05,487 [INFO] Datos JSON preparados para envío
2025-05-31 17:43:06,539 [INFO] Lectura BMP390
2025-05-31 17:43:06,719 [INFO] Lectura LTR390
2025-05-31 17:43:06,725 [INFO] Lectura desde ESP32-S3 por serial
2025-05-31 17:43:10,286 [INFO] Lectura datos climáticos NASA
2025-05-31 17:43:10,288 [INFO] Datos JSON preparados para envío
2025-05-31 17:43:11,340 [INFO] Lectura BMP390
2025-05-31 17:43:11,524 [INFO] Lectura LTR390
2025-05-31 17:43:11,530 [INFO] Lectura desde ESP32-S3 por serial
2025-05-31 17:43:15,715 [INFO] Lectura datos climáticos NASA
2025-05-31 17:43:15,717 [INFO] Datos JSON preparados para envío
2025-05-31 17:43:16,770 [INFO] Lectura BMP390
2025-05-31 17:43:16,950 [INFO] Lectura LTR390
2025-05-31 17:43:16,956 [INFO] Lectura desde ESP32-S3 por serial
2025-05-31 17:43:20,772 [INFO] Lectura datos climáticos NASA
2025-05-31 17:43:20,775 [INFO] Datos JSON preparados para envío
2025-05-31 17:43:21,827 [INFO] Lectura BMP390
2025-05-31 17:43:22,007 [INFO] Lectura LTR390
2025-05-31 17:43:22,009 [INFO] Lectura desde ESP32-S3 por serial
2025-05-31 17:43:25,748 [INFO] Lectura datos climáticos NASA
2025-05-31 17:43:25,751 [INFO] Datos JSON preparados para envío
2025-05-31 17:43:26,804 [INFO] Lectura BMP390
2025-05-31 17:43:26,988 [INFO] Lectura LTR390
2025-05-31 17:43:26,994 [INFO] Lectura desde ESP32-S3 por serial
2025-05-31 17:43:30,347 [INFO] Lectura datos climáticos NASA
2025-05-31 17:43:30,350 [INFO] Datos JSON preparados para envío
2025-05-31 17:43:31,402 [INFO] Lectura BMP390
2025-05-31 17:43:31,583 [INFO] Lectura LTR390
2025-05-31 17:43:31,588 [INFO] Lectura desde ESP32-S3 por serial
2025-05-31 17:43:35,170 [INFO] Lectura datos climáticos NASA
2025-05-31 17:43:35,172 [INFO] Datos JSON preparados para envío
2025-05-31 17:43:36,226 [INFO] Lectura BMP390
2025-05-31 17:43:36,406 [INFO] Lectura LTR390
2025-05-31 17:43:36,412 [INFO] Lectura desde ESP32-S3 por serial
2025-05-31 17:43:40,271 [INFO] Lectura datos climáticos NASA
2025-05-31 17:43:40,273 [INFO] Datos JSON preparados para envío
2025-05-31 17:43:41,325 [INFO] Lectura BMP390
2025-05-31 17:43:41,506 [INFO] Lectura LTR390
2025-05-31 17:43:41,513 [INFO] Lectura desde ESP32-S3 por serial
2025-05-31 17:43:45,592 [INFO] Lectura datos climáticos NASA
2025-05-31 17:43:45,595 [INFO] Datos JSON preparados para envío
2025-05-31 17:43:46,645 [INFO] Lectura BMP390
2025-05-31 17:43:46,826 [INFO] Lectura LTR390
2025-05-31 17:43:46,829 [INFO] Lectura desde ESP32-S3 por serial
2025-05-31 17:43:50,199 [INFO] Lectura datos climáticos NASA
2025-05-31 17:43:50,201 [INFO] Datos JSON preparados para envío
2025-05-31 17:43:51,257 [INFO] Lectura BMP390
2025-05-31 17:43:51,436 [INFO] Lectura LTR390
2025-05-31 17:43:51,442 [INFO] Lectura desde ESP32-S3 por serial
2025-05-31 17:43:56,338 [INFO] Lectura datos climáticos NASA
2025-05-31 17:43:56,341 [INFO] Datos JSON preparados para envío
2025-05-31 17:43:57,394 [INFO] Lectura BMP390
2025-05-31 17:43:57,573 [INFO] Lectura LTR390
2025-05-31 17:43:57,579 [INFO] Lectura desde ESP32-S3 por serial
2025-05-31 17:44:01,764 [INFO] Lectura datos climáticos NASA
2025-05-31 17:44:01,766 [INFO] Datos JSON preparados para envío
2025-05-31 17:44:02,819 [INFO] Lectura BMP390
2025-05-31 17:44:02,999 [INFO] Lectura LTR390
2025-05-31 17:44:03,004 [INFO] Lectura desde ESP32-S3 por serial
2025-05-31 17:44:07,288 [INFO] Lectura datos climáticos NASA
2025-05-31 17:44:07,291 [INFO] Datos JSON preparados para envío
2025-05-31 17:44:08,345 [INFO] Lectura BMP390
2025-05-31 17:44:08,525 [INFO] Lectura LTR390
2025-05-31 17:44:08,531 [INFO] Lectura desde ESP32-S3 por serial
2025-05-31 17:44:12,610 [INFO] Lectura datos climáticos NASA
2025-05-31 17:44:12,613 [INFO] Datos JSON preparados para envío
2025-05-31 17:44:13,666 [INFO] Lectura BMP390
2025-05-31 17:44:13,851 [INFO] Lectura LTR390
2025-05-31 17:44:13,857 [INFO] Lectura desde ESP32-S3 por serial
2025-05-31 17:44:16,969 [INFO] Lectura datos climáticos NASA
2025-05-31 17:44:16,971 [INFO] Datos JSON preparados para envío
2025-05-31 17:44:18,024 [INFO] Lectura BMP390
2025-05-31 17:44:18,204 [INFO] Lectura LTR390
2025-05-31 17:44:18,209 [INFO] Lectura desde ESP32-S3 por serial
2025-05-31 17:44:22,839 [INFO] Lectura datos climáticos NASA
2025-05-31 17:44:22,841 [INFO] Datos JSON preparados para envío
2025-05-31 17:44:23,891 [INFO] Lectura BMP390
2025-05-31 17:44:24,067 [INFO] Lectura LTR390
2025-05-31 17:44:24,069 [INFO] Lectura desde ESP32-S3 por serial
2025-05-31 17:44:27,760 [INFO] Lectura datos climáticos NASA
2025-05-31 17:44:27,762 [INFO] Datos JSON preparados para envío
2025-05-31 17:44:28,815 [INFO] Lectura BMP390
2025-05-31 17:44:28,996 [INFO] Lectura LTR390
2025-05-31 17:44:29,002 [INFO] Lectura desde ESP32-S3 por serial
2025-05-31 17:44:33,299 [INFO] Lectura datos climáticos NASA
2025-05-31 17:44:33,301 [INFO] Datos JSON preparados para envío
2025-05-31 17:44:34,353 [INFO] Lectura BMP390
2025-05-31 17:44:34,533 [INFO] Lectura LTR390
2025-05-31 17:44:34,537 [INFO] Lectura desde ESP32-S3 por serial
2025-05-31 17:44:39,118 [INFO] Lectura datos climáticos NASA
2025-05-31 17:44:39,121 [INFO] Datos JSON preparados para envío
2025-05-31 17:44:40,174 [INFO] Lectura BMP390
2025-05-31 17:44:40,354 [INFO] Lectura LTR390
2025-05-31 17:44:40,360 [INFO] Lectura desde ESP32-S3 por serial
2025-05-31 17:44:43,911 [INFO] Lectura datos climáticos NASA
2025-05-31 17:44:43,914 [INFO] Datos JSON preparados para envío
2025-05-31 17:44:44,971 [INFO] Lectura BMP390
2025-05-31 17:44:45,151 [INFO] Lectura LTR390
2025-05-31 17:44:45,156 [INFO] Lectura desde ESP32-S3 por serial
2025-05-31 17:44:48,837 [INFO] Lectura datos climáticos NASA
2025-05-31 17:44:48,840 [INFO] Datos JSON preparados para envío
2025-05-31 17:44:49,892 [INFO] Lectura BMP390
2025-05-31 17:44:50,073 [INFO] Lectura LTR390
2025-05-31 17:44:50,078 [INFO] Lectura desde ESP32-S3 por serial
2025-05-31 17:44:53,458 [INFO] Lectura datos climáticos NASA
2025-05-31 17:44:53,461 [INFO] Datos JSON preparados para envío
2025-05-31 17:44:54,514 [INFO] Lectura BMP390
2025-05-31 17:44:54,700 [INFO] Lectura LTR390
2025-05-31 17:44:54,707 [INFO] Lectura desde ESP32-S3 por serial
2025-05-31 17:44:58,571 [INFO] Lectura datos climáticos NASA
2025-05-31 17:44:58,574 [INFO] Datos JSON preparados para envío
2025-05-31 17:44:59,631 [INFO] Lectura BMP390
2025-05-31 17:44:59,811 [INFO] Lectura LTR390
2025-05-31 17:44:59,815 [INFO] Lectura desde ESP32-S3 por serial
2025-05-31 17:45:03,779 [INFO] Lectura datos climáticos NASA
2025-05-31 17:45:03,782 [INFO] Datos JSON preparados para envío
2025-05-31 17:45:04,835 [INFO] Lectura BMP390
2025-05-31 17:45:05,016 [INFO] Lectura LTR390
2025-05-31 17:45:05,023 [INFO] Lectura desde ESP32-S3 por serial
2025-05-31 17:45:08,835 [INFO] Lectura datos climáticos NASA
2025-05-31 17:45:08,837 [INFO] Datos JSON preparados para envío
2025-05-31 17:45:09,890 [INFO] Lectura BMP390
2025-05-31 17:45:10,075 [INFO] Lectura LTR390
2025-05-31 17:45:10,080 [INFO] Lectura desde ESP32-S3 por serial
2025-05-31 17:45:14,490 [INFO] Lectura datos climáticos NASA
2025-05-31 17:45:14,493 [INFO] Datos JSON preparados para envío
2025-05-31 17:45:15,547 [INFO] Lectura BMP390
2025-05-31 17:45:15,728 [INFO] Lectura LTR390
2025-05-31 17:45:15,732 [INFO] Lectura desde ESP32-S3 por serial
2025-05-31 17:45:19,782 [INFO] Lectura datos climáticos NASA
2025-05-31 17:45:19,785 [INFO] Datos JSON preparados para envío
2025-05-31 17:45:20,838 [INFO] Lectura BMP390
2025-05-31 17:45:21,025 [INFO] Lectura LTR390
2025-05-31 17:45:21,030 [INFO] Lectura desde ESP32-S3 por serial
2025-05-31 17:45:25,216 [INFO] Lectura datos climáticos NASA
2025-05-31 17:45:25,219 [INFO] Datos JSON preparados para envío
2025-05-31 17:45:26,271 [INFO] Lectura BMP390
2025-05-31 17:45:26,451 [INFO] Lectura LTR390
2025-05-31 17:45:26,458 [INFO] Lectura desde ESP32-S3 por serial
2025-05-31 17:45:29,838 [INFO] Lectura datos climáticos NASA
2025-05-31 17:45:29,841 [INFO] Datos JSON preparados para envío
2025-05-31 17:45:30,896 [INFO] Lectura BMP390
2025-05-31 17:45:31,076 [INFO] Lectura LTR390
2025-05-31 17:45:31,082 [INFO] Lectura desde ESP32-S3 por serial
2025-05-31 17:45:35,497 [INFO] Lectura datos climáticos NASA
2025-05-31 17:45:35,498 [INFO] Datos JSON preparados para envío
2025-05-31 17:45:36,547 [INFO] Lectura BMP390
2025-05-31 17:45:36,724 [INFO] Lectura LTR390
2025-05-31 17:45:36,726 [INFO] Lectura desde ESP32-S3 por serial
2025-05-31 17:45:40,212 [INFO] Lectura datos climáticos NASA
2025-05-31 17:45:40,214 [INFO] Datos JSON preparados para envío
2025-05-31 17:45:41,267 [INFO] Lectura BMP390
2025-05-31 17:45:41,447 [INFO] Lectura LTR390
2025-05-31 17:45:41,454 [INFO] Lectura desde ESP32-S3 por serial
2025-05-31 17:45:45,226 [INFO] Lectura datos climáticos NASA
2025-05-31 17:45:45,228 [INFO] Datos JSON preparados para envío
2025-05-31 17:45:46,282 [INFO] Lectura BMP390
2025-05-31 17:45:46,463 [INFO] Lectura LTR390
2025-05-31 17:45:46,469 [INFO] Lectura desde ESP32-S3 por serial
2025-05-31 17:45:50,440 [INFO] Lectura datos climáticos NASA
2025-05-31 17:45:50,443 [INFO] Datos JSON preparados para envío
2025-05-31 17:45:51,495 [INFO] Lectura BMP390
2025-05-31 17:45:51,676 [INFO] Lectura LTR390
2025-05-31 17:45:51,682 [INFO] Lectura desde ESP32-S3 por serial
2025-05-31 17:45:55,454 [INFO] Lectura datos climáticos NASA
2025-05-31 17:45:55,457 [INFO] Datos JSON preparados para envío
2025-05-31 17:45:56,515 [INFO] Lectura BMP390
2025-05-31 17:45:56,696 [INFO] Lectura LTR390
2025-05-31 17:45:56,703 [INFO] Lectura desde ESP32-S3 por serial
2025-05-31 17:46:00,247 [INFO] Lectura datos climáticos NASA
2025-05-31 17:46:00,248 [INFO] Datos JSON preparados para envío
2025-05-31 17:46:01,298 [INFO] Lectura BMP390
2025-05-31 17:46:01,474 [INFO] Lectura LTR390
2025-05-31 17:46:01,477 [INFO] Lectura desde ESP32-S3 por serial
2025-05-31 17:46:06,310 [INFO] Lectura datos climáticos NASA
2025-05-31 17:46:06,313 [INFO] Datos JSON preparados para envío
2025-05-31 17:46:07,366 [INFO] Lectura BMP390
2025-05-31 17:46:07,546 [INFO] Lectura LTR390
2025-05-31 17:46:07,552 [INFO] Lectura desde ESP32-S3 por serial
2025-05-31 17:46:11,624 [INFO] Lectura datos climáticos NASA
2025-05-31 17:46:11,626 [INFO] Datos JSON preparados para envío
2025-05-31 17:46:12,676 [INFO] Lectura BMP390
2025-05-31 17:46:12,858 [INFO] Lectura LTR390
2025-05-31 17:46:12,861 [INFO] Lectura desde ESP32-S3 por serial
2025-05-31 17:46:16,555 [INFO] Lectura datos climáticos NASA
2025-05-31 17:46:16,558 [INFO] Datos JSON preparados para envío
2025-05-31 17:46:17,612 [INFO] Lectura BMP390
2025-05-31 17:46:17,794 [INFO] Lectura LTR390
2025-05-31 17:46:17,800 [INFO] Lectura desde ESP32-S3 por serial
2025-05-31 17:46:21,549 [INFO] Lectura datos climáticos NASA
2025-05-31 17:46:21,552 [INFO] Datos JSON preparados para envío
2025-05-31 17:46:22,604 [INFO] Lectura BMP390
2025-05-31 17:46:22,785 [INFO] Lectura LTR390
2025-05-31 17:46:22,791 [INFO] Lectura desde ESP32-S3 por serial
2025-05-31 17:46:26,026 [INFO] Lectura datos climáticos NASA
2025-05-31 17:46:26,028 [INFO] Datos JSON preparados para envío
2025-05-31 17:46:27,079 [INFO] Lectura BMP390
2025-05-31 17:46:27,259 [INFO] Lectura LTR390
2025-05-31 17:46:27,265 [INFO] Lectura desde ESP32-S3 por serial
2025-05-31 17:46:30,500 [INFO] Lectura datos climáticos NASA
2025-05-31 17:46:30,502 [INFO] Datos JSON preparados para envío
2025-05-31 17:46:31,555 [INFO] Lectura BMP390
2025-05-31 17:46:31,742 [INFO] Lectura LTR390
2025-05-31 17:46:31,748 [INFO] Lectura desde ESP32-S3 por serial
2025-05-31 17:46:35,568 [INFO] Lectura datos climáticos NASA
2025-05-31 17:46:35,572 [INFO] Datos JSON preparados para envío
2025-05-31 17:46:36,621 [INFO] Lectura BMP390
2025-05-31 17:46:36,799 [INFO] Lectura LTR390
2025-05-31 17:46:36,802 [INFO] Lectura desde ESP32-S3 por serial
2025-05-31 17:46:40,773 [INFO] Lectura datos climáticos NASA
2025-05-31 17:46:40,776 [INFO] Datos JSON preparados para envío
2025-05-31 17:46:41,830 [INFO] Lectura BMP390
2025-05-31 17:46:42,010 [INFO] Lectura LTR390
2025-05-31 17:46:42,016 [INFO] Lectura desde ESP32-S3 por serial
2025-05-31 17:46:45,613 [INFO] Lectura datos climáticos NASA
2025-05-31 17:46:45,616 [INFO] Datos JSON preparados para envío
2025-05-31 17:46:46,668 [INFO] Lectura BMP390
2025-05-31 17:46:46,848 [INFO] Lectura LTR390
2025-05-31 17:46:46,855 [INFO] Lectura desde ESP32-S3 por serial
2025-05-31 17:46:50,769 [INFO] Lectura datos climáticos NASA
2025-05-31 17:46:50,772 [INFO] Datos JSON preparados para envío
2025-05-31 17:46:51,825 [INFO] Lectura BMP390
2025-05-31 17:46:52,009 [INFO] Lectura LTR390
2025-05-31 17:46:52,016 [INFO] Lectura desde ESP32-S3 por serial
2025-05-31 17:46:55,409 [INFO] Lectura datos climáticos NASA
2025-05-31 17:46:55,412 [INFO] Datos JSON preparados para envío
2025-05-31 17:46:56,463 [INFO] Lectura BMP390
2025-05-31 17:46:56,644 [INFO] Lectura LTR390
2025-05-31 17:46:56,651 [INFO] Lectura desde ESP32-S3 por serial
2025-05-31 17:47:00,433 [INFO] Lectura datos climáticos NASA
2025-05-31 17:47:00,435 [INFO] Datos JSON preparados para envío
2025-05-31 17:47:01,486 [INFO] Lectura BMP390
2025-05-31 17:47:01,665 [INFO] Lectura LTR390
2025-05-31 17:47:01,669 [INFO] Lectura desde ESP32-S3 por serial
2025-05-31 17:47:05,859 [INFO] Lectura datos climáticos NASA
2025-05-31 17:47:05,862 [INFO] Datos JSON preparados para envío
2025-05-31 17:47:06,928 [INFO] Lectura BMP390
2025-05-31 17:47:07,108 [INFO] Lectura LTR390
2025-05-31 17:47:07,116 [INFO] Lectura desde ESP32-S3 por serial
2025-05-31 17:47:11,419 [INFO] Lectura datos climáticos NASA
2025-05-31 17:47:11,422 [INFO] Datos JSON preparados para envío
2025-05-31 17:47:12,477 [INFO] Lectura BMP390
2025-05-31 17:47:12,656 [INFO] Lectura LTR390
2025-05-31 17:47:12,660 [INFO] Lectura desde ESP32-S3 por serial
2025-05-31 17:47:15,857 [INFO] Lectura datos climáticos NASA
2025-05-31 17:47:15,860 [INFO] Datos JSON preparados para envío
2025-05-31 17:47:16,912 [INFO] Lectura BMP390
2025-05-31 17:47:17,094 [INFO] Lectura LTR390
2025-05-31 17:47:17,103 [INFO] Lectura desde ESP32-S3 por serial
2025-05-31 17:47:21,622 [INFO] Lectura datos climáticos NASA
2025-05-31 17:47:21,625 [INFO] Datos JSON preparados para envío
2025-05-31 17:47:22,678 [INFO] Lectura BMP390
2025-05-31 17:47:22,861 [INFO] Lectura LTR390
2025-05-31 17:47:22,867 [INFO] Lectura desde ESP32-S3 por serial
2025-05-31 17:47:26,190 [INFO] Lectura datos climáticos NASA
2025-05-31 17:47:26,192 [INFO] Datos JSON preparados para envío
2025-05-31 17:47:27,244 [INFO] Lectura BMP390
2025-05-31 17:47:27,423 [INFO] Lectura LTR390
2025-05-31 17:47:27,430 [INFO] Lectura desde ESP32-S3 por serial
2025-05-31 17:47:31,244 [INFO] Lectura datos climáticos NASA
2025-05-31 17:47:31,246 [INFO] Datos JSON preparados para envío
2025-05-31 17:47:32,298 [INFO] Lectura BMP390
2025-05-31 17:47:32,477 [INFO] Lectura LTR390
2025-05-31 17:47:32,483 [INFO] Lectura desde ESP32-S3 por serial
2025-05-31 17:47:36,401 [INFO] Lectura datos climáticos NASA
2025-05-31 17:47:36,405 [INFO] Datos JSON preparados para envío
2025-05-31 17:47:37,455 [INFO] Lectura BMP390
2025-05-31 17:47:37,633 [INFO] Lectura LTR390
2025-05-31 17:47:37,636 [INFO] Lectura desde ESP32-S3 por serial
2025-05-31 17:47:40,863 [INFO] Lectura datos climáticos NASA
2025-05-31 17:47:40,866 [INFO] Datos JSON preparados para envío
2025-05-31 17:47:41,919 [INFO] Lectura BMP390
2025-05-31 17:47:42,099 [INFO] Lectura LTR390
2025-05-31 17:47:42,105 [INFO] Lectura desde ESP32-S3 por serial
2025-05-31 17:47:46,588 [INFO] Lectura datos climáticos NASA
2025-05-31 17:47:46,591 [INFO] Datos JSON preparados para envío
2025-05-31 17:47:47,644 [INFO] Lectura BMP390
2025-05-31 17:47:47,824 [INFO] Lectura LTR390
2025-05-31 17:47:47,831 [INFO] Lectura desde ESP32-S3 por serial
2025-05-31 17:47:52,524 [INFO] Lectura datos climáticos NASA
2025-05-31 17:47:52,527 [INFO] Datos JSON preparados para envío
2025-05-31 17:47:53,580 [INFO] Lectura BMP390
2025-05-31 17:47:53,764 [INFO] Lectura LTR390
2025-05-31 17:47:53,770 [INFO] Lectura desde ESP32-S3 por serial
2025-05-31 17:47:57,332 [INFO] Lectura datos climáticos NASA
2025-05-31 17:47:57,335 [INFO] Datos JSON preparados para envío
2025-05-31 17:47:58,389 [INFO] Lectura BMP390
2025-05-31 17:47:58,568 [INFO] Lectura LTR390
2025-05-31 17:47:58,575 [INFO] Lectura desde ESP32-S3 por serial
2025-05-31 17:48:02,446 [INFO] Lectura datos climáticos NASA
2025-05-31 17:48:02,448 [INFO] Datos JSON preparados para envío
2025-05-31 17:48:03,501 [INFO] Lectura BMP390
2025-05-31 17:48:03,684 [INFO] Lectura LTR390
2025-05-31 17:48:03,689 [INFO] Lectura desde ESP32-S3 por serial
2025-05-31 17:48:07,394 [INFO] Lectura datos climáticos NASA
2025-05-31 17:48:07,397 [INFO] Datos JSON preparados para envío
2025-05-31 17:48:08,451 [INFO] Lectura BMP390
2025-05-31 17:48:08,632 [INFO] Lectura LTR390
2025-05-31 17:48:08,641 [INFO] Lectura desde ESP32-S3 por serial
2025-05-31 17:48:12,481 [INFO] Lectura datos climáticos NASA
2025-05-31 17:48:12,486 [INFO] Datos JSON preparados para envío
2025-05-31 17:48:13,540 [INFO] Lectura BMP390
2025-05-31 17:48:13,716 [INFO] Lectura LTR390
2025-05-31 17:48:13,719 [INFO] Lectura desde ESP32-S3 por serial
2025-05-31 17:48:17,698 [INFO] Lectura datos climáticos NASA
2025-05-31 17:48:17,701 [INFO] Datos JSON preparados para envío
2025-05-31 17:48:18,755 [INFO] Lectura BMP390
2025-05-31 17:48:18,934 [INFO] Lectura LTR390
2025-05-31 17:48:18,941 [INFO] Lectura desde ESP32-S3 por serial
2025-05-31 17:48:22,407 [INFO] Lectura datos climáticos NASA
2025-05-31 17:48:22,410 [INFO] Datos JSON preparados para envío
2025-05-31 17:48:23,464 [INFO] Lectura BMP390
2025-05-31 17:48:23,644 [INFO] Lectura LTR390
2025-05-31 17:48:23,650 [INFO] Lectura desde ESP32-S3 por serial
2025-05-31 17:48:27,121 [INFO] Lectura datos climáticos NASA
2025-05-31 17:48:27,123 [INFO] Datos JSON preparados para envío
2025-05-31 17:48:28,176 [INFO] Lectura BMP390
2025-05-31 17:48:28,359 [INFO] Lectura LTR390
2025-05-31 17:48:28,365 [INFO] Lectura desde ESP32-S3 por serial
2025-05-31 17:48:33,472 [INFO] Lectura datos climáticos NASA
2025-05-31 17:48:33,475 [INFO] Datos JSON preparados para envío
2025-05-31 17:48:34,527 [INFO] Lectura BMP390
2025-05-31 17:48:34,707 [INFO] Lectura LTR390
2025-05-31 17:48:34,713 [INFO] Lectura desde ESP32-S3 por serial
2025-05-31 17:48:39,012 [INFO] Lectura datos climáticos NASA
2025-05-31 17:48:39,013 [INFO] Datos JSON preparados para envío
2025-05-31 17:48:40,066 [INFO] Lectura BMP390
2025-05-31 17:48:40,246 [INFO] Lectura LTR390
2025-05-31 17:48:40,252 [INFO] Lectura desde ESP32-S3 por serial
2025-05-31 17:48:44,186 [INFO] Lectura datos climáticos NASA
2025-05-31 17:48:44,189 [INFO] Datos JSON preparados para envío
2025-05-31 17:48:45,242 [INFO] Lectura BMP390
2025-05-31 17:48:45,429 [INFO] Lectura LTR390
2025-05-31 17:48:45,435 [INFO] Lectura desde ESP32-S3 por serial
2025-05-31 17:48:49,421 [INFO] Lectura datos climáticos NASA
2025-05-31 17:48:49,423 [INFO] Datos JSON preparados para envío
2025-05-31 17:48:50,478 [INFO] Lectura BMP390
2025-05-31 17:48:50,655 [INFO] Lectura LTR390
2025-05-31 17:48:50,658 [INFO] Lectura desde ESP32-S3 por serial
2025-05-31 17:48:54,078 [INFO] Lectura datos climáticos NASA
2025-05-31 17:48:54,081 [INFO] Datos JSON preparados para envío
2025-05-31 17:48:55,137 [INFO] Lectura BMP390
2025-05-31 17:48:55,317 [INFO] Lectura LTR390
2025-05-31 17:48:55,323 [INFO] Lectura desde ESP32-S3 por serial
2025-05-31 17:48:58,937 [INFO] Lectura datos climáticos NASA
2025-05-31 17:48:58,940 [INFO] Datos JSON preparados para envío
2025-05-31 17:48:59,991 [INFO] Lectura BMP390
2025-05-31 17:49:00,170 [INFO] Lectura LTR390
2025-05-31 17:49:00,179 [INFO] Lectura desde ESP32-S3 por serial
2025-05-31 17:49:03,847 [INFO] Lectura datos climáticos NASA
2025-05-31 17:49:03,849 [INFO] Datos JSON preparados para envío
2025-05-31 17:49:04,902 [INFO] Lectura BMP390
2025-05-31 17:49:05,086 [INFO] Lectura LTR390
2025-05-31 17:49:05,091 [INFO] Lectura desde ESP32-S3 por serial
2025-05-31 17:49:09,068 [INFO] Lectura datos climáticos NASA
2025-05-31 17:49:09,071 [INFO] Datos JSON preparados para envío
2025-05-31 17:49:10,126 [INFO] Lectura BMP390
2025-05-31 17:49:10,306 [INFO] Lectura LTR390
2025-05-31 17:49:10,312 [INFO] Lectura desde ESP32-S3 por serial
2025-05-31 17:49:13,880 [INFO] Lectura datos climáticos NASA
2025-05-31 17:49:13,883 [INFO] Datos JSON preparados para envío
2025-05-31 17:49:14,934 [INFO] Lectura BMP390
2025-05-31 17:49:15,112 [INFO] Lectura LTR390
2025-05-31 17:49:15,115 [INFO] Lectura desde ESP32-S3 por serial
2025-05-31 17:49:18,586 [INFO] Lectura datos climáticos NASA
2025-05-31 17:49:18,589 [INFO] Datos JSON preparados para envío
2025-05-31 17:49:19,646 [INFO] Lectura BMP390
2025-05-31 17:49:19,825 [INFO] Lectura LTR390
2025-05-31 17:49:19,831 [INFO] Lectura desde ESP32-S3 por serial
2025-05-31 17:49:23,311 [INFO] Lectura datos climáticos NASA
2025-05-31 17:49:23,314 [INFO] Datos JSON preparados para envío
2025-05-31 17:49:24,366 [INFO] Lectura BMP390
2025-05-31 17:49:24,555 [INFO] Lectura LTR390
2025-05-31 17:49:24,561 [INFO] Lectura desde ESP32-S3 por serial
2025-05-31 17:49:28,309 [INFO] Lectura datos climáticos NASA
2025-05-31 17:49:28,312 [INFO] Datos JSON preparados para envío
2025-05-31 17:49:29,372 [INFO] Lectura BMP390
2025-05-31 17:49:29,551 [INFO] Lectura LTR390
2025-05-31 17:49:29,558 [INFO] Lectura desde ESP32-S3 por serial
2025-05-31 17:49:34,038 [INFO] Lectura datos climáticos NASA
2025-05-31 17:49:34,040 [INFO] Datos JSON preparados para envío
2025-05-31 17:49:35,096 [INFO] Lectura BMP390
2025-05-31 17:49:35,278 [INFO] Lectura LTR390
2025-05-31 17:49:35,283 [INFO] Lectura desde ESP32-S3 por serial
2025-05-31 17:49:39,575 [INFO] Lectura datos climáticos NASA
2025-05-31 17:49:39,576 [INFO] Datos JSON preparados para envío
2025-05-31 17:49:40,631 [INFO] Lectura BMP390
2025-05-31 17:49:40,808 [INFO] Lectura LTR390
2025-05-31 17:49:40,811 [INFO] Lectura desde ESP32-S3 por serial
2025-05-31 17:49:45,241 [INFO] Lectura datos climáticos NASA
2025-05-31 17:49:45,244 [INFO] Datos JSON preparados para envío
2025-05-31 17:49:46,296 [INFO] Lectura BMP390
2025-05-31 17:49:46,475 [INFO] Lectura LTR390
2025-05-31 17:49:46,481 [INFO] Lectura desde ESP32-S3 por serial
2025-05-31 17:49:50,615 [INFO] Lectura datos climáticos NASA
2025-05-31 17:49:50,617 [INFO] Datos JSON preparados para envío
2025-05-31 17:49:51,673 [INFO] Lectura BMP390
2025-05-31 17:49:51,850 [INFO] Lectura LTR390
2025-05-31 17:49:51,853 [INFO] Lectura desde ESP32-S3 por serial
2025-05-31 17:49:56,552 [INFO] Lectura datos climáticos NASA
2025-05-31 17:49:56,555 [INFO] Datos JSON preparados para envío
2025-05-31 17:49:57,610 [INFO] Lectura BMP390
2025-05-31 17:49:57,790 [INFO] Lectura LTR390
2025-05-31 17:49:57,796 [INFO] Lectura desde ESP32-S3 por serial
2025-05-31 17:50:01,768 [INFO] Lectura datos climáticos NASA
2025-05-31 17:50:01,770 [INFO] Datos JSON preparados para envío
2025-05-31 17:50:02,822 [INFO] Lectura BMP390
2025-05-31 17:50:03,002 [INFO] Lectura LTR390
2025-05-31 17:50:03,006 [INFO] Lectura desde ESP32-S3 por serial
2025-05-31 17:50:06,582 [INFO] Lectura datos climáticos NASA
2025-05-31 17:50:06,585 [INFO] Datos JSON preparados para envío
2025-05-31 17:50:07,637 [INFO] Lectura BMP390
2025-05-31 17:50:07,819 [INFO] Lectura LTR390
2025-05-31 17:50:07,826 [INFO] Lectura desde ESP32-S3 por serial
2025-05-31 17:50:11,089 [INFO] Lectura datos climáticos NASA
2025-05-31 17:50:11,092 [INFO] Datos JSON preparados para envío
2025-05-31 17:50:12,145 [INFO] Lectura BMP390
2025-05-31 17:50:12,325 [INFO] Lectura LTR390
2025-05-31 17:50:12,331 [INFO] Lectura desde ESP32-S3 por serial
2025-05-31 17:50:15,896 [INFO] Lectura datos climáticos NASA
2025-05-31 17:50:15,897 [INFO] Datos JSON preparados para envío
2025-05-31 17:50:16,947 [INFO] Lectura BMP390
2025-05-31 17:50:17,123 [INFO] Lectura LTR390
2025-05-31 17:50:17,126 [INFO] Lectura desde ESP32-S3 por serial
2025-05-31 17:50:20,792 [INFO] Lectura datos climáticos NASA
2025-05-31 17:50:20,794 [INFO] Datos JSON preparados para envío
2025-05-31 17:50:21,849 [INFO] Lectura BMP390
2025-05-31 17:50:22,033 [INFO] Lectura LTR390
2025-05-31 17:50:22,039 [INFO] Lectura desde ESP32-S3 por serial
2025-05-31 17:50:25,614 [INFO] Lectura datos climáticos NASA
2025-05-31 17:50:25,617 [INFO] Datos JSON preparados para envío
2025-05-31 17:50:26,670 [INFO] Lectura BMP390
2025-05-31 17:50:26,850 [INFO] Lectura LTR390
2025-05-31 17:50:26,857 [INFO] Lectura desde ESP32-S3 por serial
2025-05-31 17:50:31,006 [INFO] Lectura datos climáticos NASA
2025-05-31 17:50:31,009 [INFO] Datos JSON preparados para envío
2025-05-31 17:50:32,061 [INFO] Lectura BMP390
2025-05-31 17:50:32,241 [INFO] Lectura LTR390
2025-05-31 17:50:32,246 [INFO] Lectura desde ESP32-S3 por serial
2025-05-31 17:50:36,666 [INFO] Lectura datos climáticos NASA
2025-05-31 17:50:36,669 [INFO] Datos JSON preparados para envío
2025-05-31 17:50:37,720 [INFO] Lectura BMP390
2025-05-31 17:50:37,905 [INFO] Lectura LTR390
2025-05-31 17:50:37,911 [INFO] Lectura desde ESP32-S3 por serial
2025-05-31 17:50:41,371 [INFO] Lectura datos climáticos NASA
2025-05-31 17:50:41,372 [INFO] Datos JSON preparados para envío
2025-05-31 17:50:42,425 [INFO] Lectura BMP390
2025-05-31 17:50:42,605 [INFO] Lectura LTR390
2025-05-31 17:50:42,611 [INFO] Lectura desde ESP32-S3 por serial
2025-05-31 17:50:46,082 [INFO] Lectura datos climáticos NASA
2025-05-31 17:50:46,085 [INFO] Datos JSON preparados para envío
2025-05-31 17:50:47,140 [INFO] Lectura BMP390
2025-05-31 17:50:47,320 [INFO] Lectura LTR390
2025-05-31 17:50:47,325 [INFO] Lectura desde ESP32-S3 por serial
2025-05-31 17:50:51,402 [INFO] Lectura datos climáticos NASA
2025-05-31 17:50:51,409 [INFO] Datos JSON preparados para envío
2025-05-31 17:50:52,459 [INFO] Lectura BMP390
2025-05-31 17:50:52,636 [INFO] Lectura LTR390
2025-05-31 17:50:52,638 [INFO] Lectura desde ESP32-S3 por serial
2025-05-31 17:50:56,123 [INFO] Lectura datos climáticos NASA
2025-05-31 17:50:56,126 [INFO] Datos JSON preparados para envío
2025-05-31 17:50:57,179 [INFO] Lectura BMP390
2025-05-31 17:50:57,358 [INFO] Lectura LTR390
2025-05-31 17:50:57,364 [INFO] Lectura desde ESP32-S3 por serial
2025-05-31 17:51:00,612 [INFO] Lectura datos climáticos NASA
2025-05-31 17:51:00,615 [INFO] Datos JSON preparados para envío
2025-05-31 17:51:01,668 [INFO] Lectura BMP390
2025-05-31 17:51:01,847 [INFO] Lectura LTR390
2025-05-31 17:51:01,853 [INFO] Lectura desde ESP32-S3 por serial
2025-05-31 17:51:05,124 [INFO] Lectura datos climáticos NASA
2025-05-31 17:51:05,126 [INFO] Datos JSON preparados para envío
2025-05-31 17:51:06,180 [INFO] Lectura BMP390
2025-05-31 17:51:06,364 [INFO] Lectura LTR390
2025-05-31 17:51:06,369 [INFO] Lectura desde ESP32-S3 por serial
2025-05-31 17:51:09,619 [INFO] Lectura datos climáticos NASA
2025-05-31 17:51:09,621 [INFO] Datos JSON preparados para envío
2025-05-31 17:51:10,672 [INFO] Lectura BMP390
2025-05-31 17:51:10,853 [INFO] Lectura LTR390
2025-05-31 17:51:10,859 [INFO] Lectura desde ESP32-S3 por serial
2025-05-31 17:51:14,328 [INFO] Lectura datos climáticos NASA
2025-05-31 17:51:14,331 [INFO] Datos JSON preparados para envío
2025-05-31 17:51:15,383 [INFO] Lectura BMP390
2025-05-31 17:51:15,565 [INFO] Lectura LTR390
2025-05-31 17:51:15,571 [INFO] Lectura desde ESP32-S3 por serial
2025-05-31 17:51:19,173 [INFO] Lectura datos climáticos NASA
2025-05-31 17:51:19,175 [INFO] Datos JSON preparados para envío
2025-05-31 17:51:20,226 [INFO] Lectura BMP390
2025-05-31 17:51:20,409 [INFO] Lectura LTR390
2025-05-31 17:51:20,416 [INFO] Lectura desde ESP32-S3 por serial
2025-05-31 17:51:24,390 [INFO] Lectura datos climáticos NASA
2025-05-31 17:51:24,393 [INFO] Datos JSON preparados para envío
2025-05-31 17:51:25,450 [INFO] Lectura BMP390
2025-05-31 17:51:25,634 [INFO] Lectura LTR390
2025-05-31 17:51:25,640 [INFO] Lectura desde ESP32-S3 por serial
2025-05-31 17:51:29,367 [INFO] Lectura datos climáticos NASA
2025-05-31 17:51:29,368 [INFO] Datos JSON preparados para envío
2025-05-31 17:51:30,422 [INFO] Lectura BMP390
2025-05-31 17:51:30,603 [INFO] Lectura LTR390
2025-05-31 17:51:30,610 [INFO] Lectura desde ESP32-S3 por serial
2025-05-31 17:51:34,604 [INFO] Lectura datos climáticos NASA
2025-05-31 17:51:34,607 [INFO] Datos JSON preparados para envío
2025-05-31 17:51:35,662 [INFO] Lectura BMP390
2025-05-31 17:51:35,842 [INFO] Lectura LTR390
2025-05-31 17:51:35,848 [INFO] Lectura desde ESP32-S3 por serial
2025-05-31 17:51:39,525 [INFO] Lectura datos climáticos NASA
2025-05-31 17:51:39,527 [INFO] Datos JSON preparados para envío
2025-05-31 17:51:40,582 [INFO] Lectura BMP390
2025-05-31 17:51:40,759 [INFO] Lectura LTR390
2025-05-31 17:51:40,762 [INFO] Lectura desde ESP32-S3 por serial
2025-05-31 17:51:44,277 [INFO] Lectura datos climáticos NASA
2025-05-31 17:51:44,280 [INFO] Datos JSON preparados para envío
2025-05-31 17:51:45,333 [INFO] Lectura BMP390
2025-05-31 17:51:45,514 [INFO] Lectura LTR390
2025-05-31 17:51:45,520 [INFO] Lectura desde ESP32-S3 por serial
2025-05-31 17:51:49,546 [INFO] Lectura datos climáticos NASA
2025-05-31 17:51:49,548 [INFO] Datos JSON preparados para envío
2025-05-31 17:51:50,601 [INFO] Lectura BMP390
2025-05-31 17:51:50,782 [INFO] Lectura LTR390
2025-05-31 17:51:50,787 [INFO] Lectura desde ESP32-S3 por serial
2025-05-31 17:51:54,048 [INFO] Lectura datos climáticos NASA
2025-05-31 17:51:54,052 [INFO] Datos JSON preparados para envío
2025-05-31 17:51:55,105 [INFO] Lectura BMP390
2025-05-31 17:51:55,290 [INFO] Lectura LTR390
2025-05-31 17:51:55,296 [INFO] Lectura desde ESP32-S3 por serial
2025-05-31 17:51:59,043 [INFO] Lectura datos climáticos NASA
2025-05-31 17:51:59,046 [INFO] Datos JSON preparados para envío
2025-05-31 17:52:00,099 [INFO] Lectura BMP390
2025-05-31 17:52:00,286 [INFO] Lectura LTR390
2025-05-31 17:52:00,291 [INFO] Lectura desde ESP32-S3 por serial
2025-05-31 17:52:04,234 [INFO] Lectura datos climáticos NASA
2025-05-31 17:52:04,236 [INFO] Datos JSON preparados para envío
2025-05-31 17:52:05,287 [INFO] Lectura BMP390
2025-05-31 17:52:05,470 [INFO] Lectura LTR390
2025-05-31 17:52:05,473 [INFO] Lectura desde ESP32-S3 por serial
2025-05-31 17:52:09,095 [INFO] Lectura datos climáticos NASA
2025-05-31 17:52:09,097 [INFO] Datos JSON preparados para envío
2025-05-31 17:52:10,152 [INFO] Lectura BMP390
2025-05-31 17:52:10,334 [INFO] Lectura LTR390
2025-05-31 17:52:10,339 [INFO] Lectura desde ESP32-S3 por serial
2025-05-31 17:52:14,670 [INFO] Lectura datos climáticos NASA
2025-05-31 17:52:14,674 [INFO] Datos JSON preparados para envío
2025-05-31 17:52:15,727 [INFO] Lectura BMP390
2025-05-31 17:52:15,909 [INFO] Lectura LTR390
2025-05-31 17:52:15,915 [INFO] Lectura desde ESP32-S3 por serial
2025-05-31 17:52:19,832 [INFO] Lectura datos climáticos NASA
2025-05-31 17:52:19,835 [INFO] Datos JSON preparados para envío
2025-05-31 17:52:20,889 [INFO] Lectura BMP390
2025-05-31 17:52:21,072 [INFO] Lectura LTR390
2025-05-31 17:52:21,079 [INFO] Lectura desde ESP32-S3 por serial
2025-05-31 17:52:24,729 [INFO] Lectura datos climáticos NASA
2025-05-31 17:52:24,732 [INFO] Datos JSON preparados para envío
2025-05-31 17:52:25,784 [INFO] Lectura BMP390
2025-05-31 17:52:25,968 [INFO] Lectura LTR390
2025-05-31 17:52:25,974 [INFO] Lectura desde ESP32-S3 por serial
2025-05-31 17:52:29,024 [INFO] Lectura datos climáticos NASA
2025-05-31 17:52:29,025 [INFO] Datos JSON preparados para envío
2025-05-31 17:52:30,075 [INFO] Lectura BMP390
2025-05-31 17:52:30,253 [INFO] Lectura LTR390
2025-05-31 17:52:30,256 [INFO] Lectura desde ESP32-S3 por serial
2025-05-31 17:52:33,802 [INFO] Lectura datos climáticos NASA
2025-05-31 17:52:33,805 [INFO] Datos JSON preparados para envío
2025-05-31 17:52:34,858 [INFO] Lectura BMP390
2025-05-31 17:52:35,038 [INFO] Lectura LTR390
2025-05-31 17:52:35,044 [INFO] Lectura desde ESP32-S3 por serial
2025-05-31 17:52:38,376 [INFO] Lectura datos climáticos NASA
2025-05-31 17:52:38,379 [INFO] Datos JSON preparados para envío
2025-05-31 17:52:39,431 [INFO] Lectura BMP390
2025-05-31 17:52:39,611 [INFO] Lectura LTR390
2025-05-31 17:52:39,617 [INFO] Lectura desde ESP32-S3 por serial
2025-05-31 17:52:42,999 [INFO] Lectura datos climáticos NASA
2025-05-31 17:52:43,001 [INFO] Datos JSON preparados para envío
2025-05-31 17:52:44,055 [INFO] Lectura BMP390
2025-05-31 17:52:44,235 [INFO] Lectura LTR390
2025-05-31 17:52:44,241 [INFO] Lectura desde ESP32-S3 por serial
2025-05-31 17:52:48,178 [INFO] Lectura datos climáticos NASA
2025-05-31 17:52:48,180 [INFO] Datos JSON preparados para envío
2025-05-31 17:52:49,233 [INFO] Lectura BMP390
2025-05-31 17:52:49,415 [INFO] Lectura LTR390
2025-05-31 17:52:49,421 [INFO] Lectura desde ESP32-S3 por serial
2025-05-31 17:52:52,772 [INFO] Lectura datos climáticos NASA
2025-05-31 17:52:52,775 [INFO] Datos JSON preparados para envío
2025-05-31 17:52:53,825 [INFO] Lectura BMP390
2025-05-31 17:52:54,002 [INFO] Lectura LTR390
2025-05-31 17:52:54,006 [INFO] Lectura desde ESP32-S3 por serial
2025-05-31 17:52:57,240 [INFO] Lectura datos climáticos NASA
2025-05-31 17:52:57,242 [INFO] Datos JSON preparados para envío
2025-05-31 17:52:58,293 [INFO] Lectura BMP390
2025-05-31 17:52:58,474 [INFO] Lectura LTR390
2025-05-31 17:52:58,479 [INFO] Lectura desde ESP32-S3 por serial
2025-05-31 17:53:01,776 [INFO] Lectura datos climáticos NASA
2025-05-31 17:53:01,778 [INFO] Datos JSON preparados para envío
2025-05-31 17:53:02,830 [INFO] Lectura BMP390
2025-05-31 17:53:03,011 [INFO] Lectura LTR390
2025-05-31 17:53:03,017 [INFO] Lectura desde ESP32-S3 por serial
2025-05-31 17:53:06,439 [INFO] Lectura datos climáticos NASA
2025-05-31 17:53:06,440 [INFO] Datos JSON preparados para envío
2025-05-31 17:53:07,493 [INFO] Lectura BMP390
2025-05-31 17:53:07,676 [INFO] Lectura LTR390
2025-05-31 17:53:07,682 [INFO] Lectura desde ESP32-S3 por serial
2025-05-31 17:53:12,019 [INFO] Lectura datos climáticos NASA
2025-05-31 17:53:12,022 [INFO] Datos JSON preparados para envío
2025-05-31 17:53:13,075 [INFO] Lectura BMP390
2025-05-31 17:53:13,259 [INFO] Lectura LTR390
2025-05-31 17:53:13,265 [INFO] Lectura desde ESP32-S3 por serial
2025-05-31 17:53:16,155 [INFO] Lectura datos climáticos NASA
2025-05-31 17:53:16,158 [INFO] Datos JSON preparados para envío
2025-05-31 17:53:17,210 [INFO] Lectura BMP390
2025-05-31 17:53:17,392 [INFO] Lectura LTR390
2025-05-31 17:53:17,396 [INFO] Lectura desde ESP32-S3 por serial
2025-05-31 17:53:20,822 [INFO] Lectura datos climáticos NASA
2025-05-31 17:53:20,825 [INFO] Datos JSON preparados para envío
2025-05-31 17:53:21,877 [INFO] Lectura BMP390
2025-05-31 17:53:22,061 [INFO] Lectura LTR390
2025-05-31 17:53:22,070 [INFO] Lectura desde ESP32-S3 por serial
2025-05-31 17:53:25,505 [INFO] Lectura datos climáticos NASA
2025-05-31 17:53:25,508 [INFO] Datos JSON preparados para envío
2025-05-31 17:53:26,561 [INFO] Lectura BMP390
2025-05-31 17:53:26,741 [INFO] Lectura LTR390
2025-05-31 17:53:26,747 [INFO] Lectura desde ESP32-S3 por serial
2025-05-31 17:53:30,617 [INFO] Lectura datos climáticos NASA
2025-05-31 17:53:30,619 [INFO] Datos JSON preparados para envío
2025-05-31 17:53:31,672 [INFO] Lectura BMP390
2025-05-31 17:53:31,851 [INFO] Lectura LTR390
2025-05-31 17:53:31,856 [INFO] Lectura desde ESP32-S3 por serial
2025-05-31 17:53:35,697 [INFO] Lectura datos climáticos NASA
2025-05-31 17:53:35,700 [INFO] Datos JSON preparados para envío
2025-05-31 17:53:36,753 [INFO] Lectura BMP390
2025-05-31 17:53:36,934 [INFO] Lectura LTR390
2025-05-31 17:53:36,940 [INFO] Lectura desde ESP32-S3 por serial
2025-05-31 17:53:40,498 [INFO] Lectura datos climáticos NASA
2025-05-31 17:53:40,501 [INFO] Datos JSON preparados para envío
2025-05-31 17:53:41,561 [INFO] Lectura BMP390
2025-05-31 17:53:41,740 [INFO] Lectura LTR390
2025-05-31 17:53:41,744 [INFO] Lectura desde ESP32-S3 por serial
2025-05-31 17:53:45,265 [INFO] Lectura datos climáticos NASA
2025-05-31 17:53:45,268 [INFO] Datos JSON preparados para envío
2025-05-31 17:53:46,323 [INFO] Lectura BMP390
2025-05-31 17:53:46,503 [INFO] Lectura LTR390
2025-05-31 17:53:46,509 [INFO] Lectura desde ESP32-S3 por serial
2025-05-31 17:53:49,841 [INFO] Lectura datos climáticos NASA
2025-05-31 17:53:49,844 [INFO] Datos JSON preparados para envío
2025-05-31 17:53:50,897 [INFO] Lectura BMP390
2025-05-31 17:53:51,077 [INFO] Lectura LTR390
2025-05-31 17:53:51,084 [INFO] Lectura desde ESP32-S3 por serial
2025-05-31 17:53:54,811 [INFO] Lectura datos climáticos NASA
2025-05-31 17:53:54,813 [INFO] Datos JSON preparados para envío
2025-05-31 17:53:55,865 [INFO] Lectura BMP390
2025-05-31 17:53:56,049 [INFO] Lectura LTR390
2025-05-31 17:53:56,055 [INFO] Lectura desde ESP32-S3 por serial
2025-05-31 17:53:59,306 [INFO] Lectura datos climáticos NASA
2025-05-31 17:53:59,309 [INFO] Datos JSON preparados para envío
2025-05-31 17:54:00,362 [INFO] Lectura BMP390
2025-05-31 17:54:00,542 [INFO] Lectura LTR390
2025-05-31 17:54:00,549 [INFO] Lectura desde ESP32-S3 por serial
2025-05-31 17:54:04,027 [INFO] Lectura datos climáticos NASA
2025-05-31 17:54:04,030 [INFO] Datos JSON preparados para envío
2025-05-31 17:54:05,081 [INFO] Lectura BMP390
2025-05-31 17:54:05,262 [INFO] Lectura LTR390
2025-05-31 17:54:05,268 [INFO] Lectura desde ESP32-S3 por serial
2025-05-31 17:54:08,380 [INFO] Lectura datos climáticos NASA
2025-05-31 17:54:08,385 [INFO] Datos JSON preparados para envío
2025-05-31 17:54:09,438 [INFO] Lectura BMP390
2025-05-31 17:54:09,623 [INFO] Lectura LTR390
2025-05-31 17:54:09,629 [INFO] Lectura desde ESP32-S3 por serial
2025-05-31 17:54:13,274 [INFO] Lectura datos climáticos NASA
2025-05-31 17:54:13,276 [INFO] Datos JSON preparados para envío
2025-05-31 17:54:14,328 [INFO] Lectura BMP390
2025-05-31 17:54:14,509 [INFO] Lectura LTR390
2025-05-31 17:54:14,516 [INFO] Lectura desde ESP32-S3 por serial
2025-05-31 17:54:18,884 [INFO] Lectura datos climáticos NASA
2025-05-31 17:54:18,886 [INFO] Datos JSON preparados para envío
2025-05-31 17:54:19,936 [INFO] Lectura BMP390
2025-05-31 17:54:20,113 [INFO] Lectura LTR390
2025-05-31 17:54:20,116 [INFO] Lectura desde ESP32-S3 por serial
2025-05-31 17:54:23,596 [INFO] Lectura datos climáticos NASA
2025-05-31 17:54:23,599 [INFO] Datos JSON preparados para envío
2025-05-31 17:54:24,652 [INFO] Lectura BMP390
2025-05-31 17:54:24,833 [INFO] Lectura LTR390
2025-05-31 17:54:24,839 [INFO] Lectura desde ESP32-S3 por serial
2025-05-31 17:54:28,634 [INFO] Lectura datos climáticos NASA
2025-05-31 17:54:28,637 [INFO] Datos JSON preparados para envío
2025-05-31 17:54:29,690 [INFO] Lectura BMP390
2025-05-31 17:54:29,870 [INFO] Lectura LTR390
2025-05-31 17:54:29,876 [INFO] Lectura desde ESP32-S3 por serial
2025-05-31 17:54:33,637 [INFO] Lectura datos climáticos NASA
2025-05-31 17:54:33,641 [INFO] Datos JSON preparados para envío
2025-05-31 17:54:34,695 [INFO] Lectura BMP390
2025-05-31 17:54:34,876 [INFO] Lectura LTR390
2025-05-31 17:54:34,882 [INFO] Lectura desde ESP32-S3 por serial
2025-05-31 17:54:38,019 [INFO] Lectura datos climáticos NASA
2025-05-31 17:54:38,022 [INFO] Datos JSON preparados para envío
2025-05-31 17:54:39,074 [INFO] Lectura BMP390
2025-05-31 17:54:39,255 [INFO] Lectura LTR390
2025-05-31 17:54:39,261 [INFO] Lectura desde ESP32-S3 por serial
2025-05-31 17:54:42,803 [INFO] Lectura datos climáticos NASA
2025-05-31 17:54:42,804 [INFO] Datos JSON preparados para envío
2025-05-31 17:54:43,858 [INFO] Lectura BMP390
2025-05-31 17:54:44,035 [INFO] Lectura LTR390
2025-05-31 17:54:44,037 [INFO] Lectura desde ESP32-S3 por serial
2025-05-31 17:54:47,691 [INFO] Lectura datos climáticos NASA
2025-05-31 17:54:47,694 [INFO] Datos JSON preparados para envío
2025-05-31 17:54:48,746 [INFO] Lectura BMP390
2025-05-31 17:54:48,927 [INFO] Lectura LTR390
2025-05-31 17:54:48,933 [INFO] Lectura desde ESP32-S3 por serial
2025-05-31 17:54:52,629 [INFO] Lectura datos climáticos NASA
2025-05-31 17:54:52,632 [INFO] Datos JSON preparados para envío
2025-05-31 17:54:53,685 [INFO] Lectura BMP390
2025-05-31 17:54:53,866 [INFO] Lectura LTR390
2025-05-31 17:54:53,872 [INFO] Lectura desde ESP32-S3 por serial
2025-05-31 17:54:57,760 [INFO] Lectura datos climáticos NASA
2025-05-31 17:54:57,763 [INFO] Datos JSON preparados para envío
2025-05-31 17:54:58,816 [INFO] Lectura BMP390
2025-05-31 17:54:58,996 [INFO] Lectura LTR390
2025-05-31 17:54:59,002 [INFO] Lectura desde ESP32-S3 por serial
2025-05-31 17:55:02,537 [INFO] Lectura datos climáticos NASA
2025-05-31 17:55:02,540 [INFO] Datos JSON preparados para envío
2025-05-31 17:55:03,593 [INFO] Lectura BMP390
2025-05-31 17:55:03,774 [INFO] Lectura LTR390
2025-05-31 17:55:03,781 [INFO] Lectura desde ESP32-S3 por serial
2025-05-31 17:55:07,716 [INFO] Lectura datos climáticos NASA
2025-05-31 17:55:07,717 [INFO] Datos JSON preparados para envío
2025-05-31 17:55:08,773 [INFO] Lectura BMP390
2025-05-31 17:55:08,954 [INFO] Lectura LTR390
2025-05-31 17:55:08,961 [INFO] Lectura desde ESP32-S3 por serial
2025-05-31 17:55:12,686 [INFO] Lectura datos climáticos NASA
2025-05-31 17:55:12,694 [INFO] Datos JSON preparados para envío
2025-05-31 17:55:13,746 [INFO] Lectura BMP390
2025-05-31 17:55:13,926 [INFO] Lectura LTR390
2025-05-31 17:55:13,932 [INFO] Lectura desde ESP32-S3 por serial
2025-05-31 17:55:17,644 [INFO] Lectura datos climáticos NASA
2025-05-31 17:55:17,647 [INFO] Datos JSON preparados para envío
2025-05-31 17:55:18,701 [INFO] Lectura BMP390
2025-05-31 17:55:18,884 [INFO] Lectura LTR390
2025-05-31 17:55:18,888 [INFO] Lectura desde ESP32-S3 por serial
2025-05-31 17:55:22,493 [INFO] Lectura datos climáticos NASA
2025-05-31 17:55:22,496 [INFO] Datos JSON preparados para envío
2025-05-31 17:55:23,549 [INFO] Lectura BMP390
2025-05-31 17:55:23,730 [INFO] Lectura LTR390
2025-05-31 17:55:23,736 [INFO] Lectura desde ESP32-S3 por serial
2025-05-31 17:55:27,396 [INFO] Lectura datos climáticos NASA
2025-05-31 17:55:27,399 [INFO] Datos JSON preparados para envío
2025-05-31 17:55:28,452 [INFO] Lectura BMP390
2025-05-31 17:55:28,631 [INFO] Lectura LTR390
2025-05-31 17:55:28,638 [INFO] Lectura desde ESP32-S3 por serial
2025-05-31 17:55:32,407 [INFO] Lectura datos climáticos NASA
2025-05-31 17:55:32,408 [INFO] Datos JSON preparados para envío
2025-05-31 17:55:33,458 [INFO] Lectura BMP390
2025-05-31 17:55:33,643 [INFO] Lectura LTR390
2025-05-31 17:55:33,649 [INFO] Lectura desde ESP32-S3 por serial
2025-05-31 17:55:38,061 [INFO] Lectura datos climáticos NASA
2025-05-31 17:55:38,063 [INFO] Datos JSON preparados para envío
2025-05-31 17:55:39,115 [INFO] Lectura BMP390
2025-05-31 17:55:39,295 [INFO] Lectura LTR390
2025-05-31 17:55:39,300 [INFO] Lectura desde ESP32-S3 por serial
2025-05-31 17:55:43,320 [INFO] Lectura datos climáticos NASA
2025-05-31 17:55:43,326 [INFO] Datos JSON preparados para envío
2025-05-31 17:55:44,377 [INFO] Lectura BMP390
2025-05-31 17:55:44,556 [INFO] Lectura LTR390
2025-05-31 17:55:44,559 [INFO] Lectura desde ESP32-S3 por serial
2025-05-31 17:55:48,577 [INFO] Lectura datos climáticos NASA
2025-05-31 17:55:48,580 [INFO] Datos JSON preparados para envío
2025-05-31 17:55:49,634 [INFO] Lectura BMP390
2025-05-31 17:55:49,815 [INFO] Lectura LTR390
2025-05-31 17:55:49,821 [INFO] Lectura desde ESP32-S3 por serial
2025-05-31 17:55:54,549 [INFO] Lectura datos climáticos NASA
2025-05-31 17:55:54,551 [INFO] Datos JSON preparados para envío
2025-05-31 17:55:55,605 [INFO] Lectura BMP390
2025-05-31 17:55:55,784 [INFO] Lectura LTR390
2025-05-31 17:55:55,786 [INFO] Lectura desde ESP32-S3 por serial
2025-05-31 17:56:00,537 [INFO] Lectura datos climáticos NASA
2025-05-31 17:56:00,541 [INFO] Datos JSON preparados para envío
2025-05-31 17:56:01,595 [INFO] Lectura BMP390
2025-05-31 17:56:01,775 [INFO] Lectura LTR390
2025-05-31 17:56:01,781 [INFO] Lectura desde ESP32-S3 por serial
2025-05-31 17:56:05,292 [INFO] Lectura datos climáticos NASA
2025-05-31 17:56:05,294 [INFO] Datos JSON preparados para envío
2025-05-31 17:56:06,348 [INFO] Lectura BMP390
2025-05-31 17:56:06,527 [INFO] Lectura LTR390
2025-05-31 17:56:06,532 [INFO] Lectura desde ESP32-S3 por serial
2025-05-31 17:56:11,000 [INFO] Lectura datos climáticos NASA
2025-05-31 17:56:11,003 [INFO] Datos JSON preparados para envío
2025-05-31 17:56:12,056 [INFO] Lectura BMP390
2025-05-31 17:56:12,236 [INFO] Lectura LTR390
2025-05-31 17:56:12,241 [INFO] Lectura desde ESP32-S3 por serial
2025-05-31 17:56:15,706 [INFO] Lectura datos climáticos NASA
2025-05-31 17:56:15,709 [INFO] Datos JSON preparados para envío
2025-05-31 17:56:16,762 [INFO] Lectura BMP390
2025-05-31 17:56:16,941 [INFO] Lectura LTR390
2025-05-31 17:56:16,946 [INFO] Lectura desde ESP32-S3 por serial
2025-05-31 17:56:21,530 [INFO] Lectura datos climáticos NASA
2025-05-31 17:56:21,532 [INFO] Datos JSON preparados para envío
2025-05-31 17:56:22,585 [INFO] Lectura BMP390
2025-05-31 17:56:22,765 [INFO] Lectura LTR390
2025-05-31 17:56:22,771 [INFO] Lectura desde ESP32-S3 por serial
2025-05-31 17:56:25,964 [INFO] Lectura datos climáticos NASA
2025-05-31 17:56:25,967 [INFO] Datos JSON preparados para envío
2025-05-31 17:56:27,020 [INFO] Lectura BMP390
2025-05-31 17:56:27,200 [INFO] Lectura LTR390
2025-05-31 17:56:27,204 [INFO] Lectura desde ESP32-S3 por serial
2025-05-31 17:56:31,175 [INFO] Lectura datos climáticos NASA
2025-05-31 17:56:31,177 [INFO] Datos JSON preparados para envío
2025-05-31 17:56:32,232 [INFO] Lectura BMP390
2025-05-31 17:56:32,414 [INFO] Lectura LTR390
2025-05-31 17:56:32,417 [INFO] Lectura desde ESP32-S3 por serial
2025-05-31 17:56:36,982 [INFO] Lectura datos climáticos NASA
2025-05-31 17:56:36,985 [INFO] Datos JSON preparados para envío
2025-05-31 17:56:38,038 [INFO] Lectura BMP390
2025-05-31 17:56:38,220 [INFO] Lectura LTR390
2025-05-31 17:56:38,225 [INFO] Lectura desde ESP32-S3 por serial
2025-05-31 17:56:41,885 [INFO] Lectura datos climáticos NASA
2025-05-31 17:56:41,887 [INFO] Datos JSON preparados para envío
2025-05-31 17:56:42,942 [INFO] Lectura BMP390
2025-05-31 17:56:43,125 [INFO] Lectura LTR390
2025-05-31 17:56:43,131 [INFO] Lectura desde ESP32-S3 por serial
2025-05-31 17:56:46,420 [INFO] Lectura datos climáticos NASA
2025-05-31 17:56:46,423 [INFO] Datos JSON preparados para envío
2025-05-31 17:56:47,477 [INFO] Lectura BMP390
2025-05-31 17:56:47,658 [INFO] Lectura LTR390
2025-05-31 17:56:47,664 [INFO] Lectura desde ESP32-S3 por serial
2025-05-31 17:56:51,053 [INFO] Lectura datos climáticos NASA
2025-05-31 17:56:51,056 [INFO] Datos JSON preparados para envío
2025-05-31 17:56:52,110 [INFO] Lectura BMP390
2025-05-31 17:56:52,289 [INFO] Lectura LTR390
2025-05-31 17:56:52,295 [INFO] Lectura desde ESP32-S3 por serial
2025-05-31 17:56:56,238 [INFO] Lectura datos climáticos NASA
2025-05-31 17:56:56,239 [INFO] Datos JSON preparados para envío
2025-05-31 17:56:57,290 [INFO] Lectura BMP390
2025-05-31 17:56:57,466 [INFO] Lectura LTR390
2025-05-31 17:56:57,469 [INFO] Lectura desde ESP32-S3 por serial
2025-05-31 17:57:01,134 [INFO] Lectura datos climáticos NASA
2025-05-31 17:57:01,137 [INFO] Datos JSON preparados para envío
2025-05-31 17:57:02,191 [INFO] Lectura BMP390
2025-05-31 17:57:02,370 [INFO] Lectura LTR390
2025-05-31 17:57:02,376 [INFO] Lectura desde ESP32-S3 por serial
2025-05-31 17:57:06,044 [INFO] Lectura datos climáticos NASA
2025-05-31 17:57:06,047 [INFO] Datos JSON preparados para envío
2025-05-31 17:57:07,104 [INFO] Lectura BMP390
2025-05-31 17:57:07,287 [INFO] Lectura LTR390
2025-05-31 17:57:07,292 [INFO] Lectura desde ESP32-S3 por serial
2025-05-31 17:57:10,807 [INFO] Lectura datos climáticos NASA
2025-05-31 17:57:10,810 [INFO] Datos JSON preparados para envío
2025-05-31 17:57:11,867 [INFO] Lectura BMP390
2025-05-31 17:57:12,046 [INFO] Lectura LTR390
2025-05-31 17:57:12,052 [INFO] Lectura desde ESP32-S3 por serial
2025-05-31 17:57:15,873 [INFO] Lectura datos climáticos NASA
2025-05-31 17:57:15,876 [INFO] Datos JSON preparados para envío
2025-05-31 17:57:16,931 [INFO] Lectura BMP390
2025-05-31 17:57:17,112 [INFO] Lectura LTR390
2025-05-31 17:57:17,118 [INFO] Lectura desde ESP32-S3 por serial
2025-05-31 17:57:20,372 [INFO] Lectura datos climáticos NASA
2025-05-31 17:57:20,374 [INFO] Datos JSON preparados para envío
2025-05-31 17:57:21,425 [INFO] Lectura BMP390
2025-05-31 17:57:21,601 [INFO] Lectura LTR390
2025-05-31 17:57:21,604 [INFO] Lectura desde ESP32-S3 por serial
2025-05-31 17:57:25,812 [INFO] Lectura datos climáticos NASA
2025-05-31 17:57:25,814 [INFO] Datos JSON preparados para envío
2025-05-31 17:57:26,865 [INFO] Lectura BMP390
2025-05-31 17:57:27,046 [INFO] Lectura LTR390
2025-05-31 17:57:27,052 [INFO] Lectura desde ESP32-S3 por serial
2025-05-31 17:57:31,074 [INFO] Lectura datos climáticos NASA
2025-05-31 17:57:31,076 [INFO] Datos JSON preparados para envío
2025-05-31 17:57:32,131 [INFO] Lectura BMP390
2025-05-31 17:57:32,310 [INFO] Lectura LTR390
2025-05-31 17:57:32,316 [INFO] Lectura desde ESP32-S3 por serial
2025-05-31 17:57:35,585 [INFO] Lectura datos climáticos NASA
2025-05-31 17:57:35,587 [INFO] Datos JSON preparados para envío
2025-05-31 17:57:36,640 [INFO] Lectura BMP390
2025-05-31 17:57:36,823 [INFO] Lectura LTR390
2025-05-31 17:57:36,830 [INFO] Lectura desde ESP32-S3 por serial
2025-05-31 17:57:40,356 [INFO] Lectura datos climáticos NASA
2025-05-31 17:57:40,359 [INFO] Datos JSON preparados para envío
2025-05-31 17:57:41,411 [INFO] Lectura BMP390
2025-05-31 17:57:41,596 [INFO] Lectura LTR390
2025-05-31 17:57:41,602 [INFO] Lectura desde ESP32-S3 por serial
2025-05-31 17:57:44,964 [INFO] Lectura datos climáticos NASA
2025-05-31 17:57:44,967 [INFO] Datos JSON preparados para envío
2025-05-31 17:57:46,017 [INFO] Lectura BMP390
2025-05-31 17:57:46,197 [INFO] Lectura LTR390
2025-05-31 17:57:46,200 [INFO] Lectura desde ESP32-S3 por serial
2025-05-31 17:57:50,256 [INFO] Lectura datos climáticos NASA
2025-05-31 17:57:50,259 [INFO] Datos JSON preparados para envío
2025-05-31 17:57:51,312 [INFO] Lectura BMP390
2025-05-31 17:57:51,494 [INFO] Lectura LTR390
2025-05-31 17:57:51,500 [INFO] Lectura desde ESP32-S3 por serial
2025-05-31 17:57:54,827 [INFO] Lectura datos climáticos NASA
2025-05-31 17:57:54,830 [INFO] Datos JSON preparados para envío
2025-05-31 17:57:55,882 [INFO] Lectura BMP390
2025-05-31 17:57:56,066 [INFO] Lectura LTR390
2025-05-31 17:57:56,073 [INFO] Lectura desde ESP32-S3 por serial
2025-05-31 17:58:00,385 [INFO] Lectura datos climáticos NASA
2025-05-31 17:58:00,390 [INFO] Datos JSON preparados para envío
2025-05-31 17:58:01,444 [INFO] Lectura BMP390
2025-05-31 17:58:01,627 [INFO] Lectura LTR390
2025-05-31 17:58:01,634 [INFO] Lectura desde ESP32-S3 por serial
2025-05-31 17:58:05,815 [INFO] Lectura datos climáticos NASA
2025-05-31 17:58:05,818 [INFO] Datos JSON preparados para envío
2025-05-31 17:58:06,872 [INFO] Lectura BMP390
2025-05-31 17:58:07,051 [INFO] Lectura LTR390
2025-05-31 17:58:07,057 [INFO] Lectura desde ESP32-S3 por serial
2025-05-31 17:58:11,469 [INFO] Lectura datos climáticos NASA
2025-05-31 17:58:11,472 [INFO] Datos JSON preparados para envío
2025-05-31 17:58:12,525 [INFO] Lectura BMP390
2025-05-31 17:58:12,705 [INFO] Lectura LTR390
2025-05-31 17:58:12,711 [INFO] Lectura desde ESP32-S3 por serial
2025-05-31 17:58:16,122 [INFO] Lectura datos climáticos NASA
2025-05-31 17:58:16,125 [INFO] Datos JSON preparados para envío
2025-05-31 17:58:17,180 [INFO] Lectura BMP390
2025-05-31 17:58:17,362 [INFO] Lectura LTR390
2025-05-31 17:58:17,370 [INFO] Lectura desde ESP32-S3 por serial
2025-05-31 17:58:21,056 [INFO] Lectura datos climáticos NASA
2025-05-31 17:58:21,059 [INFO] Datos JSON preparados para envío
2025-05-31 17:58:22,115 [INFO] Lectura BMP390
2025-05-31 17:58:22,300 [INFO] Lectura LTR390
2025-05-31 17:58:22,303 [INFO] Lectura desde ESP32-S3 por serial
2025-05-31 17:58:26,279 [INFO] Lectura datos climáticos NASA
2025-05-31 17:58:26,281 [INFO] Datos JSON preparados para envío
2025-05-31 17:58:27,335 [INFO] Lectura BMP390
2025-05-31 17:58:27,518 [INFO] Lectura LTR390
2025-05-31 17:58:27,526 [INFO] Lectura desde ESP32-S3 por serial
2025-05-31 17:58:31,360 [INFO] Lectura datos climáticos NASA
2025-05-31 17:58:31,362 [INFO] Datos JSON preparados para envío
2025-05-31 17:58:32,419 [INFO] Lectura BMP390
2025-05-31 17:58:32,602 [INFO] Lectura LTR390
2025-05-31 17:58:32,608 [INFO] Lectura desde ESP32-S3 por serial
2025-05-31 17:58:36,168 [INFO] Lectura datos climáticos NASA
2025-05-31 17:58:36,172 [INFO] Datos JSON preparados para envío
2025-05-31 17:58:37,224 [INFO] Lectura BMP390
2025-05-31 17:58:37,405 [INFO] Lectura LTR390
2025-05-31 17:58:37,411 [INFO] Lectura desde ESP32-S3 por serial
2025-05-31 17:58:41,969 [INFO] Lectura datos climáticos NASA
2025-05-31 17:58:41,972 [INFO] Datos JSON preparados para envío
2025-05-31 17:58:43,026 [INFO] Lectura BMP390
2025-05-31 17:58:43,205 [INFO] Lectura LTR390
2025-05-31 17:58:43,211 [INFO] Lectura desde ESP32-S3 por serial
2025-05-31 17:58:46,458 [INFO] Lectura datos climáticos NASA
2025-05-31 17:58:46,460 [INFO] Datos JSON preparados para envío
2025-05-31 17:58:47,509 [INFO] Lectura BMP390
2025-05-31 17:58:47,688 [INFO] Lectura LTR390
2025-05-31 17:58:47,691 [INFO] Lectura desde ESP32-S3 por serial
2025-05-31 17:58:50,764 [INFO] Lectura datos climáticos NASA
2025-05-31 17:58:50,766 [INFO] Datos JSON preparados para envío
2025-05-31 17:58:51,819 [INFO] Lectura BMP390
2025-05-31 17:58:51,999 [INFO] Lectura LTR390
2025-05-31 17:58:52,005 [INFO] Lectura desde ESP32-S3 por serial
2025-05-31 17:58:55,039 [INFO] Lectura datos climáticos NASA
2025-05-31 17:58:55,042 [INFO] Datos JSON preparados para envío
2025-05-31 17:58:56,096 [INFO] Lectura BMP390
2025-05-31 17:58:56,276 [INFO] Lectura LTR390
2025-05-31 17:58:56,282 [INFO] Lectura desde ESP32-S3 por serial
2025-05-31 17:59:00,250 [INFO] Lectura datos climáticos NASA
2025-05-31 17:59:00,258 [INFO] Datos JSON preparados para envío
2025-05-31 17:59:01,310 [INFO] Lectura BMP390
2025-05-31 17:59:01,489 [INFO] Lectura LTR390
2025-05-31 17:59:01,495 [INFO] Lectura desde ESP32-S3 por serial
2025-05-31 17:59:05,295 [INFO] Lectura datos climáticos NASA
2025-05-31 17:59:05,297 [INFO] Datos JSON preparados para envío
2025-05-31 17:59:06,351 [INFO] Lectura BMP390
2025-05-31 17:59:06,533 [INFO] Lectura LTR390
2025-05-31 17:59:06,539 [INFO] Lectura desde ESP32-S3 por serial
2025-05-31 17:59:10,079 [INFO] Lectura datos climáticos NASA
2025-05-31 17:59:10,081 [INFO] Datos JSON preparados para envío
2025-05-31 17:59:11,132 [INFO] Lectura BMP390
2025-05-31 17:59:11,308 [INFO] Lectura LTR390
2025-05-31 17:59:11,311 [INFO] Lectura desde ESP32-S3 por serial
2025-05-31 17:59:15,089 [INFO] Lectura datos climáticos NASA
2025-05-31 17:59:15,092 [INFO] Datos JSON preparados para envío
2025-05-31 17:59:16,146 [INFO] Lectura BMP390
2025-05-31 17:59:16,326 [INFO] Lectura LTR390
2025-05-31 17:59:16,332 [INFO] Lectura desde ESP32-S3 por serial
2025-05-31 17:59:19,489 [INFO] Lectura datos climáticos NASA
2025-05-31 17:59:19,492 [INFO] Datos JSON preparados para envío
2025-05-31 17:59:20,548 [INFO] Lectura BMP390
2025-05-31 17:59:20,733 [INFO] Lectura LTR390
2025-05-31 17:59:20,739 [INFO] Lectura desde ESP32-S3 por serial
2025-05-31 17:59:24,401 [INFO] Lectura datos climáticos NASA
2025-05-31 17:59:24,404 [INFO] Datos JSON preparados para envío
2025-05-31 17:59:25,455 [INFO] Lectura BMP390
2025-05-31 17:59:25,637 [INFO] Lectura LTR390
2025-05-31 17:59:25,643 [INFO] Lectura desde ESP32-S3 por serial
2025-05-31 17:59:30,029 [INFO] Lectura datos climáticos NASA
2025-05-31 17:59:30,032 [INFO] Datos JSON preparados para envío
2025-05-31 17:59:31,085 [INFO] Lectura BMP390
2025-05-31 17:59:31,267 [INFO] Lectura LTR390
2025-05-31 17:59:31,273 [INFO] Lectura desde ESP32-S3 por serial
2025-05-31 17:59:35,348 [INFO] Lectura datos climáticos NASA
2025-05-31 17:59:35,350 [INFO] Datos JSON preparados para envío
2025-05-31 17:59:36,403 [INFO] Lectura BMP390
2025-05-31 17:59:36,586 [INFO] Lectura LTR390
2025-05-31 17:59:36,592 [INFO] Lectura desde ESP32-S3 por serial
2025-05-31 17:59:40,105 [INFO] Lectura datos climáticos NASA
2025-05-31 17:59:40,108 [INFO] Datos JSON preparados para envío
2025-05-31 17:59:41,161 [INFO] Lectura BMP390
2025-05-31 17:59:41,341 [INFO] Lectura LTR390
2025-05-31 17:59:41,347 [INFO] Lectura desde ESP32-S3 por serial
2025-05-31 17:59:44,980 [INFO] Lectura datos climáticos NASA
2025-05-31 17:59:44,983 [INFO] Datos JSON preparados para envío
2025-05-31 17:59:46,040 [INFO] Lectura BMP390
2025-05-31 17:59:46,222 [INFO] Lectura LTR390
2025-05-31 17:59:46,227 [INFO] Lectura desde ESP32-S3 por serial
2025-05-31 17:59:50,599 [INFO] Lectura datos climáticos NASA
2025-05-31 17:59:50,602 [INFO] Datos JSON preparados para envío
2025-05-31 17:59:51,655 [INFO] Lectura BMP390
2025-05-31 17:59:51,838 [INFO] Lectura LTR390
2025-05-31 17:59:51,844 [INFO] Lectura desde ESP32-S3 por serial
2025-05-31 17:59:55,467 [INFO] Lectura datos climáticos NASA
2025-05-31 17:59:55,470 [INFO] Datos JSON preparados para envío
2025-05-31 17:59:56,523 [INFO] Lectura BMP390
2025-05-31 17:59:56,706 [INFO] Lectura LTR390
2025-05-31 17:59:56,711 [INFO] Lectura desde ESP32-S3 por serial
2025-05-31 18:00:00,789 [INFO] Lectura datos climáticos NASA
2025-05-31 18:00:00,791 [INFO] Datos JSON preparados para envío
2025-05-31 18:00:01,845 [INFO] Lectura BMP390
2025-05-31 18:00:02,028 [INFO] Lectura LTR390
2025-05-31 18:00:02,033 [INFO] Lectura desde ESP32-S3 por serial
2025-05-31 18:00:05,885 [INFO] Lectura datos climáticos NASA
2025-05-31 18:00:05,887 [INFO] Datos JSON preparados para envío
2025-05-31 18:00:06,942 [INFO] Lectura BMP390
2025-05-31 18:00:07,124 [INFO] Lectura LTR390
2025-05-31 18:00:07,130 [INFO] Lectura desde ESP32-S3 por serial
2025-05-31 18:00:11,451 [INFO] Lectura datos climáticos NASA
2025-05-31 18:00:11,453 [INFO] Datos JSON preparados para envío
2025-05-31 18:00:12,508 [INFO] Lectura BMP390
2025-05-31 18:00:12,692 [INFO] Lectura LTR390
2025-05-31 18:00:12,695 [INFO] Lectura desde ESP32-S3 por serial
2025-05-31 18:00:16,804 [INFO] Lectura datos climáticos NASA
2025-05-31 18:00:16,807 [INFO] Datos JSON preparados para envío
2025-05-31 18:00:17,860 [INFO] Lectura BMP390
2025-05-31 18:00:18,041 [INFO] Lectura LTR390
2025-05-31 18:00:18,047 [INFO] Lectura desde ESP32-S3 por serial
2025-05-31 18:00:21,713 [INFO] Lectura datos climáticos NASA
2025-05-31 18:00:21,718 [INFO] Datos JSON preparados para envío
2025-05-31 18:00:22,770 [INFO] Lectura BMP390
2025-05-31 18:00:22,950 [INFO] Lectura LTR390
2025-05-31 18:00:22,952 [INFO] Lectura desde ESP32-S3 por serial
2025-05-31 18:00:26,472 [INFO] Lectura datos climáticos NASA
2025-05-31 18:00:26,476 [INFO] Datos JSON preparados para envío
2025-05-31 18:00:27,529 [INFO] Lectura BMP390
2025-05-31 18:00:27,712 [INFO] Lectura LTR390
2025-05-31 18:00:27,718 [INFO] Lectura desde ESP32-S3 por serial
2025-05-31 18:00:31,438 [INFO] Lectura datos climáticos NASA
2025-05-31 18:00:31,441 [INFO] Datos JSON preparados para envío
2025-05-31 18:00:32,494 [INFO] Lectura BMP390
2025-05-31 18:00:32,678 [INFO] Lectura LTR390
2025-05-31 18:00:32,684 [INFO] Lectura desde ESP32-S3 por serial
2025-05-31 18:00:36,241 [INFO] Lectura datos climáticos NASA
2025-05-31 18:00:36,242 [INFO] Datos JSON preparados para envío
2025-05-31 18:00:37,296 [INFO] Lectura BMP390
2025-05-31 18:00:37,476 [INFO] Lectura LTR390
2025-05-31 18:00:37,482 [INFO] Lectura desde ESP32-S3 por serial
2025-05-31 18:00:40,628 [INFO] Lectura datos climáticos NASA
2025-05-31 18:00:40,631 [INFO] Datos JSON preparados para envío
2025-05-31 18:00:41,683 [INFO] Lectura BMP390
2025-05-31 18:00:41,864 [INFO] Lectura LTR390
2025-05-31 18:00:41,869 [INFO] Lectura desde ESP32-S3 por serial
2025-05-31 18:00:46,195 [INFO] Lectura datos climáticos NASA
2025-05-31 18:00:46,198 [INFO] Datos JSON preparados para envío
2025-05-31 18:00:47,249 [INFO] Lectura BMP390
2025-05-31 18:00:47,426 [INFO] Lectura LTR390
2025-05-31 18:00:47,429 [INFO] Lectura desde ESP32-S3 por serial
2025-05-31 18:00:51,159 [INFO] Lectura datos climáticos NASA
2025-05-31 18:00:51,162 [INFO] Datos JSON preparados para envío
2025-05-31 18:00:52,215 [INFO] Lectura BMP390
2025-05-31 18:00:52,396 [INFO] Lectura LTR390
2025-05-31 18:00:52,404 [INFO] Lectura desde ESP32-S3 por serial
2025-05-31 18:00:56,150 [INFO] Lectura datos climáticos NASA
2025-05-31 18:00:56,152 [INFO] Datos JSON preparados para envío
2025-05-31 18:00:57,205 [INFO] Lectura BMP390
2025-05-31 18:00:57,387 [INFO] Lectura LTR390
2025-05-31 18:00:57,393 [INFO] Lectura desde ESP32-S3 por serial
2025-05-31 18:01:00,318 [INFO] Lectura datos climáticos NASA
2025-05-31 18:01:00,320 [INFO] Datos JSON preparados para envío
2025-05-31 18:01:01,371 [INFO] Lectura BMP390
2025-05-31 18:01:01,549 [INFO] Lectura LTR390
2025-05-31 18:01:01,555 [INFO] Lectura desde ESP32-S3 por serial
2025-05-31 18:01:05,918 [INFO] Lectura datos climáticos NASA
2025-05-31 18:01:05,921 [INFO] Datos JSON preparados para envío
2025-05-31 18:01:06,973 [INFO] Lectura BMP390
2025-05-31 18:01:07,153 [INFO] Lectura LTR390
2025-05-31 18:01:07,159 [INFO] Lectura desde ESP32-S3 por serial
2025-05-31 18:01:11,035 [INFO] Lectura datos climáticos NASA
2025-05-31 18:01:11,037 [INFO] Datos JSON preparados para envío
2025-05-31 18:01:12,094 [INFO] Lectura BMP390
2025-05-31 18:01:12,271 [INFO] Lectura LTR390
2025-05-31 18:01:12,274 [INFO] Lectura desde ESP32-S3 por serial
2025-05-31 18:01:15,641 [INFO] Lectura datos climáticos NASA
2025-05-31 18:01:15,644 [INFO] Datos JSON preparados para envío
2025-05-31 18:01:16,699 [INFO] Lectura BMP390
2025-05-31 18:01:16,878 [INFO] Lectura LTR390
2025-05-31 18:01:16,884 [INFO] Lectura desde ESP32-S3 por serial
2025-05-31 18:01:20,234 [INFO] Lectura datos climáticos NASA
2025-05-31 18:01:20,237 [INFO] Datos JSON preparados para envío
2025-05-31 18:01:21,289 [INFO] Lectura BMP390
2025-05-31 18:01:21,468 [INFO] Lectura LTR390
2025-05-31 18:01:21,474 [INFO] Lectura desde ESP32-S3 por serial
2025-05-31 18:01:25,486 [INFO] Lectura datos climáticos NASA
2025-05-31 18:01:25,488 [INFO] Datos JSON preparados para envío
2025-05-31 18:01:26,544 [INFO] Lectura BMP390
2025-05-31 18:01:26,723 [INFO] Lectura LTR390
2025-05-31 18:01:26,728 [INFO] Lectura desde ESP32-S3 por serial
2025-05-31 18:01:30,694 [INFO] Lectura datos climáticos NASA
2025-05-31 18:01:30,701 [INFO] Datos JSON preparados para envío
2025-05-31 18:01:31,753 [INFO] Lectura BMP390
2025-05-31 18:01:31,936 [INFO] Lectura LTR390
2025-05-31 18:01:31,943 [INFO] Lectura desde ESP32-S3 por serial
2025-05-31 18:01:35,494 [INFO] Lectura datos climáticos NASA
2025-05-31 18:01:35,496 [INFO] Datos JSON preparados para envío
2025-05-31 18:01:36,548 [INFO] Lectura BMP390
2025-05-31 18:01:36,725 [INFO] Lectura LTR390
2025-05-31 18:01:36,727 [INFO] Lectura desde ESP32-S3 por serial
2025-05-31 18:01:40,118 [INFO] Lectura datos climáticos NASA
2025-05-31 18:01:40,121 [INFO] Datos JSON preparados para envío
2025-05-31 18:01:41,173 [INFO] Lectura BMP390
2025-05-31 18:01:41,352 [INFO] Lectura LTR390
2025-05-31 18:01:41,358 [INFO] Lectura desde ESP32-S3 por serial
2025-05-31 18:01:45,213 [INFO] Lectura datos climáticos NASA
2025-05-31 18:01:45,215 [INFO] Datos JSON preparados para envío
2025-05-31 18:01:46,267 [INFO] Lectura BMP390
2025-05-31 18:01:46,452 [INFO] Lectura LTR390
2025-05-31 18:01:46,458 [INFO] Lectura desde ESP32-S3 por serial
2025-05-31 18:01:49,922 [INFO] Lectura datos climáticos NASA
2025-05-31 18:01:49,924 [INFO] Datos JSON preparados para envío
2025-05-31 18:01:50,976 [INFO] Lectura BMP390
2025-05-31 18:01:51,164 [INFO] Lectura LTR390
2025-05-31 18:01:51,169 [INFO] Lectura desde ESP32-S3 por serial
2025-05-31 18:01:54,852 [INFO] Lectura datos climáticos NASA
2025-05-31 18:01:54,855 [INFO] Datos JSON preparados para envío
2025-05-31 18:01:55,909 [INFO] Lectura BMP390
2025-05-31 18:01:56,090 [INFO] Lectura LTR390
2025-05-31 18:01:56,102 [INFO] Lectura desde ESP32-S3 por serial
2025-05-31 18:02:00,519 [INFO] Lectura datos climáticos NASA
2025-05-31 18:02:00,521 [INFO] Datos JSON preparados para envío
2025-05-31 18:02:01,571 [INFO] Lectura BMP390
2025-05-31 18:02:01,753 [INFO] Lectura LTR390
2025-05-31 18:02:01,756 [INFO] Lectura desde ESP32-S3 por serial
2025-05-31 18:02:05,914 [INFO] Lectura datos climáticos NASA
2025-05-31 18:02:05,917 [INFO] Datos JSON preparados para envío
2025-05-31 18:02:06,972 [INFO] Lectura BMP390
2025-05-31 18:02:07,155 [INFO] Lectura LTR390
2025-05-31 18:02:07,161 [INFO] Lectura desde ESP32-S3 por serial
2025-05-31 18:02:11,004 [INFO] Lectura datos climáticos NASA
2025-05-31 18:02:11,007 [INFO] Datos JSON preparados para envío
2025-05-31 18:02:12,062 [INFO] Lectura BMP390
2025-05-31 18:02:12,245 [INFO] Lectura LTR390
2025-05-31 18:02:12,250 [INFO] Lectura desde ESP32-S3 por serial
2025-05-31 18:02:16,607 [INFO] Lectura datos climáticos NASA
2025-05-31 18:02:16,610 [INFO] Datos JSON preparados para envío
2025-05-31 18:02:17,668 [INFO] Lectura BMP390
2025-05-31 18:02:17,848 [INFO] Lectura LTR390
2025-05-31 18:02:17,854 [INFO] Lectura desde ESP32-S3 por serial
2025-05-31 18:02:21,339 [INFO] Lectura datos climáticos NASA
2025-05-31 18:02:21,342 [INFO] Datos JSON preparados para envío
2025-05-31 18:02:22,395 [INFO] Lectura BMP390
2025-05-31 18:02:22,580 [INFO] Lectura LTR390
2025-05-31 18:02:22,586 [INFO] Lectura desde ESP32-S3 por serial
2025-05-31 18:02:26,350 [INFO] Lectura datos climáticos NASA
2025-05-31 18:02:26,352 [INFO] Datos JSON preparados para envío
2025-05-31 18:02:27,403 [INFO] Lectura BMP390
2025-05-31 18:02:27,584 [INFO] Lectura LTR390
2025-05-31 18:02:27,591 [INFO] Lectura desde ESP32-S3 por serial
2025-05-31 18:02:31,162 [INFO] Lectura datos climáticos NASA
2025-05-31 18:02:31,164 [INFO] Datos JSON preparados para envío
2025-05-31 18:02:32,216 [INFO] Lectura BMP390
2025-05-31 18:02:32,399 [INFO] Lectura LTR390
2025-05-31 18:02:32,405 [INFO] Lectura desde ESP32-S3 por serial
2025-05-31 18:02:36,249 [INFO] Lectura datos climáticos NASA
2025-05-31 18:02:36,251 [INFO] Datos JSON preparados para envío
2025-05-31 18:02:37,306 [INFO] Lectura BMP390
2025-05-31 18:02:37,484 [INFO] Lectura LTR390
2025-05-31 18:02:37,488 [INFO] Lectura desde ESP32-S3 por serial
2025-05-31 18:02:41,017 [INFO] Lectura datos climáticos NASA
2025-05-31 18:02:41,020 [INFO] Datos JSON preparados para envío
2025-05-31 18:02:42,076 [INFO] Lectura BMP390
2025-05-31 18:02:42,255 [INFO] Lectura LTR390
2025-05-31 18:02:42,262 [INFO] Lectura desde ESP32-S3 por serial
2025-05-31 18:02:45,812 [INFO] Lectura datos climáticos NASA
2025-05-31 18:02:45,815 [INFO] Datos JSON preparados para envío
2025-05-31 18:02:46,868 [INFO] Lectura BMP390
2025-05-31 18:02:47,051 [INFO] Lectura LTR390
2025-05-31 18:02:47,059 [INFO] Lectura desde ESP32-S3 por serial
2025-05-31 18:02:50,119 [INFO] Lectura datos climáticos NASA
2025-05-31 18:02:50,121 [INFO] Datos JSON preparados para envío
2025-05-31 18:02:51,173 [INFO] Lectura BMP390
2025-05-31 18:02:51,359 [INFO] Lectura LTR390
2025-05-31 18:02:51,367 [INFO] Lectura desde ESP32-S3 por serial
2025-05-31 18:02:55,075 [INFO] Lectura datos climáticos NASA
2025-05-31 18:02:55,077 [INFO] Datos JSON preparados para envío
2025-05-31 18:02:56,130 [INFO] Lectura BMP390
2025-05-31 18:02:56,310 [INFO] Lectura LTR390
2025-05-31 18:02:56,316 [INFO] Lectura desde ESP32-S3 por serial
2025-05-31 18:03:00,490 [INFO] Lectura datos climáticos NASA
2025-05-31 18:03:00,493 [INFO] Datos JSON preparados para envío
2025-05-31 18:03:01,543 [INFO] Lectura BMP390
2025-05-31 18:03:01,719 [INFO] Lectura LTR390
2025-05-31 18:03:01,722 [INFO] Lectura desde ESP32-S3 por serial
2025-05-31 18:03:06,171 [INFO] Lectura datos climáticos NASA
2025-05-31 18:03:06,173 [INFO] Datos JSON preparados para envío
2025-05-31 18:03:07,228 [INFO] Lectura BMP390
2025-05-31 18:03:07,410 [INFO] Lectura LTR390
2025-05-31 18:03:07,417 [INFO] Lectura desde ESP32-S3 por serial
2025-05-31 18:03:10,735 [INFO] Lectura datos climáticos NASA
2025-05-31 18:03:10,737 [INFO] Datos JSON preparados para envío
2025-05-31 18:03:11,791 [INFO] Lectura BMP390
2025-05-31 18:03:11,971 [INFO] Lectura LTR390
2025-05-31 18:03:11,978 [INFO] Lectura desde ESP32-S3 por serial
2025-05-31 18:03:15,593 [INFO] Lectura datos climáticos NASA
2025-05-31 18:03:15,596 [INFO] Datos JSON preparados para envío
2025-05-31 18:03:16,647 [INFO] Lectura BMP390
2025-05-31 18:03:16,830 [INFO] Lectura LTR390
2025-05-31 18:03:16,837 [INFO] Lectura desde ESP32-S3 por serial
2025-05-31 18:03:20,785 [INFO] Lectura datos climáticos NASA
2025-05-31 18:03:20,788 [INFO] Datos JSON preparados para envío
2025-05-31 18:03:21,841 [INFO] Lectura BMP390
2025-05-31 18:03:22,025 [INFO] Lectura LTR390
2025-05-31 18:03:22,032 [INFO] Lectura desde ESP32-S3 por serial
2025-05-31 18:03:26,204 [INFO] Lectura datos climáticos NASA
2025-05-31 18:03:26,206 [INFO] Datos JSON preparados para envío
2025-05-31 18:03:27,257 [INFO] Lectura BMP390
2025-05-31 18:03:27,438 [INFO] Lectura LTR390
2025-05-31 18:03:27,443 [INFO] Lectura desde ESP32-S3 por serial
2025-05-31 18:03:31,825 [INFO] Lectura datos climáticos NASA
2025-05-31 18:03:31,831 [INFO] Datos JSON preparados para envío
2025-05-31 18:03:32,885 [INFO] Lectura BMP390
2025-05-31 18:03:33,067 [INFO] Lectura LTR390
2025-05-31 18:03:33,074 [INFO] Lectura desde ESP32-S3 por serial
2025-05-31 18:03:36,899 [INFO] Lectura datos climáticos NASA
2025-05-31 18:03:36,902 [INFO] Datos JSON preparados para envío
2025-05-31 18:03:37,956 [INFO] Lectura BMP390
2025-05-31 18:03:38,133 [INFO] Lectura LTR390
2025-05-31 18:03:38,135 [INFO] Lectura desde ESP32-S3 por serial
2025-05-31 18:03:42,054 [INFO] Lectura datos climáticos NASA
2025-05-31 18:03:42,057 [INFO] Datos JSON preparados para envío
2025-05-31 18:03:43,114 [INFO] Lectura BMP390
2025-05-31 18:03:43,295 [INFO] Lectura LTR390
2025-05-31 18:03:43,300 [INFO] Lectura desde ESP32-S3 por serial
2025-05-31 18:03:47,302 [INFO] Lectura datos climáticos NASA
2025-05-31 18:03:47,305 [INFO] Datos JSON preparados para envío
2025-05-31 18:03:48,360 [INFO] Lectura BMP390
2025-05-31 18:03:48,541 [INFO] Lectura LTR390
2025-05-31 18:03:48,547 [INFO] Lectura desde ESP32-S3 por serial
2025-05-31 18:03:52,090 [INFO] Lectura datos climáticos NASA
2025-05-31 18:03:52,093 [INFO] Datos JSON preparados para envío
2025-05-31 18:03:53,145 [INFO] Lectura BMP390
2025-05-31 18:03:53,329 [INFO] Lectura LTR390
2025-05-31 18:03:53,335 [INFO] Lectura desde ESP32-S3 por serial
2025-05-31 18:03:57,335 [INFO] Lectura datos climáticos NASA
2025-05-31 18:03:57,338 [INFO] Datos JSON preparados para envío
2025-05-31 18:03:58,392 [INFO] Lectura BMP390
2025-05-31 18:03:58,575 [INFO] Lectura LTR390
2025-05-31 18:03:58,581 [INFO] Lectura desde ESP32-S3 por serial
2025-05-31 18:04:02,159 [INFO] Lectura datos climáticos NASA
2025-05-31 18:04:02,160 [INFO] Datos JSON preparados para envío
2025-05-31 18:04:03,211 [INFO] Lectura BMP390
2025-05-31 18:04:03,387 [INFO] Lectura LTR390
2025-05-31 18:04:03,390 [INFO] Lectura desde ESP32-S3 por serial
2025-05-31 18:04:07,551 [INFO] Lectura datos climáticos NASA
2025-05-31 18:04:07,554 [INFO] Datos JSON preparados para envío
2025-05-31 18:04:08,611 [INFO] Lectura BMP390
2025-05-31 18:04:08,791 [INFO] Lectura LTR390
2025-05-31 18:04:08,796 [INFO] Lectura desde ESP32-S3 por serial
2025-05-31 18:04:12,319 [INFO] Lectura datos climáticos NASA
2025-05-31 18:04:12,321 [INFO] Datos JSON preparados para envío
2025-05-31 18:04:13,378 [INFO] Lectura BMP390
2025-05-31 18:04:13,559 [INFO] Lectura LTR390
2025-05-31 18:04:13,565 [INFO] Lectura desde ESP32-S3 por serial
2025-05-31 18:04:17,103 [INFO] Lectura datos climáticos NASA
2025-05-31 18:04:17,106 [INFO] Datos JSON preparados para envío
2025-05-31 18:04:18,159 [INFO] Lectura BMP390
2025-05-31 18:04:18,340 [INFO] Lectura LTR390
2025-05-31 18:04:18,345 [INFO] Lectura desde ESP32-S3 por serial
2025-05-31 18:04:22,030 [INFO] Lectura datos climáticos NASA
2025-05-31 18:04:22,033 [INFO] Datos JSON preparados para envío
2025-05-31 18:04:23,085 [INFO] Lectura BMP390
2025-05-31 18:04:23,264 [INFO] Lectura LTR390
2025-05-31 18:04:23,270 [INFO] Lectura desde ESP32-S3 por serial
2025-05-31 18:04:26,932 [INFO] Lectura datos climáticos NASA
2025-05-31 18:04:26,933 [INFO] Datos JSON preparados para envío
2025-05-31 18:04:27,983 [INFO] Lectura BMP390
2025-05-31 18:04:28,160 [INFO] Lectura LTR390
2025-05-31 18:04:28,164 [INFO] Lectura desde ESP32-S3 por serial
2025-05-31 18:04:32,640 [INFO] Lectura datos climáticos NASA
2025-05-31 18:04:32,643 [INFO] Datos JSON preparados para envío
2025-05-31 18:04:33,698 [INFO] Lectura BMP390
2025-05-31 18:04:33,878 [INFO] Lectura LTR390
2025-05-31 18:04:33,884 [INFO] Lectura desde ESP32-S3 por serial
2025-05-31 18:04:37,758 [INFO] Lectura datos climáticos NASA
2025-05-31 18:04:37,761 [INFO] Datos JSON preparados para envío
2025-05-31 18:04:38,811 [INFO] Lectura BMP390
2025-05-31 18:04:38,989 [INFO] Lectura LTR390
2025-05-31 18:04:38,991 [INFO] Lectura desde ESP32-S3 por serial
2025-05-31 18:04:42,700 [INFO] Lectura datos climáticos NASA
2025-05-31 18:04:42,702 [INFO] Datos JSON preparados para envío
2025-05-31 18:04:43,761 [INFO] Lectura BMP390
2025-05-31 18:04:43,941 [INFO] Lectura LTR390
2025-05-31 18:04:43,949 [INFO] Lectura desde ESP32-S3 por serial
2025-05-31 18:04:47,123 [INFO] Lectura datos climáticos NASA
2025-05-31 18:04:47,126 [INFO] Datos JSON preparados para envío
2025-05-31 18:04:48,177 [INFO] Lectura BMP390
2025-05-31 18:04:48,357 [INFO] Lectura LTR390
2025-05-31 18:04:48,362 [INFO] Lectura desde ESP32-S3 por serial
2025-05-31 18:04:52,968 [INFO] Lectura datos climáticos NASA
2025-05-31 18:04:52,972 [INFO] Datos JSON preparados para envío
2025-05-31 18:04:54,025 [INFO] Lectura BMP390
2025-05-31 18:04:54,207 [INFO] Lectura LTR390
2025-05-31 18:04:54,213 [INFO] Lectura desde ESP32-S3 por serial
2025-05-31 18:04:57,606 [INFO] Lectura datos climáticos NASA
2025-05-31 18:04:57,609 [INFO] Datos JSON preparados para envío
2025-05-31 18:04:58,660 [INFO] Lectura BMP390
2025-05-31 18:04:58,840 [INFO] Lectura LTR390
2025-05-31 18:04:58,846 [INFO] Lectura desde ESP32-S3 por serial
2025-05-31 18:05:02,329 [INFO] Lectura datos climáticos NASA
2025-05-31 18:05:02,332 [INFO] Datos JSON preparados para envío
2025-05-31 18:05:03,382 [INFO] Lectura BMP390
2025-05-31 18:05:03,564 [INFO] Lectura LTR390
2025-05-31 18:05:03,567 [INFO] Lectura desde ESP32-S3 por serial
2025-05-31 18:05:08,282 [INFO] Lectura datos climáticos NASA
2025-05-31 18:05:08,285 [INFO] Datos JSON preparados para envío
2025-05-31 18:05:09,338 [INFO] Lectura BMP390
2025-05-31 18:05:09,522 [INFO] Lectura LTR390
2025-05-31 18:05:09,528 [INFO] Lectura desde ESP32-S3 por serial
2025-05-31 18:05:13,073 [INFO] Lectura datos climáticos NASA
2025-05-31 18:05:13,076 [INFO] Datos JSON preparados para envío
2025-05-31 18:05:14,135 [INFO] Lectura BMP390
2025-05-31 18:05:14,314 [INFO] Lectura LTR390
2025-05-31 18:05:14,321 [INFO] Lectura desde ESP32-S3 por serial
2025-05-31 18:05:17,665 [INFO] Lectura datos climáticos NASA
2025-05-31 18:05:17,668 [INFO] Datos JSON preparados para envío
2025-05-31 18:05:18,721 [INFO] Lectura BMP390
2025-05-31 18:05:18,902 [INFO] Lectura LTR390
2025-05-31 18:05:18,907 [INFO] Lectura desde ESP32-S3 por serial
2025-05-31 18:05:23,299 [INFO] Lectura datos climáticos NASA
2025-05-31 18:05:23,302 [INFO] Datos JSON preparados para envío
2025-05-31 18:05:24,354 [INFO] Lectura BMP390
2025-05-31 18:05:24,534 [INFO] Lectura LTR390
2025-05-31 18:05:24,540 [INFO] Lectura desde ESP32-S3 por serial
2025-05-31 18:05:28,408 [INFO] Lectura datos climáticos NASA
2025-05-31 18:05:28,410 [INFO] Datos JSON preparados para envío
2025-05-31 18:05:29,476 [INFO] Lectura BMP390
2025-05-31 18:05:29,656 [INFO] Lectura LTR390
2025-05-31 18:05:29,662 [INFO] Lectura desde ESP32-S3 por serial
2025-05-31 18:05:34,038 [INFO] Lectura datos climáticos NASA
2025-05-31 18:05:34,041 [INFO] Datos JSON preparados para envío
2025-05-31 18:05:35,094 [INFO] Lectura BMP390
2025-05-31 18:05:35,273 [INFO] Lectura LTR390
2025-05-31 18:05:35,278 [INFO] Lectura desde ESP32-S3 por serial
2025-05-31 18:05:39,318 [INFO] Lectura datos climáticos NASA
2025-05-31 18:05:39,320 [INFO] Datos JSON preparados para envío
2025-05-31 18:05:40,372 [INFO] Lectura BMP390
2025-05-31 18:05:40,552 [INFO] Lectura LTR390
2025-05-31 18:05:40,555 [INFO] Lectura desde ESP32-S3 por serial
2025-05-31 18:05:44,838 [INFO] Lectura datos climáticos NASA
2025-05-31 18:05:44,841 [INFO] Datos JSON preparados para envío
2025-05-31 18:05:45,894 [INFO] Lectura BMP390
2025-05-31 18:05:46,078 [INFO] Lectura LTR390
2025-05-31 18:05:46,084 [INFO] Lectura desde ESP32-S3 por serial
2025-05-31 18:05:49,256 [INFO] Lectura datos climáticos NASA
2025-05-31 18:05:49,259 [INFO] Datos JSON preparados para envío
2025-05-31 18:05:50,311 [INFO] Lectura BMP390
2025-05-31 18:05:50,492 [INFO] Lectura LTR390
2025-05-31 18:05:50,499 [INFO] Lectura desde ESP32-S3 por serial
2025-05-31 18:05:53,963 [INFO] Lectura datos climáticos NASA
2025-05-31 18:05:53,966 [INFO] Datos JSON preparados para envío
2025-05-31 18:05:55,020 [INFO] Lectura BMP390
2025-05-31 18:05:55,200 [INFO] Lectura LTR390
2025-05-31 18:05:55,205 [INFO] Lectura desde ESP32-S3 por serial
2025-05-31 18:05:59,418 [INFO] Lectura datos climáticos NASA
2025-05-31 18:05:59,421 [INFO] Datos JSON preparados para envío
2025-05-31 18:06:00,474 [INFO] Lectura BMP390
2025-05-31 18:06:00,655 [INFO] Lectura LTR390
2025-05-31 18:06:00,662 [INFO] Lectura desde ESP32-S3 por serial
2025-05-31 18:06:04,223 [INFO] Lectura datos climáticos NASA
2025-05-31 18:06:04,224 [INFO] Datos JSON preparados para envío
2025-05-31 18:06:05,274 [INFO] Lectura BMP390
2025-05-31 18:06:05,449 [INFO] Lectura LTR390
2025-05-31 18:06:05,452 [INFO] Lectura desde ESP32-S3 por serial
2025-05-31 18:06:08,852 [INFO] Lectura datos climáticos NASA
2025-05-31 18:06:08,854 [INFO] Datos JSON preparados para envío
2025-05-31 18:06:09,906 [INFO] Lectura BMP390
2025-05-31 18:06:10,086 [INFO] Lectura LTR390
2025-05-31 18:06:10,091 [INFO] Lectura desde ESP32-S3 por serial
2025-05-31 18:06:13,746 [INFO] Lectura datos climáticos NASA
2025-05-31 18:06:13,750 [INFO] Datos JSON preparados para envío
2025-05-31 18:06:14,802 [INFO] Lectura BMP390
2025-05-31 18:06:14,983 [INFO] Lectura LTR390
2025-05-31 18:06:14,989 [INFO] Lectura desde ESP32-S3 por serial
2025-05-31 18:06:19,077 [INFO] Lectura datos climáticos NASA
2025-05-31 18:06:19,084 [INFO] Datos JSON preparados para envío
2025-05-31 18:06:20,141 [INFO] Lectura BMP390
2025-05-31 18:06:20,320 [INFO] Lectura LTR390
2025-05-31 18:06:20,326 [INFO] Lectura desde ESP32-S3 por serial
2025-05-31 18:06:23,955 [INFO] Lectura datos climáticos NASA
2025-05-31 18:06:23,958 [INFO] Datos JSON preparados para envío
2025-05-31 18:06:25,012 [INFO] Lectura BMP390
2025-05-31 18:06:25,191 [INFO] Lectura LTR390
2025-05-31 18:06:25,197 [INFO] Lectura desde ESP32-S3 por serial
2025-05-31 18:06:29,092 [INFO] Lectura datos climáticos NASA
2025-05-31 18:06:29,093 [INFO] Datos JSON preparados para envío
2025-05-31 18:06:30,145 [INFO] Lectura BMP390
2025-05-31 18:06:30,325 [INFO] Lectura LTR390
2025-05-31 18:06:30,331 [INFO] Lectura desde ESP32-S3 por serial
2025-05-31 18:06:34,242 [INFO] Lectura datos climáticos NASA
2025-05-31 18:06:34,246 [INFO] Datos JSON preparados para envío
2025-05-31 18:06:35,298 [INFO] Lectura BMP390
2025-05-31 18:06:35,480 [INFO] Lectura LTR390
2025-05-31 18:06:35,486 [INFO] Lectura desde ESP32-S3 por serial
2025-05-31 18:06:39,227 [INFO] Lectura datos climáticos NASA
2025-05-31 18:06:39,230 [INFO] Datos JSON preparados para envío
2025-05-31 18:06:40,289 [INFO] Lectura BMP390
2025-05-31 18:06:40,467 [INFO] Lectura LTR390
2025-05-31 18:06:40,470 [INFO] Lectura desde ESP32-S3 por serial
2025-05-31 18:06:43,990 [INFO] Lectura datos climáticos NASA
2025-05-31 18:06:43,993 [INFO] Datos JSON preparados para envío
2025-05-31 18:06:45,046 [INFO] Lectura BMP390
2025-05-31 18:06:45,227 [INFO] Lectura LTR390
2025-05-31 18:06:45,231 [INFO] Lectura desde ESP32-S3 por serial
2025-05-31 18:06:49,535 [INFO] Lectura datos climáticos NASA
2025-05-31 18:06:49,537 [INFO] Datos JSON preparados para envío
2025-05-31 18:06:50,590 [INFO] Lectura BMP390
2025-05-31 18:06:50,770 [INFO] Lectura LTR390
2025-05-31 18:06:50,776 [INFO] Lectura desde ESP32-S3 por serial
2025-05-31 18:06:54,883 [INFO] Lectura datos climáticos NASA
2025-05-31 18:06:54,887 [INFO] Datos JSON preparados para envío
2025-05-31 18:06:55,942 [INFO] Lectura BMP390
2025-05-31 18:06:56,124 [INFO] Lectura LTR390
2025-05-31 18:06:56,130 [INFO] Lectura desde ESP32-S3 por serial
2025-05-31 18:06:59,386 [INFO] Lectura datos climáticos NASA
2025-05-31 18:06:59,389 [INFO] Datos JSON preparados para envío
2025-05-31 18:07:00,443 [INFO] Lectura BMP390
2025-05-31 18:07:00,629 [INFO] Lectura LTR390
2025-05-31 18:07:00,637 [INFO] Lectura desde ESP32-S3 por serial
2025-05-31 18:07:04,419 [INFO] Lectura datos climáticos NASA
2025-05-31 18:07:04,420 [INFO] Datos JSON preparados para envío
2025-05-31 18:07:05,470 [INFO] Lectura BMP390
2025-05-31 18:07:05,645 [INFO] Lectura LTR390
2025-05-31 18:07:05,648 [INFO] Lectura desde ESP32-S3 por serial
2025-05-31 18:07:09,110 [INFO] Lectura datos climáticos NASA
2025-05-31 18:07:09,113 [INFO] Datos JSON preparados para envío
2025-05-31 18:07:10,166 [INFO] Lectura BMP390
2025-05-31 18:07:10,346 [INFO] Lectura LTR390
2025-05-31 18:07:10,353 [INFO] Lectura desde ESP32-S3 por serial
2025-05-31 18:07:14,635 [INFO] Lectura datos climáticos NASA
2025-05-31 18:07:14,638 [INFO] Datos JSON preparados para envío
2025-05-31 18:07:15,693 [INFO] Lectura BMP390
2025-05-31 18:07:15,873 [INFO] Lectura LTR390
2025-05-31 18:07:15,879 [INFO] Lectura desde ESP32-S3 por serial
2025-05-31 18:07:19,341 [INFO] Lectura datos climáticos NASA
2025-05-31 18:07:19,346 [INFO] Datos JSON preparados para envío
2025-05-31 18:07:20,400 [INFO] Lectura BMP390
2025-05-31 18:07:20,581 [INFO] Lectura LTR390
2025-05-31 18:07:20,587 [INFO] Lectura desde ESP32-S3 por serial
2025-05-31 18:07:24,047 [INFO] Lectura datos climáticos NASA
2025-05-31 18:07:24,050 [INFO] Datos JSON preparados para envío
2025-05-31 18:07:25,103 [INFO] Lectura BMP390
2025-05-31 18:07:25,283 [INFO] Lectura LTR390
2025-05-31 18:07:25,290 [INFO] Lectura desde ESP32-S3 por serial
2025-05-31 18:07:28,996 [INFO] Lectura datos climáticos NASA
2025-05-31 18:07:28,997 [INFO] Datos JSON preparados para envío
2025-05-31 18:07:30,047 [INFO] Lectura BMP390
2025-05-31 18:07:30,225 [INFO] Lectura LTR390
2025-05-31 18:07:30,228 [INFO] Lectura desde ESP32-S3 por serial
2025-05-31 18:07:33,637 [INFO] Lectura datos climáticos NASA
2025-05-31 18:07:33,641 [INFO] Datos JSON preparados para envío
2025-05-31 18:07:34,694 [INFO] Lectura BMP390
2025-05-31 18:07:34,878 [INFO] Lectura LTR390
2025-05-31 18:07:34,884 [INFO] Lectura desde ESP32-S3 por serial
2025-05-31 18:07:38,365 [INFO] Lectura datos climáticos NASA
2025-05-31 18:07:38,368 [INFO] Datos JSON preparados para envío
2025-05-31 18:07:39,420 [INFO] Lectura BMP390
2025-05-31 18:07:39,600 [INFO] Lectura LTR390
2025-05-31 18:07:39,606 [INFO] Lectura desde ESP32-S3 por serial
2025-05-31 18:07:44,003 [INFO] Lectura datos climáticos NASA
2025-05-31 18:07:44,006 [INFO] Datos JSON preparados para envío
2025-05-31 18:07:45,060 [INFO] Lectura BMP390
2025-05-31 18:07:45,244 [INFO] Lectura LTR390
2025-05-31 18:07:45,249 [INFO] Lectura desde ESP32-S3 por serial
2025-05-31 18:07:49,098 [INFO] Lectura datos climáticos NASA
2025-05-31 18:07:49,100 [INFO] Datos JSON preparados para envío
2025-05-31 18:07:50,154 [INFO] Lectura BMP390
2025-05-31 18:07:50,334 [INFO] Lectura LTR390
2025-05-31 18:07:50,340 [INFO] Lectura desde ESP32-S3 por serial
2025-05-31 18:07:53,980 [INFO] Lectura datos climáticos NASA
2025-05-31 18:07:53,982 [INFO] Datos JSON preparados para envío
2025-05-31 18:07:55,034 [INFO] Lectura BMP390
2025-05-31 18:07:55,214 [INFO] Lectura LTR390
2025-05-31 18:07:55,219 [INFO] Lectura desde ESP32-S3 por serial
2025-05-31 18:07:58,505 [INFO] Lectura datos climáticos NASA
2025-05-31 18:07:58,507 [INFO] Datos JSON preparados para envío
2025-05-31 18:07:59,561 [INFO] Lectura BMP390
2025-05-31 18:07:59,742 [INFO] Lectura LTR390
2025-05-31 18:07:59,748 [INFO] Lectura desde ESP32-S3 por serial
2025-05-31 18:08:03,307 [INFO] Lectura datos climáticos NASA
2025-05-31 18:08:03,310 [INFO] Datos JSON preparados para envío
2025-05-31 18:08:04,363 [INFO] Lectura BMP390
2025-05-31 18:08:04,544 [INFO] Lectura LTR390
2025-05-31 18:08:04,550 [INFO] Lectura desde ESP32-S3 por serial
2025-05-31 18:08:08,358 [INFO] Lectura datos climáticos NASA
2025-05-31 18:08:08,360 [INFO] Datos JSON preparados para envío
2025-05-31 18:08:09,411 [INFO] Lectura BMP390
2025-05-31 18:08:09,590 [INFO] Lectura LTR390
2025-05-31 18:08:09,597 [INFO] Lectura desde ESP32-S3 por serial
2025-05-31 18:08:13,987 [INFO] Lectura datos climáticos NASA
2025-05-31 18:08:13,990 [INFO] Datos JSON preparados para envío
2025-05-31 18:08:15,045 [INFO] Lectura BMP390
2025-05-31 18:08:15,225 [INFO] Lectura LTR390
2025-05-31 18:08:15,230 [INFO] Lectura desde ESP32-S3 por serial
2025-05-31 18:08:19,208 [INFO] Lectura datos climáticos NASA
2025-05-31 18:08:19,210 [INFO] Datos JSON preparados para envío
2025-05-31 18:08:20,264 [INFO] Lectura BMP390
2025-05-31 18:08:20,446 [INFO] Lectura LTR390
2025-05-31 18:08:20,452 [INFO] Lectura desde ESP32-S3 por serial
2025-05-31 18:08:24,076 [INFO] Lectura datos climáticos NASA
2025-05-31 18:08:24,081 [INFO] Datos JSON preparados para envío
2025-05-31 18:08:25,134 [INFO] Lectura BMP390
2025-05-31 18:08:25,313 [INFO] Lectura LTR390
2025-05-31 18:08:25,319 [INFO] Lectura desde ESP32-S3 por serial
2025-05-31 18:08:29,619 [INFO] Lectura datos climáticos NASA
2025-05-31 18:08:29,620 [INFO] Datos JSON preparados para envío
2025-05-31 18:08:30,670 [INFO] Lectura BMP390
2025-05-31 18:08:30,853 [INFO] Lectura LTR390
2025-05-31 18:08:30,856 [INFO] Lectura desde ESP32-S3 por serial
2025-05-31 18:08:34,351 [INFO] Lectura datos climáticos NASA
2025-05-31 18:08:34,353 [INFO] Datos JSON preparados para envío
2025-05-31 18:08:35,406 [INFO] Lectura BMP390
2025-05-31 18:08:35,590 [INFO] Lectura LTR390
2025-05-31 18:08:35,596 [INFO] Lectura desde ESP32-S3 por serial
2025-05-31 18:08:40,187 [INFO] Lectura datos climáticos NASA
2025-05-31 18:08:40,190 [INFO] Datos JSON preparados para envío
2025-05-31 18:08:41,241 [INFO] Lectura BMP390
2025-05-31 18:08:41,423 [INFO] Lectura LTR390
2025-05-31 18:08:41,428 [INFO] Lectura desde ESP32-S3 por serial
2025-05-31 18:08:45,738 [INFO] Lectura datos climáticos NASA
2025-05-31 18:08:45,741 [INFO] Datos JSON preparados para envío
2025-05-31 18:08:46,795 [INFO] Lectura BMP390
2025-05-31 18:08:46,975 [INFO] Lectura LTR390
2025-05-31 18:08:46,981 [INFO] Lectura desde ESP32-S3 por serial
2025-05-31 18:08:50,734 [INFO] Lectura datos climáticos NASA
2025-05-31 18:08:50,737 [INFO] Datos JSON preparados para envío
2025-05-31 18:08:51,790 [INFO] Lectura BMP390
2025-05-31 18:08:51,971 [INFO] Lectura LTR390
2025-05-31 18:08:51,977 [INFO] Lectura desde ESP32-S3 por serial
2025-05-31 18:08:55,637 [INFO] Lectura datos climáticos NASA
2025-05-31 18:08:55,639 [INFO] Datos JSON preparados para envío
2025-05-31 18:08:56,692 [INFO] Lectura BMP390
2025-05-31 18:08:56,872 [INFO] Lectura LTR390
2025-05-31 18:08:56,878 [INFO] Lectura desde ESP32-S3 por serial
2025-05-31 18:09:00,449 [INFO] Lectura datos climáticos NASA
2025-05-31 18:09:00,452 [INFO] Datos JSON preparados para envío
2025-05-31 18:09:01,505 [INFO] Lectura BMP390
2025-05-31 18:09:01,685 [INFO] Lectura LTR390
2025-05-31 18:09:01,692 [INFO] Lectura desde ESP32-S3 por serial
2025-05-31 18:09:05,359 [INFO] Lectura datos climáticos NASA
2025-05-31 18:09:05,362 [INFO] Datos JSON preparados para envío
2025-05-31 18:09:06,413 [INFO] Lectura BMP390
2025-05-31 18:09:06,595 [INFO] Lectura LTR390
2025-05-31 18:09:06,597 [INFO] Lectura desde ESP32-S3 por serial
2025-05-31 18:09:10,354 [INFO] Lectura datos climáticos NASA
2025-05-31 18:09:10,357 [INFO] Datos JSON preparados para envío
2025-05-31 18:09:11,409 [INFO] Lectura BMP390
2025-05-31 18:09:11,589 [INFO] Lectura LTR390
2025-05-31 18:09:11,595 [INFO] Lectura desde ESP32-S3 por serial
2025-05-31 18:09:15,903 [INFO] Lectura datos climáticos NASA
2025-05-31 18:09:15,905 [INFO] Datos JSON preparados para envío
2025-05-31 18:09:16,959 [INFO] Lectura BMP390
2025-05-31 18:09:17,140 [INFO] Lectura LTR390
2025-05-31 18:09:17,145 [INFO] Lectura desde ESP32-S3 por serial
2025-05-31 18:09:20,710 [INFO] Lectura datos climáticos NASA
2025-05-31 18:09:20,713 [INFO] Datos JSON preparados para envío
2025-05-31 18:09:21,765 [INFO] Lectura BMP390
2025-05-31 18:09:21,949 [INFO] Lectura LTR390
2025-05-31 18:09:21,955 [INFO] Lectura desde ESP32-S3 por serial
2025-05-31 18:09:25,664 [INFO] Lectura datos climáticos NASA
2025-05-31 18:09:25,667 [INFO] Datos JSON preparados para envío
2025-05-31 18:09:26,720 [INFO] Lectura BMP390
2025-05-31 18:09:26,900 [INFO] Lectura LTR390
2025-05-31 18:09:26,906 [INFO] Lectura desde ESP32-S3 por serial
2025-05-31 18:09:30,428 [INFO] Lectura datos climáticos NASA
2025-05-31 18:09:30,429 [INFO] Datos JSON preparados para envío
2025-05-31 18:09:31,479 [INFO] Lectura BMP390
2025-05-31 18:09:31,658 [INFO] Lectura LTR390
2025-05-31 18:09:31,661 [INFO] Lectura desde ESP32-S3 por serial
2025-05-31 18:09:35,651 [INFO] Lectura datos climáticos NASA
2025-05-31 18:09:35,654 [INFO] Datos JSON preparados para envío
2025-05-31 18:09:36,708 [INFO] Lectura BMP390
2025-05-31 18:09:36,890 [INFO] Lectura LTR390
2025-05-31 18:09:36,896 [INFO] Lectura desde ESP32-S3 por serial
2025-05-31 18:09:40,416 [INFO] Lectura datos climáticos NASA
2025-05-31 18:09:40,419 [INFO] Datos JSON preparados para envío
2025-05-31 18:09:41,473 [INFO] Lectura BMP390
2025-05-31 18:09:41,652 [INFO] Lectura LTR390
2025-05-31 18:09:41,658 [INFO] Lectura desde ESP32-S3 por serial
2025-05-31 18:09:45,985 [INFO] Lectura datos climáticos NASA
2025-05-31 18:09:45,988 [INFO] Datos JSON preparados para envío
2025-05-31 18:09:47,040 [INFO] Lectura BMP390
2025-05-31 18:09:47,224 [INFO] Lectura LTR390
2025-05-31 18:09:47,229 [INFO] Lectura desde ESP32-S3 por serial
2025-05-31 18:09:50,696 [INFO] Lectura datos climáticos NASA
2025-05-31 18:09:50,699 [INFO] Datos JSON preparados para envío
2025-05-31 18:09:51,752 [INFO] Lectura BMP390
2025-05-31 18:09:51,935 [INFO] Lectura LTR390
2025-05-31 18:09:51,942 [INFO] Lectura desde ESP32-S3 por serial
2025-05-31 18:09:55,710 [INFO] Lectura datos climáticos NASA
2025-05-31 18:09:55,711 [INFO] Datos JSON preparados para envío
2025-05-31 18:09:56,764 [INFO] Lectura BMP390
2025-05-31 18:09:56,950 [INFO] Lectura LTR390
2025-05-31 18:09:56,956 [INFO] Lectura desde ESP32-S3 por serial
2025-05-31 18:10:00,519 [INFO] Lectura datos climáticos NASA
2025-05-31 18:10:00,522 [INFO] Datos JSON preparados para envío
2025-05-31 18:10:01,579 [INFO] Lectura BMP390
2025-05-31 18:10:01,760 [INFO] Lectura LTR390
2025-05-31 18:10:01,766 [INFO] Lectura desde ESP32-S3 por serial
2025-05-31 18:10:05,327 [INFO] Lectura datos climáticos NASA
2025-05-31 18:10:05,330 [INFO] Datos JSON preparados para envío
2025-05-31 18:10:06,383 [INFO] Lectura BMP390
2025-05-31 18:10:06,562 [INFO] Lectura LTR390
2025-05-31 18:10:06,566 [INFO] Lectura desde ESP32-S3 por serial
2025-05-31 18:10:09,872 [INFO] Lectura datos climáticos NASA
2025-05-31 18:10:09,874 [INFO] Datos JSON preparados para envío
2025-05-31 18:10:10,927 [INFO] Lectura BMP390
2025-05-31 18:10:11,106 [INFO] Lectura LTR390
2025-05-31 18:10:11,112 [INFO] Lectura desde ESP32-S3 por serial
2025-05-31 18:10:14,844 [INFO] Lectura datos climáticos NASA
2025-05-31 18:10:14,847 [INFO] Datos JSON preparados para envío
2025-05-31 18:10:15,899 [INFO] Lectura BMP390
2025-05-31 18:10:16,083 [INFO] Lectura LTR390
2025-05-31 18:10:16,089 [INFO] Lectura desde ESP32-S3 por serial
2025-05-31 18:10:20,368 [INFO] Lectura datos climáticos NASA
2025-05-31 18:10:20,370 [INFO] Datos JSON preparados para envío
2025-05-31 18:10:21,424 [INFO] Lectura BMP390
2025-05-31 18:10:21,605 [INFO] Lectura LTR390
2025-05-31 18:10:21,611 [INFO] Lectura desde ESP32-S3 por serial
2025-05-31 18:10:26,101 [INFO] Lectura datos climáticos NASA
2025-05-31 18:10:26,104 [INFO] Datos JSON preparados para envío
2025-05-31 18:10:27,159 [INFO] Lectura BMP390
2025-05-31 18:10:27,339 [INFO] Lectura LTR390
2025-05-31 18:10:27,345 [INFO] Lectura desde ESP32-S3 por serial
2025-05-31 18:10:30,811 [INFO] Lectura datos climáticos NASA
2025-05-31 18:10:30,813 [INFO] Datos JSON preparados para envío
2025-05-31 18:10:31,863 [INFO] Lectura BMP390
2025-05-31 18:10:32,044 [INFO] Lectura LTR390
2025-05-31 18:10:32,047 [INFO] Lectura desde ESP32-S3 por serial
2025-05-31 18:10:35,416 [INFO] Lectura datos climáticos NASA
2025-05-31 18:10:35,419 [INFO] Datos JSON preparados para envío
2025-05-31 18:10:36,473 [INFO] Lectura BMP390
2025-05-31 18:10:36,655 [INFO] Lectura LTR390
2025-05-31 18:10:36,662 [INFO] Lectura desde ESP32-S3 por serial
2025-05-31 18:10:40,138 [INFO] Lectura datos climáticos NASA
2025-05-31 18:10:40,140 [INFO] Datos JSON preparados para envío
2025-05-31 18:10:41,193 [INFO] Lectura BMP390
2025-05-31 18:10:41,372 [INFO] Lectura LTR390
2025-05-31 18:10:41,378 [INFO] Lectura desde ESP32-S3 por serial
2025-05-31 18:10:44,956 [INFO] Lectura datos climáticos NASA
2025-05-31 18:10:44,959 [INFO] Datos JSON preparados para envío
2025-05-31 18:10:46,011 [INFO] Lectura BMP390
2025-05-31 18:10:46,192 [INFO] Lectura LTR390
2025-05-31 18:10:46,197 [INFO] Lectura desde ESP32-S3 por serial
2025-05-31 18:10:49,845 [INFO] Lectura datos climáticos NASA
2025-05-31 18:10:49,848 [INFO] Datos JSON preparados para envío
2025-05-31 18:10:50,900 [INFO] Lectura BMP390
2025-05-31 18:10:51,080 [INFO] Lectura LTR390
2025-05-31 18:10:51,086 [INFO] Lectura desde ESP32-S3 por serial
2025-05-31 18:10:55,269 [INFO] Lectura datos climáticos NASA
2025-05-31 18:10:55,271 [INFO] Datos JSON preparados para envío
2025-05-31 18:10:56,323 [INFO] Lectura BMP390
2025-05-31 18:10:56,499 [INFO] Lectura LTR390
2025-05-31 18:10:56,502 [INFO] Lectura desde ESP32-S3 por serial
2025-05-31 18:11:00,689 [INFO] Lectura datos climáticos NASA
2025-05-31 18:11:00,692 [INFO] Datos JSON preparados para envío
2025-05-31 18:11:01,745 [INFO] Lectura BMP390
2025-05-31 18:11:01,926 [INFO] Lectura LTR390
2025-05-31 18:11:01,932 [INFO] Lectura desde ESP32-S3 por serial
2025-05-31 18:11:06,734 [INFO] Lectura datos climáticos NASA
2025-05-31 18:11:06,737 [INFO] Datos JSON preparados para envío
2025-05-31 18:11:07,787 [INFO] Lectura BMP390
2025-05-31 18:11:07,966 [INFO] Lectura LTR390
2025-05-31 18:11:07,968 [INFO] Lectura desde ESP32-S3 por serial
2025-05-31 18:11:12,562 [INFO] Lectura datos climáticos NASA
2025-05-31 18:11:12,565 [INFO] Datos JSON preparados para envío
2025-05-31 18:11:13,617 [INFO] Lectura BMP390
2025-05-31 18:11:13,798 [INFO] Lectura LTR390
2025-05-31 18:11:13,804 [INFO] Lectura desde ESP32-S3 por serial
2025-05-31 18:11:17,475 [INFO] Lectura datos climáticos NASA
2025-05-31 18:11:17,478 [INFO] Datos JSON preparados para envío
2025-05-31 18:11:18,533 [INFO] Lectura BMP390
2025-05-31 18:11:18,712 [INFO] Lectura LTR390
2025-05-31 18:11:18,719 [INFO] Lectura desde ESP32-S3 por serial
2025-05-31 18:11:22,087 [INFO] Lectura datos climáticos NASA
2025-05-31 18:11:22,090 [INFO] Datos JSON preparados para envío
2025-05-31 18:11:23,145 [INFO] Lectura BMP390
2025-05-31 18:11:23,324 [INFO] Lectura LTR390
2025-05-31 18:11:23,330 [INFO] Lectura desde ESP32-S3 por serial
2025-05-31 18:11:28,092 [INFO] Lectura datos climáticos NASA
2025-05-31 18:11:28,095 [INFO] Datos JSON preparados para envío
2025-05-31 18:11:29,150 [INFO] Lectura BMP390
2025-05-31 18:11:29,332 [INFO] Lectura LTR390
2025-05-31 18:11:29,338 [INFO] Lectura desde ESP32-S3 por serial
2025-05-31 18:11:33,332 [INFO] Lectura datos climáticos NASA
2025-05-31 18:11:33,333 [INFO] Datos JSON preparados para envío
2025-05-31 18:11:34,385 [INFO] Lectura BMP390
2025-05-31 18:11:34,569 [INFO] Lectura LTR390
2025-05-31 18:11:34,574 [INFO] Lectura desde ESP32-S3 por serial
2025-05-31 18:11:37,914 [INFO] Lectura datos climáticos NASA
2025-05-31 18:11:37,917 [INFO] Datos JSON preparados para envío
2025-05-31 18:11:38,966 [INFO] Lectura BMP390
2025-05-31 18:11:39,148 [INFO] Lectura LTR390
2025-05-31 18:11:39,152 [INFO] Lectura desde ESP32-S3 por serial
2025-05-31 18:11:44,093 [INFO] Lectura datos climáticos NASA
2025-05-31 18:11:44,096 [INFO] Datos JSON preparados para envío
2025-05-31 18:11:45,149 [INFO] Lectura BMP390
2025-05-31 18:11:45,325 [INFO] Lectura LTR390
2025-05-31 18:11:45,328 [INFO] Lectura desde ESP32-S3 por serial
2025-05-31 18:11:49,606 [INFO] Lectura datos climáticos NASA
2025-05-31 18:11:49,608 [INFO] Datos JSON preparados para envío
2025-05-31 18:11:50,662 [INFO] Lectura BMP390
2025-05-31 18:11:50,842 [INFO] Lectura LTR390
2025-05-31 18:11:50,848 [INFO] Lectura desde ESP32-S3 por serial
2025-05-31 18:11:54,257 [INFO] Lectura datos climáticos NASA
2025-05-31 18:11:54,260 [INFO] Datos JSON preparados para envío
2025-05-31 18:11:55,312 [INFO] Lectura BMP390
2025-05-31 18:11:55,493 [INFO] Lectura LTR390
2025-05-31 18:11:55,499 [INFO] Lectura desde ESP32-S3 por serial
2025-05-31 18:11:59,125 [INFO] Lectura datos climáticos NASA
2025-05-31 18:11:59,127 [INFO] Datos JSON preparados para envío
2025-05-31 18:12:00,179 [INFO] Lectura BMP390
2025-05-31 18:12:00,366 [INFO] Lectura LTR390
2025-05-31 18:12:00,372 [INFO] Lectura desde ESP32-S3 por serial
2025-05-31 18:12:04,144 [INFO] Lectura datos climáticos NASA
2025-05-31 18:12:04,147 [INFO] Datos JSON preparados para envío
2025-05-31 18:12:05,196 [INFO] Lectura BMP390
2025-05-31 18:12:05,373 [INFO] Lectura LTR390
2025-05-31 18:12:05,380 [INFO] Lectura desde ESP32-S3 por serial
2025-05-31 18:12:09,764 [INFO] Lectura datos climáticos NASA
2025-05-31 18:12:09,766 [INFO] Datos JSON preparados para envío
2025-05-31 18:12:10,817 [INFO] Lectura BMP390
2025-05-31 18:12:10,997 [INFO] Lectura LTR390
2025-05-31 18:12:11,002 [INFO] Lectura desde ESP32-S3 por serial
2025-05-31 18:12:14,778 [INFO] Lectura datos climáticos NASA
2025-05-31 18:12:14,782 [INFO] Datos JSON preparados para envío
2025-05-31 18:12:15,834 [INFO] Lectura BMP390
2025-05-31 18:12:16,015 [INFO] Lectura LTR390
2025-05-31 18:12:16,021 [INFO] Lectura desde ESP32-S3 por serial
2025-05-31 18:12:20,512 [INFO] Lectura datos climáticos NASA
2025-05-31 18:12:20,514 [INFO] Datos JSON preparados para envío
2025-05-31 18:12:21,564 [INFO] Lectura BMP390
2025-05-31 18:12:21,741 [INFO] Lectura LTR390
2025-05-31 18:12:21,744 [INFO] Lectura desde ESP32-S3 por serial
2025-05-31 18:12:25,423 [INFO] Lectura datos climáticos NASA
2025-05-31 18:12:25,426 [INFO] Datos JSON preparados para envío
2025-05-31 18:12:26,475 [INFO] Lectura BMP390
2025-05-31 18:12:26,654 [INFO] Lectura LTR390
2025-05-31 18:12:26,660 [INFO] Lectura desde ESP32-S3 por serial
2025-05-31 18:12:30,540 [INFO] Lectura datos climáticos NASA
2025-05-31 18:12:30,543 [INFO] Datos JSON preparados para envío
2025-05-31 18:12:31,595 [INFO] Lectura BMP390
2025-05-31 18:12:31,771 [INFO] Lectura LTR390
2025-05-31 18:12:31,774 [INFO] Lectura desde ESP32-S3 por serial
2025-05-31 18:12:35,851 [INFO] Lectura datos climáticos NASA
2025-05-31 18:12:35,854 [INFO] Datos JSON preparados para envío
2025-05-31 18:12:36,905 [INFO] Lectura BMP390
2025-05-31 18:12:37,089 [INFO] Lectura LTR390
2025-05-31 18:12:37,096 [INFO] Lectura desde ESP32-S3 por serial
2025-05-31 18:12:41,346 [INFO] Lectura datos climáticos NASA
2025-05-31 18:12:41,349 [INFO] Datos JSON preparados para envío
2025-05-31 18:12:42,403 [INFO] Lectura BMP390
2025-05-31 18:12:42,585 [INFO] Lectura LTR390
2025-05-31 18:12:42,591 [INFO] Lectura desde ESP32-S3 por serial
2025-05-31 18:12:46,093 [INFO] Lectura datos climáticos NASA
2025-05-31 18:12:46,094 [INFO] Datos JSON preparados para envío
2025-05-31 18:12:47,148 [INFO] Lectura BMP390
2025-05-31 18:12:47,327 [INFO] Lectura LTR390
2025-05-31 18:12:47,333 [INFO] Lectura desde ESP32-S3 por serial
2025-05-31 18:12:51,211 [INFO] Lectura datos climáticos NASA
2025-05-31 18:12:51,214 [INFO] Datos JSON preparados para envío
2025-05-31 18:12:52,268 [INFO] Lectura BMP390
2025-05-31 18:12:52,447 [INFO] Lectura LTR390
2025-05-31 18:12:52,453 [INFO] Lectura desde ESP32-S3 por serial
2025-05-31 18:12:56,022 [INFO] Lectura datos climáticos NASA
2025-05-31 18:12:56,025 [INFO] Datos JSON preparados para envío
2025-05-31 18:12:57,076 [INFO] Lectura BMP390
2025-05-31 18:12:57,252 [INFO] Lectura LTR390
2025-05-31 18:12:57,255 [INFO] Lectura desde ESP32-S3 por serial
2025-05-31 18:13:00,729 [INFO] Lectura datos climáticos NASA
2025-05-31 18:13:00,732 [INFO] Datos JSON preparados para envío
2025-05-31 18:13:01,784 [INFO] Lectura BMP390
2025-05-31 18:13:01,964 [INFO] Lectura LTR390
2025-05-31 18:13:01,970 [INFO] Lectura desde ESP32-S3 por serial
2025-05-31 18:13:05,340 [INFO] Lectura datos climáticos NASA
2025-05-31 18:13:05,343 [INFO] Datos JSON preparados para envío
2025-05-31 18:13:06,397 [INFO] Lectura BMP390
2025-05-31 18:13:06,577 [INFO] Lectura LTR390
2025-05-31 18:13:06,583 [INFO] Lectura desde ESP32-S3 por serial
2025-05-31 18:13:10,335 [INFO] Lectura datos climáticos NASA
2025-05-31 18:13:10,336 [INFO] Datos JSON preparados para envío
2025-05-31 18:13:11,388 [INFO] Lectura BMP390
2025-05-31 18:13:11,568 [INFO] Lectura LTR390
2025-05-31 18:13:11,575 [INFO] Lectura desde ESP32-S3 por serial
2025-05-31 18:13:16,291 [INFO] Lectura datos climáticos NASA
2025-05-31 18:13:16,294 [INFO] Datos JSON preparados para envío
2025-05-31 18:13:17,349 [INFO] Lectura BMP390
2025-05-31 18:13:17,529 [INFO] Lectura LTR390
2025-05-31 18:13:17,534 [INFO] Lectura desde ESP32-S3 por serial
2025-05-31 18:13:21,104 [INFO] Lectura datos climáticos NASA
2025-05-31 18:13:21,107 [INFO] Datos JSON preparados para envío
2025-05-31 18:13:22,157 [INFO] Lectura BMP390
2025-05-31 18:13:22,335 [INFO] Lectura LTR390
2025-05-31 18:13:22,338 [INFO] Lectura desde ESP32-S3 por serial
2025-05-31 18:13:26,122 [INFO] Lectura datos climáticos NASA
2025-05-31 18:13:26,125 [INFO] Datos JSON preparados para envío
2025-05-31 18:13:27,174 [INFO] Lectura BMP390
2025-05-31 18:13:27,356 [INFO] Lectura LTR390
2025-05-31 18:13:27,362 [INFO] Lectura desde ESP32-S3 por serial
2025-05-31 18:13:31,290 [INFO] Lectura datos climáticos NASA
2025-05-31 18:13:31,293 [INFO] Datos JSON preparados para envío
2025-05-31 18:13:32,345 [INFO] Lectura BMP390
2025-05-31 18:13:32,525 [INFO] Lectura LTR390
2025-05-31 18:13:32,531 [INFO] Lectura desde ESP32-S3 por serial
2025-05-31 18:13:36,239 [INFO] Lectura datos climáticos NASA
2025-05-31 18:13:36,242 [INFO] Datos JSON preparados para envío
2025-05-31 18:13:37,294 [INFO] Lectura BMP390
2025-05-31 18:13:37,478 [INFO] Lectura LTR390
2025-05-31 18:13:37,485 [INFO] Lectura desde ESP32-S3 por serial
2025-05-31 18:13:40,961 [INFO] Lectura datos climáticos NASA
2025-05-31 18:13:40,964 [INFO] Datos JSON preparados para envío
2025-05-31 18:13:42,016 [INFO] Lectura BMP390
2025-05-31 18:13:42,197 [INFO] Lectura LTR390
2025-05-31 18:13:42,202 [INFO] Lectura desde ESP32-S3 por serial
2025-05-31 18:13:46,064 [INFO] Lectura datos climáticos NASA
2025-05-31 18:13:46,066 [INFO] Datos JSON preparados para envío
2025-05-31 18:13:47,116 [INFO] Lectura BMP390
2025-05-31 18:13:47,298 [INFO] Lectura LTR390
2025-05-31 18:13:47,302 [INFO] Lectura desde ESP32-S3 por serial
2025-05-31 18:13:50,772 [INFO] Lectura datos climáticos NASA
2025-05-31 18:13:50,775 [INFO] Datos JSON preparados para envío
2025-05-31 18:13:51,827 [INFO] Lectura BMP390
2025-05-31 18:13:52,008 [INFO] Lectura LTR390
2025-05-31 18:13:52,014 [INFO] Lectura desde ESP32-S3 por serial
2025-05-31 18:13:55,683 [INFO] Lectura datos climáticos NASA
2025-05-31 18:13:55,686 [INFO] Datos JSON preparados para envío
2025-05-31 18:13:56,736 [INFO] Lectura BMP390
2025-05-31 18:13:56,915 [INFO] Lectura LTR390
2025-05-31 18:13:56,922 [INFO] Lectura desde ESP32-S3 por serial
2025-05-31 18:14:00,291 [INFO] Lectura datos climáticos NASA
2025-05-31 18:14:00,294 [INFO] Datos JSON preparados para envío
2025-05-31 18:14:01,343 [INFO] Lectura BMP390
2025-05-31 18:14:01,520 [INFO] Lectura LTR390
2025-05-31 18:14:01,523 [INFO] Lectura desde ESP32-S3 por serial
2025-05-31 18:14:05,408 [INFO] Lectura datos climáticos NASA
2025-05-31 18:14:05,411 [INFO] Datos JSON preparados para envío
2025-05-31 18:14:06,461 [INFO] Lectura BMP390
2025-05-31 18:14:06,647 [INFO] Lectura LTR390
2025-05-31 18:14:06,653 [INFO] Lectura desde ESP32-S3 por serial
2025-05-31 18:14:10,722 [INFO] Lectura datos climáticos NASA
2025-05-31 18:14:10,724 [INFO] Datos JSON preparados para envío
2025-05-31 18:14:11,773 [INFO] Lectura BMP390
2025-05-31 18:14:11,951 [INFO] Lectura LTR390
2025-05-31 18:14:11,955 [INFO] Lectura desde ESP32-S3 por serial
2025-05-31 18:14:16,560 [INFO] Lectura datos climáticos NASA
2025-05-31 18:14:16,563 [INFO] Datos JSON preparados para envío
2025-05-31 18:14:17,615 [INFO] Lectura BMP390
2025-05-31 18:14:17,793 [INFO] Lectura LTR390
2025-05-31 18:14:17,799 [INFO] Lectura desde ESP32-S3 por serial
2025-05-31 18:14:21,990 [INFO] Lectura datos climáticos NASA
2025-05-31 18:14:21,995 [INFO] Datos JSON preparados para envío
2025-05-31 18:14:23,048 [INFO] Lectura BMP390
2025-05-31 18:14:23,225 [INFO] Lectura LTR390
2025-05-31 18:14:23,228 [INFO] Lectura desde ESP32-S3 por serial
2025-05-31 18:14:26,586 [INFO] Lectura datos climáticos NASA
2025-05-31 18:14:26,589 [INFO] Datos JSON preparados para envío
2025-05-31 18:14:27,639 [INFO] Lectura BMP390
2025-05-31 18:14:27,822 [INFO] Lectura LTR390
2025-05-31 18:14:27,828 [INFO] Lectura desde ESP32-S3 por serial
2025-05-31 18:14:31,955 [INFO] Lectura datos climáticos NASA
2025-05-31 18:14:31,958 [INFO] Datos JSON preparados para envío
2025-05-31 18:14:33,011 [INFO] Lectura BMP390
2025-05-31 18:14:33,190 [INFO] Lectura LTR390
2025-05-31 18:14:33,195 [INFO] Lectura desde ESP32-S3 por serial
2025-05-31 18:14:37,230 [INFO] Lectura datos climáticos NASA
2025-05-31 18:14:37,232 [INFO] Datos JSON preparados para envío
2025-05-31 18:14:38,288 [INFO] Lectura BMP390
2025-05-31 18:14:38,469 [INFO] Lectura LTR390
2025-05-31 18:14:38,475 [INFO] Lectura desde ESP32-S3 por serial
2025-05-31 18:14:42,859 [INFO] Lectura datos climáticos NASA
2025-05-31 18:14:42,862 [INFO] Datos JSON preparados para envío
2025-05-31 18:14:43,915 [INFO] Lectura BMP390
2025-05-31 18:14:44,097 [INFO] Lectura LTR390
2025-05-31 18:14:44,101 [INFO] Lectura desde ESP32-S3 por serial
2025-05-31 18:14:48,073 [INFO] Lectura datos climáticos NASA
2025-05-31 18:14:48,074 [INFO] Datos JSON preparados para envío
2025-05-31 18:14:49,126 [INFO] Lectura BMP390
2025-05-31 18:14:49,308 [INFO] Lectura LTR390
2025-05-31 18:14:49,315 [INFO] Lectura desde ESP32-S3 por serial
2025-05-31 18:14:52,850 [INFO] Lectura datos climáticos NASA
2025-05-31 18:14:52,853 [INFO] Datos JSON preparados para envío
2025-05-31 18:14:53,905 [INFO] Lectura BMP390
2025-05-31 18:14:54,091 [INFO] Lectura LTR390
2025-05-31 18:14:54,096 [INFO] Lectura desde ESP32-S3 por serial
2025-05-31 18:14:57,628 [INFO] Lectura datos climáticos NASA
2025-05-31 18:14:57,631 [INFO] Datos JSON preparados para envío
2025-05-31 18:14:58,681 [INFO] Lectura BMP390
2025-05-31 18:14:58,858 [INFO] Lectura LTR390
2025-05-31 18:14:58,862 [INFO] Lectura desde ESP32-S3 por serial
2025-05-31 18:15:02,713 [INFO] Lectura datos climáticos NASA
2025-05-31 18:15:02,720 [INFO] Datos JSON preparados para envío
2025-05-31 18:15:03,770 [INFO] Lectura BMP390
2025-05-31 18:15:03,949 [INFO] Lectura LTR390
2025-05-31 18:15:03,955 [INFO] Lectura desde ESP32-S3 por serial
2025-05-31 18:15:07,625 [INFO] Lectura datos climáticos NASA
2025-05-31 18:15:07,628 [INFO] Datos JSON preparados para envío
2025-05-31 18:15:08,681 [INFO] Lectura BMP390
2025-05-31 18:15:08,861 [INFO] Lectura LTR390
2025-05-31 18:15:08,867 [INFO] Lectura desde ESP32-S3 por serial
2025-05-31 18:15:12,226 [INFO] Lectura datos climáticos NASA
2025-05-31 18:15:12,227 [INFO] Datos JSON preparados para envío
2025-05-31 18:15:13,284 [INFO] Lectura BMP390
2025-05-31 18:15:13,464 [INFO] Lectura LTR390
2025-05-31 18:15:13,470 [INFO] Lectura desde ESP32-S3 por serial
2025-05-31 18:15:17,754 [INFO] Lectura datos climáticos NASA
2025-05-31 18:15:17,757 [INFO] Datos JSON preparados para envío
2025-05-31 18:15:18,809 [INFO] Lectura BMP390
2025-05-31 18:15:18,989 [INFO] Lectura LTR390
2025-05-31 18:15:18,995 [INFO] Lectura desde ESP32-S3 por serial
2025-05-31 18:15:22,463 [INFO] Lectura datos climáticos NASA
2025-05-31 18:15:22,465 [INFO] Datos JSON preparados para envío
2025-05-31 18:15:23,515 [INFO] Lectura BMP390
2025-05-31 18:15:23,696 [INFO] Lectura LTR390
2025-05-31 18:15:23,700 [INFO] Lectura desde ESP32-S3 por serial
2025-05-31 18:15:27,243 [INFO] Lectura datos climáticos NASA
2025-05-31 18:15:27,245 [INFO] Datos JSON preparados para envío
2025-05-31 18:15:28,296 [INFO] Lectura BMP390
2025-05-31 18:15:28,475 [INFO] Lectura LTR390
2025-05-31 18:15:28,481 [INFO] Lectura desde ESP32-S3 por serial
2025-05-31 18:15:32,863 [INFO] Lectura datos climáticos NASA
2025-05-31 18:15:32,866 [INFO] Datos JSON preparados para envío
2025-05-31 18:15:33,922 [INFO] Lectura BMP390
2025-05-31 18:15:34,102 [INFO] Lectura LTR390
2025-05-31 18:15:34,107 [INFO] Lectura desde ESP32-S3 por serial
2025-05-31 18:15:38,646 [INFO] Lectura datos climáticos NASA
2025-05-31 18:15:38,650 [INFO] Datos JSON preparados para envío
2025-05-31 18:15:39,700 [INFO] Lectura BMP390
2025-05-31 18:15:39,878 [INFO] Lectura LTR390
2025-05-31 18:15:39,885 [INFO] Lectura desde ESP32-S3 por serial
2025-05-31 18:15:44,160 [INFO] Lectura datos climáticos NASA
2025-05-31 18:15:44,163 [INFO] Datos JSON preparados para envío
2025-05-31 18:15:45,214 [INFO] Lectura BMP390
2025-05-31 18:15:45,393 [INFO] Lectura LTR390
2025-05-31 18:15:45,399 [INFO] Lectura desde ESP32-S3 por serial
2025-05-31 18:15:48,973 [INFO] Lectura datos climáticos NASA
2025-05-31 18:15:48,975 [INFO] Datos JSON preparados para envío
2025-05-31 18:15:50,032 [INFO] Lectura BMP390
2025-05-31 18:15:50,214 [INFO] Lectura LTR390
2025-05-31 18:15:50,219 [INFO] Lectura desde ESP32-S3 por serial
2025-05-31 18:15:53,883 [INFO] Lectura datos climáticos NASA
2025-05-31 18:15:53,886 [INFO] Datos JSON preparados para envío
2025-05-31 18:15:54,939 [INFO] Lectura BMP390
2025-05-31 18:15:55,118 [INFO] Lectura LTR390
2025-05-31 18:15:55,126 [INFO] Lectura desde ESP32-S3 por serial
2025-05-31 18:15:58,809 [INFO] Lectura datos climáticos NASA
2025-05-31 18:15:58,812 [INFO] Datos JSON preparados para envío
2025-05-31 18:15:59,867 [INFO] Lectura BMP390
2025-05-31 18:16:00,043 [INFO] Lectura LTR390
2025-05-31 18:16:00,047 [INFO] Lectura desde ESP32-S3 por serial
2025-05-31 18:16:03,931 [INFO] Lectura datos climáticos NASA
2025-05-31 18:16:03,936 [INFO] Datos JSON preparados para envío
2025-05-31 18:16:04,986 [INFO] Lectura BMP390
2025-05-31 18:16:05,166 [INFO] Lectura LTR390
2025-05-31 18:16:05,171 [INFO] Lectura desde ESP32-S3 por serial
2025-05-31 18:16:08,827 [INFO] Lectura datos climáticos NASA
2025-05-31 18:16:08,830 [INFO] Datos JSON preparados para envío
2025-05-31 18:16:09,886 [INFO] Lectura BMP390
2025-05-31 18:16:10,070 [INFO] Lectura LTR390
2025-05-31 18:16:10,076 [INFO] Lectura desde ESP32-S3 por serial
2025-05-31 18:16:13,838 [INFO] Lectura datos climáticos NASA
2025-05-31 18:16:13,841 [INFO] Datos JSON preparados para envío
2025-05-31 18:16:14,894 [INFO] Lectura BMP390
2025-05-31 18:16:15,078 [INFO] Lectura LTR390
2025-05-31 18:16:15,088 [INFO] Lectura desde ESP32-S3 por serial
2025-05-31 18:16:19,463 [INFO] Lectura datos climáticos NASA
2025-05-31 18:16:19,466 [INFO] Datos JSON preparados para envío
2025-05-31 18:16:20,518 [INFO] Lectura BMP390
2025-05-31 18:16:20,701 [INFO] Lectura LTR390
2025-05-31 18:16:20,708 [INFO] Lectura desde ESP32-S3 por serial
2025-05-31 18:16:24,277 [INFO] Lectura datos climáticos NASA
2025-05-31 18:16:24,279 [INFO] Datos JSON preparados para envío
2025-05-31 18:16:25,333 [INFO] Lectura BMP390
2025-05-31 18:16:25,512 [INFO] Lectura LTR390
2025-05-31 18:16:25,515 [INFO] Lectura desde ESP32-S3 por serial
2025-05-31 18:16:30,210 [INFO] Lectura datos climáticos NASA
2025-05-31 18:16:30,212 [INFO] Datos JSON preparados para envío
2025-05-31 18:16:31,264 [INFO] Lectura BMP390
2025-05-31 18:16:31,446 [INFO] Lectura LTR390
2025-05-31 18:16:31,451 [INFO] Lectura desde ESP32-S3 por serial
2025-05-31 18:16:35,125 [INFO] Lectura datos climáticos NASA
2025-05-31 18:16:35,127 [INFO] Datos JSON preparados para envío
2025-05-31 18:16:36,183 [INFO] Lectura BMP390
2025-05-31 18:16:36,360 [INFO] Lectura LTR390
2025-05-31 18:16:36,363 [INFO] Lectura desde ESP32-S3 por serial
2025-05-31 18:16:40,520 [INFO] Lectura datos climáticos NASA
2025-05-31 18:16:40,523 [INFO] Datos JSON preparados para envío
2025-05-31 18:16:41,578 [INFO] Lectura BMP390
2025-05-31 18:16:41,759 [INFO] Lectura LTR390
2025-05-31 18:16:41,765 [INFO] Lectura desde ESP32-S3 por serial
2025-05-31 18:16:45,415 [INFO] Lectura datos climáticos NASA
2025-05-31 18:16:45,418 [INFO] Datos JSON preparados para envío
2025-05-31 18:16:46,472 [INFO] Lectura BMP390
2025-05-31 18:16:46,655 [INFO] Lectura LTR390
2025-05-31 18:16:46,661 [INFO] Lectura desde ESP32-S3 por serial
2025-05-31 18:16:50,674 [INFO] Lectura datos climáticos NASA
2025-05-31 18:16:50,677 [INFO] Datos JSON preparados para envío
2025-05-31 18:16:51,730 [INFO] Lectura BMP390
2025-05-31 18:16:51,911 [INFO] Lectura LTR390
2025-05-31 18:16:51,917 [INFO] Lectura desde ESP32-S3 por serial
2025-05-31 18:16:55,521 [INFO] Lectura datos climáticos NASA
2025-05-31 18:16:55,524 [INFO] Datos JSON preparados para envío
2025-05-31 18:16:56,579 [INFO] Lectura BMP390
2025-05-31 18:16:56,761 [INFO] Lectura LTR390
2025-05-31 18:16:56,767 [INFO] Lectura desde ESP32-S3 por serial
2025-05-31 18:17:01,070 [INFO] Lectura datos climáticos NASA
2025-05-31 18:17:01,071 [INFO] Datos JSON preparados para envío
2025-05-31 18:17:02,123 [INFO] Lectura BMP390
2025-05-31 18:17:02,299 [INFO] Lectura LTR390
2025-05-31 18:17:02,302 [INFO] Lectura desde ESP32-S3 por serial
2025-05-31 18:17:05,912 [INFO] Lectura datos climáticos NASA
2025-05-31 18:17:05,915 [INFO] Datos JSON preparados para envío
2025-05-31 18:17:06,968 [INFO] Lectura BMP390
2025-05-31 18:17:07,148 [INFO] Lectura LTR390
2025-05-31 18:17:07,153 [INFO] Lectura desde ESP32-S3 por serial
2025-05-31 18:17:11,012 [INFO] Lectura datos climáticos NASA
2025-05-31 18:17:11,017 [INFO] Datos JSON preparados para envío
2025-05-31 18:17:12,070 [INFO] Lectura BMP390
2025-05-31 18:17:12,254 [INFO] Lectura LTR390
2025-05-31 18:17:12,258 [INFO] Lectura desde ESP32-S3 por serial
2025-05-31 18:17:16,564 [INFO] Lectura datos climáticos NASA
2025-05-31 18:17:16,567 [INFO] Datos JSON preparados para envío
2025-05-31 18:17:17,619 [INFO] Lectura BMP390
2025-05-31 18:17:17,804 [INFO] Lectura LTR390
2025-05-31 18:17:17,810 [INFO] Lectura desde ESP32-S3 por serial
2025-05-31 18:17:21,685 [INFO] Lectura datos climáticos NASA
2025-05-31 18:17:21,688 [INFO] Datos JSON preparados para envío
2025-05-31 18:17:22,741 [INFO] Lectura BMP390
2025-05-31 18:17:22,925 [INFO] Lectura LTR390
2025-05-31 18:17:22,930 [INFO] Lectura desde ESP32-S3 por serial
2025-05-31 18:17:26,289 [INFO] Lectura datos climáticos NASA
2025-05-31 18:17:26,291 [INFO] Datos JSON preparados para envío
2025-05-31 18:17:27,344 [INFO] Lectura BMP390
2025-05-31 18:17:27,525 [INFO] Lectura LTR390
2025-05-31 18:17:27,533 [INFO] Lectura desde ESP32-S3 por serial
2025-05-31 18:17:31,737 [INFO] Lectura datos climáticos NASA
2025-05-31 18:17:31,740 [INFO] Datos JSON preparados para envío
2025-05-31 18:17:32,793 [INFO] Lectura BMP390
2025-05-31 18:17:32,977 [INFO] Lectura LTR390
2025-05-31 18:17:32,982 [INFO] Lectura desde ESP32-S3 por serial
2025-05-31 18:17:36,726 [INFO] Lectura datos climáticos NASA
2025-05-31 18:17:36,727 [INFO] Datos JSON preparados para envío
2025-05-31 18:17:37,777 [INFO] Lectura BMP390
2025-05-31 18:17:37,953 [INFO] Lectura LTR390
2025-05-31 18:17:37,956 [INFO] Lectura desde ESP32-S3 por serial
2025-05-31 18:17:41,353 [INFO] Lectura datos climáticos NASA
2025-05-31 18:17:41,355 [INFO] Datos JSON preparados para envío
2025-05-31 18:17:42,408 [INFO] Lectura BMP390
2025-05-31 18:17:42,590 [INFO] Lectura LTR390
2025-05-31 18:17:42,596 [INFO] Lectura desde ESP32-S3 por serial
2025-05-31 18:17:46,354 [INFO] Lectura datos climáticos NASA
2025-05-31 18:17:46,357 [INFO] Datos JSON preparados para envío
2025-05-31 18:17:47,411 [INFO] Lectura BMP390
2025-05-31 18:17:47,594 [INFO] Lectura LTR390
2025-05-31 18:17:47,600 [INFO] Lectura desde ESP32-S3 por serial
2025-05-31 18:17:51,262 [INFO] Lectura datos climáticos NASA
2025-05-31 18:17:51,265 [INFO] Datos JSON preparados para envío
2025-05-31 18:17:52,317 [INFO] Lectura BMP390
2025-05-31 18:17:52,500 [INFO] Lectura LTR390
2025-05-31 18:17:52,506 [INFO] Lectura desde ESP32-S3 por serial
2025-05-31 18:17:56,173 [INFO] Lectura datos climáticos NASA
2025-05-31 18:17:56,175 [INFO] Datos JSON preparados para envío
2025-05-31 18:17:57,226 [INFO] Lectura BMP390
2025-05-31 18:17:57,408 [INFO] Lectura LTR390
2025-05-31 18:17:57,416 [INFO] Lectura desde ESP32-S3 por serial
2025-05-31 18:18:01,324 [INFO] Lectura datos climáticos NASA
2025-05-31 18:18:01,327 [INFO] Datos JSON preparados para envío
2025-05-31 18:18:02,376 [INFO] Lectura BMP390
2025-05-31 18:18:02,552 [INFO] Lectura LTR390
2025-05-31 18:18:02,554 [INFO] Lectura desde ESP32-S3 por serial
2025-05-31 18:18:06,205 [INFO] Lectura datos climáticos NASA
2025-05-31 18:18:06,208 [INFO] Datos JSON preparados para envío
2025-05-31 18:18:07,261 [INFO] Lectura BMP390
2025-05-31 18:18:07,440 [INFO] Lectura LTR390
2025-05-31 18:18:07,447 [INFO] Lectura desde ESP32-S3 por serial
2025-05-31 18:18:11,631 [INFO] Lectura datos climáticos NASA
2025-05-31 18:18:11,633 [INFO] Datos JSON preparados para envío
2025-05-31 18:18:12,687 [INFO] Lectura BMP390
2025-05-31 18:18:12,872 [INFO] Lectura LTR390
2025-05-31 18:18:12,879 [INFO] Lectura desde ESP32-S3 por serial
2025-05-31 18:18:16,441 [INFO] Lectura datos climáticos NASA
2025-05-31 18:18:16,444 [INFO] Datos JSON preparados para envío
2025-05-31 18:18:17,498 [INFO] Lectura BMP390
2025-05-31 18:18:17,678 [INFO] Lectura LTR390
2025-05-31 18:18:17,684 [INFO] Lectura desde ESP32-S3 por serial
2025-05-31 18:18:22,073 [INFO] Lectura datos climáticos NASA
2025-05-31 18:18:22,076 [INFO] Datos JSON preparados para envío
2025-05-31 18:18:23,130 [INFO] Lectura BMP390
2025-05-31 18:18:23,310 [INFO] Lectura LTR390
2025-05-31 18:18:23,316 [INFO] Lectura desde ESP32-S3 por serial
2025-05-31 18:18:27,185 [INFO] Lectura datos climáticos NASA
2025-05-31 18:18:27,187 [INFO] Datos JSON preparados para envío
2025-05-31 18:18:28,239 [INFO] Lectura BMP390
2025-05-31 18:18:28,423 [INFO] Lectura LTR390
2025-05-31 18:18:28,429 [INFO] Lectura desde ESP32-S3 por serial
2025-05-31 18:18:32,203 [INFO] Lectura datos climáticos NASA
2025-05-31 18:18:32,207 [INFO] Datos JSON preparados para envío
2025-05-31 18:18:33,258 [INFO] Lectura BMP390
2025-05-31 18:18:33,438 [INFO] Lectura LTR390
2025-05-31 18:18:33,444 [INFO] Lectura desde ESP32-S3 por serial
2025-05-31 18:18:37,723 [INFO] Lectura datos climáticos NASA
2025-05-31 18:18:37,727 [INFO] Datos JSON preparados para envío
2025-05-31 18:18:38,783 [INFO] Lectura BMP390
2025-05-31 18:18:38,964 [INFO] Lectura LTR390
2025-05-31 18:18:38,968 [INFO] Lectura desde ESP32-S3 por serial
2025-05-31 18:18:42,533 [INFO] Lectura datos climáticos NASA
2025-05-31 18:18:42,535 [INFO] Datos JSON preparados para envío
2025-05-31 18:18:43,588 [INFO] Lectura BMP390
2025-05-31 18:18:43,769 [INFO] Lectura LTR390
2025-05-31 18:18:43,775 [INFO] Lectura desde ESP32-S3 por serial
2025-05-31 18:18:47,561 [INFO] Lectura datos climáticos NASA
2025-05-31 18:18:47,564 [INFO] Datos JSON preparados para envío
2025-05-31 18:18:48,617 [INFO] Lectura BMP390
2025-05-31 18:18:48,800 [INFO] Lectura LTR390
2025-05-31 18:18:48,806 [INFO] Lectura desde ESP32-S3 por serial
2025-05-31 18:18:52,565 [INFO] Lectura datos climáticos NASA
2025-05-31 18:18:52,567 [INFO] Datos JSON preparados para envío
2025-05-31 18:18:53,621 [INFO] Lectura BMP390
2025-05-31 18:18:53,804 [INFO] Lectura LTR390
2025-05-31 18:18:53,810 [INFO] Lectura desde ESP32-S3 por serial
2025-05-31 18:18:57,786 [INFO] Lectura datos climáticos NASA
2025-05-31 18:18:57,789 [INFO] Datos JSON preparados para envío
2025-05-31 18:18:58,842 [INFO] Lectura BMP390
2025-05-31 18:18:59,026 [INFO] Lectura LTR390
2025-05-31 18:18:59,032 [INFO] Lectura desde ESP32-S3 por serial
2025-05-31 18:19:02,896 [INFO] Lectura datos climáticos NASA
2025-05-31 18:19:02,898 [INFO] Datos JSON preparados para envío
2025-05-31 18:19:03,951 [INFO] Lectura BMP390
2025-05-31 18:19:04,132 [INFO] Lectura LTR390
2025-05-31 18:19:04,138 [INFO] Lectura desde ESP32-S3 por serial
2025-05-31 18:19:07,915 [INFO] Lectura datos climáticos NASA
2025-05-31 18:19:07,918 [INFO] Datos JSON preparados para envío
2025-05-31 18:19:08,972 [INFO] Lectura BMP390
2025-05-31 18:19:09,152 [INFO] Lectura LTR390
2025-05-31 18:19:09,157 [INFO] Lectura desde ESP32-S3 por serial
2025-05-31 18:19:13,528 [INFO] Lectura datos climáticos NASA
2025-05-31 18:19:13,531 [INFO] Datos JSON preparados para envío
2025-05-31 18:19:14,582 [INFO] Lectura BMP390
2025-05-31 18:19:14,763 [INFO] Lectura LTR390
2025-05-31 18:19:14,767 [INFO] Lectura desde ESP32-S3 por serial
2025-05-31 18:19:18,557 [INFO] Lectura datos climáticos NASA
2025-05-31 18:19:18,560 [INFO] Datos JSON preparados para envío
2025-05-31 18:19:19,613 [INFO] Lectura BMP390
2025-05-31 18:19:19,797 [INFO] Lectura LTR390
2025-05-31 18:19:19,802 [INFO] Lectura desde ESP32-S3 por serial
2025-05-31 18:19:23,469 [INFO] Lectura datos climáticos NASA
2025-05-31 18:19:23,472 [INFO] Datos JSON preparados para envío
2025-05-31 18:19:24,525 [INFO] Lectura BMP390
2025-05-31 18:19:24,710 [INFO] Lectura LTR390
2025-05-31 18:19:24,717 [INFO] Lectura desde ESP32-S3 por serial
2025-05-31 18:19:28,487 [INFO] Lectura datos climáticos NASA
2025-05-31 18:19:28,490 [INFO] Datos JSON preparados para envío
2025-05-31 18:19:29,543 [INFO] Lectura BMP390
2025-05-31 18:19:29,722 [INFO] Lectura LTR390
2025-05-31 18:19:29,729 [INFO] Lectura desde ESP32-S3 por serial
2025-05-31 18:19:33,392 [INFO] Lectura datos climáticos NASA
2025-05-31 18:19:33,394 [INFO] Datos JSON preparados para envío
2025-05-31 18:19:34,449 [INFO] Lectura BMP390
2025-05-31 18:19:34,629 [INFO] Lectura LTR390
2025-05-31 18:19:34,635 [INFO] Lectura desde ESP32-S3 por serial
2025-05-31 18:19:38,006 [INFO] Lectura datos climáticos NASA
2025-05-31 18:19:38,008 [INFO] Datos JSON preparados para envío
2025-05-31 18:19:39,061 [INFO] Lectura BMP390
2025-05-31 18:19:39,239 [INFO] Lectura LTR390
2025-05-31 18:19:39,242 [INFO] Lectura desde ESP32-S3 por serial
2025-05-31 18:19:42,911 [INFO] Lectura datos climáticos NASA
2025-05-31 18:19:42,913 [INFO] Datos JSON preparados para envío
2025-05-31 18:19:43,966 [INFO] Lectura BMP390
2025-05-31 18:19:44,148 [INFO] Lectura LTR390
2025-05-31 18:19:44,153 [INFO] Lectura desde ESP32-S3 por serial
2025-05-31 18:19:48,159 [INFO] Lectura datos climáticos NASA
2025-05-31 18:19:48,161 [INFO] Datos JSON preparados para envío
2025-05-31 18:19:49,218 [INFO] Lectura BMP390
2025-05-31 18:19:49,401 [INFO] Lectura LTR390
2025-05-31 18:19:49,407 [INFO] Lectura desde ESP32-S3 por serial
2025-05-31 18:19:53,042 [INFO] Lectura datos climáticos NASA
2025-05-31 18:19:53,045 [INFO] Datos JSON preparados para envío
2025-05-31 18:19:54,101 [INFO] Lectura BMP390
2025-05-31 18:19:54,281 [INFO] Lectura LTR390
2025-05-31 18:19:54,288 [INFO] Lectura desde ESP32-S3 por serial
2025-05-31 18:19:57,647 [INFO] Lectura datos climáticos NASA
2025-05-31 18:19:57,650 [INFO] Datos JSON preparados para envío
2025-05-31 18:19:58,702 [INFO] Lectura BMP390
2025-05-31 18:19:58,886 [INFO] Lectura LTR390
2025-05-31 18:19:58,892 [INFO] Lectura desde ESP32-S3 por serial
2025-05-31 18:20:02,152 [INFO] Lectura datos climáticos NASA
2025-05-31 18:20:02,154 [INFO] Datos JSON preparados para envío
2025-05-31 18:20:03,206 [INFO] Lectura BMP390
2025-05-31 18:20:03,385 [INFO] Lectura LTR390
2025-05-31 18:20:03,388 [INFO] Lectura desde ESP32-S3 por serial
2025-05-31 18:20:08,188 [INFO] Lectura datos climáticos NASA
2025-05-31 18:20:08,191 [INFO] Datos JSON preparados para envío
2025-05-31 18:20:09,241 [INFO] Lectura BMP390
2025-05-31 18:20:09,421 [INFO] Lectura LTR390
2025-05-31 18:20:09,427 [INFO] Lectura desde ESP32-S3 por serial
2025-05-31 18:20:13,508 [INFO] Lectura datos climáticos NASA
2025-05-31 18:20:13,511 [INFO] Datos JSON preparados para envío
2025-05-31 18:20:14,564 [INFO] Lectura BMP390
2025-05-31 18:20:14,741 [INFO] Lectura LTR390
2025-05-31 18:20:14,744 [INFO] Lectura desde ESP32-S3 por serial
2025-05-31 18:20:18,078 [INFO] Lectura datos climáticos NASA
2025-05-31 18:20:18,081 [INFO] Datos JSON preparados para envío
2025-05-31 18:20:19,136 [INFO] Lectura BMP390
2025-05-31 18:20:19,316 [INFO] Lectura LTR390
2025-05-31 18:20:19,321 [INFO] Lectura desde ESP32-S3 por serial
2025-05-31 18:20:22,720 [INFO] Lectura datos climáticos NASA
2025-05-31 18:20:22,723 [INFO] Datos JSON preparados para envío
2025-05-31 18:20:23,775 [INFO] Lectura BMP390
2025-05-31 18:20:23,955 [INFO] Lectura LTR390
2025-05-31 18:20:23,960 [INFO] Lectura desde ESP32-S3 por serial
2025-05-31 18:20:27,831 [INFO] Lectura datos climáticos NASA
2025-05-31 18:20:27,832 [INFO] Datos JSON preparados para envío
2025-05-31 18:20:28,882 [INFO] Lectura BMP390
2025-05-31 18:20:29,064 [INFO] Lectura LTR390
2025-05-31 18:20:29,069 [INFO] Lectura desde ESP32-S3 por serial
2025-05-31 18:20:32,400 [INFO] Lectura datos climáticos NASA
2025-05-31 18:20:32,403 [INFO] Datos JSON preparados para envío
2025-05-31 18:20:33,456 [INFO] Lectura BMP390
2025-05-31 18:20:33,636 [INFO] Lectura LTR390
2025-05-31 18:20:33,642 [INFO] Lectura desde ESP32-S3 por serial
2025-05-31 18:20:36,839 [INFO] Lectura datos climáticos NASA
2025-05-31 18:20:36,842 [INFO] Datos JSON preparados para envío
2025-05-31 18:20:37,897 [INFO] Lectura BMP390
2025-05-31 18:20:38,077 [INFO] Lectura LTR390
2025-05-31 18:20:38,085 [INFO] Lectura desde ESP32-S3 por serial
2025-05-31 18:20:42,776 [INFO] Lectura datos climáticos NASA
2025-05-31 18:20:42,779 [INFO] Datos JSON preparados para envío
2025-05-31 18:20:43,832 [INFO] Lectura BMP390
2025-05-31 18:20:44,016 [INFO] Lectura LTR390
2025-05-31 18:20:44,022 [INFO] Lectura desde ESP32-S3 por serial
2025-05-31 18:20:47,293 [INFO] Lectura datos climáticos NASA
2025-05-31 18:20:47,296 [INFO] Datos JSON preparados para envío
2025-05-31 18:20:48,348 [INFO] Lectura BMP390
2025-05-31 18:20:48,528 [INFO] Lectura LTR390
2025-05-31 18:20:48,533 [INFO] Lectura desde ESP32-S3 por serial
2025-05-31 18:20:52,188 [INFO] Lectura datos climáticos NASA
2025-05-31 18:20:52,191 [INFO] Datos JSON preparados para envío
2025-05-31 18:20:53,245 [INFO] Lectura BMP390
2025-05-31 18:20:53,424 [INFO] Lectura LTR390
2025-05-31 18:20:53,431 [INFO] Lectura desde ESP32-S3 por serial
2025-05-31 18:20:57,160 [INFO] Lectura datos climáticos NASA
2025-05-31 18:20:57,162 [INFO] Datos JSON preparados para envío
2025-05-31 18:20:58,219 [INFO] Lectura BMP390
2025-05-31 18:20:58,397 [INFO] Lectura LTR390
2025-05-31 18:20:58,404 [INFO] Lectura desde ESP32-S3 por serial
2025-05-31 18:21:02,013 [INFO] Lectura datos climáticos NASA
2025-05-31 18:21:02,016 [INFO] Datos JSON preparados para envío
2025-05-31 18:21:03,067 [INFO] Lectura BMP390
2025-05-31 18:21:03,249 [INFO] Lectura LTR390
2025-05-31 18:21:03,253 [INFO] Lectura desde ESP32-S3 por serial
2025-05-31 18:21:06,415 [INFO] Lectura datos climáticos NASA
2025-05-31 18:21:06,420 [INFO] Datos JSON preparados para envío
2025-05-31 18:21:07,474 [INFO] Lectura BMP390
2025-05-31 18:21:07,656 [INFO] Lectura LTR390
2025-05-31 18:21:07,662 [INFO] Lectura desde ESP32-S3 por serial
2025-05-31 18:21:16,509 [INFO] Lectura datos climáticos NASA
2025-05-31 18:21:16,512 [INFO] Datos JSON preparados para envío
2025-05-31 18:21:17,564 [INFO] Lectura BMP390
2025-05-31 18:21:17,747 [INFO] Lectura LTR390
2025-05-31 18:21:17,754 [INFO] Lectura desde ESP32-S3 por serial
2025-05-31 18:21:21,559 [INFO] Lectura datos climáticos NASA
2025-05-31 18:21:21,562 [INFO] Datos JSON preparados para envío
2025-05-31 18:21:22,614 [INFO] Lectura BMP390
2025-05-31 18:21:22,794 [INFO] Lectura LTR390
2025-05-31 18:21:22,801 [INFO] Lectura desde ESP32-S3 por serial
2025-05-31 18:21:26,885 [INFO] Lectura datos climáticos NASA
2025-05-31 18:21:26,889 [INFO] Datos JSON preparados para envío
2025-05-31 18:21:27,941 [INFO] Lectura BMP390
2025-05-31 18:21:28,117 [INFO] Lectura LTR390
2025-05-31 18:21:28,120 [INFO] Lectura desde ESP32-S3 por serial
2025-05-31 18:21:31,793 [INFO] Lectura datos climáticos NASA
2025-05-31 18:21:31,795 [INFO] Datos JSON preparados para envío
2025-05-31 18:21:32,851 [INFO] Lectura BMP390
2025-05-31 18:21:33,033 [INFO] Lectura LTR390
2025-05-31 18:21:33,039 [INFO] Lectura desde ESP32-S3 por serial
2025-05-31 18:21:36,503 [INFO] Lectura datos climáticos NASA
2025-05-31 18:21:36,506 [INFO] Datos JSON preparados para envío
2025-05-31 18:21:37,558 [INFO] Lectura BMP390
2025-05-31 18:21:37,742 [INFO] Lectura LTR390
2025-05-31 18:21:37,748 [INFO] Lectura desde ESP32-S3 por serial
2025-05-31 18:21:42,136 [INFO] Lectura datos climáticos NASA
2025-05-31 18:21:42,138 [INFO] Datos JSON preparados para envío
2025-05-31 18:21:43,190 [INFO] Lectura BMP390
2025-05-31 18:21:43,370 [INFO] Lectura LTR390
2025-05-31 18:21:43,376 [INFO] Lectura desde ESP32-S3 por serial
2025-05-31 18:21:46,836 [INFO] Lectura datos climáticos NASA
2025-05-31 18:21:46,839 [INFO] Datos JSON preparados para envío
2025-05-31 18:21:47,893 [INFO] Lectura BMP390
2025-05-31 18:21:48,075 [INFO] Lectura LTR390
2025-05-31 18:21:48,081 [INFO] Lectura desde ESP32-S3 por serial
2025-05-31 18:21:51,860 [INFO] Lectura datos climáticos NASA
2025-05-31 18:21:51,862 [INFO] Datos JSON preparados para envío
2025-05-31 18:21:52,911 [INFO] Lectura BMP390
2025-05-31 18:21:53,087 [INFO] Lectura LTR390
2025-05-31 18:21:53,090 [INFO] Lectura desde ESP32-S3 por serial
2025-05-31 18:21:56,663 [INFO] Lectura datos climáticos NASA
2025-05-31 18:21:56,668 [INFO] Datos JSON preparados para envío
2025-05-31 18:21:57,721 [INFO] Lectura BMP390
2025-05-31 18:21:57,904 [INFO] Lectura LTR390
2025-05-31 18:21:57,910 [INFO] Lectura desde ESP32-S3 por serial
2025-05-31 18:22:01,470 [INFO] Lectura datos climáticos NASA
2025-05-31 18:22:01,473 [INFO] Datos JSON preparados para envío
2025-05-31 18:22:02,525 [INFO] Lectura BMP390
2025-05-31 18:22:02,706 [INFO] Lectura LTR390
2025-05-31 18:22:02,712 [INFO] Lectura desde ESP32-S3 por serial
2025-05-31 18:22:06,575 [INFO] Lectura datos climáticos NASA
2025-05-31 18:22:06,578 [INFO] Datos JSON preparados para envío
2025-05-31 18:22:07,635 [INFO] Lectura BMP390
2025-05-31 18:22:07,815 [INFO] Lectura LTR390
2025-05-31 18:22:07,821 [INFO] Lectura desde ESP32-S3 por serial
2025-05-31 18:22:11,703 [INFO] Lectura datos climáticos NASA
2025-05-31 18:22:11,706 [INFO] Datos JSON preparados para envío
2025-05-31 18:22:12,759 [INFO] Lectura BMP390
2025-05-31 18:22:12,939 [INFO] Lectura LTR390
2025-05-31 18:22:12,945 [INFO] Lectura desde ESP32-S3 por serial
2025-05-31 18:22:16,817 [INFO] Lectura datos climáticos NASA
2025-05-31 18:22:16,818 [INFO] Datos JSON preparados para envío
2025-05-31 18:22:17,868 [INFO] Lectura BMP390
2025-05-31 18:22:18,046 [INFO] Lectura LTR390
2025-05-31 18:22:18,049 [INFO] Lectura desde ESP32-S3 por serial
2025-05-31 18:22:21,835 [INFO] Lectura datos climáticos NASA
2025-05-31 18:22:21,838 [INFO] Datos JSON preparados para envío
2025-05-31 18:22:22,893 [INFO] Lectura BMP390
2025-05-31 18:22:23,076 [INFO] Lectura LTR390
2025-05-31 18:22:23,082 [INFO] Lectura desde ESP32-S3 por serial
2025-05-31 18:22:26,874 [INFO] Lectura datos climáticos NASA
2025-05-31 18:22:26,877 [INFO] Datos JSON preparados para envío
2025-05-31 18:22:27,933 [INFO] Lectura BMP390
2025-05-31 18:22:28,117 [INFO] Lectura LTR390
2025-05-31 18:22:28,123 [INFO] Lectura desde ESP32-S3 por serial
2025-05-31 18:22:31,565 [INFO] Lectura datos climáticos NASA
2025-05-31 18:22:31,568 [INFO] Datos JSON preparados para envío
2025-05-31 18:22:32,622 [INFO] Lectura BMP390
2025-05-31 18:22:32,802 [INFO] Lectura LTR390
2025-05-31 18:22:32,808 [INFO] Lectura desde ESP32-S3 por serial
2025-05-31 18:22:36,470 [INFO] Lectura datos climáticos NASA
2025-05-31 18:22:36,473 [INFO] Datos JSON preparados para envío
2025-05-31 18:22:37,525 [INFO] Lectura BMP390
2025-05-31 18:22:37,710 [INFO] Lectura LTR390
2025-05-31 18:22:37,715 [INFO] Lectura desde ESP32-S3 por serial
2025-05-31 18:22:41,275 [INFO] Lectura datos climáticos NASA
2025-05-31 18:22:41,276 [INFO] Datos JSON preparados para envío
2025-05-31 18:22:42,326 [INFO] Lectura BMP390
2025-05-31 18:22:42,502 [INFO] Lectura LTR390
2025-05-31 18:22:42,505 [INFO] Lectura desde ESP32-S3 por serial
2025-05-31 18:22:45,984 [INFO] Lectura datos climáticos NASA
2025-05-31 18:22:45,987 [INFO] Datos JSON preparados para envío
2025-05-31 18:22:47,042 [INFO] Lectura BMP390
2025-05-31 18:22:47,222 [INFO] Lectura LTR390
2025-05-31 18:22:47,227 [INFO] Lectura desde ESP32-S3 por serial
2025-05-31 18:22:51,807 [INFO] Lectura datos climáticos NASA
2025-05-31 18:22:51,810 [INFO] Datos JSON preparados para envío
2025-05-31 18:22:52,860 [INFO] Lectura BMP390
2025-05-31 18:22:53,036 [INFO] Lectura LTR390
2025-05-31 18:22:53,039 [INFO] Lectura desde ESP32-S3 por serial
2025-05-31 18:22:57,242 [INFO] Lectura datos climáticos NASA
2025-05-31 18:22:57,244 [INFO] Datos JSON preparados para envío
2025-05-31 18:22:58,302 [INFO] Lectura BMP390
2025-05-31 18:22:58,483 [INFO] Lectura LTR390
2025-05-31 18:22:58,492 [INFO] Lectura desde ESP32-S3 por serial
2025-05-31 18:23:02,360 [INFO] Lectura datos climáticos NASA
2025-05-31 18:23:02,363 [INFO] Datos JSON preparados para envío
2025-05-31 18:23:03,415 [INFO] Lectura BMP390
2025-05-31 18:23:03,597 [INFO] Lectura LTR390
2025-05-31 18:23:03,603 [INFO] Lectura desde ESP32-S3 por serial
2025-05-31 18:23:07,269 [INFO] Lectura datos climáticos NASA
2025-05-31 18:23:07,272 [INFO] Datos JSON preparados para envío
2025-05-31 18:23:08,325 [INFO] Lectura BMP390
2025-05-31 18:23:08,505 [INFO] Lectura LTR390
2025-05-31 18:23:08,511 [INFO] Lectura desde ESP32-S3 por serial
2025-05-31 18:23:12,011 [INFO] Lectura datos climáticos NASA
2025-05-31 18:23:12,014 [INFO] Datos JSON preparados para envío
2025-05-31 18:23:13,071 [INFO] Lectura BMP390
2025-05-31 18:23:13,252 [INFO] Lectura LTR390
2025-05-31 18:23:13,258 [INFO] Lectura desde ESP32-S3 por serial
2025-05-31 18:23:18,021 [INFO] Lectura datos climáticos NASA
2025-05-31 18:23:18,022 [INFO] Datos JSON preparados para envío
2025-05-31 18:23:19,075 [INFO] Lectura BMP390
2025-05-31 18:23:19,255 [INFO] Lectura LTR390
2025-05-31 18:23:19,260 [INFO] Lectura desde ESP32-S3 por serial
2025-05-31 18:23:22,619 [INFO] Lectura datos climáticos NASA
2025-05-31 18:23:22,621 [INFO] Datos JSON preparados para envío
2025-05-31 18:23:23,674 [INFO] Lectura BMP390
2025-05-31 18:23:23,854 [INFO] Lectura LTR390
2025-05-31 18:23:23,860 [INFO] Lectura desde ESP32-S3 por serial
2025-05-31 18:23:27,227 [INFO] Lectura datos climáticos NASA
2025-05-31 18:23:27,230 [INFO] Datos JSON preparados para envío
2025-05-31 18:23:28,281 [INFO] Lectura BMP390
2025-05-31 18:23:28,462 [INFO] Lectura LTR390
2025-05-31 18:23:28,468 [INFO] Lectura desde ESP32-S3 por serial
2025-05-31 18:23:32,140 [INFO] Lectura datos climáticos NASA
2025-05-31 18:23:32,142 [INFO] Datos JSON preparados para envío
2025-05-31 18:23:33,194 [INFO] Lectura BMP390
2025-05-31 18:23:33,374 [INFO] Lectura LTR390
2025-05-31 18:23:33,381 [INFO] Lectura desde ESP32-S3 por serial
2025-05-31 18:23:37,094 [INFO] Lectura datos climáticos NASA
2025-05-31 18:23:37,098 [INFO] Datos JSON preparados para envío
2025-05-31 18:23:38,149 [INFO] Lectura BMP390
2025-05-31 18:23:38,328 [INFO] Lectura LTR390
2025-05-31 18:23:38,336 [INFO] Lectura desde ESP32-S3 por serial
2025-05-31 18:23:41,553 [INFO] Lectura datos climáticos NASA
2025-05-31 18:23:41,555 [INFO] Datos JSON preparados para envío
2025-05-31 18:23:42,605 [INFO] Lectura BMP390
2025-05-31 18:23:42,784 [INFO] Lectura LTR390
2025-05-31 18:23:42,787 [INFO] Lectura desde ESP32-S3 por serial
2025-05-31 18:23:46,477 [INFO] Lectura datos climáticos NASA
2025-05-31 18:23:46,481 [INFO] Datos JSON preparados para envío
2025-05-31 18:23:47,536 [INFO] Lectura BMP390
2025-05-31 18:23:47,717 [INFO] Lectura LTR390
2025-05-31 18:23:47,724 [INFO] Lectura desde ESP32-S3 por serial
2025-05-31 18:23:51,971 [INFO] Lectura datos climáticos NASA
2025-05-31 18:23:51,974 [INFO] Datos JSON preparados para envío
2025-05-31 18:23:53,028 [INFO] Lectura BMP390
2025-05-31 18:23:53,208 [INFO] Lectura LTR390
2025-05-31 18:23:53,213 [INFO] Lectura desde ESP32-S3 por serial
2025-05-31 18:23:56,723 [INFO] Lectura datos climáticos NASA
2025-05-31 18:23:56,726 [INFO] Datos JSON preparados para envío
2025-05-31 18:23:57,778 [INFO] Lectura BMP390
2025-05-31 18:23:57,959 [INFO] Lectura LTR390
2025-05-31 18:23:57,965 [INFO] Lectura desde ESP32-S3 por serial
2025-05-31 18:24:01,246 [INFO] Lectura datos climáticos NASA
2025-05-31 18:24:01,248 [INFO] Datos JSON preparados para envío
2025-05-31 18:24:02,303 [INFO] Lectura BMP390
2025-05-31 18:24:02,483 [INFO] Lectura LTR390
2025-05-31 18:24:02,490 [INFO] Lectura desde ESP32-S3 por serial
2025-05-31 18:24:06,630 [INFO] Lectura datos climáticos NASA
2025-05-31 18:24:06,632 [INFO] Datos JSON preparados para envío
2025-05-31 18:24:07,681 [INFO] Lectura BMP390
2025-05-31 18:24:07,858 [INFO] Lectura LTR390
2025-05-31 18:24:07,861 [INFO] Lectura desde ESP32-S3 por serial
2025-05-31 18:24:12,053 [INFO] Lectura datos climáticos NASA
2025-05-31 18:24:12,056 [INFO] Datos JSON preparados para envío
2025-05-31 18:24:13,110 [INFO] Lectura BMP390
2025-05-31 18:24:13,293 [INFO] Lectura LTR390
2025-05-31 18:24:13,298 [INFO] Lectura desde ESP32-S3 por serial
2025-05-31 18:24:17,275 [INFO] Lectura datos climáticos NASA
2025-05-31 18:24:17,277 [INFO] Datos JSON preparados para envío
2025-05-31 18:24:18,334 [INFO] Lectura BMP390
2025-05-31 18:24:18,511 [INFO] Lectura LTR390
2025-05-31 18:24:18,513 [INFO] Lectura desde ESP32-S3 por serial
2025-05-31 18:24:25,864 [INFO] Lectura datos climáticos NASA
2025-05-31 18:24:25,867 [INFO] Datos JSON preparados para envío
2025-05-31 18:24:26,919 [INFO] Lectura BMP390
2025-05-31 18:24:27,099 [INFO] Lectura LTR390
2025-05-31 18:24:27,105 [INFO] Lectura desde ESP32-S3 por serial
2025-05-31 18:24:31,695 [INFO] Lectura datos climáticos NASA
2025-05-31 18:24:31,696 [INFO] Datos JSON preparados para envío
2025-05-31 18:24:32,751 [INFO] Lectura BMP390
2025-05-31 18:24:32,932 [INFO] Lectura LTR390
2025-05-31 18:24:32,938 [INFO] Lectura desde ESP32-S3 por serial
2025-05-31 18:24:36,405 [INFO] Lectura datos climáticos NASA
2025-05-31 18:24:36,408 [INFO] Datos JSON preparados para envío
2025-05-31 18:24:37,460 [INFO] Lectura BMP390
2025-05-31 18:24:37,646 [INFO] Lectura LTR390
2025-05-31 18:24:37,653 [INFO] Lectura desde ESP32-S3 por serial
2025-05-31 18:24:41,317 [INFO] Lectura datos climáticos NASA
2025-05-31 18:24:41,319 [INFO] Datos JSON preparados para envío
2025-05-31 18:24:42,369 [INFO] Lectura BMP390
2025-05-31 18:24:42,546 [INFO] Lectura LTR390
2025-05-31 18:24:42,549 [INFO] Lectura desde ESP32-S3 por serial
2025-05-31 18:24:46,023 [INFO] Lectura datos climáticos NASA
2025-05-31 18:24:46,026 [INFO] Datos JSON preparados para envío
2025-05-31 18:24:47,079 [INFO] Lectura BMP390
2025-05-31 18:24:47,260 [INFO] Lectura LTR390
2025-05-31 18:24:47,266 [INFO] Lectura desde ESP32-S3 por serial
2025-05-31 18:24:51,538 [INFO] Lectura datos climáticos NASA
2025-05-31 18:24:51,541 [INFO] Datos JSON preparados para envío
2025-05-31 18:24:52,594 [INFO] Lectura BMP390
2025-05-31 18:24:52,774 [INFO] Lectura LTR390
2025-05-31 18:24:52,780 [INFO] Lectura desde ESP32-S3 por serial
2025-05-31 18:24:56,871 [INFO] Lectura datos climáticos NASA
2025-05-31 18:24:56,873 [INFO] Datos JSON preparados para envío
2025-05-31 18:24:57,933 [INFO] Lectura BMP390
2025-05-31 18:24:58,112 [INFO] Lectura LTR390
2025-05-31 18:24:58,117 [INFO] Lectura desde ESP32-S3 por serial
2025-05-31 18:25:01,687 [INFO] Lectura datos climáticos NASA
2025-05-31 18:25:01,690 [INFO] Datos JSON preparados para envío
2025-05-31 18:25:02,743 [INFO] Lectura BMP390
2025-05-31 18:25:02,924 [INFO] Lectura LTR390
2025-05-31 18:25:02,930 [INFO] Lectura desde ESP32-S3 por serial
2025-05-31 18:25:06,698 [INFO] Lectura datos climáticos NASA
2025-05-31 18:25:06,700 [INFO] Datos JSON preparados para envío
2025-05-31 18:25:07,753 [INFO] Lectura BMP390
2025-05-31 18:25:07,936 [INFO] Lectura LTR390
2025-05-31 18:25:07,940 [INFO] Lectura desde ESP32-S3 por serial
2025-05-31 18:25:12,429 [INFO] Lectura datos climáticos NASA
2025-05-31 18:25:12,432 [INFO] Datos JSON preparados para envío
2025-05-31 18:25:13,485 [INFO] Lectura BMP390
2025-05-31 18:25:13,665 [INFO] Lectura LTR390
2025-05-31 18:25:13,671 [INFO] Lectura desde ESP32-S3 por serial
2025-05-31 18:25:17,235 [INFO] Lectura datos climáticos NASA
2025-05-31 18:25:17,238 [INFO] Datos JSON preparados para envío
2025-05-31 18:25:18,290 [INFO] Lectura BMP390
2025-05-31 18:25:18,475 [INFO] Lectura LTR390
2025-05-31 18:25:18,481 [INFO] Lectura desde ESP32-S3 por serial
2025-05-31 18:25:22,658 [INFO] Lectura datos climáticos NASA
2025-05-31 18:25:22,661 [INFO] Datos JSON preparados para envío
2025-05-31 18:25:23,714 [INFO] Lectura BMP390
2025-05-31 18:25:23,895 [INFO] Lectura LTR390
2025-05-31 18:25:23,901 [INFO] Lectura desde ESP32-S3 por serial
2025-05-31 18:25:28,493 [INFO] Lectura datos climáticos NASA
2025-05-31 18:25:28,496 [INFO] Datos JSON preparados para envío
2025-05-31 18:25:29,548 [INFO] Lectura BMP390
2025-05-31 18:25:29,728 [INFO] Lectura LTR390
2025-05-31 18:25:29,734 [INFO] Lectura desde ESP32-S3 por serial
2025-05-31 18:25:33,353 [INFO] Lectura datos climáticos NASA
2025-05-31 18:25:33,356 [INFO] Datos JSON preparados para envío
2025-05-31 18:25:34,408 [INFO] Lectura BMP390
2025-05-31 18:25:34,592 [INFO] Lectura LTR390
2025-05-31 18:25:34,598 [INFO] Lectura desde ESP32-S3 por serial
2025-05-31 18:25:38,943 [INFO] Lectura datos climáticos NASA
2025-05-31 18:25:38,945 [INFO] Datos JSON preparados para envío
2025-05-31 18:25:39,998 [INFO] Lectura BMP390
2025-05-31 18:25:40,178 [INFO] Lectura LTR390
2025-05-31 18:25:40,183 [INFO] Lectura desde ESP32-S3 por serial
2025-05-31 18:25:43,634 [INFO] Lectura datos climáticos NASA
2025-05-31 18:25:43,636 [INFO] Datos JSON preparados para envío
2025-05-31 18:25:44,685 [INFO] Lectura BMP390
2025-05-31 18:25:44,865 [INFO] Lectura LTR390
2025-05-31 18:25:44,870 [INFO] Lectura desde ESP32-S3 por serial
2025-05-31 18:25:49,068 [INFO] Lectura datos climáticos NASA
2025-05-31 18:25:49,071 [INFO] Datos JSON preparados para envío
2025-05-31 18:25:50,127 [INFO] Lectura BMP390
2025-05-31 18:25:50,308 [INFO] Lectura LTR390
2025-05-31 18:25:50,314 [INFO] Lectura desde ESP32-S3 por serial
2025-05-31 18:25:54,551 [INFO] Lectura datos climáticos NASA
2025-05-31 18:25:54,554 [INFO] Datos JSON preparados para envío
2025-05-31 18:25:55,606 [INFO] Lectura BMP390
2025-05-31 18:25:55,787 [INFO] Lectura LTR390
2025-05-31 18:25:55,791 [INFO] Lectura desde ESP32-S3 por serial
2025-05-31 18:25:58,987 [INFO] Lectura datos climáticos NASA
2025-05-31 18:25:58,990 [INFO] Datos JSON preparados para envío
2025-05-31 18:26:00,043 [INFO] Lectura BMP390
2025-05-31 18:26:00,226 [INFO] Lectura LTR390
2025-05-31 18:26:00,231 [INFO] Lectura desde ESP32-S3 por serial
2025-05-31 18:26:04,001 [INFO] Lectura datos climáticos NASA
2025-05-31 18:26:04,004 [INFO] Datos JSON preparados para envío
2025-05-31 18:26:05,058 [INFO] Lectura BMP390
2025-05-31 18:26:05,239 [INFO] Lectura LTR390
2025-05-31 18:26:05,245 [INFO] Lectura desde ESP32-S3 por serial
2025-05-31 18:26:09,218 [INFO] Lectura datos climáticos NASA
2025-05-31 18:26:09,219 [INFO] Datos JSON preparados para envío
2025-05-31 18:26:10,271 [INFO] Lectura BMP390
2025-05-31 18:26:10,460 [INFO] Lectura LTR390
2025-05-31 18:26:10,466 [INFO] Lectura desde ESP32-S3 por serial
2025-05-31 18:26:14,135 [INFO] Lectura datos climáticos NASA
2025-05-31 18:26:14,138 [INFO] Datos JSON preparados para envío
2025-05-31 18:26:15,190 [INFO] Lectura BMP390
2025-05-31 18:26:15,370 [INFO] Lectura LTR390
2025-05-31 18:26:15,377 [INFO] Lectura desde ESP32-S3 por serial
2025-05-31 18:26:19,612 [INFO] Lectura datos climáticos NASA
2025-05-31 18:26:19,614 [INFO] Datos JSON preparados para envío
2025-05-31 18:26:20,664 [INFO] Lectura BMP390
2025-05-31 18:26:20,841 [INFO] Lectura LTR390
2025-05-31 18:26:20,844 [INFO] Lectura desde ESP32-S3 por serial
2025-05-31 18:26:24,195 [INFO] Lectura datos climáticos NASA
2025-05-31 18:26:24,198 [INFO] Datos JSON preparados para envío
2025-05-31 18:26:25,251 [INFO] Lectura BMP390
2025-05-31 18:26:25,431 [INFO] Lectura LTR390
2025-05-31 18:26:25,438 [INFO] Lectura desde ESP32-S3 por serial
2025-05-31 18:26:29,593 [INFO] Lectura datos climáticos NASA
2025-05-31 18:26:29,596 [INFO] Datos JSON preparados para envío
2025-05-31 18:26:30,653 [INFO] Lectura BMP390
2025-05-31 18:26:30,833 [INFO] Lectura LTR390
2025-05-31 18:26:30,839 [INFO] Lectura desde ESP32-S3 por serial
2025-05-31 18:26:34,454 [INFO] Lectura datos climáticos NASA
2025-05-31 18:26:34,456 [INFO] Datos JSON preparados para envío
2025-05-31 18:26:35,510 [INFO] Lectura BMP390
2025-05-31 18:26:35,690 [INFO] Lectura LTR390
2025-05-31 18:26:35,696 [INFO] Lectura desde ESP32-S3 por serial
2025-05-31 18:26:39,821 [INFO] Lectura datos climáticos NASA
2025-05-31 18:26:39,825 [INFO] Datos JSON preparados para envío
2025-05-31 18:26:40,877 [INFO] Lectura BMP390
2025-05-31 18:26:41,057 [INFO] Lectura LTR390
2025-05-31 18:26:41,063 [INFO] Lectura desde ESP32-S3 por serial
2025-05-31 18:26:44,790 [INFO] Lectura datos climáticos NASA
2025-05-31 18:26:44,791 [INFO] Datos JSON preparados para envío
2025-05-31 18:26:45,841 [INFO] Lectura BMP390
2025-05-31 18:26:46,017 [INFO] Lectura LTR390
2025-05-31 18:26:46,020 [INFO] Lectura desde ESP32-S3 por serial
2025-05-31 18:26:50,360 [INFO] Lectura datos climáticos NASA
2025-05-31 18:26:50,362 [INFO] Datos JSON preparados para envío
2025-05-31 18:26:51,415 [INFO] Lectura BMP390
2025-05-31 18:26:51,597 [INFO] Lectura LTR390
2025-05-31 18:26:51,604 [INFO] Lectura desde ESP32-S3 por serial
2025-05-31 18:26:55,374 [INFO] Lectura datos climáticos NASA
2025-05-31 18:26:55,380 [INFO] Datos JSON preparados para envío
2025-05-31 18:26:56,430 [INFO] Lectura BMP390
2025-05-31 18:26:56,607 [INFO] Lectura LTR390
2025-05-31 18:26:56,610 [INFO] Lectura desde ESP32-S3 por serial
2025-05-31 18:27:00,494 [INFO] Lectura datos climáticos NASA
2025-05-31 18:27:00,497 [INFO] Datos JSON preparados para envío
2025-05-31 18:27:01,553 [INFO] Lectura BMP390
2025-05-31 18:27:01,737 [INFO] Lectura LTR390
2025-05-31 18:27:01,743 [INFO] Lectura desde ESP32-S3 por serial
2025-05-31 18:27:06,117 [INFO] Lectura datos climáticos NASA
2025-05-31 18:27:06,120 [INFO] Datos JSON preparados para envío
2025-05-31 18:27:07,172 [INFO] Lectura BMP390
2025-05-31 18:27:07,354 [INFO] Lectura LTR390
2025-05-31 18:27:07,360 [INFO] Lectura desde ESP32-S3 por serial
2025-05-31 18:27:10,928 [INFO] Lectura datos climáticos NASA
2025-05-31 18:27:10,931 [INFO] Datos JSON preparados para envío
2025-05-31 18:27:11,984 [INFO] Lectura BMP390
2025-05-31 18:27:12,163 [INFO] Lectura LTR390
2025-05-31 18:27:12,167 [INFO] Lectura desde ESP32-S3 por serial
2025-05-31 18:27:16,247 [INFO] Lectura datos climáticos NASA
2025-05-31 18:27:16,250 [INFO] Datos JSON preparados para envío
2025-05-31 18:27:17,302 [INFO] Lectura BMP390
2025-05-31 18:27:17,482 [INFO] Lectura LTR390
2025-05-31 18:27:17,488 [INFO] Lectura desde ESP32-S3 por serial
2025-05-31 18:27:21,236 [INFO] Lectura datos climáticos NASA
2025-05-31 18:27:21,238 [INFO] Datos JSON preparados para envío
2025-05-31 18:27:22,291 [INFO] Lectura BMP390
2025-05-31 18:27:22,472 [INFO] Lectura LTR390
2025-05-31 18:27:22,478 [INFO] Lectura desde ESP32-S3 por serial
2025-05-31 18:27:26,790 [INFO] Lectura datos climáticos NASA
2025-05-31 18:27:26,793 [INFO] Datos JSON preparados para envío
2025-05-31 18:27:27,847 [INFO] Lectura BMP390
2025-05-31 18:27:28,031 [INFO] Lectura LTR390
2025-05-31 18:27:28,038 [INFO] Lectura desde ESP32-S3 por serial
2025-05-31 18:27:31,804 [INFO] Lectura datos climáticos NASA
2025-05-31 18:27:31,807 [INFO] Datos JSON preparados para envío
2025-05-31 18:27:32,857 [INFO] Lectura BMP390
2025-05-31 18:27:33,039 [INFO] Lectura LTR390
2025-05-31 18:27:33,042 [INFO] Lectura desde ESP32-S3 por serial
2025-05-31 18:27:36,408 [INFO] Lectura datos climáticos NASA
2025-05-31 18:27:36,411 [INFO] Datos JSON preparados para envío
2025-05-31 18:27:37,464 [INFO] Lectura BMP390
2025-05-31 18:27:37,644 [INFO] Lectura LTR390
2025-05-31 18:27:37,650 [INFO] Lectura desde ESP32-S3 por serial
2025-05-31 18:27:41,217 [INFO] Lectura datos climáticos NASA
2025-05-31 18:27:41,219 [INFO] Datos JSON preparados para envío
2025-05-31 18:27:42,273 [INFO] Lectura BMP390
2025-05-31 18:27:42,458 [INFO] Lectura LTR390
2025-05-31 18:27:42,464 [INFO] Lectura desde ESP32-S3 por serial
2025-05-31 18:27:46,955 [INFO] Lectura datos climáticos NASA
2025-05-31 18:27:46,958 [INFO] Datos JSON preparados para envío
2025-05-31 18:27:48,012 [INFO] Lectura BMP390
2025-05-31 18:27:48,192 [INFO] Lectura LTR390
2025-05-31 18:27:48,197 [INFO] Lectura desde ESP32-S3 por serial
2025-05-31 18:27:52,067 [INFO] Lectura datos climáticos NASA
2025-05-31 18:27:52,070 [INFO] Datos JSON preparados para envío
2025-05-31 18:27:53,123 [INFO] Lectura BMP390
2025-05-31 18:27:53,303 [INFO] Lectura LTR390
2025-05-31 18:27:53,310 [INFO] Lectura desde ESP32-S3 por serial
2025-05-31 18:27:57,160 [INFO] Lectura datos climáticos NASA
2025-05-31 18:27:57,164 [INFO] Datos JSON preparados para envío
2025-05-31 18:27:58,214 [INFO] Lectura BMP390
2025-05-31 18:27:58,390 [INFO] Lectura LTR390
2025-05-31 18:27:58,394 [INFO] Lectura desde ESP32-S3 por serial
2025-05-31 18:28:02,169 [INFO] Lectura datos climáticos NASA
2025-05-31 18:28:02,172 [INFO] Datos JSON preparados para envío
2025-05-31 18:28:03,223 [INFO] Lectura BMP390
2025-05-31 18:28:03,402 [INFO] Lectura LTR390
2025-05-31 18:28:03,408 [INFO] Lectura desde ESP32-S3 por serial
2025-05-31 18:28:07,930 [INFO] Lectura datos climáticos NASA
2025-05-31 18:28:07,933 [INFO] Datos JSON preparados para envío
2025-05-31 18:28:08,985 [INFO] Lectura BMP390
2025-05-31 18:28:09,162 [INFO] Lectura LTR390
2025-05-31 18:28:09,165 [INFO] Lectura desde ESP32-S3 por serial
2025-05-31 18:28:13,352 [INFO] Lectura datos climáticos NASA
2025-05-31 18:28:13,355 [INFO] Datos JSON preparados para envío
2025-05-31 18:28:14,411 [INFO] Lectura BMP390
2025-05-31 18:28:14,590 [INFO] Lectura LTR390
2025-05-31 18:28:14,595 [INFO] Lectura desde ESP32-S3 por serial
2025-05-31 18:28:18,981 [INFO] Lectura datos climáticos NASA
2025-05-31 18:28:18,984 [INFO] Datos JSON preparados para envío
2025-05-31 18:28:20,042 [INFO] Lectura BMP390
2025-05-31 18:28:20,222 [INFO] Lectura LTR390
2025-05-31 18:28:20,227 [INFO] Lectura desde ESP32-S3 por serial
2025-05-31 18:28:23,757 [INFO] Lectura datos climáticos NASA
2025-05-31 18:28:23,760 [INFO] Datos JSON preparados para envío
2025-05-31 18:28:24,813 [INFO] Lectura BMP390
2025-05-31 18:28:24,996 [INFO] Lectura LTR390
2025-05-31 18:28:25,002 [INFO] Lectura desde ESP32-S3 por serial
2025-05-31 18:28:29,360 [INFO] Lectura datos climáticos NASA
2025-05-31 18:28:29,363 [INFO] Datos JSON preparados para envío
2025-05-31 18:28:30,419 [INFO] Lectura BMP390
2025-05-31 18:28:30,600 [INFO] Lectura LTR390
2025-05-31 18:28:30,606 [INFO] Lectura desde ESP32-S3 por serial
2025-05-31 18:28:34,497 [INFO] Lectura datos climáticos NASA
2025-05-31 18:28:34,498 [INFO] Datos JSON preparados para envío
2025-05-31 18:28:35,551 [INFO] Lectura BMP390
2025-05-31 18:28:35,732 [INFO] Lectura LTR390
2025-05-31 18:28:35,738 [INFO] Lectura desde ESP32-S3 por serial
2025-05-31 18:28:40,573 [INFO] Lectura datos climáticos NASA
2025-05-31 18:28:40,575 [INFO] Datos JSON preparados para envío
2025-05-31 18:28:41,628 [INFO] Lectura BMP390
2025-05-31 18:28:41,810 [INFO] Lectura LTR390
2025-05-31 18:28:41,816 [INFO] Lectura desde ESP32-S3 por serial
2025-05-31 18:28:45,277 [INFO] Lectura datos climáticos NASA
2025-05-31 18:28:45,279 [INFO] Datos JSON preparados para envío
2025-05-31 18:28:46,335 [INFO] Lectura BMP390
2025-05-31 18:28:46,512 [INFO] Lectura LTR390
2025-05-31 18:28:46,515 [INFO] Lectura desde ESP32-S3 por serial
2025-05-31 18:28:51,114 [INFO] Lectura datos climáticos NASA
2025-05-31 18:28:51,116 [INFO] Datos JSON preparados para envío
2025-05-31 18:28:52,174 [INFO] Lectura BMP390
2025-05-31 18:28:52,353 [INFO] Lectura LTR390
2025-05-31 18:28:52,359 [INFO] Lectura desde ESP32-S3 por serial
2025-05-31 18:28:55,687 [INFO] Lectura datos climáticos NASA
2025-05-31 18:28:55,691 [INFO] Datos JSON preparados para envío
2025-05-31 18:28:56,743 [INFO] Lectura BMP390
2025-05-31 18:28:56,924 [INFO] Lectura LTR390
2025-05-31 18:28:56,930 [INFO] Lectura desde ESP32-S3 por serial
2025-05-31 18:29:01,324 [INFO] Lectura datos climáticos NASA
2025-05-31 18:29:01,327 [INFO] Datos JSON preparados para envío
2025-05-31 18:29:02,379 [INFO] Lectura BMP390
2025-05-31 18:29:02,561 [INFO] Lectura LTR390
2025-05-31 18:29:02,567 [INFO] Lectura desde ESP32-S3 por serial
2025-05-31 18:29:06,463 [INFO] Lectura datos climáticos NASA
2025-05-31 18:29:06,466 [INFO] Datos JSON preparados para envío
2025-05-31 18:29:07,520 [INFO] Lectura BMP390
2025-05-31 18:29:07,700 [INFO] Lectura LTR390
2025-05-31 18:29:07,706 [INFO] Lectura desde ESP32-S3 por serial
2025-05-31 18:29:11,174 [INFO] Lectura datos climáticos NASA
2025-05-31 18:29:11,175 [INFO] Datos JSON preparados para envío
2025-05-31 18:29:12,226 [INFO] Lectura BMP390
2025-05-31 18:29:12,406 [INFO] Lectura LTR390
2025-05-31 18:29:12,412 [INFO] Lectura desde ESP32-S3 por serial
2025-05-31 18:29:15,767 [INFO] Lectura datos climáticos NASA
2025-05-31 18:29:15,769 [INFO] Datos JSON preparados para envío
2025-05-31 18:29:16,821 [INFO] Lectura BMP390
2025-05-31 18:29:17,006 [INFO] Lectura LTR390
2025-05-31 18:29:17,012 [INFO] Lectura desde ESP32-S3 por serial
2025-05-31 18:29:20,382 [INFO] Lectura datos climáticos NASA
2025-05-31 18:29:20,385 [INFO] Datos JSON preparados para envío
2025-05-31 18:29:21,436 [INFO] Lectura BMP390
2025-05-31 18:29:21,617 [INFO] Lectura LTR390
2025-05-31 18:29:21,623 [INFO] Lectura desde ESP32-S3 por serial
2025-05-31 18:29:25,303 [INFO] Lectura datos climáticos NASA
2025-05-31 18:29:25,308 [INFO] Datos JSON preparados para envío
2025-05-31 18:29:26,361 [INFO] Lectura BMP390
2025-05-31 18:29:26,542 [INFO] Lectura LTR390
2025-05-31 18:29:26,548 [INFO] Lectura desde ESP32-S3 por serial
2025-05-31 18:29:31,433 [INFO] Lectura datos climáticos NASA
2025-05-31 18:29:31,438 [INFO] Datos JSON preparados para envío
2025-05-31 18:29:32,502 [INFO] Lectura BMP390
2025-05-31 18:29:32,687 [INFO] Lectura LTR390
2025-05-31 18:29:32,693 [INFO] Lectura desde ESP32-S3 por serial
2025-05-31 18:29:36,345 [INFO] Lectura datos climáticos NASA
2025-05-31 18:29:36,349 [INFO] Datos JSON preparados para envío
2025-05-31 18:29:37,402 [INFO] Lectura BMP390
2025-05-31 18:29:37,581 [INFO] Lectura LTR390
2025-05-31 18:29:37,588 [INFO] Lectura desde ESP32-S3 por serial
2025-05-31 18:29:41,052 [INFO] Lectura datos climáticos NASA
2025-05-31 18:29:41,058 [INFO] Datos JSON preparados para envío
2025-05-31 18:29:42,114 [INFO] Lectura BMP390
2025-05-31 18:29:42,295 [INFO] Lectura LTR390
2025-05-31 18:29:42,301 [INFO] Lectura desde ESP32-S3 por serial
2025-05-31 18:29:46,779 [INFO] Lectura datos climáticos NASA
2025-05-31 18:29:46,780 [INFO] Datos JSON preparados para envío
2025-05-31 18:29:47,836 [INFO] Lectura BMP390
2025-05-31 18:29:48,018 [INFO] Lectura LTR390
2025-05-31 18:29:48,024 [INFO] Lectura desde ESP32-S3 por serial
2025-05-31 18:29:51,592 [INFO] Lectura datos climáticos NASA
2025-05-31 18:29:51,595 [INFO] Datos JSON preparados para envío
2025-05-31 18:29:52,650 [INFO] Lectura BMP390
2025-05-31 18:29:52,833 [INFO] Lectura LTR390
2025-05-31 18:29:52,838 [INFO] Lectura desde ESP32-S3 por serial
2025-05-31 18:29:56,707 [INFO] Lectura datos climáticos NASA
2025-05-31 18:29:56,710 [INFO] Datos JSON preparados para envío
2025-05-31 18:29:57,765 [INFO] Lectura BMP390
2025-05-31 18:29:57,945 [INFO] Lectura LTR390
2025-05-31 18:29:57,951 [INFO] Lectura desde ESP32-S3 por serial
2025-05-31 18:30:02,438 [INFO] Lectura datos climáticos NASA
2025-05-31 18:30:02,441 [INFO] Datos JSON preparados para envío
2025-05-31 18:30:03,493 [INFO] Lectura BMP390
2025-05-31 18:30:03,673 [INFO] Lectura LTR390
2025-05-31 18:30:03,679 [INFO] Lectura desde ESP32-S3 por serial
2025-05-31 18:30:07,353 [INFO] Lectura datos climáticos NASA
2025-05-31 18:30:07,356 [INFO] Datos JSON preparados para envío
2025-05-31 18:30:08,409 [INFO] Lectura BMP390
2025-05-31 18:30:08,590 [INFO] Lectura LTR390
2025-05-31 18:30:08,596 [INFO] Lectura desde ESP32-S3 por serial
2025-05-31 18:30:13,285 [INFO] Lectura datos climáticos NASA
2025-05-31 18:30:13,288 [INFO] Datos JSON preparados para envío
2025-05-31 18:30:14,341 [INFO] Lectura BMP390
2025-05-31 18:30:14,522 [INFO] Lectura LTR390
2025-05-31 18:30:14,525 [INFO] Lectura desde ESP32-S3 por serial
2025-05-31 18:30:18,212 [INFO] Lectura datos climáticos NASA
2025-05-31 18:30:18,215 [INFO] Datos JSON preparados para envío
2025-05-31 18:30:19,266 [INFO] Lectura BMP390
2025-05-31 18:30:19,443 [INFO] Lectura LTR390
2025-05-31 18:30:19,449 [INFO] Lectura desde ESP32-S3 por serial
2025-05-31 18:30:23,209 [INFO] Lectura datos climáticos NASA
2025-05-31 18:30:23,210 [INFO] Datos JSON preparados para envío
2025-05-31 18:30:24,262 [INFO] Lectura BMP390
2025-05-31 18:30:24,438 [INFO] Lectura LTR390
2025-05-31 18:30:24,442 [INFO] Lectura desde ESP32-S3 por serial
2025-05-31 18:30:28,261 [INFO] Lectura datos climáticos NASA
2025-05-31 18:30:28,263 [INFO] Datos JSON preparados para envío
2025-05-31 18:30:29,320 [INFO] Lectura BMP390
2025-05-31 18:30:29,502 [INFO] Lectura LTR390
2025-05-31 18:30:29,508 [INFO] Lectura desde ESP32-S3 por serial
2025-05-31 18:30:33,549 [INFO] Lectura datos climáticos NASA
2025-05-31 18:30:33,552 [INFO] Datos JSON preparados para envío
2025-05-31 18:30:34,607 [INFO] Lectura BMP390
2025-05-31 18:30:34,788 [INFO] Lectura LTR390
2025-05-31 18:30:34,792 [INFO] Lectura desde ESP32-S3 por serial
2025-05-31 18:30:38,460 [INFO] Lectura datos climáticos NASA
2025-05-31 18:30:38,463 [INFO] Datos JSON preparados para envío
2025-05-31 18:30:39,517 [INFO] Lectura BMP390
2025-05-31 18:30:39,700 [INFO] Lectura LTR390
2025-05-31 18:30:39,707 [INFO] Lectura desde ESP32-S3 por serial
2025-05-31 18:30:44,706 [INFO] Lectura datos climáticos NASA
2025-05-31 18:30:44,709 [INFO] Datos JSON preparados para envío
2025-05-31 18:30:45,763 [INFO] Lectura BMP390
2025-05-31 18:30:45,947 [INFO] Lectura LTR390
2025-05-31 18:30:45,953 [INFO] Lectura desde ESP32-S3 por serial
2025-05-31 18:30:49,616 [INFO] Lectura datos climáticos NASA
2025-05-31 18:30:49,619 [INFO] Datos JSON preparados para envío
2025-05-31 18:30:50,671 [INFO] Lectura BMP390
2025-05-31 18:30:50,850 [INFO] Lectura LTR390
2025-05-31 18:30:50,857 [INFO] Lectura desde ESP32-S3 por serial
2025-05-31 18:30:54,121 [INFO] Lectura datos climáticos NASA
2025-05-31 18:30:54,124 [INFO] Datos JSON preparados para envío
2025-05-31 18:30:55,176 [INFO] Lectura BMP390
2025-05-31 18:30:55,357 [INFO] Lectura LTR390
2025-05-31 18:30:55,364 [INFO] Lectura desde ESP32-S3 por serial
2025-05-31 18:30:59,132 [INFO] Lectura datos climáticos NASA
2025-05-31 18:30:59,134 [INFO] Datos JSON preparados para envío
2025-05-31 18:31:00,185 [INFO] Lectura BMP390
2025-05-31 18:31:00,366 [INFO] Lectura LTR390
2025-05-31 18:31:00,370 [INFO] Lectura desde ESP32-S3 por serial
2025-05-31 18:31:04,249 [INFO] Lectura datos climáticos NASA
2025-05-31 18:31:04,251 [INFO] Datos JSON preparados para envío
2025-05-31 18:31:05,308 [INFO] Lectura BMP390
2025-05-31 18:31:05,491 [INFO] Lectura LTR390
2025-05-31 18:31:05,497 [INFO] Lectura desde ESP32-S3 por serial
2025-05-31 18:31:09,545 [INFO] Lectura datos climáticos NASA
2025-05-31 18:31:09,548 [INFO] Datos JSON preparados para envío
2025-05-31 18:31:10,603 [INFO] Lectura BMP390
2025-05-31 18:31:10,786 [INFO] Lectura LTR390
2025-05-31 18:31:10,791 [INFO] Lectura desde ESP32-S3 por serial
2025-05-31 18:31:14,482 [INFO] Lectura datos climáticos NASA
2025-05-31 18:31:14,485 [INFO] Datos JSON preparados para envío
2025-05-31 18:31:15,538 [INFO] Lectura BMP390
2025-05-31 18:31:15,724 [INFO] Lectura LTR390
2025-05-31 18:31:15,730 [INFO] Lectura desde ESP32-S3 por serial
2025-05-31 18:31:19,395 [INFO] Lectura datos climáticos NASA
2025-05-31 18:31:19,398 [INFO] Datos JSON preparados para envío
2025-05-31 18:31:20,451 [INFO] Lectura BMP390
2025-05-31 18:31:20,630 [INFO] Lectura LTR390
2025-05-31 18:31:20,637 [INFO] Lectura desde ESP32-S3 por serial
2025-05-31 18:31:24,557 [INFO] Lectura datos climáticos NASA
2025-05-31 18:31:24,559 [INFO] Datos JSON preparados para envío
2025-05-31 18:31:25,609 [INFO] Lectura BMP390
2025-05-31 18:31:25,788 [INFO] Lectura LTR390
2025-05-31 18:31:25,791 [INFO] Lectura desde ESP32-S3 por serial
2025-05-31 18:31:29,422 [INFO] Lectura datos climáticos NASA
2025-05-31 18:31:29,425 [INFO] Datos JSON preparados para envío
2025-05-31 18:31:30,479 [INFO] Lectura BMP390
2025-05-31 18:31:30,662 [INFO] Lectura LTR390
2025-05-31 18:31:30,668 [INFO] Lectura desde ESP32-S3 por serial
2025-05-31 18:31:34,335 [INFO] Lectura datos climáticos NASA
2025-05-31 18:31:34,338 [INFO] Datos JSON preparados para envío
2025-05-31 18:31:35,393 [INFO] Lectura BMP390
2025-05-31 18:31:35,572 [INFO] Lectura LTR390
2025-05-31 18:31:35,576 [INFO] Lectura desde ESP32-S3 por serial
2025-05-31 18:31:39,556 [INFO] Lectura datos climáticos NASA
2025-05-31 18:31:39,559 [INFO] Datos JSON preparados para envío
2025-05-31 18:31:40,613 [INFO] Lectura BMP390
2025-05-31 18:31:40,797 [INFO] Lectura LTR390
2025-05-31 18:31:40,803 [INFO] Lectura desde ESP32-S3 por serial
2025-05-31 18:31:45,287 [INFO] Lectura datos climáticos NASA
2025-05-31 18:31:45,291 [INFO] Datos JSON preparados para envío
2025-05-31 18:31:46,345 [INFO] Lectura BMP390
2025-05-31 18:31:46,524 [INFO] Lectura LTR390
2025-05-31 18:31:46,529 [INFO] Lectura desde ESP32-S3 por serial
2025-05-31 18:31:49,801 [INFO] Lectura datos climáticos NASA
2025-05-31 18:31:49,804 [INFO] Datos JSON preparados para envío
2025-05-31 18:31:50,857 [INFO] Lectura BMP390
2025-05-31 18:31:51,036 [INFO] Lectura LTR390
2025-05-31 18:31:51,042 [INFO] Lectura desde ESP32-S3 por serial
2025-05-31 18:31:55,634 [INFO] Lectura datos climáticos NASA
2025-05-31 18:31:55,637 [INFO] Datos JSON preparados para envío
2025-05-31 18:31:56,689 [INFO] Lectura BMP390
2025-05-31 18:31:56,871 [INFO] Lectura LTR390
2025-05-31 18:31:56,878 [INFO] Lectura desde ESP32-S3 por serial
2025-05-31 18:32:00,327 [INFO] Lectura datos climáticos NASA
2025-05-31 18:32:00,330 [INFO] Datos JSON preparados para envío
2025-05-31 18:32:01,379 [INFO] Lectura BMP390
2025-05-31 18:32:01,555 [INFO] Lectura LTR390
2025-05-31 18:32:01,558 [INFO] Lectura desde ESP32-S3 por serial
2025-05-31 18:32:04,935 [INFO] Lectura datos climáticos NASA
2025-05-31 18:32:04,937 [INFO] Datos JSON preparados para envío
2025-05-31 18:32:05,993 [INFO] Lectura BMP390
2025-05-31 18:32:06,177 [INFO] Lectura LTR390
2025-05-31 18:32:06,181 [INFO] Lectura desde ESP32-S3 por serial
2025-05-31 18:32:10,033 [INFO] Lectura datos climáticos NASA
2025-05-31 18:32:10,040 [INFO] Datos JSON preparados para envío
2025-05-31 18:32:11,091 [INFO] Lectura BMP390
2025-05-31 18:32:11,271 [INFO] Lectura LTR390
2025-05-31 18:32:11,277 [INFO] Lectura desde ESP32-S3 por serial
2025-05-31 18:32:14,961 [INFO] Lectura datos climáticos NASA
2025-05-31 18:32:14,964 [INFO] Datos JSON preparados para envío
2025-05-31 18:32:16,016 [INFO] Lectura BMP390
2025-05-31 18:32:16,197 [INFO] Lectura LTR390
2025-05-31 18:32:16,202 [INFO] Lectura desde ESP32-S3 por serial
2025-05-31 18:32:19,771 [INFO] Lectura datos climáticos NASA
2025-05-31 18:32:19,774 [INFO] Datos JSON preparados para envío
2025-05-31 18:32:20,827 [INFO] Lectura BMP390
2025-05-31 18:32:21,010 [INFO] Lectura LTR390
2025-05-31 18:32:21,017 [INFO] Lectura desde ESP32-S3 por serial
2025-05-31 18:32:24,546 [INFO] Lectura datos climáticos NASA
2025-05-31 18:32:24,547 [INFO] Datos JSON preparados para envío
2025-05-31 18:32:25,597 [INFO] Lectura BMP390
2025-05-31 18:32:25,779 [INFO] Lectura LTR390
2025-05-31 18:32:25,782 [INFO] Lectura desde ESP32-S3 por serial
2025-05-31 18:32:29,045 [INFO] Lectura datos climáticos NASA
2025-05-31 18:32:29,048 [INFO] Datos JSON preparados para envío
2025-05-31 18:32:30,099 [INFO] Lectura BMP390
2025-05-31 18:32:30,285 [INFO] Lectura LTR390
2025-05-31 18:32:30,291 [INFO] Lectura desde ESP32-S3 por serial
2025-05-31 18:32:33,588 [INFO] Lectura datos climáticos NASA
2025-05-31 18:32:33,591 [INFO] Datos JSON preparados para envío
2025-05-31 18:32:34,643 [INFO] Lectura BMP390
2025-05-31 18:32:34,822 [INFO] Lectura LTR390
2025-05-31 18:32:34,829 [INFO] Lectura desde ESP32-S3 por serial
2025-05-31 18:32:38,495 [INFO] Lectura datos climáticos NASA
2025-05-31 18:32:38,496 [INFO] Datos JSON preparados para envío
2025-05-31 18:32:39,550 [INFO] Lectura BMP390
2025-05-31 18:32:39,730 [INFO] Lectura LTR390
2025-05-31 18:32:39,740 [INFO] Lectura desde ESP32-S3 por serial
2025-05-31 18:32:43,513 [INFO] Lectura datos climáticos NASA
2025-05-31 18:32:43,516 [INFO] Datos JSON preparados para envío
2025-05-31 18:32:44,569 [INFO] Lectura BMP390
2025-05-31 18:32:44,749 [INFO] Lectura LTR390
2025-05-31 18:32:44,760 [INFO] Lectura desde ESP32-S3 por serial
2025-05-31 18:32:48,779 [INFO] Lectura datos climáticos NASA
2025-05-31 18:32:48,780 [INFO] Datos JSON preparados para envío
2025-05-31 18:32:49,833 [INFO] Lectura BMP390
2025-05-31 18:32:50,010 [INFO] Lectura LTR390
2025-05-31 18:32:50,013 [INFO] Lectura desde ESP32-S3 por serial
2025-05-31 18:32:53,573 [INFO] Lectura datos climáticos NASA
2025-05-31 18:32:53,576 [INFO] Datos JSON preparados para envío
2025-05-31 18:32:54,629 [INFO] Lectura BMP390
2025-05-31 18:32:54,811 [INFO] Lectura LTR390
2025-05-31 18:32:54,817 [INFO] Lectura desde ESP32-S3 por serial
2025-05-31 18:32:58,591 [INFO] Lectura datos climáticos NASA
2025-05-31 18:32:58,594 [INFO] Datos JSON preparados para envío
2025-05-31 18:32:59,647 [INFO] Lectura BMP390
2025-05-31 18:32:59,827 [INFO] Lectura LTR390
2025-05-31 18:32:59,834 [INFO] Lectura desde ESP32-S3 por serial
2025-05-31 18:33:03,468 [INFO] Lectura datos climáticos NASA
2025-05-31 18:33:03,471 [INFO] Datos JSON preparados para envío
2025-05-31 18:33:04,524 [INFO] Lectura BMP390
2025-05-31 18:33:04,706 [INFO] Lectura LTR390
2025-05-31 18:33:04,713 [INFO] Lectura desde ESP32-S3 por serial
2025-05-31 18:33:09,324 [INFO] Lectura datos climáticos NASA
2025-05-31 18:33:09,327 [INFO] Datos JSON preparados para envío
2025-05-31 18:33:10,379 [INFO] Lectura BMP390
2025-05-31 18:33:10,565 [INFO] Lectura LTR390
2025-05-31 18:33:10,572 [INFO] Lectura desde ESP32-S3 por serial
2025-05-31 18:33:14,621 [INFO] Lectura datos climáticos NASA
2025-05-31 18:33:14,623 [INFO] Datos JSON preparados para envío
2025-05-31 18:33:15,675 [INFO] Lectura BMP390
2025-05-31 18:33:15,856 [INFO] Lectura LTR390
2025-05-31 18:33:15,862 [INFO] Lectura desde ESP32-S3 por serial
2025-05-31 18:33:19,125 [INFO] Lectura datos climáticos NASA
2025-05-31 18:33:19,128 [INFO] Datos JSON preparados para envío
2025-05-31 18:33:20,184 [INFO] Lectura BMP390
2025-05-31 18:33:20,363 [INFO] Lectura LTR390
2025-05-31 18:33:20,369 [INFO] Lectura desde ESP32-S3 por serial
2025-05-31 18:33:23,959 [INFO] Lectura datos climáticos NASA
2025-05-31 18:33:23,962 [INFO] Datos JSON preparados para envío
2025-05-31 18:33:25,013 [INFO] Lectura BMP390
2025-05-31 18:33:25,193 [INFO] Lectura LTR390
2025-05-31 18:33:25,197 [INFO] Lectura desde ESP32-S3 por serial
2025-05-31 18:33:28,752 [INFO] Lectura datos climáticos NASA
2025-05-31 18:33:28,759 [INFO] Datos JSON preparados para envío
2025-05-31 18:33:29,812 [INFO] Lectura BMP390
2025-05-31 18:33:29,995 [INFO] Lectura LTR390
2025-05-31 18:33:30,000 [INFO] Lectura desde ESP32-S3 por serial
2025-05-31 18:33:33,587 [INFO] Lectura datos climáticos NASA
2025-05-31 18:33:33,590 [INFO] Datos JSON preparados para envío
2025-05-31 18:33:34,644 [INFO] Lectura BMP390
2025-05-31 18:33:34,825 [INFO] Lectura LTR390
2025-05-31 18:33:34,831 [INFO] Lectura desde ESP32-S3 por serial
2025-05-31 18:33:38,248 [INFO] Lectura datos climáticos NASA
2025-05-31 18:33:38,249 [INFO] Datos JSON preparados para envío
2025-05-31 18:33:39,300 [INFO] Lectura BMP390
2025-05-31 18:33:39,486 [INFO] Lectura LTR390
2025-05-31 18:33:39,494 [INFO] Lectura desde ESP32-S3 por serial
2025-05-31 18:33:43,179 [INFO] Lectura datos climáticos NASA
2025-05-31 18:33:43,181 [INFO] Datos JSON preparados para envío
2025-05-31 18:33:44,234 [INFO] Lectura BMP390
2025-05-31 18:33:44,418 [INFO] Lectura LTR390
2025-05-31 18:33:44,425 [INFO] Lectura desde ESP32-S3 por serial
2025-05-31 18:33:48,186 [INFO] Lectura datos climáticos NASA
2025-05-31 18:33:48,188 [INFO] Datos JSON preparados para envío
2025-05-31 18:33:49,241 [INFO] Lectura BMP390
2025-05-31 18:33:49,420 [INFO] Lectura LTR390
2025-05-31 18:33:49,424 [INFO] Lectura desde ESP32-S3 por serial
2025-05-31 18:33:52,897 [INFO] Lectura datos climáticos NASA
2025-05-31 18:33:52,900 [INFO] Datos JSON preparados para envío
2025-05-31 18:33:53,954 [INFO] Lectura BMP390
2025-05-31 18:33:54,137 [INFO] Lectura LTR390
2025-05-31 18:33:54,142 [INFO] Lectura desde ESP32-S3 por serial
2025-05-31 18:33:57,570 [INFO] Lectura datos climáticos NASA
2025-05-31 18:33:57,574 [INFO] Datos JSON preparados para envío
2025-05-31 18:33:58,624 [INFO] Lectura BMP390
2025-05-31 18:33:58,806 [INFO] Lectura LTR390
2025-05-31 18:33:58,811 [INFO] Lectura desde ESP32-S3 por serial
2025-05-31 18:34:02,545 [INFO] Lectura datos climáticos NASA
2025-05-31 18:34:02,546 [INFO] Datos JSON preparados para envío
2025-05-31 18:34:03,597 [INFO] Lectura BMP390
2025-05-31 18:34:03,774 [INFO] Lectura LTR390
2025-05-31 18:34:03,776 [INFO] Lectura desde ESP32-S3 por serial
2025-05-31 18:34:07,245 [INFO] Lectura datos climáticos NASA
2025-05-31 18:34:07,248 [INFO] Datos JSON preparados para envío
2025-05-31 18:34:08,302 [INFO] Lectura BMP390
2025-05-31 18:34:08,484 [INFO] Lectura LTR390
2025-05-31 18:34:08,490 [INFO] Lectura desde ESP32-S3 por serial
2025-05-31 18:34:12,135 [INFO] Lectura datos climáticos NASA
2025-05-31 18:34:12,138 [INFO] Datos JSON preparados para envío
2025-05-31 18:34:13,191 [INFO] Lectura BMP390
2025-05-31 18:34:13,371 [INFO] Lectura LTR390
2025-05-31 18:34:13,378 [INFO] Lectura desde ESP32-S3 por serial
2025-05-31 18:34:16,903 [INFO] Lectura datos climáticos NASA
2025-05-31 18:34:16,908 [INFO] Datos JSON preparados para envío
2025-05-31 18:34:17,960 [INFO] Lectura BMP390
2025-05-31 18:34:18,143 [INFO] Lectura LTR390
2025-05-31 18:34:18,148 [INFO] Lectura desde ESP32-S3 por serial
2025-05-31 18:34:22,693 [INFO] Lectura datos climáticos NASA
2025-05-31 18:34:22,697 [INFO] Datos JSON preparados para envío
2025-05-31 18:34:23,750 [INFO] Lectura BMP390
2025-05-31 18:34:23,933 [INFO] Lectura LTR390
2025-05-31 18:34:23,938 [INFO] Lectura desde ESP32-S3 por serial
2025-05-31 18:34:27,722 [INFO] Lectura datos climáticos NASA
2025-05-31 18:34:27,723 [INFO] Datos JSON preparados para envío
2025-05-31 18:34:28,777 [INFO] Lectura BMP390
2025-05-31 18:34:28,961 [INFO] Lectura LTR390
2025-05-31 18:34:28,965 [INFO] Lectura desde ESP32-S3 por serial
2025-05-31 18:34:33,140 [INFO] Lectura datos climáticos NASA
2025-05-31 18:34:33,142 [INFO] Datos JSON preparados para envío
2025-05-31 18:34:34,196 [INFO] Lectura BMP390
2025-05-31 18:34:34,377 [INFO] Lectura LTR390
2025-05-31 18:34:34,382 [INFO] Lectura desde ESP32-S3 por serial
2025-05-31 18:34:38,831 [INFO] Lectura datos climáticos NASA
2025-05-31 18:34:38,832 [INFO] Datos JSON preparados para envío
2025-05-31 18:34:39,887 [INFO] Lectura BMP390
2025-05-31 18:34:40,072 [INFO] Lectura LTR390
2025-05-31 18:34:40,077 [INFO] Lectura desde ESP32-S3 por serial
2025-05-31 18:34:44,640 [INFO] Lectura datos climáticos NASA
2025-05-31 18:34:44,644 [INFO] Datos JSON preparados para envío
2025-05-31 18:34:45,702 [INFO] Lectura BMP390
2025-05-31 18:34:45,884 [INFO] Lectura LTR390
2025-05-31 18:34:45,889 [INFO] Lectura desde ESP32-S3 por serial
2025-05-31 18:34:49,611 [INFO] Lectura datos climáticos NASA
2025-05-31 18:34:49,614 [INFO] Datos JSON preparados para envío
2025-05-31 18:34:50,670 [INFO] Lectura BMP390
2025-05-31 18:34:50,847 [INFO] Lectura LTR390
2025-05-31 18:34:50,850 [INFO] Lectura desde ESP32-S3 por serial
2025-05-31 18:34:54,627 [INFO] Lectura datos climáticos NASA
2025-05-31 18:34:54,633 [INFO] Datos JSON preparados para envío
2025-05-31 18:34:55,686 [INFO] Lectura BMP390
2025-05-31 18:34:55,867 [INFO] Lectura LTR390
2025-05-31 18:34:55,872 [INFO] Lectura desde ESP32-S3 por serial
2025-05-31 18:34:59,584 [INFO] Lectura datos climáticos NASA
2025-05-31 18:34:59,586 [INFO] Datos JSON preparados para envío
2025-05-31 18:35:00,638 [INFO] Lectura BMP390
2025-05-31 18:35:00,822 [INFO] Lectura LTR390
2025-05-31 18:35:00,828 [INFO] Lectura desde ESP32-S3 por serial
2025-05-31 18:35:05,616 [INFO] Lectura datos climáticos NASA
2025-05-31 18:35:05,618 [INFO] Datos JSON preparados para envío
2025-05-31 18:35:06,674 [INFO] Lectura BMP390
2025-05-31 18:35:06,859 [INFO] Lectura LTR390
2025-05-31 18:35:06,864 [INFO] Lectura desde ESP32-S3 por serial
2025-05-31 18:35:11,690 [INFO] Lectura datos climáticos NASA
2025-05-31 18:35:11,693 [INFO] Datos JSON preparados para envío
2025-05-31 18:35:12,746 [INFO] Lectura BMP390
2025-05-31 18:35:12,930 [INFO] Lectura LTR390
2025-05-31 18:35:12,935 [INFO] Lectura desde ESP32-S3 por serial
2025-05-31 18:35:16,415 [INFO] Lectura datos climáticos NASA
2025-05-31 18:35:16,417 [INFO] Datos JSON preparados para envío
2025-05-31 18:35:17,469 [INFO] Lectura BMP390
2025-05-31 18:35:17,653 [INFO] Lectura LTR390
2025-05-31 18:35:17,658 [INFO] Lectura desde ESP32-S3 por serial
2025-05-31 18:35:20,854 [INFO] Lectura datos climáticos NASA
2025-05-31 18:35:20,857 [INFO] Datos JSON preparados para envío
2025-05-31 18:35:21,909 [INFO] Lectura BMP390
2025-05-31 18:35:22,092 [INFO] Lectura LTR390
2025-05-31 18:35:22,097 [INFO] Lectura desde ESP32-S3 por serial
2025-05-31 18:35:25,463 [INFO] Lectura datos climáticos NASA
2025-05-31 18:35:25,466 [INFO] Datos JSON preparados para envío
2025-05-31 18:35:26,517 [INFO] Lectura BMP390
2025-05-31 18:35:26,703 [INFO] Lectura LTR390
2025-05-31 18:35:26,706 [INFO] Lectura desde ESP32-S3 por serial
2025-05-31 18:35:31,147 [INFO] Lectura datos climáticos NASA
2025-05-31 18:35:31,150 [INFO] Datos JSON preparados para envío
2025-05-31 18:35:32,203 [INFO] Lectura BMP390
2025-05-31 18:35:32,385 [INFO] Lectura LTR390
2025-05-31 18:35:32,391 [INFO] Lectura desde ESP32-S3 por serial
2025-05-31 18:35:37,394 [INFO] Lectura datos climáticos NASA
2025-05-31 18:35:37,397 [INFO] Datos JSON preparados para envío
2025-05-31 18:35:38,449 [INFO] Lectura BMP390
2025-05-31 18:35:38,637 [INFO] Lectura LTR390
2025-05-31 18:35:38,642 [INFO] Lectura desde ESP32-S3 por serial
2025-05-31 18:35:43,259 [INFO] Lectura datos climáticos NASA
2025-05-31 18:35:43,262 [INFO] Datos JSON preparados para envío
2025-05-31 18:35:44,316 [INFO] Lectura BMP390
2025-05-31 18:35:44,496 [INFO] Lectura LTR390
2025-05-31 18:35:44,501 [INFO] Lectura desde ESP32-S3 por serial
2025-05-31 18:35:48,260 [INFO] Lectura datos climáticos NASA
2025-05-31 18:35:48,264 [INFO] Datos JSON preparados para envío
2025-05-31 18:35:49,317 [INFO] Lectura BMP390
2025-05-31 18:35:49,498 [INFO] Lectura LTR390
2025-05-31 18:35:49,502 [INFO] Lectura desde ESP32-S3 por serial
2025-05-31 18:35:52,944 [INFO] Lectura datos climáticos NASA
2025-05-31 18:35:52,946 [INFO] Datos JSON preparados para envío
2025-05-31 18:35:54,000 [INFO] Lectura BMP390
2025-05-31 18:35:54,180 [INFO] Lectura LTR390
2025-05-31 18:35:54,183 [INFO] Lectura desde ESP32-S3 por serial
2025-05-31 18:35:58,128 [INFO] Lectura datos climáticos NASA
2025-05-31 18:35:58,130 [INFO] Datos JSON preparados para envío
2025-05-31 18:35:59,184 [INFO] Lectura BMP390
2025-05-31 18:35:59,368 [INFO] Lectura LTR390
2025-05-31 18:35:59,372 [INFO] Lectura desde ESP32-S3 por serial
2025-05-31 18:36:03,723 [INFO] Lectura datos climáticos NASA
2025-05-31 18:36:03,725 [INFO] Datos JSON preparados para envío
2025-05-31 18:36:04,781 [INFO] Lectura BMP390
2025-05-31 18:36:04,964 [INFO] Lectura LTR390
2025-05-31 18:36:04,968 [INFO] Lectura desde ESP32-S3 por serial
2025-05-31 18:36:08,435 [INFO] Lectura datos climáticos NASA
2025-05-31 18:36:08,438 [INFO] Datos JSON preparados para envío
2025-05-31 18:36:09,490 [INFO] Lectura BMP390
2025-05-31 18:36:09,679 [INFO] Lectura LTR390
2025-05-31 18:36:09,684 [INFO] Lectura desde ESP32-S3 por serial
2025-05-31 18:36:13,309 [INFO] Lectura datos climáticos NASA
2025-05-31 18:36:13,312 [INFO] Datos JSON preparados para envío
2025-05-31 18:36:14,364 [INFO] Lectura BMP390
2025-05-31 18:36:14,546 [INFO] Lectura LTR390
2025-05-31 18:36:14,551 [INFO] Lectura desde ESP32-S3 por serial
2025-05-31 18:36:18,471 [INFO] Lectura datos climáticos NASA
2025-05-31 18:36:18,472 [INFO] Datos JSON preparados para envío
2025-05-31 18:36:19,525 [INFO] Lectura BMP390
2025-05-31 18:36:19,705 [INFO] Lectura LTR390
2025-05-31 18:36:19,711 [INFO] Lectura desde ESP32-S3 por serial
2025-05-31 18:36:23,467 [INFO] Lectura datos climáticos NASA
2025-05-31 18:36:23,470 [INFO] Datos JSON preparados para envío
2025-05-31 18:36:24,533 [INFO] Lectura BMP390
2025-05-31 18:36:24,718 [INFO] Lectura LTR390
2025-05-31 18:36:24,723 [INFO] Lectura desde ESP32-S3 por serial
2025-05-31 18:36:29,374 [INFO] Lectura datos climáticos NASA
2025-05-31 18:36:29,377 [INFO] Datos JSON preparados para envío
2025-05-31 18:36:30,433 [INFO] Lectura BMP390
2025-05-31 18:36:30,618 [INFO] Lectura LTR390
2025-05-31 18:36:30,624 [INFO] Lectura desde ESP32-S3 por serial
2025-05-31 18:36:34,597 [INFO] Lectura datos climáticos NASA
2025-05-31 18:36:34,604 [INFO] Datos JSON preparados para envío
2025-05-31 18:36:35,657 [INFO] Lectura BMP390
2025-05-31 18:36:35,842 [INFO] Lectura LTR390
2025-05-31 18:36:35,848 [INFO] Lectura desde ESP32-S3 por serial
2025-05-31 18:36:40,515 [INFO] Lectura datos climáticos NASA
2025-05-31 18:36:40,517 [INFO] Datos JSON preparados para envío
2025-05-31 18:36:41,570 [INFO] Lectura BMP390
2025-05-31 18:36:41,749 [INFO] Lectura LTR390
2025-05-31 18:36:41,752 [INFO] Lectura desde ESP32-S3 por serial
2025-05-31 18:36:45,395 [INFO] Lectura datos climáticos NASA
2025-05-31 18:36:45,398 [INFO] Datos JSON preparados para envío
2025-05-31 18:36:46,452 [INFO] Lectura BMP390
2025-05-31 18:36:46,636 [INFO] Lectura LTR390
2025-05-31 18:36:46,641 [INFO] Lectura desde ESP32-S3 por serial
2025-05-31 18:36:50,308 [INFO] Lectura datos climáticos NASA
2025-05-31 18:36:50,311 [INFO] Datos JSON preparados para envío
2025-05-31 18:36:51,364 [INFO] Lectura BMP390
2025-05-31 18:36:51,545 [INFO] Lectura LTR390
2025-05-31 18:36:51,551 [INFO] Lectura desde ESP32-S3 por serial
2025-05-31 18:36:55,119 [INFO] Lectura datos climáticos NASA
2025-05-31 18:36:55,122 [INFO] Datos JSON preparados para envío
2025-05-31 18:36:56,175 [INFO] Lectura BMP390
2025-05-31 18:36:56,357 [INFO] Lectura LTR390
2025-05-31 18:36:56,362 [INFO] Lectura desde ESP32-S3 por serial
2025-05-31 18:37:00,536 [INFO] Lectura datos climáticos NASA
2025-05-31 18:37:00,539 [INFO] Datos JSON preparados para envío
2025-05-31 18:37:01,592 [INFO] Lectura BMP390
2025-05-31 18:37:01,774 [INFO] Lectura LTR390
2025-05-31 18:37:01,780 [INFO] Lectura desde ESP32-S3 por serial
2025-05-31 18:37:06,011 [INFO] Lectura datos climáticos NASA
2025-05-31 18:37:06,016 [INFO] Datos JSON preparados para envío
2025-05-31 18:37:07,069 [INFO] Lectura BMP390
2025-05-31 18:37:07,249 [INFO] Lectura LTR390
2025-05-31 18:37:07,254 [INFO] Lectura desde ESP32-S3 por serial
2025-05-31 18:37:11,033 [INFO] Lectura datos climáticos NASA
2025-05-31 18:37:11,040 [INFO] Datos JSON preparados para envío
2025-05-31 18:37:12,093 [INFO] Lectura BMP390
2025-05-31 18:37:12,275 [INFO] Lectura LTR390
2025-05-31 18:37:12,279 [INFO] Lectura desde ESP32-S3 por serial
2025-05-31 18:37:15,954 [INFO] Lectura datos climáticos NASA
2025-05-31 18:37:15,957 [INFO] Datos JSON preparados para envío
2025-05-31 18:37:17,009 [INFO] Lectura BMP390
2025-05-31 18:37:17,191 [INFO] Lectura LTR390
2025-05-31 18:37:17,195 [INFO] Lectura desde ESP32-S3 por serial
2025-05-31 18:37:21,616 [INFO] Lectura datos climáticos NASA
2025-05-31 18:37:21,624 [INFO] Datos JSON preparados para envío
2025-05-31 18:37:22,680 [INFO] Lectura BMP390
2025-05-31 18:37:22,860 [INFO] Lectura LTR390
2025-05-31 18:37:22,866 [INFO] Lectura desde ESP32-S3 por serial
2025-05-31 18:37:26,907 [INFO] Lectura datos climáticos NASA
2025-05-31 18:37:26,909 [INFO] Datos JSON preparados para envío
2025-05-31 18:37:27,965 [INFO] Lectura BMP390
2025-05-31 18:37:28,156 [INFO] Lectura LTR390
2025-05-31 18:37:28,160 [INFO] Lectura desde ESP32-S3 por serial
2025-05-31 18:37:32,325 [INFO] Lectura datos climáticos NASA
2025-05-31 18:37:32,333 [INFO] Datos JSON preparados para envío
2025-05-31 18:37:33,386 [INFO] Lectura BMP390
2025-05-31 18:37:33,572 [INFO] Lectura LTR390
2025-05-31 18:37:33,578 [INFO] Lectura desde ESP32-S3 por serial
2025-05-31 18:37:37,236 [INFO] Lectura datos climáticos NASA
2025-05-31 18:37:37,239 [INFO] Datos JSON preparados para envío
2025-05-31 18:37:38,293 [INFO] Lectura BMP390
2025-05-31 18:37:38,479 [INFO] Lectura LTR390
2025-05-31 18:37:38,485 [INFO] Lectura desde ESP32-S3 por serial
2025-05-31 18:37:42,302 [INFO] Lectura datos climáticos NASA
2025-05-31 18:37:42,303 [INFO] Datos JSON preparados para envío
2025-05-31 18:37:43,360 [INFO] Lectura BMP390
2025-05-31 18:37:43,542 [INFO] Lectura LTR390
2025-05-31 18:37:43,546 [INFO] Lectura desde ESP32-S3 por serial
2025-05-31 18:37:48,137 [INFO] Lectura datos climáticos NASA
2025-05-31 18:37:48,140 [INFO] Datos JSON preparados para envío
2025-05-31 18:37:49,197 [INFO] Lectura BMP390
2025-05-31 18:37:49,379 [INFO] Lectura LTR390
2025-05-31 18:37:49,384 [INFO] Lectura desde ESP32-S3 por serial
2025-05-31 18:37:53,699 [INFO] Lectura datos climáticos NASA
2025-05-31 18:37:53,700 [INFO] Datos JSON preparados para envío
2025-05-31 18:37:54,753 [INFO] Lectura BMP390
2025-05-31 18:37:54,936 [INFO] Lectura LTR390
2025-05-31 18:37:54,941 [INFO] Lectura desde ESP32-S3 por serial
2025-05-31 18:37:59,802 [INFO] Lectura datos climáticos NASA
2025-05-31 18:37:59,805 [INFO] Datos JSON preparados para envío
2025-05-31 18:38:00,857 [INFO] Lectura BMP390
2025-05-31 18:38:01,038 [INFO] Lectura LTR390
2025-05-31 18:38:01,043 [INFO] Lectura desde ESP32-S3 por serial
2025-05-31 18:38:05,917 [INFO] Lectura datos climáticos NASA
2025-05-31 18:38:05,919 [INFO] Datos JSON preparados para envío
2025-05-31 18:38:06,974 [INFO] Lectura BMP390
2025-05-31 18:38:07,156 [INFO] Lectura LTR390
2025-05-31 18:38:07,161 [INFO] Lectura desde ESP32-S3 por serial
2025-05-31 18:38:11,609 [INFO] Lectura datos climáticos NASA
2025-05-31 18:38:11,612 [INFO] Datos JSON preparados para envío
2025-05-31 18:38:12,664 [INFO] Lectura BMP390
2025-05-31 18:38:12,848 [INFO] Lectura LTR390
2025-05-31 18:38:12,852 [INFO] Lectura desde ESP32-S3 por serial
2025-05-31 18:38:16,238 [INFO] Lectura datos climáticos NASA
2025-05-31 18:38:16,241 [INFO] Datos JSON preparados para envío
2025-05-31 18:38:17,291 [INFO] Lectura BMP390
2025-05-31 18:38:17,470 [INFO] Lectura LTR390
2025-05-31 18:38:17,473 [INFO] Lectura desde ESP32-S3 por serial
2025-05-31 18:38:20,748 [INFO] Lectura datos climáticos NASA
2025-05-31 18:38:20,750 [INFO] Datos JSON preparados para envío
2025-05-31 18:38:21,801 [INFO] Lectura BMP390
2025-05-31 18:38:21,986 [INFO] Lectura LTR390
2025-05-31 18:38:21,991 [INFO] Lectura desde ESP32-S3 por serial
2025-05-31 18:38:25,923 [INFO] Lectura datos climáticos NASA
2025-05-31 18:38:25,925 [INFO] Datos JSON preparados para envío
2025-05-31 18:38:26,980 [INFO] Lectura BMP390
2025-05-31 18:38:27,161 [INFO] Lectura LTR390
2025-05-31 18:38:27,165 [INFO] Lectura desde ESP32-S3 por serial
2025-05-31 18:38:31,753 [INFO] Lectura datos climáticos NASA
2025-05-31 18:38:31,756 [INFO] Datos JSON preparados para envío
2025-05-31 18:38:32,809 [INFO] Lectura BMP390
2025-05-31 18:38:32,989 [INFO] Lectura LTR390
2025-05-31 18:38:32,995 [INFO] Lectura desde ESP32-S3 por serial
2025-05-31 18:38:36,871 [INFO] Lectura datos climáticos NASA
2025-05-31 18:38:36,878 [INFO] Datos JSON preparados para envío
2025-05-31 18:38:37,930 [INFO] Lectura BMP390
2025-05-31 18:38:38,112 [INFO] Lectura LTR390
2025-05-31 18:38:38,116 [INFO] Lectura desde ESP32-S3 por serial
2025-05-31 18:38:41,705 [INFO] Lectura datos climáticos NASA
2025-05-31 18:38:41,706 [INFO] Datos JSON preparados para envío
2025-05-31 18:38:42,760 [INFO] Lectura BMP390
2025-05-31 18:38:42,938 [INFO] Lectura LTR390
2025-05-31 18:38:42,941 [INFO] Lectura desde ESP32-S3 por serial
2025-05-31 18:38:46,432 [INFO] Lectura datos climáticos NASA
2025-05-31 18:38:46,435 [INFO] Datos JSON preparados para envío
2025-05-31 18:38:47,489 [INFO] Lectura BMP390
2025-05-31 18:38:47,672 [INFO] Lectura LTR390
2025-05-31 18:38:47,678 [INFO] Lectura desde ESP32-S3 por serial
2025-05-31 18:38:51,851 [INFO] Lectura datos climáticos NASA
2025-05-31 18:38:51,853 [INFO] Datos JSON preparados para envío
2025-05-31 18:38:52,907 [INFO] Lectura BMP390
2025-05-31 18:38:53,089 [INFO] Lectura LTR390
2025-05-31 18:38:53,095 [INFO] Lectura desde ESP32-S3 por serial
2025-05-31 18:38:56,428 [INFO] Lectura datos climáticos NASA
2025-05-31 18:38:56,431 [INFO] Datos JSON preparados para envío
2025-05-31 18:38:57,483 [INFO] Lectura BMP390
2025-05-31 18:38:57,663 [INFO] Lectura LTR390
2025-05-31 18:38:57,669 [INFO] Lectura desde ESP32-S3 por serial
2025-05-31 18:39:01,104 [INFO] Lectura datos climáticos NASA
2025-05-31 18:39:01,107 [INFO] Datos JSON preparados para envío
2025-05-31 18:39:02,159 [INFO] Lectura BMP390
2025-05-31 18:39:02,339 [INFO] Lectura LTR390
2025-05-31 18:39:02,346 [INFO] Lectura desde ESP32-S3 por serial
2025-05-31 18:39:06,558 [INFO] Lectura datos climáticos NASA
2025-05-31 18:39:06,560 [INFO] Datos JSON preparados para envío
2025-05-31 18:39:07,613 [INFO] Lectura BMP390
2025-05-31 18:39:07,794 [INFO] Lectura LTR390
2025-05-31 18:39:07,801 [INFO] Lectura desde ESP32-S3 por serial
2025-05-31 18:39:11,022 [INFO] Lectura datos climáticos NASA
2025-05-31 18:39:11,024 [INFO] Datos JSON preparados para envío
2025-05-31 18:39:12,077 [INFO] Lectura BMP390
2025-05-31 18:39:12,259 [INFO] Lectura LTR390
2025-05-31 18:39:12,263 [INFO] Lectura desde ESP32-S3 por serial
2025-05-31 18:39:15,985 [INFO] Lectura datos climáticos NASA
2025-05-31 18:39:15,987 [INFO] Datos JSON preparados para envío
2025-05-31 18:39:17,039 [INFO] Lectura BMP390
2025-05-31 18:39:17,224 [INFO] Lectura LTR390
2025-05-31 18:39:17,227 [INFO] Lectura desde ESP32-S3 por serial
2025-05-31 18:39:20,889 [INFO] Lectura datos climáticos NASA
2025-05-31 18:39:20,891 [INFO] Datos JSON preparados para envío
2025-05-31 18:39:21,942 [INFO] Lectura BMP390
2025-05-31 18:39:22,123 [INFO] Lectura LTR390
2025-05-31 18:39:22,127 [INFO] Lectura desde ESP32-S3 por serial
2025-05-31 18:39:25,848 [INFO] Lectura datos climáticos NASA
2025-05-31 18:39:25,851 [INFO] Datos JSON preparados para envío
2025-05-31 18:39:26,905 [INFO] Lectura BMP390
2025-05-31 18:39:27,086 [INFO] Lectura LTR390
2025-05-31 18:39:27,091 [INFO] Lectura desde ESP32-S3 por serial
2025-05-31 18:39:30,467 [INFO] Lectura datos climáticos NASA
2025-05-31 18:39:30,468 [INFO] Datos JSON preparados para envío
2025-05-31 18:39:31,519 [INFO] Lectura BMP390
2025-05-31 18:39:31,699 [INFO] Lectura LTR390
2025-05-31 18:39:31,705 [INFO] Lectura desde ESP32-S3 por serial
2025-05-31 18:39:35,044 [INFO] Lectura datos climáticos NASA
2025-05-31 18:39:35,047 [INFO] Datos JSON preparados para envío
2025-05-31 18:39:36,099 [INFO] Lectura BMP390
2025-05-31 18:39:36,280 [INFO] Lectura LTR390
2025-05-31 18:39:36,286 [INFO] Lectura desde ESP32-S3 por serial
2025-05-31 18:39:39,452 [INFO] Lectura datos climáticos NASA
2025-05-31 18:39:39,457 [INFO] Datos JSON preparados para envío
2025-05-31 18:39:40,511 [INFO] Lectura BMP390
2025-05-31 18:39:40,692 [INFO] Lectura LTR390
2025-05-31 18:39:40,698 [INFO] Lectura desde ESP32-S3 por serial
2025-05-31 18:39:44,553 [INFO] Lectura datos climáticos NASA
2025-05-31 18:39:44,560 [INFO] Datos JSON preparados para envío
2025-05-31 18:39:45,612 [INFO] Lectura BMP390
2025-05-31 18:39:45,799 [INFO] Lectura LTR390
2025-05-31 18:39:45,805 [INFO] Lectura desde ESP32-S3 por serial
2025-05-31 18:39:49,760 [INFO] Lectura datos climáticos NASA
2025-05-31 18:39:49,763 [INFO] Datos JSON preparados para envío
2025-05-31 18:39:50,818 [INFO] Lectura BMP390
2025-05-31 18:39:51,000 [INFO] Lectura LTR390
2025-05-31 18:39:51,005 [INFO] Lectura desde ESP32-S3 por serial
2025-05-31 18:39:54,308 [INFO] Lectura datos climáticos NASA
2025-05-31 18:39:54,309 [INFO] Datos JSON preparados para envío
2025-05-31 18:39:55,359 [INFO] Lectura BMP390
2025-05-31 18:39:55,541 [INFO] Lectura LTR390
2025-05-31 18:39:55,543 [INFO] Lectura desde ESP32-S3 por serial
2025-05-31 18:40:00,006 [INFO] Lectura datos climáticos NASA
2025-05-31 18:40:00,009 [INFO] Datos JSON preparados para envío
2025-05-31 18:40:01,067 [INFO] Lectura BMP390
2025-05-31 18:40:01,247 [INFO] Lectura LTR390
2025-05-31 18:40:01,251 [INFO] Lectura desde ESP32-S3 por serial
2025-05-31 18:40:06,036 [INFO] Lectura datos climáticos NASA
2025-05-31 18:40:06,039 [INFO] Datos JSON preparados para envío
2025-05-31 18:40:07,092 [INFO] Lectura BMP390
2025-05-31 18:40:07,270 [INFO] Lectura LTR390
2025-05-31 18:40:07,272 [INFO] Lectura desde ESP32-S3 por serial
2025-05-31 18:40:11,683 [INFO] Lectura datos climáticos NASA
2025-05-31 18:40:11,686 [INFO] Datos JSON preparados para envío
2025-05-31 18:40:12,743 [INFO] Lectura BMP390
2025-05-31 18:40:12,929 [INFO] Lectura LTR390
2025-05-31 18:40:12,934 [INFO] Lectura desde ESP32-S3 por serial
2025-05-31 18:40:16,195 [INFO] Lectura datos climáticos NASA
2025-05-31 18:40:16,198 [INFO] Datos JSON preparados para envío
2025-05-31 18:40:17,249 [INFO] Lectura BMP390
2025-05-31 18:40:17,429 [INFO] Lectura LTR390
2025-05-31 18:40:17,433 [INFO] Lectura desde ESP32-S3 por serial
2025-05-31 18:40:21,073 [INFO] Lectura datos climáticos NASA
2025-05-31 18:40:21,076 [INFO] Datos JSON preparados para envío
2025-05-31 18:40:22,130 [INFO] Lectura BMP390
2025-05-31 18:40:22,311 [INFO] Lectura LTR390
2025-05-31 18:40:22,317 [INFO] Lectura desde ESP32-S3 por serial
2025-05-31 18:40:26,547 [INFO] Lectura datos climáticos NASA
2025-05-31 18:40:26,554 [INFO] Datos JSON preparados para envío
2025-05-31 18:40:27,606 [INFO] Lectura BMP390
2025-05-31 18:40:27,788 [INFO] Lectura LTR390
2025-05-31 18:40:27,793 [INFO] Lectura desde ESP32-S3 por serial
2025-05-31 18:40:31,528 [INFO] Lectura datos climáticos NASA
2025-05-31 18:40:31,530 [INFO] Datos JSON preparados para envío
2025-05-31 18:40:32,582 [INFO] Lectura BMP390
2025-05-31 18:40:32,766 [INFO] Lectura LTR390
2025-05-31 18:40:32,771 [INFO] Lectura desde ESP32-S3 por serial
2025-05-31 18:40:37,164 [INFO] Lectura datos climáticos NASA
2025-05-31 18:40:37,166 [INFO] Datos JSON preparados para envío
2025-05-31 18:40:38,221 [INFO] Lectura BMP390
2025-05-31 18:40:38,407 [INFO] Lectura LTR390
2025-05-31 18:40:38,413 [INFO] Lectura desde ESP32-S3 por serial
2025-05-31 18:40:41,936 [INFO] Lectura datos climáticos NASA
2025-05-31 18:40:41,938 [INFO] Datos JSON preparados para envío
2025-05-31 18:40:42,990 [INFO] Lectura BMP390
2025-05-31 18:40:43,171 [INFO] Lectura LTR390
2025-05-31 18:40:43,174 [INFO] Lectura desde ESP32-S3 por serial
2025-05-31 18:40:46,549 [INFO] Lectura datos climáticos NASA
2025-05-31 18:40:46,555 [INFO] Datos JSON preparados para envío
2025-05-31 18:40:47,608 [INFO] Lectura BMP390
2025-05-31 18:40:47,791 [INFO] Lectura LTR390
2025-05-31 18:40:47,795 [INFO] Lectura desde ESP32-S3 por serial
2025-05-31 18:40:51,046 [INFO] Lectura datos climáticos NASA
2025-05-31 18:40:51,049 [INFO] Datos JSON preparados para envío
2025-05-31 18:40:52,105 [INFO] Lectura BMP390
2025-05-31 18:40:52,285 [INFO] Lectura LTR390
2025-05-31 18:40:52,290 [INFO] Lectura desde ESP32-S3 por serial
2025-05-31 18:40:55,607 [INFO] Lectura datos climáticos NASA
2025-05-31 18:40:55,609 [INFO] Datos JSON preparados para envío
2025-05-31 18:40:56,659 [INFO] Lectura BMP390
2025-05-31 18:40:56,841 [INFO] Lectura LTR390
2025-05-31 18:40:56,845 [INFO] Lectura desde ESP32-S3 por serial
2025-05-31 18:41:00,607 [INFO] Lectura datos climáticos NASA
2025-05-31 18:41:00,609 [INFO] Datos JSON preparados para envío
2025-05-31 18:41:01,665 [INFO] Lectura BMP390
2025-05-31 18:41:01,847 [INFO] Lectura LTR390
2025-05-31 18:41:01,853 [INFO] Lectura desde ESP32-S3 por serial
2025-05-31 18:41:05,596 [INFO] Lectura datos climáticos NASA
2025-05-31 18:41:05,599 [INFO] Datos JSON preparados para envío
2025-05-31 18:41:06,653 [INFO] Lectura BMP390
2025-05-31 18:41:06,835 [INFO] Lectura LTR390
2025-05-31 18:41:06,841 [INFO] Lectura desde ESP32-S3 por serial
2025-05-31 18:41:10,816 [INFO] Lectura datos climáticos NASA
2025-05-31 18:41:10,820 [INFO] Datos JSON preparados para envío
2025-05-31 18:41:11,875 [INFO] Lectura BMP390
2025-05-31 18:41:12,057 [INFO] Lectura LTR390
2025-05-31 18:41:12,069 [INFO] Lectura desde ESP32-S3 por serial
2025-05-31 18:41:15,709 [INFO] Lectura datos climáticos NASA
2025-05-31 18:41:15,712 [INFO] Datos JSON preparados para envío
2025-05-31 18:41:16,764 [INFO] Lectura BMP390
2025-05-31 18:41:16,948 [INFO] Lectura LTR390
2025-05-31 18:41:16,953 [INFO] Lectura desde ESP32-S3 por serial
2025-05-31 18:41:20,406 [INFO] Lectura datos climáticos NASA
2025-05-31 18:41:20,409 [INFO] Datos JSON preparados para envío
2025-05-31 18:41:21,463 [INFO] Lectura BMP390
2025-05-31 18:41:21,644 [INFO] Lectura LTR390
2025-05-31 18:41:21,649 [INFO] Lectura desde ESP32-S3 por serial
2025-05-31 18:41:25,157 [INFO] Lectura datos climáticos NASA
2025-05-31 18:41:25,160 [INFO] Datos JSON preparados para envío
2025-05-31 18:41:26,212 [INFO] Lectura BMP390
2025-05-31 18:41:26,393 [INFO] Lectura LTR390
2025-05-31 18:41:26,400 [INFO] Lectura desde ESP32-S3 por serial
2025-05-31 18:41:30,682 [INFO] Lectura datos climáticos NASA
2025-05-31 18:41:30,685 [INFO] Datos JSON preparados para envío
2025-05-31 18:41:31,735 [INFO] Lectura BMP390
2025-05-31 18:41:31,912 [INFO] Lectura LTR390
2025-05-31 18:41:31,915 [INFO] Lectura desde ESP32-S3 por serial
2025-05-31 18:41:35,388 [INFO] Lectura datos climáticos NASA
2025-05-31 18:41:35,394 [INFO] Datos JSON preparados para envío
2025-05-31 18:41:36,448 [INFO] Lectura BMP390
2025-05-31 18:41:36,630 [INFO] Lectura LTR390
2025-05-31 18:41:36,635 [INFO] Lectura desde ESP32-S3 por serial
2025-05-31 18:41:40,559 [INFO] Lectura datos climáticos NASA
2025-05-31 18:41:40,561 [INFO] Datos JSON preparados para envío
2025-05-31 18:41:41,615 [INFO] Lectura BMP390
2025-05-31 18:41:41,795 [INFO] Lectura LTR390
2025-05-31 18:41:41,801 [INFO] Lectura desde ESP32-S3 por serial
2025-05-31 18:41:46,401 [INFO] Lectura datos climáticos NASA
2025-05-31 18:41:46,404 [INFO] Datos JSON preparados para envío
2025-05-31 18:41:47,457 [INFO] Lectura BMP390
2025-05-31 18:41:47,638 [INFO] Lectura LTR390
2025-05-31 18:41:47,644 [INFO] Lectura desde ESP32-S3 por serial
2025-05-31 18:41:51,719 [INFO] Lectura datos climáticos NASA
2025-05-31 18:41:51,721 [INFO] Datos JSON preparados para envío
2025-05-31 18:41:52,775 [INFO] Lectura BMP390
2025-05-31 18:41:52,956 [INFO] Lectura LTR390
2025-05-31 18:41:52,961 [INFO] Lectura desde ESP32-S3 por serial
2025-05-31 18:41:56,401 [INFO] Lectura datos climáticos NASA
2025-05-31 18:41:56,403 [INFO] Datos JSON preparados para envío
2025-05-31 18:41:57,453 [INFO] Lectura BMP390
2025-05-31 18:41:57,632 [INFO] Lectura LTR390
2025-05-31 18:41:57,635 [INFO] Lectura desde ESP32-S3 por serial
2025-05-31 18:42:01,504 [INFO] Lectura datos climáticos NASA
2025-05-31 18:42:01,507 [INFO] Datos JSON preparados para envío
2025-05-31 18:42:02,560 [INFO] Lectura BMP390
2025-05-31 18:42:02,743 [INFO] Lectura LTR390
2025-05-31 18:42:02,749 [INFO] Lectura desde ESP32-S3 por serial
2025-05-31 18:42:07,104 [INFO] Lectura datos climáticos NASA
2025-05-31 18:42:07,107 [INFO] Datos JSON preparados para envío
2025-05-31 18:42:08,159 [INFO] Lectura BMP390
2025-05-31 18:42:08,336 [INFO] Lectura LTR390
2025-05-31 18:42:08,339 [INFO] Lectura desde ESP32-S3 por serial
2025-05-31 18:42:12,815 [INFO] Lectura datos climáticos NASA
2025-05-31 18:42:12,818 [INFO] Datos JSON preparados para envío
2025-05-31 18:42:13,874 [INFO] Lectura BMP390
2025-05-31 18:42:14,055 [INFO] Lectura LTR390
2025-05-31 18:42:14,061 [INFO] Lectura desde ESP32-S3 por serial
2025-05-31 18:42:18,398 [INFO] Lectura datos climáticos NASA
2025-05-31 18:42:18,401 [INFO] Datos JSON preparados para envío
2025-05-31 18:42:19,451 [INFO] Lectura BMP390
2025-05-31 18:42:19,632 [INFO] Lectura LTR390
2025-05-31 18:42:19,635 [INFO] Lectura desde ESP32-S3 por serial
2025-05-31 18:42:23,908 [INFO] Lectura datos climáticos NASA
2025-05-31 18:42:23,910 [INFO] Datos JSON preparados para envío
2025-05-31 18:42:24,962 [INFO] Lectura BMP390
2025-05-31 18:42:25,144 [INFO] Lectura LTR390
2025-05-31 18:42:25,148 [INFO] Lectura desde ESP32-S3 por serial
2025-05-31 18:42:28,860 [INFO] Lectura datos climáticos NASA
2025-05-31 18:42:28,863 [INFO] Datos JSON preparados para envío
2025-05-31 18:42:29,916 [INFO] Lectura BMP390
2025-05-31 18:42:30,097 [INFO] Lectura LTR390
2025-05-31 18:42:30,103 [INFO] Lectura desde ESP32-S3 por serial
2025-05-31 18:42:33,383 [INFO] Lectura datos climáticos NASA
2025-05-31 18:42:33,384 [INFO] Datos JSON preparados para envío
2025-05-31 18:42:34,434 [INFO] Lectura BMP390
2025-05-31 18:42:34,614 [INFO] Lectura LTR390
2025-05-31 18:42:34,624 [INFO] Lectura desde ESP32-S3 por serial
2025-05-31 18:42:37,966 [INFO] Lectura datos climáticos NASA
2025-05-31 18:42:37,968 [INFO] Datos JSON preparados para envío
2025-05-31 18:42:39,021 [INFO] Lectura BMP390
2025-05-31 18:42:39,204 [INFO] Lectura LTR390
2025-05-31 18:42:39,209 [INFO] Lectura desde ESP32-S3 por serial
2025-05-31 18:42:43,140 [INFO] Lectura datos climáticos NASA
2025-05-31 18:42:43,143 [INFO] Datos JSON preparados para envío
2025-05-31 18:42:44,194 [INFO] Lectura BMP390
2025-05-31 18:42:44,374 [INFO] Lectura LTR390
2025-05-31 18:42:44,377 [INFO] Lectura desde ESP32-S3 por serial
2025-05-31 18:42:48,220 [INFO] Lectura datos climáticos NASA
2025-05-31 18:42:48,222 [INFO] Datos JSON preparados para envío
2025-05-31 18:42:49,274 [INFO] Lectura BMP390
2025-05-31 18:42:49,455 [INFO] Lectura LTR390
2025-05-31 18:42:49,461 [INFO] Lectura desde ESP32-S3 por serial
2025-05-31 18:42:54,916 [INFO] Lectura datos climáticos NASA
2025-05-31 18:42:54,919 [INFO] Datos JSON preparados para envío
2025-05-31 18:42:55,971 [INFO] Lectura BMP390
2025-05-31 18:42:56,151 [INFO] Lectura LTR390
2025-05-31 18:42:56,155 [INFO] Lectura desde ESP32-S3 por serial
2025-05-31 18:42:59,369 [INFO] Lectura datos climáticos NASA
2025-05-31 18:42:59,372 [INFO] Datos JSON preparados para envío
2025-05-31 18:43:00,424 [INFO] Lectura BMP390
2025-05-31 18:43:00,604 [INFO] Lectura LTR390
2025-05-31 18:43:00,610 [INFO] Lectura desde ESP32-S3 por serial
2025-05-31 18:43:04,299 [INFO] Lectura datos climáticos NASA
2025-05-31 18:43:04,301 [INFO] Datos JSON preparados para envío
2025-05-31 18:43:05,353 [INFO] Lectura BMP390
2025-05-31 18:43:05,536 [INFO] Lectura LTR390
2025-05-31 18:43:05,544 [INFO] Lectura desde ESP32-S3 por serial
2025-05-31 18:43:09,668 [INFO] Lectura datos climáticos NASA
2025-05-31 18:43:09,670 [INFO] Datos JSON preparados para envío
2025-05-31 18:43:10,725 [INFO] Lectura BMP390
2025-05-31 18:43:10,905 [INFO] Lectura LTR390
2025-05-31 18:43:10,910 [INFO] Lectura desde ESP32-S3 por serial
2025-05-31 18:43:14,311 [INFO] Lectura datos climáticos NASA
2025-05-31 18:43:14,315 [INFO] Datos JSON preparados para envío
2025-05-31 18:43:15,369 [INFO] Lectura BMP390
2025-05-31 18:43:15,551 [INFO] Lectura LTR390
2025-05-31 18:43:15,555 [INFO] Lectura desde ESP32-S3 por serial
2025-05-31 18:43:19,598 [INFO] Lectura datos climáticos NASA
2025-05-31 18:43:19,601 [INFO] Datos JSON preparados para envío
2025-05-31 18:43:20,653 [INFO] Lectura BMP390
2025-05-31 18:43:20,835 [INFO] Lectura LTR390
2025-05-31 18:43:20,838 [INFO] Lectura desde ESP32-S3 por serial
2025-05-31 18:43:24,468 [INFO] Lectura datos climáticos NASA
2025-05-31 18:43:24,470 [INFO] Datos JSON preparados para envío
2025-05-31 18:43:25,521 [INFO] Lectura BMP390
2025-05-31 18:43:25,701 [INFO] Lectura LTR390
2025-05-31 18:43:25,707 [INFO] Lectura desde ESP32-S3 por serial
2025-05-31 18:43:29,794 [INFO] Lectura datos climáticos NASA
2025-05-31 18:43:29,796 [INFO] Datos JSON preparados para envío
2025-05-31 18:43:30,848 [INFO] Lectura BMP390
2025-05-31 18:43:31,031 [INFO] Lectura LTR390
2025-05-31 18:43:31,038 [INFO] Lectura desde ESP32-S3 por serial
2025-05-31 18:43:35,238 [INFO] Lectura datos climáticos NASA
2025-05-31 18:43:35,240 [INFO] Datos JSON preparados para envío
2025-05-31 18:43:36,292 [INFO] Lectura BMP390
2025-05-31 18:43:36,475 [INFO] Lectura LTR390
2025-05-31 18:43:36,481 [INFO] Lectura desde ESP32-S3 por serial
2025-05-31 18:43:40,035 [INFO] Lectura datos climáticos NASA
2025-05-31 18:43:40,038 [INFO] Datos JSON preparados para envío
2025-05-31 18:43:41,090 [INFO] Lectura BMP390
2025-05-31 18:43:41,269 [INFO] Lectura LTR390
2025-05-31 18:43:41,274 [INFO] Lectura desde ESP32-S3 por serial
2025-05-31 18:43:45,168 [INFO] Lectura datos climáticos NASA
2025-05-31 18:43:45,170 [INFO] Datos JSON preparados para envío
2025-05-31 18:43:46,233 [INFO] Lectura BMP390
2025-05-31 18:43:46,415 [INFO] Lectura LTR390
2025-05-31 18:43:46,418 [INFO] Lectura desde ESP32-S3 por serial
2025-05-31 18:43:49,774 [INFO] Lectura datos climáticos NASA
2025-05-31 18:43:49,777 [INFO] Datos JSON preparados para envío
2025-05-31 18:43:50,830 [INFO] Lectura BMP390
2025-05-31 18:43:51,010 [INFO] Lectura LTR390
2025-05-31 18:43:51,016 [INFO] Lectura desde ESP32-S3 por serial
2025-05-31 18:43:54,596 [INFO] Lectura datos climáticos NASA
2025-05-31 18:43:54,599 [INFO] Datos JSON preparados para envío
2025-05-31 18:43:55,651 [INFO] Lectura BMP390
2025-05-31 18:43:55,832 [INFO] Lectura LTR390
2025-05-31 18:43:55,837 [INFO] Lectura desde ESP32-S3 por serial
2025-05-31 18:43:59,850 [INFO] Lectura datos climáticos NASA
2025-05-31 18:43:59,855 [INFO] Datos JSON preparados para envío
2025-05-31 18:44:00,910 [INFO] Lectura BMP390
2025-05-31 18:44:01,092 [INFO] Lectura LTR390
2025-05-31 18:44:01,098 [INFO] Lectura desde ESP32-S3 por serial
2025-05-31 18:44:04,797 [INFO] Lectura datos climáticos NASA
2025-05-31 18:44:04,800 [INFO] Datos JSON preparados para envío
2025-05-31 18:44:05,856 [INFO] Lectura BMP390
2025-05-31 18:44:06,038 [INFO] Lectura LTR390
2025-05-31 18:44:06,044 [INFO] Lectura desde ESP32-S3 por serial
2025-05-31 18:44:09,427 [INFO] Lectura datos climáticos NASA
2025-05-31 18:44:09,430 [INFO] Datos JSON preparados para envío
2025-05-31 18:44:10,482 [INFO] Lectura BMP390
2025-05-31 18:44:10,659 [INFO] Lectura LTR390
2025-05-31 18:44:10,662 [INFO] Lectura desde ESP32-S3 por serial
2025-05-31 18:44:14,175 [INFO] Lectura datos climáticos NASA
2025-05-31 18:44:14,178 [INFO] Datos JSON preparados para envío
2025-05-31 18:44:15,231 [INFO] Lectura BMP390
2025-05-31 18:44:15,411 [INFO] Lectura LTR390
2025-05-31 18:44:15,416 [INFO] Lectura desde ESP32-S3 por serial
2025-05-31 18:44:19,508 [INFO] Lectura datos climáticos NASA
2025-05-31 18:44:19,510 [INFO] Datos JSON preparados para envío
2025-05-31 18:44:20,563 [INFO] Lectura BMP390
2025-05-31 18:44:20,748 [INFO] Lectura LTR390
2025-05-31 18:44:20,756 [INFO] Lectura desde ESP32-S3 por serial
2025-05-31 18:44:24,654 [INFO] Lectura datos climáticos NASA
2025-05-31 18:44:24,665 [INFO] Datos JSON preparados para envío
2025-05-31 18:44:25,719 [INFO] Lectura BMP390
2025-05-31 18:44:25,899 [INFO] Lectura LTR390
2025-05-31 18:44:25,904 [INFO] Lectura desde ESP32-S3 por serial
2025-05-31 18:44:29,215 [INFO] Lectura datos climáticos NASA
2025-05-31 18:44:29,217 [INFO] Datos JSON preparados para envío
2025-05-31 18:44:30,269 [INFO] Lectura BMP390
2025-05-31 18:44:30,450 [INFO] Lectura LTR390
2025-05-31 18:44:30,455 [INFO] Lectura desde ESP32-S3 por serial
2025-05-31 18:44:35,661 [INFO] Lectura datos climáticos NASA
2025-05-31 18:44:35,663 [INFO] Datos JSON preparados para envío
2025-05-31 18:44:36,718 [INFO] Lectura BMP390
2025-05-31 18:44:36,900 [INFO] Lectura LTR390
2025-05-31 18:44:36,906 [INFO] Lectura desde ESP32-S3 por serial
2025-05-31 18:44:40,399 [INFO] Lectura datos climáticos NASA
2025-05-31 18:44:40,401 [INFO] Datos JSON preparados para envío
2025-05-31 18:44:41,453 [INFO] Lectura BMP390
2025-05-31 18:44:41,634 [INFO] Lectura LTR390
2025-05-31 18:44:41,639 [INFO] Lectura desde ESP32-S3 por serial
2025-05-31 18:44:45,491 [INFO] Lectura datos climáticos NASA
2025-05-31 18:44:45,494 [INFO] Datos JSON preparados para envío
2025-05-31 18:44:46,546 [INFO] Lectura BMP390
2025-05-31 18:44:46,725 [INFO] Lectura LTR390
2025-05-31 18:44:46,728 [INFO] Lectura desde ESP32-S3 por serial
2025-05-31 18:44:51,411 [INFO] Lectura datos climáticos NASA
2025-05-31 18:44:51,414 [INFO] Datos JSON preparados para envío
2025-05-31 18:44:52,469 [INFO] Lectura BMP390
2025-05-31 18:44:52,651 [INFO] Lectura LTR390
2025-05-31 18:44:52,655 [INFO] Lectura desde ESP32-S3 por serial
2025-05-31 18:44:56,540 [INFO] Lectura datos climáticos NASA
2025-05-31 18:44:56,544 [INFO] Datos JSON preparados para envío
2025-05-31 18:44:57,597 [INFO] Lectura BMP390
2025-05-31 18:44:57,780 [INFO] Lectura LTR390
2025-05-31 18:44:57,785 [INFO] Lectura desde ESP32-S3 por serial
2025-05-31 18:45:01,143 [INFO] Lectura datos climáticos NASA
2025-05-31 18:45:01,145 [INFO] Datos JSON preparados para envío
2025-05-31 18:45:02,198 [INFO] Lectura BMP390
2025-05-31 18:45:02,378 [INFO] Lectura LTR390
2025-05-31 18:45:02,387 [INFO] Lectura desde ESP32-S3 por serial
2025-05-31 18:45:06,994 [INFO] Lectura datos climáticos NASA
2025-05-31 18:45:06,996 [INFO] Datos JSON preparados para envío
2025-05-31 18:45:08,048 [INFO] Lectura BMP390
2025-05-31 18:45:08,228 [INFO] Lectura LTR390
2025-05-31 18:45:08,234 [INFO] Lectura desde ESP32-S3 por serial
2025-05-31 18:45:12,451 [INFO] Lectura datos climáticos NASA
2025-05-31 18:45:12,452 [INFO] Datos JSON preparados para envío
2025-05-31 18:45:13,504 [INFO] Lectura BMP390
2025-05-31 18:45:13,686 [INFO] Lectura LTR390
2025-05-31 18:45:13,692 [INFO] Lectura desde ESP32-S3 por serial
2025-05-31 18:45:18,201 [INFO] Lectura datos climáticos NASA
2025-05-31 18:45:18,207 [INFO] Datos JSON preparados para envío
2025-05-31 18:45:19,259 [INFO] Lectura BMP390
2025-05-31 18:45:19,440 [INFO] Lectura LTR390
2025-05-31 18:45:19,445 [INFO] Lectura desde ESP32-S3 por serial
2025-05-31 18:45:23,354 [INFO] Lectura datos climáticos NASA
2025-05-31 18:45:23,361 [INFO] Datos JSON preparados para envío
2025-05-31 18:45:24,412 [INFO] Lectura BMP390
2025-05-31 18:45:24,591 [INFO] Lectura LTR390
2025-05-31 18:45:24,598 [INFO] Lectura desde ESP32-S3 por serial
2025-05-31 18:45:27,893 [INFO] Lectura datos climáticos NASA
2025-05-31 18:45:27,896 [INFO] Datos JSON preparados para envío
2025-05-31 18:45:28,949 [INFO] Lectura BMP390
2025-05-31 18:45:29,133 [INFO] Lectura LTR390
2025-05-31 18:45:29,138 [INFO] Lectura desde ESP32-S3 por serial
2025-05-31 18:45:32,717 [INFO] Lectura datos climáticos NASA
2025-05-31 18:45:32,719 [INFO] Datos JSON preparados para envío
2025-05-31 18:45:33,770 [INFO] Lectura BMP390
2025-05-31 18:45:33,951 [INFO] Lectura LTR390
2025-05-31 18:45:33,956 [INFO] Lectura desde ESP32-S3 por serial
2025-05-31 18:45:37,487 [INFO] Lectura datos climáticos NASA
2025-05-31 18:45:37,490 [INFO] Datos JSON preparados para envío
2025-05-31 18:45:38,542 [INFO] Lectura BMP390
2025-05-31 18:45:38,722 [INFO] Lectura LTR390
2025-05-31 18:45:38,728 [INFO] Lectura desde ESP32-S3 por serial
2025-05-31 18:45:42,922 [INFO] Lectura datos climáticos NASA
2025-05-31 18:45:42,924 [INFO] Datos JSON preparados para envío
2025-05-31 18:45:43,978 [INFO] Lectura BMP390
2025-05-31 18:45:44,161 [INFO] Lectura LTR390
2025-05-31 18:45:44,166 [INFO] Lectura desde ESP32-S3 por serial
2025-05-31 18:45:47,386 [INFO] Lectura datos climáticos NASA
2025-05-31 18:45:47,387 [INFO] Datos JSON preparados para envío
2025-05-31 18:45:48,437 [INFO] Lectura BMP390
2025-05-31 18:45:48,616 [INFO] Lectura LTR390
2025-05-31 18:45:48,621 [INFO] Lectura desde ESP32-S3 por serial
2025-05-31 18:45:53,057 [INFO] Lectura datos climáticos NASA
2025-05-31 18:45:53,059 [INFO] Datos JSON preparados para envío
2025-05-31 18:45:54,119 [INFO] Lectura BMP390
2025-05-31 18:45:54,299 [INFO] Lectura LTR390
2025-05-31 18:45:54,302 [INFO] Lectura desde ESP32-S3 por serial
2025-05-31 18:45:58,176 [INFO] Lectura datos climáticos NASA
2025-05-31 18:45:58,179 [INFO] Datos JSON preparados para envío
2025-05-31 18:45:59,232 [INFO] Lectura BMP390
2025-05-31 18:45:59,414 [INFO] Lectura LTR390
2025-05-31 18:45:59,417 [INFO] Lectura desde ESP32-S3 por serial
2025-05-31 18:46:03,114 [INFO] Lectura datos climáticos NASA
2025-05-31 18:46:03,117 [INFO] Datos JSON preparados para envío
2025-05-31 18:46:04,169 [INFO] Lectura BMP390
2025-05-31 18:46:04,350 [INFO] Lectura LTR390
2025-05-31 18:46:04,354 [INFO] Lectura desde ESP32-S3 por serial
2025-05-31 18:46:08,631 [INFO] Lectura datos climáticos NASA
2025-05-31 18:46:08,634 [INFO] Datos JSON preparados para envío
2025-05-31 18:46:09,691 [INFO] Lectura BMP390
2025-05-31 18:46:09,873 [INFO] Lectura LTR390
2025-05-31 18:46:09,878 [INFO] Lectura desde ESP32-S3 por serial
2025-05-31 18:46:13,651 [INFO] Lectura datos climáticos NASA
2025-05-31 18:46:13,654 [INFO] Datos JSON preparados para envío
2025-05-31 18:46:14,706 [INFO] Lectura BMP390
2025-05-31 18:46:14,892 [INFO] Lectura LTR390
2025-05-31 18:46:14,898 [INFO] Lectura desde ESP32-S3 por serial
2025-05-31 18:46:18,922 [INFO] Lectura datos climáticos NASA
2025-05-31 18:46:18,924 [INFO] Datos JSON preparados para envío
2025-05-31 18:46:19,976 [INFO] Lectura BMP390
2025-05-31 18:46:20,160 [INFO] Lectura LTR390
2025-05-31 18:46:20,165 [INFO] Lectura desde ESP32-S3 por serial
2025-05-31 18:46:24,454 [INFO] Lectura datos climáticos NASA
2025-05-31 18:46:24,458 [INFO] Datos JSON preparados para envío
2025-05-31 18:46:25,513 [INFO] Lectura BMP390
2025-05-31 18:46:25,695 [INFO] Lectura LTR390
2025-05-31 18:46:25,701 [INFO] Lectura desde ESP32-S3 por serial
2025-05-31 18:46:30,122 [INFO] Lectura datos climáticos NASA
2025-05-31 18:46:30,124 [INFO] Datos JSON preparados para envío
2025-05-31 18:46:31,177 [INFO] Lectura BMP390
2025-05-31 18:46:31,360 [INFO] Lectura LTR390
2025-05-31 18:46:31,366 [INFO] Lectura desde ESP32-S3 por serial
2025-05-31 18:46:35,023 [INFO] Lectura datos climáticos NASA
2025-05-31 18:46:35,026 [INFO] Datos JSON preparados para envío
2025-05-31 18:46:36,077 [INFO] Lectura BMP390
2025-05-31 18:46:36,262 [INFO] Lectura LTR390
2025-05-31 18:46:36,265 [INFO] Lectura desde ESP32-S3 por serial
2025-05-31 18:46:39,545 [INFO] Lectura datos climáticos NASA
2025-05-31 18:46:39,548 [INFO] Datos JSON preparados para envío
2025-05-31 18:46:40,599 [INFO] Lectura BMP390
2025-05-31 18:46:40,778 [INFO] Lectura LTR390
2025-05-31 18:46:40,782 [INFO] Lectura desde ESP32-S3 por serial
2025-05-31 18:46:44,917 [INFO] Lectura datos climáticos NASA
2025-05-31 18:46:44,920 [INFO] Datos JSON preparados para envío
2025-05-31 18:46:45,975 [INFO] Lectura BMP390
2025-05-31 18:46:46,157 [INFO] Lectura LTR390
2025-05-31 18:46:46,161 [INFO] Lectura desde ESP32-S3 por serial
2025-05-31 18:46:50,436 [INFO] Lectura datos climáticos NASA
2025-05-31 18:46:50,439 [INFO] Datos JSON preparados para envío
2025-05-31 18:46:51,498 [INFO] Lectura BMP390
2025-05-31 18:46:51,679 [INFO] Lectura LTR390
2025-05-31 18:46:51,684 [INFO] Lectura desde ESP32-S3 por serial
2025-05-31 18:46:55,724 [INFO] Lectura datos climáticos NASA
2025-05-31 18:46:55,729 [INFO] Datos JSON preparados para envío
2025-05-31 18:46:56,781 [INFO] Lectura BMP390
2025-05-31 18:46:56,963 [INFO] Lectura LTR390
2025-05-31 18:46:56,967 [INFO] Lectura desde ESP32-S3 por serial
2025-05-31 18:47:01,950 [INFO] Lectura datos climáticos NASA
2025-05-31 18:47:01,952 [INFO] Datos JSON preparados para envío
2025-05-31 18:47:03,006 [INFO] Lectura BMP390
2025-05-31 18:47:03,189 [INFO] Lectura LTR390
2025-05-31 18:47:03,194 [INFO] Lectura desde ESP32-S3 por serial
2025-05-31 18:47:07,353 [INFO] Lectura datos climáticos NASA
2025-05-31 18:47:07,355 [INFO] Datos JSON preparados para envío
2025-05-31 18:47:08,407 [INFO] Lectura BMP390
2025-05-31 18:47:08,585 [INFO] Lectura LTR390
2025-05-31 18:47:08,588 [INFO] Lectura desde ESP32-S3 por serial
2025-05-31 18:47:12,447 [INFO] Lectura datos climáticos NASA
2025-05-31 18:47:12,449 [INFO] Datos JSON preparados para envío
2025-05-31 18:47:13,500 [INFO] Lectura BMP390
2025-05-31 18:47:13,679 [INFO] Lectura LTR390
2025-05-31 18:47:13,683 [INFO] Lectura desde ESP32-S3 por serial
2025-05-31 18:47:17,659 [INFO] Lectura datos climáticos NASA
2025-05-31 18:47:17,667 [INFO] Datos JSON preparados para envío
2025-05-31 18:47:18,720 [INFO] Lectura BMP390
2025-05-31 18:47:18,903 [INFO] Lectura LTR390
2025-05-31 18:47:18,909 [INFO] Lectura desde ESP32-S3 por serial
2025-05-31 18:47:22,214 [INFO] Lectura datos climáticos NASA
2025-05-31 18:47:22,216 [INFO] Datos JSON preparados para envío
2025-05-31 18:47:23,268 [INFO] Lectura BMP390
2025-05-31 18:47:23,448 [INFO] Lectura LTR390
2025-05-31 18:47:23,455 [INFO] Lectura desde ESP32-S3 por serial
2025-05-31 18:47:27,281 [INFO] Lectura datos climáticos NASA
2025-05-31 18:47:27,285 [INFO] Datos JSON preparados para envío
2025-05-31 18:47:28,339 [INFO] Lectura BMP390
2025-05-31 18:47:28,520 [INFO] Lectura LTR390
2025-05-31 18:47:28,525 [INFO] Lectura desde ESP32-S3 por serial
2025-05-31 18:47:31,816 [INFO] Lectura datos climáticos NASA
2025-05-31 18:47:31,819 [INFO] Datos JSON preparados para envío
2025-05-31 18:47:32,871 [INFO] Lectura BMP390
2025-05-31 18:47:33,059 [INFO] Lectura LTR390
2025-05-31 18:47:33,064 [INFO] Lectura desde ESP32-S3 por serial
2025-05-31 18:47:36,733 [INFO] Lectura datos climáticos NASA
2025-05-31 18:47:36,735 [INFO] Datos JSON preparados para envío
2025-05-31 18:47:37,786 [INFO] Lectura BMP390
2025-05-31 18:47:37,967 [INFO] Lectura LTR390
2025-05-31 18:47:37,971 [INFO] Lectura desde ESP32-S3 por serial
2025-05-31 18:47:42,539 [INFO] Lectura datos climáticos NASA
2025-05-31 18:47:42,542 [INFO] Datos JSON preparados para envío
2025-05-31 18:47:43,596 [INFO] Lectura BMP390
2025-05-31 18:47:43,778 [INFO] Lectura LTR390
2025-05-31 18:47:43,784 [INFO] Lectura desde ESP32-S3 por serial
2025-05-31 18:47:47,372 [INFO] Lectura datos climáticos NASA
2025-05-31 18:47:47,374 [INFO] Datos JSON preparados para envío
2025-05-31 18:47:48,427 [INFO] Lectura BMP390
2025-05-31 18:47:48,607 [INFO] Lectura LTR390
2025-05-31 18:47:48,610 [INFO] Lectura desde ESP32-S3 por serial
2025-05-31 18:47:52,366 [INFO] Lectura datos climáticos NASA
2025-05-31 18:47:52,369 [INFO] Datos JSON preparados para envío
2025-05-31 18:47:53,421 [INFO] Lectura BMP390
2025-05-31 18:47:53,605 [INFO] Lectura LTR390
2025-05-31 18:47:53,610 [INFO] Lectura desde ESP32-S3 por serial
2025-05-31 18:47:58,067 [INFO] Lectura datos climáticos NASA
2025-05-31 18:47:58,071 [INFO] Datos JSON preparados para envío
2025-05-31 18:47:59,124 [INFO] Lectura BMP390
2025-05-31 18:47:59,303 [INFO] Lectura LTR390
2025-05-31 18:47:59,310 [INFO] Lectura desde ESP32-S3 por serial
2025-05-31 18:48:03,080 [INFO] Lectura datos climáticos NASA
2025-05-31 18:48:03,083 [INFO] Datos JSON preparados para envío
2025-05-31 18:48:04,137 [INFO] Lectura BMP390
2025-05-31 18:48:04,319 [INFO] Lectura LTR390
2025-05-31 18:48:04,324 [INFO] Lectura desde ESP32-S3 por serial
2025-05-31 18:48:07,787 [INFO] Lectura datos climáticos NASA
2025-05-31 18:48:07,790 [INFO] Datos JSON preparados para envío
2025-05-31 18:48:08,843 [INFO] Lectura BMP390
2025-05-31 18:48:09,024 [INFO] Lectura LTR390
2025-05-31 18:48:09,030 [INFO] Lectura desde ESP32-S3 por serial
2025-05-31 18:48:12,698 [INFO] Lectura datos climáticos NASA
2025-05-31 18:48:12,700 [INFO] Datos JSON preparados para envío
2025-05-31 18:48:13,751 [INFO] Lectura BMP390
2025-05-31 18:48:13,928 [INFO] Lectura LTR390
2025-05-31 18:48:13,931 [INFO] Lectura desde ESP32-S3 por serial
2025-05-31 18:48:18,021 [INFO] Lectura datos climáticos NASA
2025-05-31 18:48:18,027 [INFO] Datos JSON preparados para envío
2025-05-31 18:48:19,079 [INFO] Lectura BMP390
2025-05-31 18:48:19,263 [INFO] Lectura LTR390
2025-05-31 18:48:19,269 [INFO] Lectura desde ESP32-S3 por serial
2025-05-31 18:48:22,663 [INFO] Lectura datos climáticos NASA
2025-05-31 18:48:22,665 [INFO] Datos JSON preparados para envío
2025-05-31 18:48:23,718 [INFO] Lectura BMP390
2025-05-31 18:48:23,900 [INFO] Lectura LTR390
2025-05-31 18:48:23,906 [INFO] Lectura desde ESP32-S3 por serial
2025-05-31 18:48:27,336 [INFO] Lectura datos climáticos NASA
2025-05-31 18:48:27,338 [INFO] Datos JSON preparados para envío
2025-05-31 18:48:28,390 [INFO] Lectura BMP390
2025-05-31 18:48:28,571 [INFO] Lectura LTR390
2025-05-31 18:48:28,577 [INFO] Lectura desde ESP32-S3 por serial
2025-05-31 18:48:32,654 [INFO] Lectura datos climáticos NASA
2025-05-31 18:48:32,657 [INFO] Datos JSON preparados para envío
2025-05-31 18:48:33,710 [INFO] Lectura BMP390
2025-05-31 18:48:33,890 [INFO] Lectura LTR390
2025-05-31 18:48:33,896 [INFO] Lectura desde ESP32-S3 por serial
2025-05-31 18:48:37,666 [INFO] Lectura datos climáticos NASA
2025-05-31 18:48:37,667 [INFO] Datos JSON preparados para envío
2025-05-31 18:48:38,717 [INFO] Lectura BMP390
2025-05-31 18:48:38,895 [INFO] Lectura LTR390
2025-05-31 18:48:38,900 [INFO] Lectura desde ESP32-S3 por serial
2025-05-31 18:48:42,991 [INFO] Lectura datos climáticos NASA
2025-05-31 18:48:42,994 [INFO] Datos JSON preparados para envío
2025-05-31 18:48:44,048 [INFO] Lectura BMP390
2025-05-31 18:48:44,232 [INFO] Lectura LTR390
2025-05-31 18:48:44,236 [INFO] Lectura desde ESP32-S3 por serial
2025-05-31 18:48:48,414 [INFO] Lectura datos climáticos NASA
2025-05-31 18:48:48,417 [INFO] Datos JSON preparados para envío
2025-05-31 18:48:49,470 [INFO] Lectura BMP390
2025-05-31 18:48:49,652 [INFO] Lectura LTR390
2025-05-31 18:48:49,656 [INFO] Lectura desde ESP32-S3 por serial
2025-05-31 18:48:53,326 [INFO] Lectura datos climáticos NASA
2025-05-31 18:48:53,329 [INFO] Datos JSON preparados para envío
2025-05-31 18:48:54,381 [INFO] Lectura BMP390
2025-05-31 18:48:54,565 [INFO] Lectura LTR390
2025-05-31 18:48:54,572 [INFO] Lectura desde ESP32-S3 por serial
2025-05-31 18:48:58,241 [INFO] Lectura datos climáticos NASA
2025-05-31 18:48:58,243 [INFO] Datos JSON preparados para envío
2025-05-31 18:48:59,294 [INFO] Lectura BMP390
2025-05-31 18:48:59,475 [INFO] Lectura LTR390
2025-05-31 18:48:59,481 [INFO] Lectura desde ESP32-S3 por serial
2025-05-31 18:49:03,155 [INFO] Lectura datos climáticos NASA
2025-05-31 18:49:03,157 [INFO] Datos JSON preparados para envío
2025-05-31 18:49:04,208 [INFO] Lectura BMP390
2025-05-31 18:49:04,388 [INFO] Lectura LTR390
2025-05-31 18:49:04,396 [INFO] Lectura desde ESP32-S3 por serial
2025-05-31 18:49:08,369 [INFO] Lectura datos climáticos NASA
2025-05-31 18:49:08,372 [INFO] Datos JSON preparados para envío
2025-05-31 18:49:09,429 [INFO] Lectura BMP390
2025-05-31 18:49:09,611 [INFO] Lectura LTR390
2025-05-31 18:49:09,617 [INFO] Lectura desde ESP32-S3 por serial
2025-05-31 18:49:13,280 [INFO] Lectura datos climáticos NASA
2025-05-31 18:49:13,282 [INFO] Datos JSON preparados para envío
2025-05-31 18:49:14,338 [INFO] Lectura BMP390
2025-05-31 18:49:14,516 [INFO] Lectura LTR390
2025-05-31 18:49:14,519 [INFO] Lectura desde ESP32-S3 por serial
2025-05-31 18:49:17,885 [INFO] Lectura datos climáticos NASA
2025-05-31 18:49:17,887 [INFO] Datos JSON preparados para envío
2025-05-31 18:49:18,940 [INFO] Lectura BMP390
2025-05-31 18:49:19,121 [INFO] Lectura LTR390
2025-05-31 18:49:19,127 [INFO] Lectura desde ESP32-S3 por serial
2025-05-31 18:49:23,205 [INFO] Lectura datos climáticos NASA
2025-05-31 18:49:23,207 [INFO] Datos JSON preparados para envío
2025-05-31 18:49:24,258 [INFO] Lectura BMP390
2025-05-31 18:49:24,437 [INFO] Lectura LTR390
2025-05-31 18:49:24,443 [INFO] Lectura desde ESP32-S3 por serial
2025-05-31 18:49:27,809 [INFO] Lectura datos climáticos NASA
2025-05-31 18:49:27,810 [INFO] Datos JSON preparados para envío
2025-05-31 18:49:28,862 [INFO] Lectura BMP390
2025-05-31 18:49:29,043 [INFO] Lectura LTR390
2025-05-31 18:49:29,049 [INFO] Lectura desde ESP32-S3 por serial
2025-05-31 18:49:32,724 [INFO] Lectura datos climáticos NASA
2025-05-31 18:49:32,727 [INFO] Datos JSON preparados para envío
2025-05-31 18:49:33,780 [INFO] Lectura BMP390
2025-05-31 18:49:33,960 [INFO] Lectura LTR390
2025-05-31 18:49:33,967 [INFO] Lectura desde ESP32-S3 por serial
2025-05-31 18:49:38,160 [INFO] Lectura datos climáticos NASA
2025-05-31 18:49:38,162 [INFO] Datos JSON preparados para envío
2025-05-31 18:49:39,211 [INFO] Lectura BMP390
2025-05-31 18:49:39,391 [INFO] Lectura LTR390
2025-05-31 18:49:39,394 [INFO] Lectura desde ESP32-S3 por serial
2025-05-31 18:49:43,176 [INFO] Lectura datos climáticos NASA
2025-05-31 18:49:43,179 [INFO] Datos JSON preparados para envío
2025-05-31 18:49:44,230 [INFO] Lectura BMP390
2025-05-31 18:49:44,415 [INFO] Lectura LTR390
2025-05-31 18:49:44,421 [INFO] Lectura desde ESP32-S3 por serial
2025-05-31 18:49:48,178 [INFO] Lectura datos climáticos NASA
2025-05-31 18:49:48,180 [INFO] Datos JSON preparados para envío
2025-05-31 18:49:49,239 [INFO] Lectura BMP390
2025-05-31 18:49:49,418 [INFO] Lectura LTR390
2025-05-31 18:49:49,424 [INFO] Lectura desde ESP32-S3 por serial
2025-05-31 18:49:53,191 [INFO] Lectura datos climáticos NASA
2025-05-31 18:49:53,193 [INFO] Datos JSON preparados para envío
2025-05-31 18:49:54,245 [INFO] Lectura BMP390
2025-05-31 18:49:54,426 [INFO] Lectura LTR390
2025-05-31 18:49:54,432 [INFO] Lectura desde ESP32-S3 por serial
2025-05-31 18:49:58,424 [INFO] Lectura datos climáticos NASA
2025-05-31 18:49:58,427 [INFO] Datos JSON preparados para envío
2025-05-31 18:49:59,480 [INFO] Lectura BMP390
2025-05-31 18:49:59,663 [INFO] Lectura LTR390
2025-05-31 18:49:59,669 [INFO] Lectura desde ESP32-S3 por serial
2025-05-31 18:50:03,323 [INFO] Lectura datos climáticos NASA
2025-05-31 18:50:03,324 [INFO] Datos JSON preparados para envío
2025-05-31 18:50:04,378 [INFO] Lectura BMP390
2025-05-31 18:50:04,561 [INFO] Lectura LTR390
2025-05-31 18:50:04,568 [INFO] Lectura desde ESP32-S3 por serial
2025-05-31 18:50:09,056 [INFO] Lectura datos climáticos NASA
2025-05-31 18:50:09,058 [INFO] Datos JSON preparados para envío
2025-05-31 18:50:10,113 [INFO] Lectura BMP390
2025-05-31 18:50:10,293 [INFO] Lectura LTR390
2025-05-31 18:50:10,300 [INFO] Lectura desde ESP32-S3 por serial
2025-05-31 18:50:14,791 [INFO] Lectura datos climáticos NASA
2025-05-31 18:50:14,793 [INFO] Datos JSON preparados para envío
2025-05-31 18:50:15,842 [INFO] Lectura BMP390
2025-05-31 18:50:16,020 [INFO] Lectura LTR390
2025-05-31 18:50:16,022 [INFO] Lectura desde ESP32-S3 por serial
2025-05-31 18:50:19,550 [INFO] Lectura datos climáticos NASA
2025-05-31 18:50:19,553 [INFO] Datos JSON preparados para envío
2025-05-31 18:50:20,608 [INFO] Lectura BMP390
2025-05-31 18:50:20,787 [INFO] Lectura LTR390
2025-05-31 18:50:20,792 [INFO] Lectura desde ESP32-S3 por serial
2025-05-31 18:50:24,836 [INFO] Lectura datos climáticos NASA
2025-05-31 18:50:24,837 [INFO] Datos JSON preparados para envío
2025-05-31 18:50:25,888 [INFO] Lectura BMP390
2025-05-31 18:50:26,068 [INFO] Lectura LTR390
2025-05-31 18:50:26,074 [INFO] Lectura desde ESP32-S3 por serial
2025-05-31 18:50:29,649 [INFO] Lectura datos climáticos NASA
2025-05-31 18:50:29,652 [INFO] Datos JSON preparados para envío
2025-05-31 18:50:30,705 [INFO] Lectura BMP390
2025-05-31 18:50:30,886 [INFO] Lectura LTR390
2025-05-31 18:50:30,892 [INFO] Lectura desde ESP32-S3 por serial
2025-05-31 18:50:35,052 [INFO] Lectura datos climáticos NASA
2025-05-31 18:50:35,057 [INFO] Datos JSON preparados para envío
2025-05-31 18:50:36,111 [INFO] Lectura BMP390
2025-05-31 18:50:36,292 [INFO] Lectura LTR390
2025-05-31 18:50:36,297 [INFO] Lectura desde ESP32-S3 por serial
2025-05-31 18:50:40,030 [INFO] Lectura datos climáticos NASA
2025-05-31 18:50:40,031 [INFO] Datos JSON preparados para envío
2025-05-31 18:50:41,088 [INFO] Lectura BMP390
2025-05-31 18:50:41,270 [INFO] Lectura LTR390
2025-05-31 18:50:41,273 [INFO] Lectura desde ESP32-S3 por serial
2025-05-31 18:50:47,838 [INFO] Lectura datos climáticos NASA
2025-05-31 18:50:47,841 [INFO] Datos JSON preparados para envío
2025-05-31 18:50:48,895 [INFO] Lectura BMP390
2025-05-31 18:50:49,081 [INFO] Lectura LTR390
2025-05-31 18:50:49,085 [INFO] Lectura desde ESP32-S3 por serial
2025-05-31 18:50:53,307 [INFO] Lectura datos climáticos NASA
2025-05-31 18:50:53,310 [INFO] Datos JSON preparados para envío
2025-05-31 18:50:54,367 [INFO] Lectura BMP390
2025-05-31 18:50:54,548 [INFO] Lectura LTR390
2025-05-31 18:50:54,554 [INFO] Lectura desde ESP32-S3 por serial
2025-05-31 18:50:58,561 [INFO] Lectura datos climáticos NASA
2025-05-31 18:50:58,564 [INFO] Datos JSON preparados para envío
2025-05-31 18:50:59,617 [INFO] Lectura BMP390
2025-05-31 18:50:59,797 [INFO] Lectura LTR390
2025-05-31 18:50:59,803 [INFO] Lectura desde ESP32-S3 por serial
2025-05-31 18:51:04,489 [INFO] Lectura datos climáticos NASA
2025-05-31 18:51:04,495 [INFO] Datos JSON preparados para envío
2025-05-31 18:51:05,546 [INFO] Lectura BMP390
2025-05-31 18:51:05,727 [INFO] Lectura LTR390
2025-05-31 18:51:05,735 [INFO] Lectura desde ESP32-S3 por serial
2025-05-31 18:51:10,745 [INFO] Lectura datos climáticos NASA
2025-05-31 18:51:10,747 [INFO] Datos JSON preparados para envío
2025-05-31 18:51:11,801 [INFO] Lectura BMP390
2025-05-31 18:51:11,982 [INFO] Lectura LTR390
2025-05-31 18:51:11,989 [INFO] Lectura desde ESP32-S3 por serial
2025-05-31 18:51:16,830 [INFO] Lectura datos climáticos NASA
2025-05-31 18:51:16,831 [INFO] Datos JSON preparados para envío
2025-05-31 18:51:17,885 [INFO] Lectura BMP390
2025-05-31 18:51:18,065 [INFO] Lectura LTR390
2025-05-31 18:51:18,070 [INFO] Lectura desde ESP32-S3 por serial
2025-05-31 18:51:21,992 [INFO] Lectura datos climáticos NASA
2025-05-31 18:51:21,994 [INFO] Datos JSON preparados para envío
2025-05-31 18:51:23,046 [INFO] Lectura BMP390
2025-05-31 18:51:23,226 [INFO] Lectura LTR390
2025-05-31 18:51:23,230 [INFO] Lectura desde ESP32-S3 por serial
2025-05-31 18:51:32,930 [INFO] Lectura datos climáticos NASA
2025-05-31 18:51:32,940 [INFO] Datos JSON preparados para envío
2025-05-31 18:51:33,993 [INFO] Lectura BMP390
2025-05-31 18:51:34,174 [INFO] Lectura LTR390
2025-05-31 18:51:34,178 [INFO] Lectura desde ESP32-S3 por serial
2025-05-31 18:51:38,103 [INFO] Lectura datos climáticos NASA
2025-05-31 18:51:38,106 [INFO] Datos JSON preparados para envío
2025-05-31 18:51:39,162 [INFO] Lectura BMP390
2025-05-31 18:51:39,346 [INFO] Lectura LTR390
2025-05-31 18:51:39,351 [INFO] Lectura desde ESP32-S3 por serial
2025-05-31 18:51:45,283 [INFO] Lectura datos climáticos NASA
2025-05-31 18:51:45,284 [INFO] Datos JSON preparados para envío
2025-05-31 18:51:46,339 [INFO] Lectura BMP390
2025-05-31 18:51:46,518 [INFO] Lectura LTR390
2025-05-31 18:51:46,521 [INFO] Lectura desde ESP32-S3 por serial
2025-05-31 18:51:50,943 [INFO] Lectura datos climáticos NASA
2025-05-31 18:51:50,946 [INFO] Datos JSON preparados para envío
2025-05-31 18:51:52,002 [INFO] Lectura BMP390
2025-05-31 18:51:52,179 [INFO] Lectura LTR390
2025-05-31 18:51:52,182 [INFO] Lectura desde ESP32-S3 por serial
2025-05-31 18:51:56,364 [INFO] Lectura datos climáticos NASA
2025-05-31 18:51:56,371 [INFO] Datos JSON preparados para envío
2025-05-31 18:51:57,422 [INFO] Lectura BMP390
2025-05-31 18:51:57,606 [INFO] Lectura LTR390
2025-05-31 18:51:57,612 [INFO] Lectura desde ESP32-S3 por serial
2025-05-31 18:52:02,990 [INFO] Lectura datos climáticos NASA
2025-05-31 18:52:02,993 [INFO] Datos JSON preparados para envío
2025-05-31 18:52:04,044 [INFO] Lectura BMP390
2025-05-31 18:52:04,223 [INFO] Lectura LTR390
2025-05-31 18:52:04,226 [INFO] Lectura desde ESP32-S3 por serial
2025-05-31 18:52:12,159 [INFO] Lectura datos climáticos NASA
2025-05-31 18:52:12,161 [INFO] Datos JSON preparados para envío
2025-05-31 18:52:13,213 [INFO] Lectura BMP390
2025-05-31 18:52:13,394 [INFO] Lectura LTR390
2025-05-31 18:52:13,400 [INFO] Lectura desde ESP32-S3 por serial
2025-05-31 18:52:17,809 [INFO] Lectura datos climáticos NASA
2025-05-31 18:52:17,812 [INFO] Datos JSON preparados para envío
2025-05-31 18:52:18,865 [INFO] Lectura BMP390
2025-05-31 18:52:19,051 [INFO] Lectura LTR390
2025-05-31 18:52:19,056 [INFO] Lectura desde ESP32-S3 por serial
2025-05-31 18:52:23,782 [INFO] Lectura datos climáticos NASA
2025-05-31 18:52:23,784 [INFO] Datos JSON preparados para envío
2025-05-31 18:52:24,838 [INFO] Lectura BMP390
2025-05-31 18:52:25,020 [INFO] Lectura LTR390
2025-05-31 18:52:25,025 [INFO] Lectura desde ESP32-S3 por serial
2025-05-31 18:52:29,118 [INFO] Lectura datos climáticos NASA
2025-05-31 18:52:29,123 [INFO] Datos JSON preparados para envío
2025-05-31 18:52:30,174 [INFO] Lectura BMP390
2025-05-31 18:52:30,353 [INFO] Lectura LTR390
2025-05-31 18:52:30,356 [INFO] Lectura desde ESP32-S3 por serial
2025-05-31 18:52:34,398 [INFO] Lectura datos climáticos NASA
2025-05-31 18:52:34,400 [INFO] Datos JSON preparados para envío
2025-05-31 18:52:35,452 [INFO] Lectura BMP390
2025-05-31 18:52:35,641 [INFO] Lectura LTR390
2025-05-31 18:52:35,646 [INFO] Lectura desde ESP32-S3 por serial
2025-05-31 18:52:40,851 [INFO] Lectura datos climáticos NASA
2025-05-31 18:52:40,853 [INFO] Datos JSON preparados para envío
2025-05-31 18:52:41,904 [INFO] Lectura BMP390
2025-05-31 18:52:42,084 [INFO] Lectura LTR390
2025-05-31 18:52:42,089 [INFO] Lectura desde ESP32-S3 por serial
2025-05-31 18:52:46,109 [INFO] Lectura datos climáticos NASA
2025-05-31 18:52:46,112 [INFO] Datos JSON preparados para envío
2025-05-31 18:52:47,166 [INFO] Lectura BMP390
2025-05-31 18:52:47,344 [INFO] Lectura LTR390
2025-05-31 18:52:47,347 [INFO] Lectura desde ESP32-S3 por serial
2025-05-31 18:52:57,763 [INFO] Lectura datos climáticos NASA
2025-05-31 18:52:57,766 [INFO] Datos JSON preparados para envío
2025-05-31 18:52:58,819 [INFO] Lectura BMP390
2025-05-31 18:52:59,002 [INFO] Lectura LTR390
2025-05-31 18:52:59,007 [INFO] Lectura desde ESP32-S3 por serial
2025-05-31 18:53:03,442 [INFO] Lectura datos climáticos NASA
2025-05-31 18:53:03,445 [INFO] Datos JSON preparados para envío
2025-05-31 18:53:04,501 [INFO] Lectura BMP390
2025-05-31 18:53:04,683 [INFO] Lectura LTR390
2025-05-31 18:53:04,687 [INFO] Lectura desde ESP32-S3 por serial
2025-05-31 18:53:09,236 [INFO] Lectura datos climáticos NASA
2025-05-31 18:53:09,241 [INFO] Datos JSON preparados para envío
2025-05-31 18:53:10,294 [INFO] Lectura BMP390
2025-05-31 18:53:10,477 [INFO] Lectura LTR390
2025-05-31 18:53:10,483 [INFO] Lectura desde ESP32-S3 por serial
2025-05-31 18:53:14,668 [INFO] Lectura datos climáticos NASA
2025-05-31 18:53:14,676 [INFO] Datos JSON preparados para envío
2025-05-31 18:53:15,729 [INFO] Lectura BMP390
2025-05-31 18:53:15,909 [INFO] Lectura LTR390
2025-05-31 18:53:15,914 [INFO] Lectura desde ESP32-S3 por serial
2025-05-31 18:53:20,025 [INFO] Lectura datos climáticos NASA
2025-05-31 18:53:20,032 [INFO] Datos JSON preparados para envío
2025-05-31 18:53:21,088 [INFO] Lectura BMP390
2025-05-31 18:53:21,267 [INFO] Lectura LTR390
2025-05-31 18:53:21,270 [INFO] Lectura desde ESP32-S3 por serial
2025-05-31 18:53:26,093 [INFO] Lectura datos climáticos NASA
2025-05-31 18:53:26,095 [INFO] Datos JSON preparados para envío
2025-05-31 18:53:27,153 [INFO] Lectura BMP390
2025-05-31 18:53:27,335 [INFO] Lectura LTR390
2025-05-31 18:53:27,341 [INFO] Lectura desde ESP32-S3 por serial
2025-05-31 18:53:31,795 [INFO] Lectura datos climáticos NASA
2025-05-31 18:53:31,799 [INFO] Datos JSON preparados para envío
2025-05-31 18:53:32,853 [INFO] Lectura BMP390
2025-05-31 18:53:33,035 [INFO] Lectura LTR390
2025-05-31 18:53:33,041 [INFO] Lectura desde ESP32-S3 por serial
2025-05-31 18:53:38,713 [INFO] Lectura datos climáticos NASA
2025-05-31 18:53:38,716 [INFO] Datos JSON preparados para envío
2025-05-31 18:53:39,770 [INFO] Lectura BMP390
2025-05-31 18:53:39,950 [INFO] Lectura LTR390
2025-05-31 18:53:39,955 [INFO] Lectura desde ESP32-S3 por serial
2025-05-31 18:53:44,889 [INFO] Lectura datos climáticos NASA
2025-05-31 18:53:44,892 [INFO] Datos JSON preparados para envío
2025-05-31 18:53:45,945 [INFO] Lectura BMP390
2025-05-31 18:53:46,126 [INFO] Lectura LTR390
2025-05-31 18:53:46,130 [INFO] Lectura desde ESP32-S3 por serial
2025-05-31 18:53:50,134 [INFO] Lectura datos climáticos NASA
2025-05-31 18:53:50,136 [INFO] Datos JSON preparados para envío
2025-05-31 18:53:51,190 [INFO] Lectura BMP390
2025-05-31 18:53:51,371 [INFO] Lectura LTR390
2025-05-31 18:53:51,375 [INFO] Lectura desde ESP32-S3 por serial
2025-05-31 18:53:56,821 [INFO] Lectura datos climáticos NASA
2025-05-31 18:53:56,823 [INFO] Datos JSON preparados para envío
2025-05-31 18:53:57,877 [INFO] Lectura BMP390
2025-05-31 18:53:58,058 [INFO] Lectura LTR390
2025-05-31 18:53:58,063 [INFO] Lectura desde ESP32-S3 por serial
2025-05-31 18:54:02,750 [INFO] Lectura datos climáticos NASA
2025-05-31 18:54:02,753 [INFO] Datos JSON preparados para envío
2025-05-31 18:54:03,808 [INFO] Lectura BMP390
2025-05-31 18:54:03,991 [INFO] Lectura LTR390
2025-05-31 18:54:03,995 [INFO] Lectura desde ESP32-S3 por serial
2025-05-31 18:54:08,592 [INFO] Lectura datos climáticos NASA
2025-05-31 18:54:08,594 [INFO] Datos JSON preparados para envío
2025-05-31 18:54:09,644 [INFO] Lectura BMP390
2025-05-31 18:54:09,822 [INFO] Lectura LTR390
2025-05-31 18:54:09,825 [INFO] Lectura desde ESP32-S3 por serial
2025-05-31 18:54:14,945 [INFO] Lectura datos climáticos NASA
2025-05-31 18:54:14,948 [INFO] Datos JSON preparados para envío
2025-05-31 18:54:16,001 [INFO] Lectura BMP390
2025-05-31 18:54:16,183 [INFO] Lectura LTR390
2025-05-31 18:54:16,188 [INFO] Lectura desde ESP32-S3 por serial
2025-05-31 18:54:20,459 [INFO] Lectura datos climáticos NASA
2025-05-31 18:54:20,462 [INFO] Datos JSON preparados para envío
2025-05-31 18:54:21,515 [INFO] Lectura BMP390
2025-05-31 18:54:21,696 [INFO] Lectura LTR390
2025-05-31 18:54:21,700 [INFO] Lectura desde ESP32-S3 por serial
2025-05-31 18:54:26,342 [INFO] Lectura datos climáticos NASA
2025-05-31 18:54:26,344 [INFO] Datos JSON preparados para envío
2025-05-31 18:54:27,396 [INFO] Lectura BMP390
2025-05-31 18:54:27,577 [INFO] Lectura LTR390
2025-05-31 18:54:27,582 [INFO] Lectura desde ESP32-S3 por serial
2025-05-31 18:54:32,008 [INFO] Lectura datos climáticos NASA
2025-05-31 18:54:32,011 [INFO] Datos JSON preparados para envío
2025-05-31 18:54:33,068 [INFO] Lectura BMP390
2025-05-31 18:54:33,248 [INFO] Lectura LTR390
2025-05-31 18:54:33,251 [INFO] Lectura desde ESP32-S3 por serial
2025-05-31 18:54:37,245 [INFO] Lectura datos climáticos NASA
2025-05-31 18:54:37,250 [INFO] Datos JSON preparados para envío
2025-05-31 18:54:38,306 [INFO] Lectura BMP390
2025-05-31 18:54:38,487 [INFO] Lectura LTR390
2025-05-31 18:54:38,493 [INFO] Lectura desde ESP32-S3 por serial
2025-05-31 18:54:42,828 [INFO] Lectura datos climáticos NASA
2025-05-31 18:54:42,835 [INFO] Datos JSON preparados para envío
2025-05-31 18:54:43,887 [INFO] Lectura BMP390
2025-05-31 18:54:44,077 [INFO] Lectura LTR390
2025-05-31 18:54:44,081 [INFO] Lectura desde ESP32-S3 por serial
2025-05-31 18:54:48,667 [INFO] Lectura datos climáticos NASA
2025-05-31 18:54:48,670 [INFO] Datos JSON preparados para envío
2025-05-31 18:54:49,722 [INFO] Lectura BMP390
2025-05-31 18:54:49,905 [INFO] Lectura LTR390
2025-05-31 18:54:49,911 [INFO] Lectura desde ESP32-S3 por serial
2025-05-31 18:54:53,873 [INFO] Lectura datos climáticos NASA
2025-05-31 18:54:53,875 [INFO] Datos JSON preparados para envío
2025-05-31 18:54:54,930 [INFO] Lectura BMP390
2025-05-31 18:54:55,110 [INFO] Lectura LTR390
2025-05-31 18:54:55,113 [INFO] Lectura desde ESP32-S3 por serial
2025-05-31 18:54:59,737 [INFO] Lectura datos climáticos NASA
2025-05-31 18:54:59,741 [INFO] Datos JSON preparados para envío
2025-05-31 18:55:00,795 [INFO] Lectura BMP390
2025-05-31 18:55:00,977 [INFO] Lectura LTR390
2025-05-31 18:55:00,982 [INFO] Lectura desde ESP32-S3 por serial
2025-05-31 18:55:07,461 [INFO] Lectura datos climáticos NASA
2025-05-31 18:55:07,462 [INFO] Datos JSON preparados para envío
2025-05-31 18:55:08,512 [INFO] Lectura BMP390
2025-05-31 18:55:08,692 [INFO] Lectura LTR390
2025-05-31 18:55:08,696 [INFO] Lectura desde ESP32-S3 por serial
2025-05-31 18:55:12,916 [INFO] Lectura datos climáticos NASA
2025-05-31 18:55:12,918 [INFO] Datos JSON preparados para envío
2025-05-31 18:55:13,973 [INFO] Lectura BMP390
2025-05-31 18:55:14,156 [INFO] Lectura LTR390
2025-05-31 18:55:14,160 [INFO] Lectura desde ESP32-S3 por serial
2025-05-31 18:55:18,666 [INFO] Lectura datos climáticos NASA
2025-05-31 18:55:18,668 [INFO] Datos JSON preparados para envío
2025-05-31 18:55:19,723 [INFO] Lectura BMP390
2025-05-31 18:55:19,904 [INFO] Lectura LTR390
2025-05-31 18:55:19,908 [INFO] Lectura desde ESP32-S3 por serial
2025-05-31 18:55:28,128 [INFO] Lectura datos climáticos NASA
2025-05-31 18:55:28,132 [INFO] Datos JSON preparados para envío
2025-05-31 18:55:29,183 [INFO] Lectura BMP390
2025-05-31 18:55:29,362 [INFO] Lectura LTR390
2025-05-31 18:55:29,365 [INFO] Lectura desde ESP32-S3 por serial
2025-05-31 18:55:34,234 [INFO] Lectura datos climáticos NASA
2025-05-31 18:55:34,237 [INFO] Datos JSON preparados para envío
2025-05-31 18:55:35,291 [INFO] Lectura BMP390
2025-05-31 18:55:35,472 [INFO] Lectura LTR390
2025-05-31 18:55:35,476 [INFO] Lectura desde ESP32-S3 por serial
2025-05-31 18:55:39,571 [INFO] Lectura datos climáticos NASA
2025-05-31 18:55:39,573 [INFO] Datos JSON preparados para envío
2025-05-31 18:55:40,626 [INFO] Lectura BMP390
2025-05-31 18:55:40,807 [INFO] Lectura LTR390
2025-05-31 18:55:40,812 [INFO] Lectura desde ESP32-S3 por serial
2025-05-31 18:55:45,403 [INFO] Lectura datos climáticos NASA
2025-05-31 18:55:45,406 [INFO] Datos JSON preparados para envío
2025-05-31 18:55:46,459 [INFO] Lectura BMP390
2025-05-31 18:55:46,644 [INFO] Lectura LTR390
2025-05-31 18:55:46,649 [INFO] Lectura desde ESP32-S3 por serial
2025-05-31 18:55:50,346 [INFO] Lectura datos climáticos NASA
2025-05-31 18:55:50,349 [INFO] Datos JSON preparados para envío
2025-05-31 18:55:51,402 [INFO] Lectura BMP390
2025-05-31 18:55:51,584 [INFO] Lectura LTR390
2025-05-31 18:55:51,589 [INFO] Lectura desde ESP32-S3 por serial
2025-05-31 18:55:56,091 [INFO] Lectura datos climáticos NASA
2025-05-31 18:55:56,092 [INFO] Datos JSON preparados para envío
2025-05-31 18:55:57,145 [INFO] Lectura BMP390
2025-05-31 18:55:57,325 [INFO] Lectura LTR390
2025-05-31 18:55:57,330 [INFO] Lectura desde ESP32-S3 por serial
2025-05-31 18:56:01,662 [INFO] Lectura datos climáticos NASA
2025-05-31 18:56:01,665 [INFO] Datos JSON preparados para envío
2025-05-31 18:56:02,717 [INFO] Lectura BMP390
2025-05-31 18:56:02,897 [INFO] Lectura LTR390
2025-05-31 18:56:02,902 [INFO] Lectura desde ESP32-S3 por serial
2025-05-31 18:56:12,686 [INFO] Lectura datos climáticos NASA
2025-05-31 18:56:12,689 [INFO] Datos JSON preparados para envío
2025-05-31 18:56:13,746 [INFO] Lectura BMP390
2025-05-31 18:56:13,926 [INFO] Lectura LTR390
2025-05-31 18:56:13,932 [INFO] Lectura desde ESP32-S3 por serial
2025-05-31 18:56:18,006 [INFO] Lectura datos climáticos NASA
2025-05-31 18:56:18,008 [INFO] Datos JSON preparados para envío
2025-05-31 18:56:19,059 [INFO] Lectura BMP390
2025-05-31 18:56:19,238 [INFO] Lectura LTR390
2025-05-31 18:56:19,241 [INFO] Lectura desde ESP32-S3 por serial
2025-05-31 18:56:23,718 [INFO] Lectura datos climáticos NASA
2025-05-31 18:56:23,720 [INFO] Datos JSON preparados para envío
2025-05-31 18:56:24,776 [INFO] Lectura BMP390
2025-05-31 18:56:24,955 [INFO] Lectura LTR390
2025-05-31 18:56:24,959 [INFO] Lectura desde ESP32-S3 por serial
2025-05-31 18:56:29,537 [INFO] Lectura datos climáticos NASA
2025-05-31 18:56:29,540 [INFO] Datos JSON preparados para envío
2025-05-31 18:56:30,595 [INFO] Lectura BMP390
2025-05-31 18:56:30,782 [INFO] Lectura LTR390
2025-05-31 18:56:30,787 [INFO] Lectura desde ESP32-S3 por serial
2025-05-31 18:56:35,118 [INFO] Lectura datos climáticos NASA
2025-05-31 18:56:35,123 [INFO] Datos JSON preparados para envío
2025-05-31 18:56:36,176 [INFO] Lectura BMP390
2025-05-31 18:56:36,362 [INFO] Lectura LTR390
2025-05-31 18:56:36,367 [INFO] Lectura desde ESP32-S3 por serial
2025-05-31 18:56:43,125 [INFO] Lectura datos climáticos NASA
2025-05-31 18:56:43,127 [INFO] Datos JSON preparados para envío
2025-05-31 18:56:44,178 [INFO] Lectura BMP390
2025-05-31 18:56:44,357 [INFO] Lectura LTR390
2025-05-31 18:56:44,360 [INFO] Lectura desde ESP32-S3 por serial
2025-05-31 18:56:49,114 [INFO] Lectura datos climáticos NASA
2025-05-31 18:56:49,120 [INFO] Datos JSON preparados para envío
2025-05-31 18:56:50,175 [INFO] Lectura BMP390
2025-05-31 18:56:50,355 [INFO] Lectura LTR390
2025-05-31 18:56:50,358 [INFO] Lectura desde ESP32-S3 por serial
2025-05-31 18:56:54,517 [INFO] Lectura datos climáticos NASA
2025-05-31 18:56:54,524 [INFO] Datos JSON preparados para envío
2025-05-31 18:56:55,575 [INFO] Lectura BMP390
2025-05-31 18:56:55,753 [INFO] Lectura LTR390
2025-05-31 18:56:55,755 [INFO] Lectura desde ESP32-S3 por serial
2025-05-31 18:57:00,069 [INFO] Lectura datos climáticos NASA
2025-05-31 18:57:00,072 [INFO] Datos JSON preparados para envío
2025-05-31 18:57:01,125 [INFO] Lectura BMP390
2025-05-31 18:57:01,305 [INFO] Lectura LTR390
2025-05-31 18:57:01,308 [INFO] Lectura desde ESP32-S3 por serial
2025-05-31 18:57:05,318 [INFO] Lectura datos climáticos NASA
2025-05-31 18:57:05,321 [INFO] Datos JSON preparados para envío
2025-05-31 18:57:06,376 [INFO] Lectura BMP390
2025-05-31 18:57:06,557 [INFO] Lectura LTR390
2025-05-31 18:57:06,562 [INFO] Lectura desde ESP32-S3 por serial
2025-05-31 18:57:10,808 [INFO] Lectura datos climáticos NASA
2025-05-31 18:57:10,810 [INFO] Datos JSON preparados para envío
2025-05-31 18:57:11,865 [INFO] Lectura BMP390
2025-05-31 18:57:12,046 [INFO] Lectura LTR390
2025-05-31 18:57:12,051 [INFO] Lectura desde ESP32-S3 por serial
2025-05-31 18:57:16,412 [INFO] Lectura datos climáticos NASA
2025-05-31 18:57:16,415 [INFO] Datos JSON preparados para envío
2025-05-31 18:57:17,467 [INFO] Lectura BMP390
2025-05-31 18:57:17,648 [INFO] Lectura LTR390
2025-05-31 18:57:17,653 [INFO] Lectura desde ESP32-S3 por serial
2025-05-31 18:57:22,741 [INFO] Lectura datos climáticos NASA
2025-05-31 18:57:22,743 [INFO] Datos JSON preparados para envío
2025-05-31 18:57:23,797 [INFO] Lectura BMP390
2025-05-31 18:57:23,978 [INFO] Lectura LTR390
2025-05-31 18:57:23,984 [INFO] Lectura desde ESP32-S3 por serial
2025-05-31 18:57:27,808 [INFO] Lectura datos climáticos NASA
2025-05-31 18:57:27,810 [INFO] Datos JSON preparados para envío
2025-05-31 18:57:28,863 [INFO] Lectura BMP390
2025-05-31 18:57:29,052 [INFO] Lectura LTR390
2025-05-31 18:57:29,063 [INFO] Lectura desde ESP32-S3 por serial
2025-05-31 18:57:34,128 [INFO] Lectura datos climáticos NASA
2025-05-31 18:57:34,130 [INFO] Datos JSON preparados para envío
2025-05-31 18:57:35,183 [INFO] Lectura BMP390
2025-05-31 18:57:35,369 [INFO] Lectura LTR390
2025-05-31 18:57:35,373 [INFO] Lectura desde ESP32-S3 por serial
2025-05-31 18:57:40,215 [INFO] Lectura datos climáticos NASA
2025-05-31 18:57:40,217 [INFO] Datos JSON preparados para envío
2025-05-31 18:57:41,270 [INFO] Lectura BMP390
2025-05-31 18:57:41,450 [INFO] Lectura LTR390
2025-05-31 18:57:41,453 [INFO] Lectura desde ESP32-S3 por serial
2025-05-31 18:57:53,053 [INFO] Lectura datos climáticos NASA
2025-05-31 18:57:53,055 [INFO] Datos JSON preparados para envío
2025-05-31 18:57:54,107 [INFO] Lectura BMP390
2025-05-31 18:57:54,288 [INFO] Lectura LTR390
2025-05-31 18:57:54,293 [INFO] Lectura desde ESP32-S3 por serial
2025-05-31 18:57:58,685 [INFO] Lectura datos climáticos NASA
2025-05-31 18:57:58,688 [INFO] Datos JSON preparados para envío
2025-05-31 18:57:59,744 [INFO] Lectura BMP390
2025-05-31 18:57:59,925 [INFO] Lectura LTR390
2025-05-31 18:57:59,930 [INFO] Lectura desde ESP32-S3 por serial
2025-05-31 18:58:04,557 [INFO] Lectura datos climáticos NASA
2025-05-31 18:58:04,560 [INFO] Datos JSON preparados para envío
2025-05-31 18:58:05,612 [INFO] Lectura BMP390
2025-05-31 18:58:05,798 [INFO] Lectura LTR390
2025-05-31 18:58:05,802 [INFO] Lectura desde ESP32-S3 por serial
2025-05-31 18:58:09,986 [INFO] Lectura datos climáticos NASA
2025-05-31 18:58:09,992 [INFO] Datos JSON preparados para envío
2025-05-31 18:58:11,048 [INFO] Lectura BMP390
2025-05-31 18:58:11,233 [INFO] Lectura LTR390
2025-05-31 18:58:11,236 [INFO] Lectura desde ESP32-S3 por serial
2025-05-31 18:58:15,206 [INFO] Lectura datos climáticos NASA
2025-05-31 18:58:15,212 [INFO] Datos JSON preparados para envío
2025-05-31 18:58:16,267 [INFO] Lectura BMP390
2025-05-31 18:58:16,450 [INFO] Lectura LTR390
2025-05-31 18:58:16,455 [INFO] Lectura desde ESP32-S3 por serial
2025-05-31 18:58:20,643 [INFO] Lectura datos climáticos NASA
2025-05-31 18:58:20,646 [INFO] Datos JSON preparados para envío
2025-05-31 18:58:21,696 [INFO] Lectura BMP390
2025-05-31 18:58:21,878 [INFO] Lectura LTR390
2025-05-31 18:58:21,881 [INFO] Lectura desde ESP32-S3 por serial
2025-05-31 18:58:26,088 [INFO] Lectura datos climáticos NASA
2025-05-31 18:58:26,090 [INFO] Datos JSON preparados para envío
2025-05-31 18:58:27,144 [INFO] Lectura BMP390
2025-05-31 18:58:27,327 [INFO] Lectura LTR390
2025-05-31 18:58:27,332 [INFO] Lectura desde ESP32-S3 por serial
2025-05-31 18:58:32,098 [INFO] Lectura datos climáticos NASA
2025-05-31 18:58:32,100 [INFO] Datos JSON preparados para envío
2025-05-31 18:58:33,153 [INFO] Lectura BMP390
2025-05-31 18:58:33,334 [INFO] Lectura LTR390
2025-05-31 18:58:33,336 [INFO] Lectura desde ESP32-S3 por serial
2025-05-31 18:58:37,344 [INFO] Lectura datos climáticos NASA
2025-05-31 18:58:37,346 [INFO] Datos JSON preparados para envío
2025-05-31 18:58:38,399 [INFO] Lectura BMP390
2025-05-31 18:58:38,587 [INFO] Lectura LTR390
2025-05-31 18:58:38,593 [INFO] Lectura desde ESP32-S3 por serial
2025-05-31 18:58:42,362 [INFO] Lectura datos climáticos NASA
2025-05-31 18:58:42,365 [INFO] Datos JSON preparados para envío
2025-05-31 18:58:43,418 [INFO] Lectura BMP390
2025-05-31 18:58:43,598 [INFO] Lectura LTR390
2025-05-31 18:58:43,604 [INFO] Lectura desde ESP32-S3 por serial
2025-05-31 18:58:42,828 [INFO] Inicio del sistema
2025-05-31 18:58:43,958 [INFO] Lectura BMP390
2025-05-31 18:58:44,006 [INFO] [31m[1mWARNING: This is a development server. Do not use it in a production deployment. Use a production WSGI server instead.[0m
 * Running on all addresses (0.0.0.0)
 * Running on http://127.0.0.1:8080
 * Running on http://127.0.0.1:8080
2025-05-31 18:58:44,007 [INFO] [33mPress CTRL+C to quit[0m
2025-05-31 18:58:44,174 [INFO] Lectura LTR390
2025-05-31 18:58:44,203 [WARNING] Lectura serial fallida o formato incorrecto
2025-05-31 18:58:44,222 [ERROR] Error al leer datos climáticos NASA
2025-05-31 18:58:44,223 [INFO] Datos JSON preparados para envío
2025-05-31 18:58:45,276 [INFO] Lectura BMP390
2025-05-31 18:58:45,457 [INFO] Lectura LTR390
2025-05-31 18:58:46,382 [INFO] Lectura desde ESP32-S3 por serial
2025-05-31 18:58:46,391 [ERROR] Error al leer datos climáticos NASA
2025-05-31 18:58:46,392 [INFO] Datos JSON preparados para envío
2025-05-31 18:58:47,443 [INFO] Lectura BMP390
2025-05-31 18:58:47,620 [INFO] Lectura LTR390
2025-05-31 18:58:48,566 [INFO] Lectura desde ESP32-S3 por serial
2025-05-31 18:58:53,339 [INFO] Lectura datos climáticos NASA
2025-05-31 18:58:53,347 [INFO] Datos JSON preparados para envío
2025-05-31 18:58:54,397 [INFO] Lectura BMP390
2025-05-31 18:58:54,573 [INFO] Lectura LTR390
2025-05-31 18:58:54,576 [INFO] Lectura desde ESP32-S3 por serial
2025-05-31 18:58:59,139 [INFO] Lectura datos climáticos NASA
2025-05-31 18:58:59,145 [INFO] Datos JSON preparados para envío
2025-05-31 18:59:00,194 [INFO] Lectura BMP390
2025-05-31 18:59:00,370 [INFO] Lectura LTR390
2025-05-31 18:59:00,373 [INFO] Lectura desde ESP32-S3 por serial
2025-05-31 18:59:05,014 [INFO] Lectura datos climáticos NASA
2025-05-31 18:59:05,015 [INFO] Datos JSON preparados para envío
2025-05-31 18:59:06,065 [INFO] Lectura BMP390
2025-05-31 18:59:06,241 [INFO] Lectura LTR390
2025-05-31 18:59:06,244 [INFO] Lectura desde ESP32-S3 por serial
2025-06-02 21:03:38,403 [INFO] Lectura datos climáticos NASA
2025-06-02 21:03:38,405 [INFO] Datos JSON preparados para envío
2025-06-02 21:03:39,454 [INFO] Lectura BMP390
2025-06-02 21:03:39,631 [INFO] Lectura LTR390
2025-06-02 21:03:39,633 [INFO] Lectura desde ESP32-S3 por serial
2025-06-02 21:03:43,639 [INFO] Lectura datos climáticos NASA
2025-06-02 21:03:43,641 [INFO] Datos JSON preparados para envío
2025-06-02 21:03:44,691 [INFO] Lectura BMP390
2025-06-02 21:03:44,868 [INFO] Lectura LTR390
2025-06-02 21:03:44,871 [INFO] Lectura desde ESP32-S3 por serial
2025-06-02 21:03:48,657 [INFO] Lectura datos climáticos NASA
2025-06-02 21:03:48,659 [INFO] Datos JSON preparados para envío
2025-06-02 21:03:49,711 [INFO] Lectura BMP390
2025-06-02 21:03:49,889 [INFO] Lectura LTR390
2025-06-02 21:03:49,891 [INFO] Lectura desde ESP32-S3 por serial
2025-06-02 21:03:54,187 [INFO] Lectura datos climáticos NASA
2025-06-02 21:03:54,189 [INFO] Datos JSON preparados para envío
2025-06-02 21:03:55,245 [INFO] Lectura BMP390
2025-06-02 21:03:55,421 [INFO] Lectura LTR390
2025-06-02 21:03:55,424 [INFO] Lectura desde ESP32-S3 por serial
2025-06-02 21:03:59,105 [INFO] Lectura datos climáticos NASA
2025-06-02 21:03:59,108 [INFO] Datos JSON preparados para envío
2025-06-02 21:04:00,160 [INFO] Lectura BMP390
2025-06-02 21:04:00,341 [INFO] Lectura LTR390
2025-06-02 21:04:00,347 [INFO] Lectura desde ESP32-S3 por serial
2025-06-02 21:04:04,634 [INFO] Lectura datos climáticos NASA
2025-06-02 21:04:04,637 [INFO] Datos JSON preparados para envío
2025-06-02 21:04:05,689 [INFO] Lectura BMP390
2025-06-02 21:04:05,869 [INFO] Lectura LTR390
2025-06-02 21:04:05,872 [INFO] Lectura desde ESP32-S3 por serial
2025-06-02 21:04:10,523 [INFO] Lectura datos climáticos NASA
2025-06-02 21:04:10,525 [INFO] Datos JSON preparados para envío
2025-06-02 21:04:11,576 [INFO] Lectura BMP390
2025-06-02 21:04:11,756 [INFO] Lectura LTR390
2025-06-02 21:04:11,764 [INFO] Lectura desde ESP32-S3 por serial
2025-06-02 21:04:15,969 [INFO] Lectura datos climáticos NASA
2025-06-02 21:04:15,972 [INFO] Datos JSON preparados para envío
2025-06-02 21:04:17,024 [INFO] Lectura BMP390
2025-06-02 21:04:17,209 [INFO] Lectura LTR390
2025-06-02 21:04:17,213 [INFO] Lectura desde ESP32-S3 por serial
2025-06-02 21:04:32,243 [ERROR] Error al leer datos climáticos NASA
2025-06-02 21:04:32,244 [INFO] Datos JSON preparados para envío
2025-06-02 21:04:33,297 [INFO] Lectura BMP390
2025-06-02 21:04:33,485 [INFO] Lectura LTR390
2025-06-02 21:04:33,488 [INFO] Lectura desde ESP32-S3 por serial
2025-06-02 21:04:33,499 [ERROR] Error al leer datos climáticos NASA
2025-06-02 21:04:33,500 [INFO] Datos JSON preparados para envío
2025-06-02 21:04:34,554 [INFO] Lectura BMP390
2025-06-02 21:04:34,735 [INFO] Lectura LTR390
2025-06-02 21:04:34,742 [INFO] Lectura desde ESP32-S3 por serial
2025-06-02 21:04:38,384 [INFO] Lectura datos climáticos NASA
2025-06-02 21:04:38,387 [INFO] Datos JSON preparados para envío
2025-06-02 21:04:39,442 [INFO] Lectura BMP390
2025-06-02 21:04:39,626 [INFO] Lectura LTR390
2025-06-02 21:04:39,632 [INFO] Lectura desde ESP32-S3 por serial
2025-06-02 21:04:43,647 [INFO] Lectura datos climáticos NASA
2025-06-02 21:04:43,649 [INFO] Datos JSON preparados para envío
2025-06-02 21:04:44,702 [INFO] Lectura BMP390
2025-06-02 21:04:44,887 [INFO] Lectura LTR390
2025-06-02 21:04:44,893 [INFO] Lectura desde ESP32-S3 por serial
2025-06-02 21:04:49,171 [INFO] Lectura datos climáticos NASA
2025-06-02 21:04:49,174 [INFO] Datos JSON preparados para envío
2025-06-02 21:04:50,226 [INFO] Lectura BMP390
2025-06-02 21:04:50,411 [INFO] Lectura LTR390
2025-06-02 21:04:50,417 [INFO] Lectura desde ESP32-S3 por serial
2025-06-02 21:04:54,707 [INFO] Lectura datos climáticos NASA
2025-06-02 21:04:54,709 [INFO] Datos JSON preparados para envío
2025-06-02 21:04:55,761 [INFO] Lectura BMP390
2025-06-02 21:04:55,947 [INFO] Lectura LTR390
2025-06-02 21:04:55,953 [INFO] Lectura desde ESP32-S3 por serial
2025-06-02 21:04:59,319 [INFO] Lectura datos climáticos NASA
2025-06-02 21:04:59,322 [INFO] Datos JSON preparados para envío
2025-06-02 21:05:00,374 [INFO] Lectura BMP390
2025-06-02 21:05:00,555 [INFO] Lectura LTR390
2025-06-02 21:05:00,562 [INFO] Lectura desde ESP32-S3 por serial
2025-06-02 21:05:04,935 [INFO] Lectura datos climáticos NASA
2025-06-02 21:05:04,938 [INFO] Datos JSON preparados para envío
2025-06-02 21:05:06,016 [INFO] Lectura BMP390
2025-06-02 21:05:06,193 [INFO] Lectura LTR390
2025-06-02 21:05:06,196 [INFO] Lectura desde ESP32-S3 por serial
2025-06-02 21:05:09,608 [INFO] Lectura datos climáticos NASA
2025-06-02 21:05:09,611 [INFO] Datos JSON preparados para envío
2025-06-02 21:05:10,663 [INFO] Lectura BMP390
2025-06-02 21:05:10,848 [INFO] Lectura LTR390
2025-06-02 21:05:10,854 [INFO] Lectura desde ESP32-S3 por serial
2025-06-02 21:05:14,304 [INFO] Lectura datos climáticos NASA
2025-06-02 21:05:14,307 [INFO] Datos JSON preparados para envío
2025-06-02 21:05:15,363 [INFO] Lectura BMP390
2025-06-02 21:05:15,543 [INFO] Lectura LTR390
2025-06-02 21:05:15,549 [INFO] Lectura desde ESP32-S3 por serial
2025-06-02 21:05:19,284 [INFO] Lectura datos climáticos NASA
2025-06-02 21:05:19,285 [INFO] Datos JSON preparados para envío
2025-06-02 21:05:20,338 [INFO] Lectura BMP390
2025-06-02 21:05:20,518 [INFO] Lectura LTR390
2025-06-02 21:05:20,525 [INFO] Lectura desde ESP32-S3 por serial
2025-06-02 21:05:24,201 [INFO] Lectura datos climáticos NASA
2025-06-02 21:05:24,204 [INFO] Datos JSON preparados para envío
2025-06-02 21:05:25,256 [INFO] Lectura BMP390
2025-06-02 21:05:25,437 [INFO] Lectura LTR390
2025-06-02 21:05:25,442 [INFO] Lectura desde ESP32-S3 por serial
2025-06-02 21:05:28,970 [INFO] Lectura datos climáticos NASA
2025-06-02 21:05:28,973 [INFO] Datos JSON preparados para envío
2025-06-02 21:05:30,025 [INFO] Lectura BMP390
2025-06-02 21:05:30,206 [INFO] Lectura LTR390
2025-06-02 21:05:30,210 [INFO] Lectura desde ESP32-S3 por serial
2025-06-02 21:05:33,653 [INFO] Lectura datos climáticos NASA
2025-06-02 21:05:33,656 [INFO] Datos JSON preparados para envío
2025-06-02 21:05:34,708 [INFO] Lectura BMP390
2025-06-02 21:05:34,890 [INFO] Lectura LTR390
2025-06-02 21:05:34,896 [INFO] Lectura desde ESP32-S3 por serial
2025-06-02 21:05:39,315 [INFO] Lectura datos climáticos NASA
2025-06-02 21:05:39,318 [INFO] Datos JSON preparados para envío
2025-06-02 21:05:40,373 [INFO] Lectura BMP390
2025-06-02 21:05:40,558 [INFO] Lectura LTR390
2025-06-02 21:05:40,564 [INFO] Lectura desde ESP32-S3 por serial
2025-06-02 21:06:02,179 [INFO] Lectura datos climáticos NASA
2025-06-02 21:06:02,181 [INFO] Datos JSON preparados para envío
2025-06-02 21:06:03,234 [INFO] Lectura BMP390
2025-06-02 21:06:03,417 [INFO] Lectura LTR390
2025-06-02 21:06:03,423 [INFO] Lectura desde ESP32-S3 por serial
2025-06-02 21:06:07,398 [INFO] Lectura datos climáticos NASA
2025-06-02 21:06:07,400 [INFO] Datos JSON preparados para envío
2025-06-02 21:06:08,451 [INFO] Lectura BMP390
2025-06-02 21:06:08,631 [INFO] Lectura LTR390
2025-06-02 21:06:08,634 [INFO] Lectura desde ESP32-S3 por serial
2025-06-02 21:06:12,433 [INFO] Lectura datos climáticos NASA
2025-06-02 21:06:12,437 [INFO] Datos JSON preparados para envío
2025-06-02 21:06:13,489 [INFO] Lectura BMP390
2025-06-02 21:06:13,669 [INFO] Lectura LTR390
2025-06-02 21:06:13,675 [INFO] Lectura desde ESP32-S3 por serial
2025-06-02 21:06:17,244 [INFO] Lectura datos climáticos NASA
2025-06-02 21:06:17,247 [INFO] Datos JSON preparados para envío
2025-06-02 21:06:18,300 [INFO] Lectura BMP390
2025-06-02 21:06:18,479 [INFO] Lectura LTR390
2025-06-02 21:06:18,485 [INFO] Lectura desde ESP32-S3 por serial
2025-06-02 21:06:22,262 [INFO] Lectura datos climáticos NASA
2025-06-02 21:06:22,265 [INFO] Datos JSON preparados para envío
2025-06-02 21:06:23,318 [INFO] Lectura BMP390
2025-06-02 21:06:23,499 [INFO] Lectura LTR390
2025-06-02 21:06:23,505 [INFO] Lectura desde ESP32-S3 por serial
2025-06-02 21:06:27,792 [INFO] Lectura datos climáticos NASA
2025-06-02 21:06:27,795 [INFO] Datos JSON preparados para envío
2025-06-02 21:06:28,848 [INFO] Lectura BMP390
2025-06-02 21:06:29,027 [INFO] Lectura LTR390
2025-06-02 21:06:29,033 [INFO] Lectura desde ESP32-S3 por serial
2025-06-02 21:06:32,525 [INFO] Lectura datos climáticos NASA
2025-06-02 21:06:32,527 [INFO] Datos JSON preparados para envío
2025-06-02 21:06:33,580 [INFO] Lectura BMP390
2025-06-02 21:06:33,761 [INFO] Lectura LTR390
2025-06-02 21:06:33,766 [INFO] Lectura desde ESP32-S3 por serial
2025-06-02 21:06:37,043 [INFO] 192.168.95.141 - - [02/Jun/2025 21:06:37] "GET / HTTP/1.1" 200 -
2025-06-02 21:06:37,133 [INFO] 192.168.95.141 - - [02/Jun/2025 21:06:37] "[33mGET /favicon.ico HTTP/1.1[0m" 404 -
2025-06-02 21:06:37,641 [INFO] Lectura datos climáticos NASA
2025-06-02 21:06:37,644 [INFO] Datos JSON preparados para envío
2025-06-02 21:06:38,696 [INFO] Lectura BMP390
2025-06-02 21:06:38,878 [INFO] Lectura LTR390
2025-06-02 21:06:38,883 [INFO] Lectura desde ESP32-S3 por serial
2025-06-02 21:06:42,845 [INFO] Lectura datos climáticos NASA
2025-06-02 21:06:42,850 [INFO] Datos JSON preparados para envío
2025-06-02 21:06:43,903 [INFO] Lectura BMP390
2025-06-02 21:06:44,095 [INFO] Lectura LTR390
2025-06-02 21:06:44,098 [INFO] Lectura desde ESP32-S3 por serial
2025-06-02 21:06:45,855 [INFO] Movimiento hacia adelante
2025-06-02 21:06:45,869 [INFO] 192.168.95.141 - - [02/Jun/2025 21:06:45] "POST /mover HTTP/1.1" 200 -
2025-06-02 21:06:47,533 [INFO] 192.168.95.141 - - [02/Jun/2025 21:06:47] "GET / HTTP/1.1" 200 -
2025-06-02 21:06:48,437 [INFO] Lectura datos climáticos NASA
2025-06-02 21:06:48,440 [INFO] Datos JSON preparados para envío
2025-06-02 21:06:49,498 [INFO] Lectura BMP390
2025-06-02 21:06:49,693 [INFO] Lectura LTR390
2025-06-02 21:06:49,699 [INFO] Lectura desde ESP32-S3 por serial
2025-06-02 21:06:51,927 [INFO] 192.168.95.141 - - [02/Jun/2025 21:06:51] "POST /mover HTTP/1.1" 200 -
2025-06-02 21:06:51,928 [INFO] Movimiento hacia atrás
2025-06-02 21:06:53,727 [INFO] Lectura datos climáticos NASA
2025-06-02 21:06:53,730 [INFO] Datos JSON preparados para envío
2025-06-02 21:06:54,788 [INFO] Lectura BMP390
2025-06-02 21:06:54,984 [INFO] Lectura LTR390
2025-06-02 21:06:54,989 [INFO] Lectura desde ESP32-S3 por serial
2025-06-02 21:06:55,125 [INFO] Movimiento hacia atrás
2025-06-02 21:06:56,876 [INFO] 192.168.95.141 - - [02/Jun/2025 21:06:56] "GET / HTTP/1.1" 200 -
2025-06-02 21:06:57,670 [INFO] 192.168.95.141 - - [02/Jun/2025 21:06:57] "POST /mover HTTP/1.1" 200 -
2025-06-02 21:06:58,535 [INFO] Lectura datos climáticos NASA
2025-06-02 21:06:58,538 [INFO] Datos JSON preparados para envío
2025-06-02 21:06:58,979 [INFO] 192.168.95.141 - - [02/Jun/2025 21:06:58] "GET / HTTP/1.1" 200 -
2025-06-02 21:06:59,591 [INFO] Lectura BMP390
2025-06-02 21:06:59,775 [INFO] Lectura LTR390
2025-06-02 21:06:59,781 [INFO] Lectura desde ESP32-S3 por serial
2025-06-02 21:07:04,040 [INFO] Lectura datos climáticos NASA
2025-06-02 21:07:04,044 [INFO] Datos JSON preparados para envío
2025-06-02 21:07:04,342 [INFO] Movimiento a la derecha
2025-06-02 21:07:04,345 [INFO] 192.168.95.141 - - [02/Jun/2025 21:07:04] "POST /mover HTTP/1.1" 200 -
2025-06-02 21:07:05,104 [INFO] Lectura BMP390
2025-06-02 21:07:05,292 [INFO] Lectura LTR390
2025-06-02 21:07:05,299 [INFO] Lectura desde ESP32-S3 por serial
2025-06-02 21:07:07,539 [INFO] Movimiento a la derecha
2025-06-02 21:07:10,612 [INFO] Movimiento a la derecha
2025-06-02 21:07:13,767 [INFO] Movimiento a la derecha
2025-06-02 21:07:16,906 [INFO] Movimiento a la derecha
2025-06-02 21:07:20,035 [INFO] Movimiento a la derecha
2025-06-02 21:07:23,141 [INFO] Movimiento a la derecha
2025-06-02 21:07:25,346 [ERROR] Error al leer datos climáticos NASA
2025-06-02 21:07:25,348 [INFO] Datos JSON preparados para envío
2025-06-02 21:07:26,324 [INFO] Movimiento a la derecha
2025-06-02 21:07:26,405 [INFO] Lectura BMP390
2025-06-02 21:07:26,601 [INFO] Lectura LTR390
2025-06-02 21:07:26,608 [INFO] Lectura desde ESP32-S3 por serial
2025-06-02 21:07:29,497 [INFO] Movimiento a la derecha
2025-06-02 21:07:30,358 [INFO] Lectura datos climáticos NASA
2025-06-02 21:07:30,361 [INFO] Datos JSON preparados para envío
2025-06-02 21:07:31,421 [INFO] Lectura BMP390
2025-06-02 21:07:31,609 [INFO] Lectura LTR390
2025-06-02 21:07:31,615 [INFO] Lectura desde ESP32-S3 por serial
2025-06-02 21:07:32,652 [INFO] Movimiento a la derecha
2025-06-02 21:07:35,761 [INFO] Movimiento a la derecha
2025-06-02 21:07:35,992 [INFO] Lectura datos climáticos NASA
2025-06-02 21:07:35,995 [INFO] Datos JSON preparados para envío
2025-06-02 21:07:37,053 [INFO] Lectura BMP390
2025-06-02 21:07:37,249 [INFO] Lectura LTR390
2025-06-02 21:07:37,255 [INFO] Lectura desde ESP32-S3 por serial
2025-06-02 21:07:38,939 [INFO] Movimiento a la derecha
2025-06-02 21:07:40,905 [INFO] Lectura datos climáticos NASA
2025-06-02 21:07:40,908 [INFO] Datos JSON preparados para envío
2025-06-02 21:07:41,222 [INFO] 192.168.95.141 - - [02/Jun/2025 21:07:41] "GET / HTTP/1.1" 200 -
2025-06-02 21:07:41,968 [INFO] Lectura BMP390
2025-06-02 21:07:42,160 [INFO] Lectura LTR390
2025-06-02 21:07:42,167 [INFO] Lectura desde ESP32-S3 por serial
2025-06-02 21:07:44,835 [INFO] 192.168.95.141 - - [02/Jun/2025 21:07:44] "POST /mover HTTP/1.1" 200 -
2025-06-02 21:07:44,847 [INFO] 192.168.95.141 - - [02/Jun/2025 21:07:44] "POST /mover HTTP/1.1" 200 -
2025-06-02 21:07:45,675 [INFO] Lectura datos climáticos NASA
2025-06-02 21:07:45,676 [INFO] Datos JSON preparados para envío
2025-06-02 21:07:46,730 [INFO] Lectura BMP390
2025-06-02 21:07:46,910 [INFO] Lectura LTR390
2025-06-02 21:07:46,917 [INFO] Lectura desde ESP32-S3 por serial
2025-06-02 21:07:50,736 [INFO] Lectura datos climáticos NASA
2025-06-02 21:07:50,739 [INFO] Datos JSON preparados para envío
2025-06-02 21:07:51,791 [INFO] Lectura BMP390
2025-06-02 21:07:51,973 [INFO] Lectura LTR390
2025-06-02 21:07:51,979 [INFO] Lectura desde ESP32-S3 por serial
2025-06-02 21:07:56,266 [INFO] Lectura datos climáticos NASA
2025-06-02 21:07:56,268 [INFO] Datos JSON preparados para envío
2025-06-02 21:07:57,320 [INFO] Lectura BMP390
2025-06-02 21:07:57,497 [INFO] Lectura LTR390
2025-06-02 21:07:57,500 [INFO] Lectura desde ESP32-S3 por serial
2025-06-02 21:07:58,601 [INFO] 192.168.95.141 - - [02/Jun/2025 21:07:58] "GET / HTTP/1.1" 200 -
2025-06-02 21:08:02,106 [INFO] Lectura datos climáticos NASA
2025-06-02 21:08:02,110 [INFO] Datos JSON preparados para envío
2025-06-02 21:08:03,164 [INFO] Lectura BMP390
2025-06-02 21:08:03,346 [INFO] Lectura LTR390
2025-06-02 21:08:03,352 [INFO] Lectura desde ESP32-S3 por serial
2025-06-02 21:08:07,018 [INFO] Lectura datos climáticos NASA
2025-06-02 21:08:07,021 [INFO] Datos JSON preparados para envío
2025-06-02 21:08:08,073 [INFO] Lectura BMP390
2025-06-02 21:08:08,252 [INFO] Lectura LTR390
2025-06-02 21:08:08,256 [INFO] Lectura desde ESP32-S3 por serial
2025-06-02 21:08:12,395 [INFO] Lectura datos climáticos NASA
2025-06-02 21:08:12,398 [INFO] Datos JSON preparados para envío
2025-06-02 21:08:13,453 [INFO] Lectura BMP390
2025-06-02 21:08:13,634 [INFO] Lectura LTR390
2025-06-02 21:08:13,640 [INFO] Lectura desde ESP32-S3 por serial
2025-06-02 21:08:17,770 [INFO] Lectura datos climáticos NASA
2025-06-02 21:08:17,773 [INFO] Datos JSON preparados para envío
2025-06-02 21:08:18,825 [INFO] Lectura BMP390
                                                                                                                                                                                                                                                                                                                                                                                                                                                                                                                                                                                                                                                                                                                                                                                                                                                                                                                                                                                                                                                                 