2025-05-22 17:35:19,799 [INFO] Inicio del sistema
2025-05-22 17:35:20,865 [INFO] Movimiento detenido
2025-05-22 17:35:20,895 [INFO] [31m[1mWARNING: This is a development server. Do not use it in a production deployment. Use a production WSGI server instead.[0m
 * Running on all addresses (0.0.0.0)
 * Running on http://127.0.0.1:5000
 * Running on http://192.168.95.239:5000
2025-05-22 17:35:20,897 [INFO] [33mPress CTRL+C to quit[0m
2025-05-22 17:35:20,931 [INFO] Lectura BMP390
2025-05-22 17:35:21,024 [INFO] Movimiento detenido
2025-05-22 17:35:21,138 [INFO] Movimiento detenido
2025-05-22 17:35:21,155 [INFO] Lectura LTR390
2025-05-22 17:35:21,164 [WARNING] Lectura serial fallida o formato incorrecto
2025-05-22 17:35:21,167 [WARNING] GPS sin señal
2025-05-22 17:35:21,169 [INFO] Datos JSON preparados para envío
2025-05-22 17:35:21,253 [INFO] Movimiento detenido
2025-05-22 17:35:21,365 [INFO] Movimiento detenido
2025-05-22 17:35:21,477 [INFO] Movimiento detenido
2025-05-22 17:35:21,589 [INFO] Movimiento detenido
2025-05-22 17:35:21,702 [INFO] Movimiento detenido
2025-05-22 17:35:21,815 [INFO] Movimiento detenido
2025-05-22 17:35:21,927 [INFO] Movimiento detenido
2025-05-22 17:35:22,040 [INFO] Movimiento detenido
2025-05-22 17:35:22,153 [INFO] Movimiento detenido
2025-05-22 17:35:22,223 [INFO] Lectura BMP390
2025-05-22 17:35:22,265 [INFO] Movimiento detenido
2025-05-22 17:35:22,378 [INFO] Movimiento detenido
2025-05-22 17:35:22,401 [INFO] Lectura LTR390
2025-05-22 17:35:22,406 [INFO] Lectura desde ESP32-S3 por serial
2025-05-22 17:35:22,490 [INFO] Movimiento detenido
2025-05-22 17:35:22,602 [INFO] Movimiento detenido
2025-05-22 17:35:22,714 [INFO] Movimiento detenido
2025-05-22 17:35:22,826 [INFO] Movimiento detenido
2025-05-22 17:35:22,938 [INFO] Movimiento detenido
2025-05-22 17:35:23,057 [INFO] Movimiento detenido
2025-05-22 17:35:23,170 [INFO] Movimiento detenido
2025-05-22 17:35:23,282 [INFO] Movimiento detenido
2025-05-22 17:35:23,395 [INFO] Movimiento detenido
2025-05-22 17:35:23,507 [INFO] Movimiento detenido
2025-05-22 17:35:23,618 [INFO] Movimiento detenido
2025-05-22 17:35:23,730 [INFO] Movimiento detenido
2025-05-22 17:35:23,844 [INFO] Movimiento detenido
2025-05-22 17:35:23,956 [INFO] Movimiento detenido
2025-05-22 17:35:24,067 [INFO] Movimiento detenido
2025-05-22 17:35:24,179 [INFO] Movimiento detenido
2025-05-22 17:35:24,291 [INFO] Movimiento detenido
2025-05-22 17:35:24,403 [INFO] Movimiento detenido
2025-05-22 17:35:24,515 [INFO] Movimiento detenido
2025-05-22 17:35:24,627 [INFO] Movimiento detenido
2025-05-22 17:35:24,740 [INFO] Movimiento detenido
2025-05-22 17:35:24,852 [INFO] Movimiento detenido
2025-05-22 17:35:24,966 [INFO] Movimiento detenido
2025-05-22 17:35:25,080 [INFO] Movimiento detenido
2025-05-22 17:35:25,191 [INFO] Movimiento detenido
2025-05-22 17:35:25,302 [INFO] Movimiento detenido
2025-05-22 17:35:25,413 [INFO] Movimiento detenido
2025-05-22 17:35:25,524 [INFO] Movimiento detenido
2025-05-22 17:35:25,635 [INFO] Movimiento detenido
2025-05-22 17:35:25,747 [INFO] Movimiento detenido
2025-05-22 17:35:25,859 [INFO] Movimiento detenido
2025-05-22 17:35:25,971 [INFO] Movimiento detenido
2025-05-22 17:35:26,083 [INFO] Movimiento detenido
2025-05-22 17:35:26,195 [INFO] Movimiento detenido
2025-05-22 17:35:26,307 [INFO] Movimiento detenido
2025-05-22 17:35:26,391 [INFO] Lectura datos climáticos NASA
2025-05-22 17:35:26,396 [INFO] Datos JSON preparados para envío
2025-05-22 17:35:26,420 [INFO] Movimiento detenido
2025-05-22 17:35:26,532 [INFO] Movimiento detenido
2025-05-22 17:35:26,644 [INFO] Movimiento detenido
2025-05-22 17:35:26,756 [INFO] Movimiento detenido
2025-05-22 17:35:26,869 [INFO] Movimiento detenido
2025-05-22 17:35:26,981 [INFO] Movimiento detenido
2025-05-22 17:35:27,093 [INFO] Movimiento detenido
2025-05-22 17:35:27,206 [INFO] Movimiento detenido
2025-05-22 17:35:27,318 [INFO] Movimiento detenido
2025-05-22 17:35:27,430 [INFO] Movimiento detenido
2025-05-22 17:35:27,448 [INFO] Lectura BMP390
2025-05-22 17:35:27,545 [INFO] Movimiento detenido
2025-05-22 17:35:27,631 [INFO] Lectura LTR390
2025-05-22 17:35:27,636 [INFO] Lectura desde ESP32-S3 por serial
2025-05-22 17:35:27,657 [INFO] Movimiento detenido
2025-05-22 17:35:27,769 [INFO] Movimiento detenido
2025-05-22 17:35:27,882 [INFO] Movimiento detenido
2025-05-22 17:35:27,994 [INFO] Movimiento detenido
2025-05-22 17:35:28,110 [INFO] Movimiento detenido
2025-05-22 17:35:28,224 [INFO] Movimiento detenido
2025-05-22 17:35:28,338 [INFO] Movimiento detenido
2025-05-22 17:35:28,450 [INFO] Movimiento detenido
2025-05-22 17:35:28,563 [INFO] Movimiento detenido
2025-05-22 17:35:28,675 [INFO] Movimiento detenido
2025-05-22 17:35:28,787 [INFO] Movimiento detenido
2025-05-22 17:35:28,899 [INFO] Movimiento detenido
2025-05-22 17:35:29,012 [INFO] Movimiento detenido
2025-05-22 17:35:29,124 [INFO] Movimiento detenido
2025-05-22 17:35:29,236 [INFO] Movimiento detenido
2025-05-22 17:35:29,348 [INFO] Movimiento detenido
2025-05-22 17:35:29,460 [INFO] Movimiento detenido
2025-05-22 17:35:29,572 [INFO] Movimiento detenido
2025-05-22 17:35:29,684 [INFO] Movimiento detenido
2025-05-22 17:35:29,798 [INFO] Movimiento detenido
2025-05-22 17:35:29,913 [INFO] Movimiento detenido
2025-05-22 17:35:30,026 [INFO] Movimiento detenido
2025-05-22 17:35:30,137 [INFO] Movimiento detenido
2025-05-22 17:35:30,248 [INFO] Movimiento detenido
2025-05-22 17:35:30,360 [INFO] Movimiento detenido
2025-05-22 17:35:30,471 [INFO] Movimiento detenido
2025-05-22 17:35:30,582 [INFO] Movimiento detenido
2025-05-22 17:35:30,693 [INFO] Movimiento detenido
2025-05-22 17:35:30,805 [INFO] Movimiento detenido
2025-05-22 17:35:30,849 [INFO] Lectura datos climáticos NASA
2025-05-22 17:35:30,854 [INFO] Datos JSON preparados para envío
2025-05-22 17:35:30,917 [INFO] Movimiento detenido
2025-05-22 17:35:31,030 [INFO] Movimiento detenido
2025-05-22 17:35:31,143 [INFO] Movimiento detenido
2025-05-22 17:35:31,256 [INFO] Movimiento detenido
2025-05-22 17:35:31,368 [INFO] Movimiento detenido
2025-05-22 17:35:31,481 [INFO] Movimiento detenido
2025-05-22 17:35:31,594 [INFO] Movimiento detenido
2025-05-22 17:35:31,706 [INFO] Movimiento detenido
2025-05-22 17:35:31,819 [INFO] Movimiento detenido
2025-05-22 17:35:31,907 [INFO] Lectura BMP390
2025-05-22 17:35:31,931 [INFO] Movimiento detenido
2025-05-22 17:35:32,044 [INFO] Movimiento detenido
2025-05-22 17:35:32,093 [INFO] Lectura LTR390
2025-05-22 17:35:32,100 [INFO] Lectura desde ESP32-S3 por serial
2025-05-22 17:35:32,160 [INFO] Movimiento detenido
2025-05-22 17:35:32,272 [INFO] Movimiento detenido
2025-05-22 17:35:32,385 [INFO] Movimiento detenido
2025-05-22 17:35:32,497 [INFO] Movimiento detenido
2025-05-22 17:35:32,610 [INFO] Movimiento detenido
2025-05-22 17:35:32,722 [INFO] Movimiento detenido
2025-05-22 17:35:32,835 [INFO] Movimiento detenido
2025-05-22 17:35:32,947 [INFO] Movimiento detenido
2025-05-22 17:35:33,059 [INFO] Movimiento detenido
2025-05-22 17:35:33,170 [INFO] Movimiento detenido
2025-05-22 17:35:33,283 [INFO] Movimiento detenido
2025-05-22 17:35:33,394 [INFO] Movimiento detenido
2025-05-22 17:35:33,507 [INFO] Movimiento detenido
2025-05-22 17:35:33,619 [INFO] Movimiento detenido
2025-05-22 17:35:33,732 [INFO] Movimiento detenido
2025-05-22 17:35:33,844 [INFO] Movimiento detenido
2025-05-22 17:35:33,957 [INFO] Movimiento detenido
2025-05-22 17:35:34,069 [INFO] Movimiento detenido
2025-05-22 17:35:34,181 [INFO] Movimiento detenido
2025-05-22 17:35:34,294 [INFO] Movimiento detenido
2025-05-22 17:35:34,408 [INFO] Movimiento detenido
2025-05-22 17:35:34,520 [INFO] Movimiento detenido
2025-05-22 17:35:34,633 [INFO] Movimiento detenido
2025-05-22 17:35:34,746 [INFO] Movimiento detenido
2025-05-22 17:35:34,859 [INFO] Movimiento detenido
2025-05-22 17:35:34,971 [INFO] Movimiento detenido
2025-05-22 17:35:35,003 [ERROR] Exception on / [GET]
Traceback (most recent call last):
  File "/home/farmtech/FarmTech/.venv/lib/python3.11/site-packages/flask/app.py", line 1511, in wsgi_app
    response = self.full_dispatch_request()
               ^^^^^^^^^^^^^^^^^^^^^^^^^^^^
  File "/home/farmtech/FarmTech/.venv/lib/python3.11/site-packages/flask/app.py", line 919, in full_dispatch_request
    rv = self.handle_user_exception(e)
         ^^^^^^^^^^^^^^^^^^^^^^^^^^^^^
  File "/home/farmtech/FarmTech/.venv/lib/python3.11/site-packages/flask/app.py", line 917, in full_dispatch_request
    rv = self.dispatch_request()
         ^^^^^^^^^^^^^^^^^^^^^^^
  File "/home/farmtech/FarmTech/.venv/lib/python3.11/site-packages/flask/app.py", line 902, in dispatch_request
    return self.ensure_sync(self.view_functions[rule.endpoint])(**view_args)  # type: ignore[no-any-return]
           ^^^^^^^^^^^^^^^^^^^^^^^^^^^^^^^^^^^^^^^^^^^^^^^^^^^^^^^^^^^^^^^^^
  File "/home/farmtech/FarmTech/utils/webserver.py", line 11, in index
    return render_template("index.html")
           ^^^^^^^^^^^^^^^^^^^^^^^^^^^^^
  File "/home/farmtech/FarmTech/.venv/lib/python3.11/site-packages/flask/templating.py", line 149, in render_template
    template = app.jinja_env.get_or_select_template(template_name_or_list)
               ^^^^^^^^^^^^^^^^^^^^^^^^^^^^^^^^^^^^^^^^^^^^^^^^^^^^^^^^^^^
  File "/home/farmtech/FarmTech/.venv/lib/python3.11/site-packages/jinja2/environment.py", line 1087, in get_or_select_template
    return self.get_template(template_name_or_list, parent, globals)
           ^^^^^^^^^^^^^^^^^^^^^^^^^^^^^^^^^^^^^^^^^^^^^^^^^^^^^^^^^
  File "/home/farmtech/FarmTech/.venv/lib/python3.11/site-packages/jinja2/environment.py", line 1016, in get_template
    return self._load_template(name, globals)
           ^^^^^^^^^^^^^^^^^^^^^^^^^^^^^^^^^^
  File "/home/farmtech/FarmTech/.venv/lib/python3.11/site-packages/jinja2/environment.py", line 975, in _load_template
    template = self.loader.load(self, name, self.make_globals(globals))
               ^^^^^^^^^^^^^^^^^^^^^^^^^^^^^^^^^^^^^^^^^^^^^^^^^^^^^^^^
  File "/home/farmtech/FarmTech/.venv/lib/python3.11/site-packages/jinja2/loaders.py", line 126, in load
    source, filename, uptodate = self.get_source(environment, name)
                                 ^^^^^^^^^^^^^^^^^^^^^^^^^^^^^^^^^^
  File "/home/farmtech/FarmTech/.venv/lib/python3.11/site-packages/flask/templating.py", line 65, in get_source
    return self._get_source_fast(environment, template)
           ^^^^^^^^^^^^^^^^^^^^^^^^^^^^^^^^^^^^^^^^^^^^
  File "/home/farmtech/FarmTech/.venv/lib/python3.11/site-packages/flask/templating.py", line 99, in _get_source_fast
    raise TemplateNotFound(template)
jinja2.exceptions.TemplateNotFound: index.html
2025-05-22 17:35:35,014 [INFO] 192.168.95.177 - - [22/May/2025 17:35:35] "[35m[1mGET / HTTP/1.1[0m" 500 -
2025-05-22 17:35:35,084 [INFO] Movimiento detenido
2025-05-22 17:35:35,197 [INFO] Movimiento detenido
2025-05-22 17:35:35,309 [INFO] Movimiento detenido
2025-05-22 17:35:35,414 [INFO] Lectura datos climáticos NASA
2025-05-22 17:35:35,418 [INFO] Datos JSON preparados para envío
2025-05-22 17:35:35,421 [INFO] Movimiento detenido
2025-05-22 17:35:35,536 [INFO] Movimiento detenido
2025-05-22 17:35:35,650 [INFO] Movimiento detenido
2025-05-22 17:35:35,743 [INFO] 192.168.95.177 - - [22/May/2025 17:35:35] "[33mGET /favicon.ico HTTP/1.1[0m" 404 -
2025-05-22 17:35:35,764 [INFO] Movimiento detenido
2025-05-22 17:35:35,875 [INFO] Movimiento detenido
2025-05-22 17:35:35,986 [INFO] Movimiento detenido
2025-05-22 17:35:36,098 [INFO] Movimiento detenido
2025-05-22 17:35:36,209 [INFO] Movimiento detenido
2025-05-22 17:35:36,320 [INFO] Movimiento detenido
2025-05-22 17:35:36,431 [INFO] Movimiento detenido
2025-05-22 17:35:36,472 [INFO] Lectura BMP390
2025-05-22 17:35:36,544 [INFO] Movimiento detenido
2025-05-22 17:35:36,655 [INFO] Lectura LTR390
2025-05-22 17:35:36,657 [INFO] Movimiento detenido
2025-05-22 17:35:36,665 [INFO] Lectura desde ESP32-S3 por serial
2025-05-22 17:35:36,782 [INFO] Movimiento detenido
2025-05-22 17:35:36,894 [INFO] Movimiento detenido
2025-05-22 17:35:37,006 [INFO] Movimiento detenido
2025-05-22 17:35:37,119 [INFO] Movimiento detenido
2025-05-22 17:35:37,232 [INFO] Movimiento detenido
2025-05-22 17:35:37,345 [INFO] Movimiento detenido
2025-05-22 17:35:37,457 [INFO] Movimiento detenido
2025-05-22 17:35:37,569 [INFO] Movimiento detenido
2025-05-22 17:35:37,682 [INFO] Movimiento detenido
2025-05-22 17:35:37,795 [INFO] Movimiento detenido
2025-05-22 17:35:37,908 [INFO] Movimiento detenido
2025-05-22 17:35:38,020 [INFO] Movimiento detenido
2025-05-22 17:35:38,133 [INFO] Movimiento detenido
2025-05-22 17:35:38,247 [INFO] Movimiento detenido
2025-05-22 17:35:38,358 [INFO] Movimiento detenido
2025-05-22 17:35:38,470 [INFO] Movimiento detenido
2025-05-22 17:35:38,582 [INFO] Movimiento detenido
2025-05-22 17:35:38,695 [INFO] Movimiento detenido
2025-05-22 17:35:38,806 [INFO] Movimiento detenido
2025-05-22 17:35:38,918 [INFO] Movimiento detenido
2025-05-22 17:35:39,031 [INFO] Movimiento detenido
2025-05-22 17:35:39,145 [INFO] Movimiento detenido
2025-05-22 17:35:39,258 [INFO] Movimiento detenido
2025-05-22 17:35:39,371 [INFO] Movimiento detenido
2025-05-22 17:35:39,483 [INFO] Movimiento detenido
2025-05-22 17:35:39,595 [INFO] Movimiento detenido
2025-05-22 17:35:39,707 [INFO] Movimiento detenido
2025-05-22 17:35:39,819 [INFO] Movimiento detenido
2025-05-22 17:35:39,932 [INFO] Movimiento detenido
2025-05-22 17:35:40,045 [INFO] Movimiento detenido
2025-05-22 17:35:40,157 [INFO] Movimiento detenido
2025-05-22 17:35:40,268 [INFO] Movimiento detenido
2025-05-22 17:35:40,299 [INFO] Lectura datos climáticos NASA
2025-05-22 17:35:40,302 [INFO] Datos JSON preparados para envío
2025-05-22 17:35:40,379 [INFO] Movimiento detenido
2025-05-22 17:35:40,490 [INFO] Movimiento detenido
2025-05-22 17:35:40,601 [INFO] Movimiento detenido
2025-05-22 17:35:40,713 [INFO] Movimiento detenido
2025-05-22 17:35:40,825 [INFO] Movimiento detenido
2025-05-22 17:35:40,938 [INFO] Movimiento detenido
2025-05-22 17:35:41,050 [INFO] Movimiento detenido
2025-05-22 17:35:41,162 [INFO] Movimiento detenido
2025-05-22 17:35:41,274 [INFO] Movimiento detenido
2025-05-22 17:35:41,354 [INFO] Lectura BMP390
2025-05-22 17:35:41,386 [INFO] Movimiento detenido
2025-05-22 17:35:41,503 [INFO] Movimiento detenido
2025-05-22 17:35:41,542 [INFO] Lectura LTR390
2025-05-22 17:35:41,547 [INFO] Lectura desde ESP32-S3 por serial
2025-05-22 17:35:41,616 [INFO] Movimiento detenido
2025-05-22 17:35:41,744 [INFO] Movimiento detenido
2025-05-22 17:35:41,858 [INFO] Movimiento detenido
2025-05-22 17:35:41,971 [INFO] Movimiento detenido
2025-05-22 17:35:42,086 [INFO] Movimiento detenido
2025-05-22 17:35:42,199 [INFO] Movimiento detenido
2025-05-22 17:35:42,312 [INFO] Movimiento detenido
2025-05-22 17:35:42,426 [INFO] Movimiento detenido
2025-05-22 17:35:42,538 [INFO] Movimiento detenido
2025-05-22 17:35:42,650 [INFO] Movimiento detenido
2025-05-22 17:35:42,762 [INFO] Movimiento detenido
2025-05-22 17:35:42,875 [INFO] Movimiento detenido
2025-05-22 17:35:42,989 [INFO] Movimiento detenido
2025-05-22 17:35:43,103 [INFO] Movimiento detenido
2025-05-22 17:35:43,216 [INFO] Movimiento detenido
2025-05-22 17:35:43,328 [INFO] Movimiento detenido
2025-05-22 17:35:43,440 [INFO] Movimiento detenido
2025-05-22 17:35:43,553 [INFO] Movimiento detenido
2025-05-22 17:35:43,666 [INFO] Movimiento detenido
2025-05-22 17:35:43,777 [INFO] Movimiento detenido
2025-05-22 17:35:43,891 [INFO] Movimiento detenido
2025-05-22 17:35:44,005 [INFO] Movimiento detenido
2025-05-22 17:35:44,117 [INFO] Movimiento detenido
2025-05-22 17:35:44,230 [INFO] Movimiento detenido
2025-05-22 17:35:44,343 [INFO] Movimiento detenido
2025-05-22 17:35:44,455 [INFO] Movimiento detenido
2025-05-22 17:35:44,568 [INFO] Movimiento detenido
2025-05-22 17:35:44,680 [INFO] Movimiento detenido
2025-05-22 17:35:44,793 [INFO] Movimiento detenido
2025-05-22 17:35:44,905 [INFO] Movimiento detenido
2025-05-22 17:35:45,018 [INFO] Movimiento detenido
2025-05-22 17:35:45,130 [INFO] Movimiento detenido
2025-05-22 17:35:45,241 [INFO] Movimiento detenido
2025-05-22 17:35:45,246 [INFO] Lectura datos climáticos NASA
2025-05-22 17:35:45,252 [INFO] Datos JSON preparados para envío
2025-05-22 17:35:45,359 [INFO] Movimiento detenido
2025-05-22 17:35:45,470 [INFO] Movimiento detenido
2025-05-22 17:35:45,582 [INFO] Movimiento detenido
2025-05-22 17:35:45,695 [INFO] Movimiento detenido
2025-05-22 17:35:45,809 [INFO] Movimiento detenido
2025-05-22 17:35:45,856 [ERROR] Exception on / [GET]
Traceback (most recent call last):
  File "/home/farmtech/FarmTech/.venv/lib/python3.11/site-packages/flask/app.py", line 1511, in wsgi_app
    response = self.full_dispatch_request()
               ^^^^^^^^^^^^^^^^^^^^^^^^^^^^
  File "/home/farmtech/FarmTech/.venv/lib/python3.11/site-packages/flask/app.py", line 919, in full_dispatch_request
    rv = self.handle_user_exception(e)
         ^^^^^^^^^^^^^^^^^^^^^^^^^^^^^
  File "/home/farmtech/FarmTech/.venv/lib/python3.11/site-packages/flask/app.py", line 917, in full_dispatch_request
    rv = self.dispatch_request()
         ^^^^^^^^^^^^^^^^^^^^^^^
  File "/home/farmtech/FarmTech/.venv/lib/python3.11/site-packages/flask/app.py", line 902, in dispatch_request
    return self.ensure_sync(self.view_functions[rule.endpoint])(**view_args)  # type: ignore[no-any-return]
           ^^^^^^^^^^^^^^^^^^^^^^^^^^^^^^^^^^^^^^^^^^^^^^^^^^^^^^^^^^^^^^^^^
  File "/home/farmtech/FarmTech/utils/webserver.py", line 11, in index
    return render_template("index.html")
           ^^^^^^^^^^^^^^^^^^^^^^^^^^^^^
  File "/home/farmtech/FarmTech/.venv/lib/python3.11/site-packages/flask/templating.py", line 149, in render_template
    template = app.jinja_env.get_or_select_template(template_name_or_list)
               ^^^^^^^^^^^^^^^^^^^^^^^^^^^^^^^^^^^^^^^^^^^^^^^^^^^^^^^^^^^
  File "/home/farmtech/FarmTech/.venv/lib/python3.11/site-packages/jinja2/environment.py", line 1087, in get_or_select_template
    return self.get_template(template_name_or_list, parent, globals)
           ^^^^^^^^^^^^^^^^^^^^^^^^^^^^^^^^^^^^^^^^^^^^^^^^^^^^^^^^^
  File "/home/farmtech/FarmTech/.venv/lib/python3.11/site-packages/jinja2/environment.py", line 1016, in get_template
    return self._load_template(name, globals)
           ^^^^^^^^^^^^^^^^^^^^^^^^^^^^^^^^^^
  File "/home/farmtech/FarmTech/.venv/lib/python3.11/site-packages/jinja2/environment.py", line 975, in _load_template
    template = self.loader.load(self, name, self.make_globals(globals))
               ^^^^^^^^^^^^^^^^^^^^^^^^^^^^^^^^^^^^^^^^^^^^^^^^^^^^^^^^
  File "/home/farmtech/FarmTech/.venv/lib/python3.11/site-packages/jinja2/loaders.py", line 126, in load
    source, filename, uptodate = self.get_source(environment, name)
                                 ^^^^^^^^^^^^^^^^^^^^^^^^^^^^^^^^^^
  File "/home/farmtech/FarmTech/.venv/lib/python3.11/site-packages/flask/templating.py", line 65, in get_source
    return self._get_source_fast(environment, template)
           ^^^^^^^^^^^^^^^^^^^^^^^^^^^^^^^^^^^^^^^^^^^^
  File "/home/farmtech/FarmTech/.venv/lib/python3.11/site-packages/flask/templating.py", line 99, in _get_source_fast
    raise TemplateNotFound(template)
jinja2.exceptions.TemplateNotFound: index.html
2025-05-22 17:35:45,868 [INFO] 192.168.95.177 - - [22/May/2025 17:35:45] "[35m[1mGET / HTTP/1.1[0m" 500 -
2025-05-22 17:35:45,922 [INFO] Movimiento detenido
2025-05-22 17:35:46,034 [INFO] Movimiento detenido
2025-05-22 17:35:46,148 [INFO] Movimiento detenido
2025-05-22 17:35:46,262 [INFO] Movimiento detenido
2025-05-22 17:35:46,307 [INFO] Lectura BMP390
2025-05-22 17:35:46,380 [INFO] Movimiento detenido
2025-05-22 17:35:46,487 [INFO] Lectura LTR390
2025-05-22 17:35:46,490 [INFO] Lectura desde ESP32-S3 por serial
2025-05-22 17:35:46,495 [INFO] Movimiento detenido
2025-05-22 17:35:46,616 [INFO] Movimiento detenido
2025-05-22 17:35:46,682 [ERROR] Exception on / [GET]
Traceback (most recent call last):
  File "/home/farmtech/FarmTech/.venv/lib/python3.11/site-packages/flask/app.py", line 1511, in wsgi_app
    response = self.full_dispatch_request()
               ^^^^^^^^^^^^^^^^^^^^^^^^^^^^
  File "/home/farmtech/FarmTech/.venv/lib/python3.11/site-packages/flask/app.py", line 919, in full_dispatch_request
    rv = self.handle_user_exception(e)
         ^^^^^^^^^^^^^^^^^^^^^^^^^^^^^
  File "/home/farmtech/FarmTech/.venv/lib/python3.11/site-packages/flask/app.py", line 917, in full_dispatch_request
    rv = self.dispatch_request()
         ^^^^^^^^^^^^^^^^^^^^^^^
  File "/home/farmtech/FarmTech/.venv/lib/python3.11/site-packages/flask/app.py", line 902, in dispatch_request
    return self.ensure_sync(self.view_functions[rule.endpoint])(**view_args)  # type: ignore[no-any-return]
           ^^^^^^^^^^^^^^^^^^^^^^^^^^^^^^^^^^^^^^^^^^^^^^^^^^^^^^^^^^^^^^^^^
  File "/home/farmtech/FarmTech/utils/webserver.py", line 11, in index
    return render_template("index.html")
           ^^^^^^^^^^^^^^^^^^^^^^^^^^^^^
  File "/home/farmtech/FarmTech/.venv/lib/python3.11/site-packages/flask/templating.py", line 149, in render_template
    template = app.jinja_env.get_or_select_template(template_name_or_list)
               ^^^^^^^^^^^^^^^^^^^^^^^^^^^^^^^^^^^^^^^^^^^^^^^^^^^^^^^^^^^
  File "/home/farmtech/FarmTech/.venv/lib/python3.11/site-packages/jinja2/environment.py", line 1087, in get_or_select_template
    return self.get_template(template_name_or_list, parent, globals)
           ^^^^^^^^^^^^^^^^^^^^^^^^^^^^^^^^^^^^^^^^^^^^^^^^^^^^^^^^^
  File "/home/farmtech/FarmTech/.venv/lib/python3.11/site-packages/jinja2/environment.py", line 1016, in get_template
    return self._load_template(name, globals)
           ^^^^^^^^^^^^^^^^^^^^^^^^^^^^^^^^^^
  File "/home/farmtech/FarmTech/.venv/lib/python3.11/site-packages/jinja2/environment.py", line 975, in _load_template
    template = self.loader.load(self, name, self.make_globals(globals))
               ^^^^^^^^^^^^^^^^^^^^^^^^^^^^^^^^^^^^^^^^^^^^^^^^^^^^^^^^
  File "/home/farmtech/FarmTech/.venv/lib/python3.11/site-packages/jinja2/loaders.py", line 126, in load
    source, filename, uptodate = self.get_source(environment, name)
                                 ^^^^^^^^^^^^^^^^^^^^^^^^^^^^^^^^^^
  File "/home/farmtech/FarmTech/.venv/lib/python3.11/site-packages/flask/templating.py", line 65, in get_source
    return self._get_source_fast(environment, template)
           ^^^^^^^^^^^^^^^^^^^^^^^^^^^^^^^^^^^^^^^^^^^^
  File "/home/farmtech/FarmTech/.venv/lib/python3.11/site-packages/flask/templating.py", line 99, in _get_source_fast
    raise TemplateNotFound(template)
jinja2.exceptions.TemplateNotFound: index.html
2025-05-22 17:35:46,689 [INFO] 192.168.95.177 - - [22/May/2025 17:35:46] "[35m[1mGET / HTTP/1.1[0m" 500 -
2025-05-22 17:35:46,728 [INFO] Movimiento detenido
2025-05-22 17:35:46,839 [INFO] Movimiento detenido
2025-05-22 17:35:46,950 [INFO] Movimiento detenido
2025-05-22 17:35:46,955 [ERROR] Exception on / [GET]
Traceback (most recent call last):
  File "/home/farmtech/FarmTech/.venv/lib/python3.11/site-packages/flask/app.py", line 1511, in wsgi_app
    response = self.full_dispatch_request()
               ^^^^^^^^^^^^^^^^^^^^^^^^^^^^
  File "/home/farmtech/FarmTech/.venv/lib/python3.11/site-packages/flask/app.py", line 919, in full_dispatch_request
    rv = self.handle_user_exception(e)
         ^^^^^^^^^^^^^^^^^^^^^^^^^^^^^
  File "/home/farmtech/FarmTech/.venv/lib/python3.11/site-packages/flask/app.py", line 917, in full_dispatch_request
    rv = self.dispatch_request()
         ^^^^^^^^^^^^^^^^^^^^^^^
  File "/home/farmtech/FarmTech/.venv/lib/python3.11/site-packages/flask/app.py", line 902, in dispatch_request
    return self.ensure_sync(self.view_functions[rule.endpoint])(**view_args)  # type: ignore[no-any-return]
           ^^^^^^^^^^^^^^^^^^^^^^^^^^^^^^^^^^^^^^^^^^^^^^^^^^^^^^^^^^^^^^^^^
  File "/home/farmtech/FarmTech/utils/webserver.py", line 11, in index
    return render_template("index.html")
           ^^^^^^^^^^^^^^^^^^^^^^^^^^^^^
  File "/home/farmtech/FarmTech/.venv/lib/python3.11/site-packages/flask/templating.py", line 149, in render_template
    template = app.jinja_env.get_or_select_template(template_name_or_list)
               ^^^^^^^^^^^^^^^^^^^^^^^^^^^^^^^^^^^^^^^^^^^^^^^^^^^^^^^^^^^
  File "/home/farmtech/FarmTech/.venv/lib/python3.11/site-packages/jinja2/environment.py", line 1087, in get_or_select_template
    return self.get_template(template_name_or_list, parent, globals)
           ^^^^^^^^^^^^^^^^^^^^^^^^^^^^^^^^^^^^^^^^^^^^^^^^^^^^^^^^^
  File "/home/farmtech/FarmTech/.venv/lib/python3.11/site-packages/jinja2/environment.py", line 1016, in get_template
    return self._load_template(name, globals)
           ^^^^^^^^^^^^^^^^^^^^^^^^^^^^^^^^^^
  File "/home/farmtech/FarmTech/.venv/lib/python3.11/site-packages/jinja2/environment.py", line 975, in _load_template
    template = self.loader.load(self, name, self.make_globals(globals))
               ^^^^^^^^^^^^^^^^^^^^^^^^^^^^^^^^^^^^^^^^^^^^^^^^^^^^^^^^
  File "/home/farmtech/FarmTech/.venv/lib/python3.11/site-packages/jinja2/loaders.py", line 126, in load
    source, filename, uptodate = self.get_source(environment, name)
                                 ^^^^^^^^^^^^^^^^^^^^^^^^^^^^^^^^^^
  File "/home/farmtech/FarmTech/.venv/lib/python3.11/site-packages/flask/templating.py", line 65, in get_source
    return self._get_source_fast(environment, template)
           ^^^^^^^^^^^^^^^^^^^^^^^^^^^^^^^^^^^^^^^^^^^^
  File "/home/farmtech/FarmTech/.venv/lib/python3.11/site-packages/flask/templating.py", line 99, in _get_source_fast
    raise TemplateNotFound(template)
jinja2.exceptions.TemplateNotFound: index.html
2025-05-22 17:35:46,962 [INFO] 192.168.95.177 - - [22/May/2025 17:35:46] "[35m[1mGET / HTTP/1.1[0m" 500 -
2025-05-22 17:35:47,067 [INFO] Movimiento detenido
2025-05-22 17:35:47,179 [INFO] Movimiento detenido
2025-05-22 17:35:47,293 [INFO] Movimiento detenido
2025-05-22 17:35:47,405 [INFO] Movimiento detenido
2025-05-22 17:35:47,517 [INFO] Movimiento detenido
2025-05-22 17:35:47,630 [INFO] Movimiento detenido
2025-05-22 17:35:47,742 [INFO] Movimiento detenido
2025-05-22 17:35:47,856 [INFO] Movimiento detenido
2025-05-22 17:35:47,969 [INFO] Movimiento detenido
2025-05-22 17:35:48,084 [INFO] Movimiento detenido
2025-05-22 17:35:48,196 [INFO] Movimiento detenido
2025-05-22 17:35:48,309 [INFO] Movimiento detenido
2025-05-22 17:35:48,423 [INFO] Movimiento detenido
2025-05-22 17:35:48,536 [INFO] Movimiento detenido
2025-05-22 17:35:48,650 [INFO] Movimiento detenido
2025-05-22 17:35:48,763 [INFO] Movimiento detenido
2025-05-22 17:35:48,877 [INFO] Movimiento detenido
2025-05-22 17:35:48,991 [INFO] Movimiento detenido
2025-05-22 17:35:49,105 [INFO] Movimiento detenido
2025-05-22 17:35:49,219 [INFO] Movimiento detenido
2025-05-22 17:35:49,332 [INFO] Movimiento detenido
2025-05-22 17:35:49,445 [INFO] Movimiento detenido
2025-05-22 17:35:49,557 [INFO] Movimiento detenido
2025-05-22 17:35:49,670 [INFO] Movimiento detenido
2025-05-22 17:35:49,783 [INFO] Movimiento detenido
2025-05-22 17:35:49,897 [INFO] Movimiento detenido
2025-05-22 17:35:49,916 [INFO] Lectura datos climáticos NASA
2025-05-22 17:35:49,925 [INFO] Datos JSON preparados para envío
2025-05-22 17:35:50,011 [INFO] Movimiento detenido
2025-05-22 17:35:50,124 [INFO] Movimiento detenido
2025-05-22 17:35:50,237 [INFO] Movimiento detenido
2025-05-22 17:35:50,351 [INFO] Movimiento detenido
2025-05-22 17:35:50,464 [INFO] Movimiento detenido
2025-05-22 17:35:50,576 [INFO] Movimiento detenido
2025-05-22 17:35:50,691 [INFO] Movimiento detenido
2025-05-22 17:35:50,804 [INFO] Movimiento detenido
2025-05-22 17:35:50,918 [INFO] Movimiento detenido
2025-05-22 17:35:50,980 [INFO] Lectura BMP390
2025-05-22 17:35:51,033 [INFO] Movimiento detenido
2025-05-22 17:35:51,147 [INFO] Movimiento detenido
2025-05-22 17:35:51,165 [INFO] Lectura LTR390
2025-05-22 17:35:51,168 [INFO] Lectura desde ESP32-S3 por serial
2025-05-22 17:35:51,268 [INFO] Movimiento detenido
2025-05-22 17:35:51,383 [INFO] Movimiento detenido
2025-05-22 17:35:51,499 [INFO] Movimiento detenido
2025-05-22 17:35:51,613 [INFO] Movimiento detenido
2025-05-22 17:35:51,727 [INFO] Movimiento detenido
2025-05-22 17:35:51,839 [INFO] Movimiento detenido
2025-05-22 17:35:51,952 [INFO] Movimiento detenido
2025-05-22 17:35:52,065 [INFO] Movimiento detenido
2025-05-22 17:35:52,179 [INFO] Movimiento detenido
2025-05-22 17:35:52,291 [INFO] Movimiento detenido
2025-05-22 17:35:52,404 [INFO] Movimiento detenido
2025-05-22 17:35:52,517 [INFO] Movimiento detenido
2025-05-22 17:35:52,630 [INFO] Movimiento detenido
2025-05-22 17:35:52,742 [INFO] Movimiento detenido
2025-05-22 17:35:52,855 [INFO] Movimiento detenido
2025-05-22 17:35:52,969 [INFO] Movimiento detenido
2025-05-22 17:35:53,082 [INFO] Movimiento detenido
2025-05-22 17:35:53,195 [INFO] Movimiento detenido
2025-05-22 17:35:53,307 [INFO] Movimiento detenido
2025-05-22 17:35:53,418 [INFO] Movimiento detenido
2025-05-22 17:35:53,530 [INFO] Movimiento detenido
2025-05-22 17:35:53,642 [INFO] Movimiento detenido
2025-05-22 17:35:53,755 [INFO] Movimiento detenido
2025-05-22 17:35:53,867 [INFO] Movimiento detenido
2025-05-22 17:35:53,980 [INFO] Movimiento detenido
2025-05-22 17:35:54,092 [INFO] Movimiento detenido
2025-05-22 17:35:54,205 [INFO] Movimiento detenido
2025-05-22 17:35:54,317 [INFO] Movimiento detenido
2025-05-22 17:35:54,429 [INFO] Movimiento detenido
2025-05-22 17:35:54,542 [INFO] Movimiento detenido
2025-05-22 17:35:54,655 [INFO] Movimiento detenido
2025-05-22 17:35:54,683 [INFO] Lectura datos climáticos NASA
2025-05-22 17:35:54,688 [INFO] Datos JSON preparados para envío
2025-05-22 17:35:54,766 [INFO] Movimiento detenido
2025-05-22 17:35:54,878 [INFO] Movimiento detenido
2025-05-22 17:35:54,992 [INFO] Movimiento detenido
2025-05-22 17:35:55,107 [INFO] Movimiento detenido
2025-05-22 17:35:55,218 [INFO] Movimiento detenido
2025-05-22 17:35:55,329 [INFO] Movimiento detenido
2025-05-22 17:35:55,440 [INFO] Movimiento detenido
2025-05-22 17:35:55,552 [INFO] Movimiento detenido
2025-05-22 17:35:55,663 [INFO] Movimiento detenido
2025-05-22 17:35:55,739 [INFO] Lectura BMP390
2025-05-22 17:35:55,774 [INFO] Movimiento detenido
2025-05-22 17:35:55,892 [INFO] Movimiento detenido
2025-05-22 17:35:55,928 [INFO] Lectura LTR390
2025-05-22 17:35:55,935 [INFO] Lectura desde ESP32-S3 por serial
2025-05-22 17:35:56,005 [INFO] Movimiento detenido
2025-05-22 17:35:56,119 [INFO] Movimiento detenido
2025-05-22 17:35:56,232 [INFO] Movimiento detenido
2025-05-22 17:35:56,344 [INFO] Movimiento detenido
2025-05-22 17:35:56,455 [INFO] Movimiento detenido
2025-05-22 17:35:56,567 [INFO] Movimiento detenido
2025-05-22 17:35:56,678 [INFO] Movimiento detenido
2025-05-22 17:35:56,790 [INFO] Movimiento detenido
2025-05-22 17:35:56,902 [INFO] Movimiento detenido
2025-05-22 17:35:57,015 [INFO] Movimiento detenido
2025-05-22 17:35:57,129 [INFO] Movimiento detenido
2025-05-22 17:35:57,241 [INFO] Movimiento detenido
2025-05-22 17:35:57,354 [INFO] Movimiento detenido
2025-05-22 17:35:57,468 [INFO] Movimiento detenido
2025-05-22 17:35:57,580 [INFO] Movimiento detenido
2025-05-22 17:35:57,693 [INFO] Movimiento detenido
2025-05-22 17:35:57,805 [INFO] Movimiento detenido
2025-05-22 17:35:57,917 [INFO] Movimiento detenido
2025-05-22 17:35:58,031 [INFO] Movimiento detenido
2025-05-22 17:35:58,143 [INFO] Movimiento detenido
2025-05-22 17:35:58,255 [INFO] Movimiento detenido
2025-05-22 17:35:58,367 [INFO] Movimiento detenido
2025-05-22 17:35:58,479 [INFO] Movimiento detenido
2025-05-22 17:35:58,591 [INFO] Movimiento detenido
2025-05-22 17:35:58,702 [INFO] Movimiento detenido
2025-05-22 17:35:58,814 [INFO] Movimiento detenido
2025-05-22 17:35:58,925 [INFO] Movimiento detenido
2025-05-22 17:35:59,036 [INFO] Movimiento detenido
2025-05-22 17:35:59,147 [INFO] Movimiento detenido
2025-05-22 17:35:59,258 [INFO] Movimiento detenido
2025-05-22 17:35:59,326 [INFO] Lectura datos climáticos NASA
2025-05-22 17:35:59,330 [INFO] Datos JSON preparados para envío
2025-05-22 17:35:59,370 [INFO] Movimiento detenido
2025-05-22 17:35:59,483 [INFO] Movimiento detenido
2025-05-22 17:35:59,595 [INFO] Movimiento detenido
2025-05-22 17:35:59,707 [INFO] Movimiento detenido
2025-05-22 17:35:59,820 [INFO] Movimiento detenido
2025-05-22 17:35:59,932 [INFO] Movimiento detenido
2025-05-22 17:36:00,045 [INFO] Movimiento detenido
2025-05-22 17:36:00,159 [INFO] Movimiento detenido
2025-05-22 17:36:00,272 [INFO] Movimiento detenido
2025-05-22 17:36:00,382 [INFO] Lectura BMP390
2025-05-22 17:36:00,384 [INFO] Movimiento detenido
2025-05-22 17:36:00,498 [INFO] Movimiento detenido
2025-05-22 17:36:00,566 [INFO] Lectura LTR390
2025-05-22 17:36:00,572 [INFO] Lectura desde ESP32-S3 por serial
2025-05-22 17:36:00,612 [INFO] Movimiento detenido
2025-05-22 17:36:00,725 [INFO] Movimiento detenido
2025-05-22 17:36:00,837 [INFO] Movimiento detenido
2025-05-22 17:36:00,949 [INFO] Movimiento detenido
2025-05-22 17:36:01,062 [INFO] Movimiento detenido
2025-05-22 17:36:01,177 [INFO] Movimiento detenido
2025-05-22 17:36:01,289 [INFO] Movimiento detenido
2025-05-22 17:36:01,401 [INFO] Movimiento detenido
2025-05-22 17:36:01,513 [INFO] Movimiento detenido
2025-05-22 17:36:01,625 [INFO] Movimiento detenido
2025-05-22 17:36:01,737 [INFO] Movimiento detenido
2025-05-22 17:36:01,849 [INFO] Movimiento detenido
2025-05-22 17:36:01,962 [INFO] Movimiento detenido
2025-05-22 17:36:02,074 [INFO] Movimiento detenido
2025-05-22 17:36:02,186 [INFO] Movimiento detenido
2025-05-22 17:36:02,298 [INFO] Movimiento detenido
2025-05-22 17:36:02,410 [INFO] Movimiento detenido
2025-05-22 17:36:02,522 [INFO] Movimiento detenido
2025-05-22 17:36:02,634 [INFO] Movimiento detenido
2025-05-22 17:36:02,746 [INFO] Movimiento detenido
2025-05-22 17:36:02,858 [INFO] Movimiento detenido
2025-05-22 17:36:02,971 [INFO] Movimiento detenido
2025-05-22 17:36:03,084 [INFO] Movimiento detenido
2025-05-22 17:36:03,174 [ERROR] Exception on / [GET]
Traceback (most recent call last):
  File "/home/farmtech/FarmTech/.venv/lib/python3.11/site-packages/flask/app.py", line 1511, in wsgi_app
    response = self.full_dispatch_request()
               ^^^^^^^^^^^^^^^^^^^^^^^^^^^^
  File "/home/farmtech/FarmTech/.venv/lib/python3.11/site-packages/flask/app.py", line 919, in full_dispatch_request
    rv = self.handle_user_exception(e)
         ^^^^^^^^^^^^^^^^^^^^^^^^^^^^^
  File "/home/farmtech/FarmTech/.venv/lib/python3.11/site-packages/flask/app.py", line 917, in full_dispatch_request
    rv = self.dispatch_request()
         ^^^^^^^^^^^^^^^^^^^^^^^
  File "/home/farmtech/FarmTech/.venv/lib/python3.11/site-packages/flask/app.py", line 902, in dispatch_request
    return self.ensure_sync(self.view_functions[rule.endpoint])(**view_args)  # type: ignore[no-any-return]
           ^^^^^^^^^^^^^^^^^^^^^^^^^^^^^^^^^^^^^^^^^^^^^^^^^^^^^^^^^^^^^^^^^
  File "/home/farmtech/FarmTech/utils/webserver.py", line 11, in index
    return render_template("index.html")
           ^^^^^^^^^^^^^^^^^^^^^^^^^^^^^
  File "/home/farmtech/FarmTech/.venv/lib/python3.11/site-packages/flask/templating.py", line 149, in render_template
    template = app.jinja_env.get_or_select_template(template_name_or_list)
               ^^^^^^^^^^^^^^^^^^^^^^^^^^^^^^^^^^^^^^^^^^^^^^^^^^^^^^^^^^^
  File "/home/farmtech/FarmTech/.venv/lib/python3.11/site-packages/jinja2/environment.py", line 1087, in get_or_select_template
    return self.get_template(template_name_or_list, parent, globals)
           ^^^^^^^^^^^^^^^^^^^^^^^^^^^^^^^^^^^^^^^^^^^^^^^^^^^^^^^^^
  File "/home/farmtech/FarmTech/.venv/lib/python3.11/site-packages/jinja2/environment.py", line 1016, in get_template
    return self._load_template(name, globals)
           ^^^^^^^^^^^^^^^^^^^^^^^^^^^^^^^^^^
  File "/home/farmtech/FarmTech/.venv/lib/python3.11/site-packages/jinja2/environment.py", line 975, in _load_template
    template = self.loader.load(self, name, self.make_globals(globals))
               ^^^^^^^^^^^^^^^^^^^^^^^^^^^^^^^^^^^^^^^^^^^^^^^^^^^^^^^^
  File "/home/farmtech/FarmTech/.venv/lib/python3.11/site-packages/jinja2/loaders.py", line 126, in load
    source, filename, uptodate = self.get_source(environment, name)
                                 ^^^^^^^^^^^^^^^^^^^^^^^^^^^^^^^^^^
  File "/home/farmtech/FarmTech/.venv/lib/python3.11/site-packages/flask/templating.py", line 65, in get_source
    return self._get_source_fast(environment, template)
           ^^^^^^^^^^^^^^^^^^^^^^^^^^^^^^^^^^^^^^^^^^^^
  File "/home/farmtech/FarmTech/.venv/lib/python3.11/site-packages/flask/templating.py", line 99, in _get_source_fast
    raise TemplateNotFound(template)
jinja2.exceptions.TemplateNotFound: index.html
2025-05-22 17:36:03,183 [INFO] 192.168.95.177 - - [22/May/2025 17:36:03] "[35m[1mGET / HTTP/1.1[0m" 500 -
2025-05-22 17:36:03,197 [INFO] Movimiento detenido
2025-05-22 17:36:03,310 [INFO] Movimiento detenido
2025-05-22 17:36:03,422 [INFO] Movimiento detenido
2025-05-22 17:36:03,534 [INFO] Movimiento detenido
2025-05-22 17:36:03,646 [INFO] Movimiento detenido
2025-05-22 17:36:03,758 [INFO] Movimiento detenido
2025-05-22 17:36:03,858 [ERROR] Exception on / [GET]
Traceback (most recent call last):
  File "/home/farmtech/FarmTech/.venv/lib/python3.11/site-packages/flask/app.py", line 1511, in wsgi_app
    response = self.full_dispatch_request()
               ^^^^^^^^^^^^^^^^^^^^^^^^^^^^
  File "/home/farmtech/FarmTech/.venv/lib/python3.11/site-packages/flask/app.py", line 919, in full_dispatch_request
    rv = self.handle_user_exception(e)
         ^^^^^^^^^^^^^^^^^^^^^^^^^^^^^
  File "/home/farmtech/FarmTech/.venv/lib/python3.11/site-packages/flask/app.py", line 917, in full_dispatch_request
    rv = self.dispatch_request()
         ^^^^^^^^^^^^^^^^^^^^^^^
  File "/home/farmtech/FarmTech/.venv/lib/python3.11/site-packages/flask/app.py", line 902, in dispatch_request
    return self.ensure_sync(self.view_functions[rule.endpoint])(**view_args)  # type: ignore[no-any-return]
           ^^^^^^^^^^^^^^^^^^^^^^^^^^^^^^^^^^^^^^^^^^^^^^^^^^^^^^^^^^^^^^^^^
  File "/home/farmtech/FarmTech/utils/webserver.py", line 11, in index
    return render_template("index.html")
           ^^^^^^^^^^^^^^^^^^^^^^^^^^^^^
  File "/home/farmtech/FarmTech/.venv/lib/python3.11/site-packages/flask/templating.py", line 149, in render_template
    template = app.jinja_env.get_or_select_template(template_name_or_list)
               ^^^^^^^^^^^^^^^^^^^^^^^^^^^^^^^^^^^^^^^^^^^^^^^^^^^^^^^^^^^
  File "/home/farmtech/FarmTech/.venv/lib/python3.11/site-packages/jinja2/environment.py", line 1087, in get_or_select_template
    return self.get_template(template_name_or_list, parent, globals)
           ^^^^^^^^^^^^^^^^^^^^^^^^^^^^^^^^^^^^^^^^^^^^^^^^^^^^^^^^^
  File "/home/farmtech/FarmTech/.venv/lib/python3.11/site-packages/jinja2/environment.py", line 1016, in get_template
    return self._load_template(name, globals)
           ^^^^^^^^^^^^^^^^^^^^^^^^^^^^^^^^^^
  File "/home/farmtech/FarmTech/.venv/lib/python3.11/site-packages/jinja2/environment.py", line 975, in _load_template
    template = self.loader.load(self, name, self.make_globals(globals))
               ^^^^^^^^^^^^^^^^^^^^^^^^^^^^^^^^^^^^^^^^^^^^^^^^^^^^^^^^
  File "/home/farmtech/FarmTech/.venv/lib/python3.11/site-packages/jinja2/loaders.py", line 126, in load
    source, filename, uptodate = self.get_source(environment, name)
                                 ^^^^^^^^^^^^^^^^^^^^^^^^^^^^^^^^^^
  File "/home/farmtech/FarmTech/.venv/lib/python3.11/site-packages/flask/templating.py", line 65, in get_source
    return self._get_source_fast(environment, template)
           ^^^^^^^^^^^^^^^^^^^^^^^^^^^^^^^^^^^^^^^^^^^^
  File "/home/farmtech/FarmTech/.venv/lib/python3.11/site-packages/flask/templating.py", line 99, in _get_source_fast
    raise TemplateNotFound(template)
jinja2.exceptions.TemplateNotFound: index.html
2025-05-22 17:36:03,868 [INFO] 192.168.95.177 - - [22/May/2025 17:36:03] "[35m[1mGET / HTTP/1.1[0m" 500 -
2025-05-22 17:36:03,870 [INFO] Movimiento detenido
2025-05-22 17:36:03,982 [INFO] Movimiento detenido
2025-05-22 17:36:04,054 [INFO] Lectura datos climáticos NASA
2025-05-22 17:36:04,057 [INFO] Datos JSON preparados para envío
2025-05-22 17:36:04,095 [INFO] Movimiento detenido
2025-05-22 17:36:04,208 [INFO] Movimiento detenido
2025-05-22 17:36:04,320 [INFO] Movimiento detenido
2025-05-22 17:36:04,434 [INFO] Movimiento detenido
2025-05-22 17:36:04,505 [ERROR] Exception on / [GET]
Traceback (most recent call last):
  File "/home/farmtech/FarmTech/.venv/lib/python3.11/site-packages/flask/app.py", line 1511, in wsgi_app
    response = self.full_dispatch_request()
               ^^^^^^^^^^^^^^^^^^^^^^^^^^^^
  File "/home/farmtech/FarmTech/.venv/lib/python3.11/site-packages/flask/app.py", line 919, in full_dispatch_request
    rv = self.handle_user_exception(e)
         ^^^^^^^^^^^^^^^^^^^^^^^^^^^^^
  File "/home/farmtech/FarmTech/.venv/lib/python3.11/site-packages/flask/app.py", line 917, in full_dispatch_request
    rv = self.dispatch_request()
         ^^^^^^^^^^^^^^^^^^^^^^^
  File "/home/farmtech/FarmTech/.venv/lib/python3.11/site-packages/flask/app.py", line 902, in dispatch_request
    return self.ensure_sync(self.view_functions[rule.endpoint])(**view_args)  # type: ignore[no-any-return]
           ^^^^^^^^^^^^^^^^^^^^^^^^^^^^^^^^^^^^^^^^^^^^^^^^^^^^^^^^^^^^^^^^^
  File "/home/farmtech/FarmTech/utils/webserver.py", line 11, in index
    return render_template("index.html")
           ^^^^^^^^^^^^^^^^^^^^^^^^^^^^^
  File "/home/farmtech/FarmTech/.venv/lib/python3.11/site-packages/flask/templating.py", line 149, in render_template
    template = app.jinja_env.get_or_select_template(template_name_or_list)
               ^^^^^^^^^^^^^^^^^^^^^^^^^^^^^^^^^^^^^^^^^^^^^^^^^^^^^^^^^^^
  File "/home/farmtech/FarmTech/.venv/lib/python3.11/site-packages/jinja2/environment.py", line 1087, in get_or_select_template
    return self.get_template(template_name_or_list, parent, globals)
           ^^^^^^^^^^^^^^^^^^^^^^^^^^^^^^^^^^^^^^^^^^^^^^^^^^^^^^^^^
  File "/home/farmtech/FarmTech/.venv/lib/python3.11/site-packages/jinja2/environment.py", line 1016, in get_template
    return self._load_template(name, globals)
           ^^^^^^^^^^^^^^^^^^^^^^^^^^^^^^^^^^
  File "/home/farmtech/FarmTech/.venv/lib/python3.11/site-packages/jinja2/environment.py", line 975, in _load_template
    template = self.loader.load(self, name, self.make_globals(globals))
               ^^^^^^^^^^^^^^^^^^^^^^^^^^^^^^^^^^^^^^^^^^^^^^^^^^^^^^^^
  File "/home/farmtech/FarmTech/.venv/lib/python3.11/site-packages/jinja2/loaders.py", line 126, in load
    source, filename, uptodate = self.get_source(environment, name)
                                 ^^^^^^^^^^^^^^^^^^^^^^^^^^^^^^^^^^
  File "/home/farmtech/FarmTech/.venv/lib/python3.11/site-packages/flask/templating.py", line 65, in get_source
    return self._get_source_fast(environment, template)
           ^^^^^^^^^^^^^^^^^^^^^^^^^^^^^^^^^^^^^^^^^^^^
  File "/home/farmtech/FarmTech/.venv/lib/python3.11/site-packages/flask/templating.py", line 99, in _get_source_fast
    raise TemplateNotFound(template)
jinja2.exceptions.TemplateNotFound: index.html
2025-05-22 17:36:04,514 [INFO] 192.168.95.177 - - [22/May/2025 17:36:04] "[35m[1mGET / HTTP/1.1[0m" 500 -
2025-05-22 17:36:04,546 [INFO] Movimiento detenido
2025-05-22 17:36:04,658 [INFO] Movimiento detenido
2025-05-22 17:36:04,770 [INFO] Movimiento detenido
2025-05-22 17:36:04,868 [ERROR] Exception on / [GET]
Traceback (most recent call last):
  File "/home/farmtech/FarmTech/.venv/lib/python3.11/site-packages/flask/app.py", line 1511, in wsgi_app
    response = self.full_dispatch_request()
               ^^^^^^^^^^^^^^^^^^^^^^^^^^^^
  File "/home/farmtech/FarmTech/.venv/lib/python3.11/site-packages/flask/app.py", line 919, in full_dispatch_request
    rv = self.handle_user_exception(e)
         ^^^^^^^^^^^^^^^^^^^^^^^^^^^^^
  File "/home/farmtech/FarmTech/.venv/lib/python3.11/site-packages/flask/app.py", line 917, in full_dispatch_request
    rv = self.dispatch_request()
         ^^^^^^^^^^^^^^^^^^^^^^^
  File "/home/farmtech/FarmTech/.venv/lib/python3.11/site-packages/flask/app.py", line 902, in dispatch_request
    return self.ensure_sync(self.view_functions[rule.endpoint])(**view_args)  # type: ignore[no-any-return]
           ^^^^^^^^^^^^^^^^^^^^^^^^^^^^^^^^^^^^^^^^^^^^^^^^^^^^^^^^^^^^^^^^^
  File "/home/farmtech/FarmTech/utils/webserver.py", line 11, in index
    return render_template("index.html")
           ^^^^^^^^^^^^^^^^^^^^^^^^^^^^^
  File "/home/farmtech/FarmTech/.venv/lib/python3.11/site-packages/flask/templating.py", line 149, in render_template
    template = app.jinja_env.get_or_select_template(template_name_or_list)
               ^^^^^^^^^^^^^^^^^^^^^^^^^^^^^^^^^^^^^^^^^^^^^^^^^^^^^^^^^^^
  File "/home/farmtech/FarmTech/.venv/lib/python3.11/site-packages/jinja2/environment.py", line 1087, in get_or_select_template
    return self.get_template(template_name_or_list, parent, globals)
           ^^^^^^^^^^^^^^^^^^^^^^^^^^^^^^^^^^^^^^^^^^^^^^^^^^^^^^^^^
  File "/home/farmtech/FarmTech/.venv/lib/python3.11/site-packages/jinja2/environment.py", line 1016, in get_template
    return self._load_template(name, globals)
           ^^^^^^^^^^^^^^^^^^^^^^^^^^^^^^^^^^
  File "/home/farmtech/FarmTech/.venv/lib/python3.11/site-packages/jinja2/environment.py", line 975, in _load_template
    template = self.loader.load(self, name, self.make_globals(globals))
               ^^^^^^^^^^^^^^^^^^^^^^^^^^^^^^^^^^^^^^^^^^^^^^^^^^^^^^^^
  File "/home/farmtech/FarmTech/.venv/lib/python3.11/site-packages/jinja2/loaders.py", line 126, in load
    source, filename, uptodate = self.get_source(environment, name)
                                 ^^^^^^^^^^^^^^^^^^^^^^^^^^^^^^^^^^
  File "/home/farmtech/FarmTech/.venv/lib/python3.11/site-packages/flask/templating.py", line 65, in get_source
    return self._get_source_fast(environment, template)
           ^^^^^^^^^^^^^^^^^^^^^^^^^^^^^^^^^^^^^^^^^^^^
  File "/home/farmtech/FarmTech/.venv/lib/python3.11/site-packages/flask/templating.py", line 99, in _get_source_fast
    raise TemplateNotFound(template)
jinja2.exceptions.TemplateNotFound: index.html
2025-05-22 17:36:04,883 [INFO] 192.168.95.177 - - [22/May/2025 17:36:04] "[35m[1mGET / HTTP/1.1[0m" 500 -
2025-05-22 17:36:04,884 [INFO] Movimiento detenido
2025-05-22 17:36:05,004 [INFO] Movimiento detenido
2025-05-22 17:36:05,107 [INFO] Lectura BMP390
2025-05-22 17:36:05,116 [INFO] Movimiento detenido
2025-05-22 17:36:05,228 [INFO] Movimiento detenido
2025-05-22 17:36:05,286 [INFO] Lectura LTR390
2025-05-22 17:36:05,289 [INFO] Lectura desde ESP32-S3 por serial
2025-05-22 17:36:05,339 [INFO] Movimiento detenido
2025-05-22 17:36:05,384 [ERROR] Exception on / [GET]
Traceback (most recent call last):
  File "/home/farmtech/FarmTech/.venv/lib/python3.11/site-packages/flask/app.py", line 1511, in wsgi_app
    response = self.full_dispatch_request()
               ^^^^^^^^^^^^^^^^^^^^^^^^^^^^
  File "/home/farmtech/FarmTech/.venv/lib/python3.11/site-packages/flask/app.py", line 919, in full_dispatch_request
    rv = self.handle_user_exception(e)
         ^^^^^^^^^^^^^^^^^^^^^^^^^^^^^
  File "/home/farmtech/FarmTech/.venv/lib/python3.11/site-packages/flask/app.py", line 917, in full_dispatch_request
    rv = self.dispatch_request()
         ^^^^^^^^^^^^^^^^^^^^^^^
  File "/home/farmtech/FarmTech/.venv/lib/python3.11/site-packages/flask/app.py", line 902, in dispatch_request
    return self.ensure_sync(self.view_functions[rule.endpoint])(**view_args)  # type: ignore[no-any-return]
           ^^^^^^^^^^^^^^^^^^^^^^^^^^^^^^^^^^^^^^^^^^^^^^^^^^^^^^^^^^^^^^^^^
  File "/home/farmtech/FarmTech/utils/webserver.py", line 11, in index
    return render_template("index.html")
           ^^^^^^^^^^^^^^^^^^^^^^^^^^^^^
  File "/home/farmtech/FarmTech/.venv/lib/python3.11/site-packages/flask/templating.py", line 149, in render_template
    template = app.jinja_env.get_or_select_template(template_name_or_list)
               ^^^^^^^^^^^^^^^^^^^^^^^^^^^^^^^^^^^^^^^^^^^^^^^^^^^^^^^^^^^
  File "/home/farmtech/FarmTech/.venv/lib/python3.11/site-packages/jinja2/environment.py", line 1087, in get_or_select_template
    return self.get_template(template_name_or_list, parent, globals)
           ^^^^^^^^^^^^^^^^^^^^^^^^^^^^^^^^^^^^^^^^^^^^^^^^^^^^^^^^^
  File "/home/farmtech/FarmTech/.venv/lib/python3.11/site-packages/jinja2/environment.py", line 1016, in get_template
    return self._load_template(name, globals)
           ^^^^^^^^^^^^^^^^^^^^^^^^^^^^^^^^^^
  File "/home/farmtech/FarmTech/.venv/lib/python3.11/site-packages/jinja2/environment.py", line 975, in _load_template
    template = self.loader.load(self, name, self.make_globals(globals))
               ^^^^^^^^^^^^^^^^^^^^^^^^^^^^^^^^^^^^^^^^^^^^^^^^^^^^^^^^
  File "/home/farmtech/FarmTech/.venv/lib/python3.11/site-packages/jinja2/loaders.py", line 126, in load
    source, filename, uptodate = self.get_source(environment, name)
                                 ^^^^^^^^^^^^^^^^^^^^^^^^^^^^^^^^^^
  File "/home/farmtech/FarmTech/.venv/lib/python3.11/site-packages/flask/templating.py", line 65, in get_source
    return self._get_source_fast(environment, template)
           ^^^^^^^^^^^^^^^^^^^^^^^^^^^^^^^^^^^^^^^^^^^^
  File "/home/farmtech/FarmTech/.venv/lib/python3.11/site-packages/flask/templating.py", line 99, in _get_source_fast
    raise TemplateNotFound(template)
jinja2.exceptions.TemplateNotFound: index.html
2025-05-22 17:36:05,390 [INFO] 192.168.95.177 - - [22/May/2025 17:36:05] "[35m[1mGET / HTTP/1.1[0m" 500 -
2025-05-22 17:36:05,451 [INFO] Movimiento detenido
2025-05-22 17:36:05,563 [INFO] Movimiento detenido
2025-05-22 17:36:05,675 [INFO] Movimiento detenido
2025-05-22 17:36:05,787 [INFO] Movimiento detenido
2025-05-22 17:36:05,899 [INFO] Movimiento detenido
2025-05-22 17:36:06,012 [INFO] Movimiento detenido
2025-05-22 17:36:06,125 [INFO] Movimiento detenido
2025-05-22 17:36:06,236 [INFO] Movimiento detenido
2025-05-22 17:36:06,349 [INFO] Movimiento detenido
2025-05-22 17:36:06,461 [INFO] Movimiento detenido
2025-05-22 17:36:06,574 [INFO] Movimiento detenido
2025-05-22 17:36:06,687 [INFO] Movimiento detenido
2025-05-22 17:36:06,800 [INFO] Movimiento detenido
2025-05-22 17:36:06,912 [INFO] Movimiento detenido
2025-05-22 17:36:07,024 [INFO] Movimiento detenido
2025-05-22 17:36:07,137 [INFO] Movimiento detenido
2025-05-22 17:36:07,250 [INFO] Movimiento detenido
2025-05-22 17:36:07,362 [INFO] Movimiento detenido
2025-05-22 17:36:07,473 [INFO] Movimiento detenido
2025-05-22 17:36:07,585 [INFO] Movimiento detenido
2025-05-22 17:36:07,697 [INFO] Movimiento detenido
2025-05-22 17:36:07,809 [INFO] Movimiento detenido
2025-05-22 17:36:07,921 [INFO] Movimiento detenido
2025-05-22 17:36:08,033 [INFO] Movimiento detenido
2025-05-22 17:36:08,145 [INFO] Movimiento detenido
2025-05-22 17:36:08,256 [INFO] Movimiento detenido
2025-05-22 17:36:08,368 [INFO] Movimiento detenido
2025-05-22 17:36:08,481 [INFO] Movimiento detenido
2025-05-22 17:36:08,593 [INFO] Movimiento detenido
2025-05-22 17:36:08,706 [INFO] Movimiento detenido
2025-05-22 17:36:08,818 [INFO] Movimiento detenido
2025-05-22 17:36:08,930 [INFO] Movimiento detenido
2025-05-22 17:36:09,043 [INFO] Movimiento detenido
2025-05-22 17:36:09,155 [INFO] Movimiento detenido
2025-05-22 17:36:09,268 [INFO] Movimiento detenido
2025-05-22 17:36:09,380 [INFO] Movimiento detenido
2025-05-22 17:36:09,492 [INFO] Movimiento detenido
2025-05-22 17:36:09,604 [INFO] Movimiento detenido
2025-05-22 17:36:09,716 [INFO] Movimiento detenido
2025-05-22 17:36:09,826 [INFO] Lectura datos climáticos NASA
2025-05-22 17:36:09,828 [INFO] Datos JSON preparados para envío
2025-05-22 17:36:09,829 [INFO] Movimiento detenido
2025-05-22 17:36:09,941 [INFO] Movimiento detenido
2025-05-22 17:36:10,054 [INFO] Movimiento detenido
2025-05-22 17:36:10,166 [INFO] Movimiento detenido
2025-05-22 17:36:10,277 [INFO] Movimiento detenido
2025-05-22 17:36:10,388 [INFO] Movimiento detenido
2025-05-22 17:36:10,499 [INFO] Movimiento detenido
2025-05-22 17:36:10,611 [INFO] Movimiento detenido
2025-05-22 17:36:10,722 [INFO] Movimiento detenido
2025-05-22 17:36:10,835 [INFO] Movimiento detenido
2025-05-22 17:36:10,880 [INFO] Lectura BMP390
2025-05-22 17:36:10,948 [INFO] Movimiento detenido
2025-05-22 17:36:11,061 [INFO] Movimiento detenido
2025-05-22 17:36:11,067 [INFO] Lectura LTR390
2025-05-22 17:36:11,075 [INFO] Lectura desde ESP32-S3 por serial
2025-05-22 17:36:11,178 [INFO] Movimiento detenido
2025-05-22 17:36:11,290 [INFO] Movimiento detenido
2025-05-22 17:36:11,404 [INFO] Movimiento detenido
2025-05-22 17:36:11,516 [INFO] Movimiento detenido
2025-05-22 17:36:11,629 [INFO] Movimiento detenido
2025-05-22 17:36:11,741 [INFO] Movimiento detenido
2025-05-22 17:36:11,854 [INFO] Movimiento detenido
2025-05-22 17:36:11,969 [INFO] Movimiento detenido
2025-05-22 17:36:12,082 [INFO] Movimiento detenido
2025-05-22 17:36:12,195 [INFO] Movimiento detenido
2025-05-22 17:36:12,308 [INFO] Movimiento detenido
2025-05-22 17:36:12,420 [INFO] Movimiento detenido
2025-05-22 17:36:12,533 [INFO] Movimiento detenido
2025-05-22 17:36:12,645 [INFO] Movimiento detenido
2025-05-22 17:36:12,757 [INFO] Movimiento detenido
2025-05-22 17:36:12,870 [INFO] Movimiento detenido
2025-05-22 17:36:12,981 [INFO] Movimiento detenido
2025-05-22 17:36:13,094 [INFO] Movimiento detenido
2025-05-22 17:36:13,208 [INFO] Movimiento detenido
2025-05-22 17:36:13,322 [INFO] Movimiento detenido
2025-05-22 17:36:13,434 [INFO] Movimiento detenido
2025-05-22 17:36:13,547 [INFO] Movimiento detenido
2025-05-22 17:36:13,660 [INFO] Movimiento detenido
2025-05-22 17:36:13,772 [INFO] Movimiento detenido
2025-05-22 17:36:13,885 [INFO] Movimiento detenido
2025-05-22 17:36:13,997 [INFO] Movimiento detenido
2025-05-22 17:36:14,110 [INFO] Movimiento detenido
2025-05-22 17:36:14,223 [INFO] Movimiento detenido
2025-05-22 17:36:14,334 [INFO] Movimiento detenido
2025-05-22 17:36:14,447 [INFO] Movimiento detenido
2025-05-22 17:36:14,487 [INFO] Lectura datos climáticos NASA
2025-05-22 17:36:14,491 [INFO] Datos JSON preparados para envío
2025-05-22 17:36:14,558 [INFO] Movimiento detenido
2025-05-22 17:36:14,672 [INFO] Movimiento detenido
2025-05-22 17:36:14,784 [INFO] Movimiento detenido
2025-05-22 17:36:14,898 [INFO] Movimiento detenido
2025-05-22 17:36:15,012 [INFO] Movimiento detenido
2025-05-22 17:36:15,124 [INFO] Movimiento detenido
2025-05-22 17:36:15,236 [INFO] Movimiento detenido
2025-05-22 17:36:15,348 [INFO] Movimiento detenido
2025-05-22 17:36:15,460 [INFO] Movimiento detenido
2025-05-22 17:36:15,544 [INFO] Lectura BMP390
2025-05-22 17:36:15,579 [INFO] Movimiento detenido
2025-05-22 17:36:15,697 [INFO] Movimiento detenido
2025-05-22 17:36:15,730 [INFO] Lectura LTR390
2025-05-22 17:36:15,735 [INFO] Lectura desde ESP32-S3 por serial
2025-05-22 17:36:15,809 [INFO] Movimiento detenido
2025-05-22 17:36:15,934 [INFO] Movimiento detenido
2025-05-22 17:36:16,047 [INFO] Movimiento detenido
2025-05-22 17:36:16,160 [INFO] Movimiento detenido
2025-05-22 17:36:16,272 [INFO] Movimiento detenido
2025-05-22 17:36:16,384 [INFO] Movimiento detenido
2025-05-22 17:36:16,496 [INFO] Movimiento detenido
2025-05-22 17:36:16,608 [INFO] Movimiento detenido
2025-05-22 17:36:16,721 [INFO] Movimiento detenido
2025-05-22 17:36:16,833 [INFO] Movimiento detenido
2025-05-22 17:36:16,945 [INFO] Movimiento detenido
2025-05-22 17:36:17,058 [INFO] Movimiento detenido
2025-05-22 17:36:17,170 [INFO] Movimiento detenido
2025-05-22 17:36:17,283 [INFO] Movimiento detenido
2025-05-22 17:36:17,395 [INFO] Movimiento detenido
2025-05-22 17:36:17,507 [INFO] Movimiento detenido
2025-05-22 17:36:17,620 [INFO] Movimiento detenido
2025-05-22 17:36:17,732 [INFO] Movimiento detenido
2025-05-22 17:36:17,845 [INFO] Movimiento detenido
2025-05-22 17:36:17,958 [INFO] Movimiento detenido
2025-05-22 17:36:18,071 [INFO] Movimiento detenido
2025-05-22 17:36:18,184 [INFO] Movimiento detenido
2025-05-22 17:36:18,296 [INFO] Movimiento detenido
2025-05-22 17:36:18,408 [INFO] Movimiento detenido
2025-05-22 17:36:18,520 [INFO] Movimiento detenido
2025-05-22 17:36:18,631 [INFO] Movimiento detenido
2025-05-22 17:36:18,743 [INFO] Movimiento detenido
2025-05-22 17:36:18,855 [INFO] Movimiento detenido
2025-05-22 17:36:18,929 [INFO] Lectura datos climáticos NASA
2025-05-22 17:36:18,931 [INFO] Datos JSON preparados para envío
2025-05-22 17:36:18,967 [INFO] Movimiento detenido
2025-05-22 17:36:19,078 [INFO] Movimiento detenido
2025-05-22 17:36:19,190 [INFO] Movimiento detenido
2025-05-22 17:36:19,301 [INFO] Movimiento detenido
2025-05-22 17:36:19,414 [INFO] Movimiento detenido
2025-05-22 17:36:19,526 [INFO] Movimiento detenido
2025-05-22 17:36:19,637 [INFO] Movimiento detenido
2025-05-22 17:36:19,749 [INFO] Movimiento detenido
2025-05-22 17:36:19,861 [INFO] Movimiento detenido
2025-05-22 17:36:19,973 [INFO] Movimiento detenido
2025-05-22 17:36:19,989 [INFO] Lectura BMP390
2025-05-22 17:36:20,088 [INFO] Movimiento detenido
2025-05-22 17:36:20,168 [INFO] Lectura LTR390
2025-05-22 17:36:20,171 [INFO] Lectura desde ESP32-S3 por serial
2025-05-22 17:36:20,200 [INFO] Movimiento detenido
2025-05-22 17:36:20,312 [INFO] Movimiento detenido
2025-05-22 17:36:20,424 [INFO] Movimiento detenido
2025-05-22 17:36:20,535 [INFO] Movimiento detenido
2025-05-22 17:36:20,647 [INFO] Movimiento detenido
2025-05-22 17:36:20,758 [INFO] Movimiento detenido
2025-05-22 17:36:20,870 [INFO] Movimiento detenido
2025-05-22 17:36:20,982 [INFO] Movimiento detenido
2025-05-22 17:36:21,095 [INFO] Movimiento detenido
2025-05-22 17:36:21,206 [INFO] Movimiento detenido
2025-05-22 17:36:21,319 [INFO] Movimiento detenido
2025-05-22 17:36:21,430 [INFO] Movimiento detenido
2025-05-22 17:36:21,542 [INFO] Movimiento detenido
2025-05-22 17:36:21,654 [INFO] Movimiento detenido
2025-05-22 17:36:21,768 [INFO] Movimiento detenido
2025-05-22 17:36:21,881 [INFO] Movimiento detenido
2025-05-22 17:36:21,993 [INFO] Movimiento detenido
2025-05-22 17:36:22,105 [INFO] Movimiento detenido
2025-05-22 17:36:22,217 [INFO] Movimiento detenido
2025-05-22 17:36:22,329 [INFO] Movimiento detenido
2025-05-22 17:36:22,441 [INFO] Movimiento detenido
2025-05-22 17:36:22,553 [INFO] Movimiento detenido
2025-05-22 17:36:22,665 [INFO] Movimiento detenido
2025-05-22 17:36:22,777 [INFO] Movimiento detenido
2025-05-22 17:36:22,889 [INFO] Movimiento detenido
2025-05-22 17:36:23,001 [INFO] Movimiento detenido
2025-05-22 17:36:23,113 [INFO] Movimiento detenido
2025-05-22 17:36:23,224 [INFO] Movimiento detenido
2025-05-22 17:36:23,336 [INFO] Movimiento detenido
2025-05-22 17:36:23,448 [INFO] Movimiento detenido
2025-05-22 17:36:23,456 [INFO] Lectura datos climáticos NASA
2025-05-22 17:36:23,459 [INFO] Datos JSON preparados para envío
2025-05-22 17:36:23,563 [INFO] Movimiento detenido
2025-05-22 17:36:23,675 [INFO] Movimiento detenido
2025-05-22 17:36:23,786 [INFO] Movimiento detenido
2025-05-22 17:36:23,898 [INFO] Movimiento detenido
2025-05-22 17:36:24,010 [INFO] Movimiento detenido
2025-05-22 17:36:24,121 [INFO] Movimiento detenido
2025-05-22 17:36:24,233 [INFO] Movimiento detenido
2025-05-22 17:36:24,344 [INFO] Movimiento detenido
2025-05-22 17:36:24,455 [INFO] Movimiento detenido
2025-05-22 17:36:24,511 [INFO] Lectura BMP390
2025-05-22 17:36:24,568 [INFO] Movimiento detenido
2025-05-22 17:36:24,681 [INFO] Movimiento detenido
2025-05-22 17:36:24,694 [INFO] Lectura LTR390
2025-05-22 17:36:24,699 [INFO] Lectura desde ESP32-S3 por serial
2025-05-22 17:36:24,797 [INFO] Movimiento detenido
2025-05-22 17:36:24,908 [INFO] Movimiento detenido
2025-05-22 17:36:25,020 [INFO] Movimiento detenido
2025-05-22 17:36:25,131 [INFO] Movimiento detenido
2025-05-22 17:36:25,242 [INFO] Movimiento detenido
2025-05-22 17:36:25,354 [INFO] Movimiento detenido
2025-05-22 17:36:25,465 [INFO] Movimiento detenido
2025-05-22 17:36:25,576 [INFO] Movimiento detenido
2025-05-22 17:36:25,688 [INFO] Movimiento detenido
2025-05-22 17:36:25,801 [INFO] Movimiento detenido
2025-05-22 17:36:25,913 [INFO] Movimiento detenido
2025-05-22 17:36:26,025 [INFO] Movimiento detenido
2025-05-22 17:36:26,137 [INFO] Movimiento detenido
2025-05-22 17:36:26,249 [INFO] Movimiento detenido
2025-05-22 17:36:26,361 [INFO] Movimiento detenido
2025-05-22 17:36:26,473 [INFO] Movimiento detenido
2025-05-22 17:36:26,585 [INFO] Movimiento detenido
2025-05-22 17:36:26,698 [INFO] Movimiento detenido
2025-05-22 17:36:26,810 [INFO] Movimiento detenido
2025-05-22 17:36:26,923 [INFO] Movimiento detenido
2025-05-22 17:36:27,035 [INFO] Movimiento detenido
2025-05-22 17:36:27,148 [INFO] Movimiento detenido
2025-05-22 17:36:27,260 [INFO] Movimiento detenido
2025-05-22 17:36:27,373 [INFO] Movimiento detenido
2025-05-22 17:36:27,484 [INFO] Movimiento detenido
2025-05-22 17:36:27,597 [INFO] Movimiento detenido
2025-05-22 17:36:27,709 [INFO] Movimiento detenido
2025-05-22 17:36:27,821 [INFO] Movimiento detenido
2025-05-22 17:36:27,934 [INFO] Movimiento detenido
2025-05-22 17:36:28,046 [INFO] Movimiento detenido
2025-05-22 17:36:28,158 [INFO] Movimiento detenido
2025-05-22 17:36:28,270 [INFO] Movimiento detenido
2025-05-22 17:36:28,382 [INFO] Movimiento detenido
2025-05-22 17:36:28,422 [INFO] Lectura datos climáticos NASA
2025-05-22 17:37:53,083 [INFO] Inicio del sistema
2025-05-22 17:37:54,155 [INFO] Movimiento detenido
2025-05-22 17:37:54,204 [INFO] [31m[1mWARNING: This is a development server. Do not use it in a production deployment. Use a production WSGI server instead.[0m
 * Running on all addresses (0.0.0.0)
 * Running on http://127.0.0.1:5000
 * Running on http://192.168.95.239:5000
2025-05-22 17:37:54,207 [INFO] [33mPress CTRL+C to quit[0m
2025-05-22 17:37:54,262 [INFO] Lectura BMP390
2025-05-22 17:37:54,386 [INFO] Movimiento detenido
2025-05-22 17:37:54,512 [INFO] Movimiento detenido
2025-05-22 17:37:54,539 [INFO] Lectura LTR390
2025-05-22 17:37:54,658 [INFO] Movimiento detenido
2025-05-22 17:37:54,705 [WARNING] Lectura serial fallida o formato incorrecto
2025-05-22 17:37:54,799 [INFO] Movimiento detenido
2025-05-22 17:37:54,915 [INFO] Movimiento detenido
2025-05-22 17:37:55,030 [INFO] Movimiento detenido
2025-05-22 17:37:55,143 [INFO] Movimiento detenido
2025-05-22 17:37:55,256 [INFO] Movimiento detenido
2025-05-22 17:37:55,368 [INFO] Movimiento detenido
2025-05-22 17:37:55,480 [INFO] Movimiento detenido
2025-05-22 17:37:55,595 [INFO] Movimiento detenido
2025-05-22 17:37:55,712 [INFO] Movimiento detenido
2025-05-22 17:37:55,830 [INFO] Movimiento detenido
2025-05-22 17:37:55,946 [INFO] Movimiento detenido
2025-05-22 17:37:56,062 [INFO] Movimiento detenido
2025-05-22 17:37:56,187 [INFO] Movimiento detenido
2025-05-22 17:37:56,312 [INFO] Movimiento detenido
2025-05-22 17:37:56,430 [INFO] Movimiento detenido
2025-05-22 17:37:56,544 [INFO] Movimiento detenido
2025-05-22 17:37:56,657 [INFO] Movimiento detenido
2025-05-22 17:37:56,777 [INFO] Movimiento detenido
2025-05-22 17:37:56,893 [INFO] Movimiento detenido
2025-05-22 17:37:57,009 [INFO] Movimiento detenido
2025-05-22 17:37:57,126 [INFO] Movimiento detenido
2025-05-22 17:37:57,240 [INFO] Movimiento detenido
2025-05-22 17:37:57,371 [INFO] Movimiento detenido
2025-05-22 17:37:57,496 [INFO] Movimiento detenido
2025-05-22 17:37:57,611 [INFO] Movimiento detenido
2025-05-22 17:37:57,731 [INFO] Movimiento detenido
2025-05-22 17:37:57,851 [INFO] Movimiento detenido
2025-05-22 17:37:57,964 [INFO] Movimiento detenido
2025-05-22 17:37:58,076 [INFO] Movimiento detenido
2025-05-22 17:37:58,189 [INFO] Movimiento detenido
2025-05-22 17:37:58,302 [INFO] Movimiento detenido
2025-05-22 17:37:58,414 [INFO] Movimiento detenido
2025-05-22 17:37:58,527 [INFO] Movimiento detenido
2025-05-22 17:37:58,641 [INFO] Movimiento detenido
2025-05-22 17:37:58,757 [INFO] Movimiento detenido
2025-05-22 17:37:58,873 [INFO] Movimiento detenido
2025-05-22 17:37:58,954 [INFO] Lectura datos climáticos NASA
2025-05-22 17:37:58,958 [INFO] Datos JSON preparados para envío
2025-05-22 17:37:58,992 [INFO] Movimiento detenido
2025-05-22 17:37:59,117 [INFO] Movimiento detenido
2025-05-22 17:37:59,231 [INFO] Movimiento detenido
2025-05-22 17:37:59,351 [INFO] Movimiento detenido
2025-05-22 17:37:59,464 [INFO] Movimiento detenido
2025-05-22 17:37:59,577 [INFO] Movimiento detenido
2025-05-22 17:37:59,691 [INFO] Movimiento detenido
2025-05-22 17:37:59,809 [INFO] Movimiento detenido
2025-05-22 17:37:59,928 [INFO] Movimiento detenido
2025-05-22 17:38:00,011 [INFO] Lectura BMP390
2025-05-22 17:38:00,044 [INFO] Movimiento detenido
2025-05-22 17:38:00,165 [INFO] Movimiento detenido
2025-05-22 17:38:00,200 [INFO] Lectura LTR390
2025-05-22 17:38:00,203 [INFO] Lectura desde ESP32-S3 por serial
2025-05-22 17:38:00,283 [INFO] Movimiento detenido
2025-05-22 17:38:00,398 [INFO] Movimiento detenido
2025-05-22 17:38:00,513 [INFO] Movimiento detenido
2025-05-22 17:38:00,628 [INFO] Movimiento detenido
2025-05-22 17:38:00,743 [INFO] Movimiento detenido
2025-05-22 17:38:00,857 [INFO] Movimiento detenido
2025-05-22 17:38:00,972 [INFO] Movimiento detenido
2025-05-22 17:38:01,088 [INFO] Movimiento detenido
2025-05-22 17:38:01,203 [INFO] Movimiento detenido
2025-05-22 17:38:01,317 [INFO] Movimiento detenido
2025-05-22 17:38:01,432 [INFO] Movimiento detenido
2025-05-22 17:38:01,548 [INFO] Movimiento detenido
2025-05-22 17:38:01,665 [INFO] Movimiento detenido
2025-05-22 17:38:01,782 [INFO] Movimiento detenido
2025-05-22 17:38:01,901 [INFO] Movimiento detenido
2025-05-22 17:38:02,019 [INFO] Movimiento detenido
2025-05-22 17:38:02,153 [INFO] Movimiento detenido
2025-05-22 17:38:02,270 [INFO] Movimiento detenido
2025-05-22 17:38:02,384 [INFO] Movimiento detenido
2025-05-22 17:38:02,499 [INFO] Movimiento detenido
2025-05-22 17:38:02,613 [INFO] Movimiento detenido
2025-05-22 17:38:02,728 [INFO] Movimiento detenido
2025-05-22 17:38:02,853 [INFO] Movimiento detenido
2025-05-22 17:38:02,972 [INFO] Movimiento detenido
2025-05-22 17:38:03,086 [INFO] Movimiento detenido
2025-05-22 17:38:03,201 [INFO] Movimiento detenido
2025-05-22 17:38:03,318 [INFO] Movimiento detenido
2025-05-22 17:38:03,434 [INFO] Movimiento detenido
2025-05-22 17:38:03,551 [INFO] Movimiento detenido
2025-05-22 17:38:03,666 [INFO] Movimiento detenido
2025-05-22 17:38:03,784 [INFO] Movimiento detenido
2025-05-22 17:38:03,897 [INFO] Movimiento detenido
2025-05-22 17:38:04,011 [INFO] Movimiento detenido
2025-05-22 17:38:04,124 [INFO] Movimiento detenido
2025-05-22 17:38:04,171 [INFO] Lectura datos climáticos NASA
2025-05-22 17:38:04,177 [INFO] Datos JSON preparados para envío
2025-05-22 17:38:04,242 [INFO] Movimiento detenido
2025-05-22 17:38:04,355 [INFO] Movimiento detenido
2025-05-22 17:38:04,469 [INFO] Movimiento detenido
2025-05-22 17:38:04,584 [INFO] Movimiento detenido
2025-05-22 17:38:04,709 [INFO] Movimiento detenido
2025-05-22 17:38:04,822 [INFO] Movimiento detenido
2025-05-22 17:38:04,939 [INFO] Movimiento detenido
2025-05-22 17:38:05,059 [INFO] Movimiento detenido
2025-05-22 17:38:05,188 [INFO] Movimiento detenido
2025-05-22 17:38:05,231 [INFO] Lectura BMP390
2025-05-22 17:38:05,305 [INFO] Movimiento detenido
2025-05-22 17:38:05,415 [INFO] Lectura LTR390
2025-05-22 17:38:05,418 [INFO] Lectura desde ESP32-S3 por serial
2025-05-22 17:38:05,419 [INFO] Movimiento detenido
2025-05-22 17:38:05,540 [INFO] Movimiento detenido
2025-05-22 17:38:05,669 [INFO] Movimiento detenido
2025-05-22 17:38:05,786 [INFO] Movimiento detenido
2025-05-22 17:38:05,901 [INFO] Movimiento detenido
2025-05-22 17:38:06,019 [INFO] Movimiento detenido
2025-05-22 17:38:06,134 [INFO] Movimiento detenido
2025-05-22 17:38:06,271 [INFO] Movimiento detenido
2025-05-22 17:38:06,384 [INFO] Movimiento detenido
2025-05-22 17:38:06,497 [INFO] Movimiento detenido
2025-05-22 17:38:06,610 [INFO] Movimiento detenido
2025-05-22 17:38:06,737 [INFO] Movimiento detenido
2025-05-22 17:38:06,858 [INFO] Movimiento detenido
2025-05-22 17:38:06,987 [INFO] Movimiento detenido
2025-05-22 17:38:07,100 [INFO] Movimiento detenido
2025-05-22 17:38:07,221 [INFO] Movimiento detenido
2025-05-22 17:38:07,344 [INFO] Movimiento detenido
2025-05-22 17:38:07,469 [INFO] Movimiento detenido
2025-05-22 17:38:07,593 [INFO] Movimiento detenido
2025-05-22 17:38:07,710 [INFO] Movimiento detenido
2025-05-22 17:38:07,825 [INFO] Movimiento detenido
2025-05-22 17:38:07,943 [INFO] Movimiento detenido
2025-05-22 17:38:08,061 [INFO] Movimiento detenido
2025-05-22 17:38:08,181 [INFO] Movimiento detenido
2025-05-22 17:38:08,293 [INFO] Movimiento detenido
2025-05-22 17:38:08,411 [INFO] Movimiento detenido
2025-05-22 17:38:08,524 [INFO] Movimiento detenido
2025-05-22 17:38:08,636 [INFO] Movimiento detenido
2025-05-22 17:38:08,749 [INFO] Movimiento detenido
2025-05-22 17:38:08,866 [INFO] Movimiento detenido
2025-05-22 17:38:08,883 [ERROR] Exception on / [GET]
Traceback (most recent call last):
  File "/home/farmtech/FarmTech/.venv/lib/python3.11/site-packages/flask/app.py", line 1511, in wsgi_app
    response = self.full_dispatch_request()
               ^^^^^^^^^^^^^^^^^^^^^^^^^^^^
  File "/home/farmtech/FarmTech/.venv/lib/python3.11/site-packages/flask/app.py", line 919, in full_dispatch_request
    rv = self.handle_user_exception(e)
         ^^^^^^^^^^^^^^^^^^^^^^^^^^^^^
  File "/home/farmtech/FarmTech/.venv/lib/python3.11/site-packages/flask/app.py", line 917, in full_dispatch_request
    rv = self.dispatch_request()
         ^^^^^^^^^^^^^^^^^^^^^^^
  File "/home/farmtech/FarmTech/.venv/lib/python3.11/site-packages/flask/app.py", line 902, in dispatch_request
    return self.ensure_sync(self.view_functions[rule.endpoint])(**view_args)  # type: ignore[no-any-return]
           ^^^^^^^^^^^^^^^^^^^^^^^^^^^^^^^^^^^^^^^^^^^^^^^^^^^^^^^^^^^^^^^^^
  File "/home/farmtech/FarmTech/utils/webserver.py", line 11, in index
    return render_template("index.html")
           ^^^^^^^^^^^^^^^^^^^^^^^^^^^^^
  File "/home/farmtech/FarmTech/.venv/lib/python3.11/site-packages/flask/templating.py", line 149, in render_template
    template = app.jinja_env.get_or_select_template(template_name_or_list)
               ^^^^^^^^^^^^^^^^^^^^^^^^^^^^^^^^^^^^^^^^^^^^^^^^^^^^^^^^^^^
  File "/home/farmtech/FarmTech/.venv/lib/python3.11/site-packages/jinja2/environment.py", line 1087, in get_or_select_template
    return self.get_template(template_name_or_list, parent, globals)
           ^^^^^^^^^^^^^^^^^^^^^^^^^^^^^^^^^^^^^^^^^^^^^^^^^^^^^^^^^
  File "/home/farmtech/FarmTech/.venv/lib/python3.11/site-packages/jinja2/environment.py", line 1016, in get_template
    return self._load_template(name, globals)
           ^^^^^^^^^^^^^^^^^^^^^^^^^^^^^^^^^^
  File "/home/farmtech/FarmTech/.venv/lib/python3.11/site-packages/jinja2/environment.py", line 975, in _load_template
    template = self.loader.load(self, name, self.make_globals(globals))
               ^^^^^^^^^^^^^^^^^^^^^^^^^^^^^^^^^^^^^^^^^^^^^^^^^^^^^^^^
  File "/home/farmtech/FarmTech/.venv/lib/python3.11/site-packages/jinja2/loaders.py", line 126, in load
    source, filename, uptodate = self.get_source(environment, name)
                                 ^^^^^^^^^^^^^^^^^^^^^^^^^^^^^^^^^^
  File "/home/farmtech/FarmTech/.venv/lib/python3.11/site-packages/flask/templating.py", line 65, in get_source
    return self._get_source_fast(environment, template)
           ^^^^^^^^^^^^^^^^^^^^^^^^^^^^^^^^^^^^^^^^^^^^
  File "/home/farmtech/FarmTech/.venv/lib/python3.11/site-packages/flask/templating.py", line 99, in _get_source_fast
    raise TemplateNotFound(template)
jinja2.exceptions.TemplateNotFound: index.html
2025-05-22 17:38:08,900 [INFO] 192.168.95.177 - - [22/May/2025 17:38:08] "[35m[1mGET / HTTP/1.1[0m" 500 -
2025-05-22 17:38:08,902 [INFO] Lectura datos climáticos NASA
2025-05-22 17:38:08,906 [INFO] Datos JSON preparados para envío
2025-05-22 17:38:08,978 [INFO] Movimiento detenido
2025-05-22 17:38:09,095 [INFO] Movimiento detenido
2025-05-22 17:38:09,214 [INFO] Movimiento detenido
2025-05-22 17:38:09,328 [INFO] Movimiento detenido
2025-05-22 17:38:09,439 [INFO] Movimiento detenido
2025-05-22 17:38:09,551 [INFO] Movimiento detenido
2025-05-22 17:38:09,665 [INFO] Movimiento detenido
2025-05-22 17:38:09,755 [ERROR] Exception on / [GET]
Traceback (most recent call last):
  File "/home/farmtech/FarmTech/.venv/lib/python3.11/site-packages/flask/app.py", line 1511, in wsgi_app
    response = self.full_dispatch_request()
               ^^^^^^^^^^^^^^^^^^^^^^^^^^^^
  File "/home/farmtech/FarmTech/.venv/lib/python3.11/site-packages/flask/app.py", line 919, in full_dispatch_request
    rv = self.handle_user_exception(e)
         ^^^^^^^^^^^^^^^^^^^^^^^^^^^^^
  File "/home/farmtech/FarmTech/.venv/lib/python3.11/site-packages/flask/app.py", line 917, in full_dispatch_request
    rv = self.dispatch_request()
         ^^^^^^^^^^^^^^^^^^^^^^^
  File "/home/farmtech/FarmTech/.venv/lib/python3.11/site-packages/flask/app.py", line 902, in dispatch_request
    return self.ensure_sync(self.view_functions[rule.endpoint])(**view_args)  # type: ignore[no-any-return]
           ^^^^^^^^^^^^^^^^^^^^^^^^^^^^^^^^^^^^^^^^^^^^^^^^^^^^^^^^^^^^^^^^^
  File "/home/farmtech/FarmTech/utils/webserver.py", line 11, in index
    return render_template("index.html")
           ^^^^^^^^^^^^^^^^^^^^^^^^^^^^^
  File "/home/farmtech/FarmTech/.venv/lib/python3.11/site-packages/flask/templating.py", line 149, in render_template
    template = app.jinja_env.get_or_select_template(template_name_or_list)
               ^^^^^^^^^^^^^^^^^^^^^^^^^^^^^^^^^^^^^^^^^^^^^^^^^^^^^^^^^^^
  File "/home/farmtech/FarmTech/.venv/lib/python3.11/site-packages/jinja2/environment.py", line 1087, in get_or_select_template
    return self.get_template(template_name_or_list, parent, globals)
           ^^^^^^^^^^^^^^^^^^^^^^^^^^^^^^^^^^^^^^^^^^^^^^^^^^^^^^^^^
  File "/home/farmtech/FarmTech/.venv/lib/python3.11/site-packages/jinja2/environment.py", line 1016, in get_template
    return self._load_template(name, globals)
           ^^^^^^^^^^^^^^^^^^^^^^^^^^^^^^^^^^
  File "/home/farmtech/FarmTech/.venv/lib/python3.11/site-packages/jinja2/environment.py", line 975, in _load_template
    template = self.loader.load(self, name, self.make_globals(globals))
               ^^^^^^^^^^^^^^^^^^^^^^^^^^^^^^^^^^^^^^^^^^^^^^^^^^^^^^^^
  File "/home/farmtech/FarmTech/.venv/lib/python3.11/site-packages/jinja2/loaders.py", line 126, in load
    source, filename, uptodate = self.get_source(environment, name)
                                 ^^^^^^^^^^^^^^^^^^^^^^^^^^^^^^^^^^
  File "/home/farmtech/FarmTech/.venv/lib/python3.11/site-packages/flask/templating.py", line 65, in get_source
    return self._get_source_fast(environment, template)
           ^^^^^^^^^^^^^^^^^^^^^^^^^^^^^^^^^^^^^^^^^^^^
  File "/home/farmtech/FarmTech/.venv/lib/python3.11/site-packages/flask/templating.py", line 99, in _get_source_fast
    raise TemplateNotFound(template)
jinja2.exceptions.TemplateNotFound: index.html
2025-05-22 17:38:09,761 [INFO] 192.168.95.177 - - [22/May/2025 17:38:09] "[35m[1mGET / HTTP/1.1[0m" 500 -
2025-05-22 17:38:09,779 [INFO] Movimiento detenido
2025-05-22 17:38:09,893 [INFO] Movimiento detenido
2025-05-22 17:38:09,958 [INFO] Lectura BMP390
2025-05-22 17:38:10,007 [INFO] Movimiento detenido
2025-05-22 17:38:10,121 [INFO] Movimiento detenido
2025-05-22 17:38:10,142 [INFO] Lectura LTR390
2025-05-22 17:38:10,148 [INFO] Lectura desde ESP32-S3 por serial
2025-05-22 17:38:10,235 [INFO] Movimiento detenido
2025-05-22 17:38:10,347 [INFO] Movimiento detenido
2025-05-22 17:38:10,379 [ERROR] Exception on / [GET]
Traceback (most recent call last):
  File "/home/farmtech/FarmTech/.venv/lib/python3.11/site-packages/flask/app.py", line 1511, in wsgi_app
    response = self.full_dispatch_request()
               ^^^^^^^^^^^^^^^^^^^^^^^^^^^^
  File "/home/farmtech/FarmTech/.venv/lib/python3.11/site-packages/flask/app.py", line 919, in full_dispatch_request
    rv = self.handle_user_exception(e)
         ^^^^^^^^^^^^^^^^^^^^^^^^^^^^^
  File "/home/farmtech/FarmTech/.venv/lib/python3.11/site-packages/flask/app.py", line 917, in full_dispatch_request
    rv = self.dispatch_request()
         ^^^^^^^^^^^^^^^^^^^^^^^
  File "/home/farmtech/FarmTech/.venv/lib/python3.11/site-packages/flask/app.py", line 902, in dispatch_request
    return self.ensure_sync(self.view_functions[rule.endpoint])(**view_args)  # type: ignore[no-any-return]
           ^^^^^^^^^^^^^^^^^^^^^^^^^^^^^^^^^^^^^^^^^^^^^^^^^^^^^^^^^^^^^^^^^
  File "/home/farmtech/FarmTech/utils/webserver.py", line 11, in index
    return render_template("index.html")
           ^^^^^^^^^^^^^^^^^^^^^^^^^^^^^
  File "/home/farmtech/FarmTech/.venv/lib/python3.11/site-packages/flask/templating.py", line 149, in render_template
    template = app.jinja_env.get_or_select_template(template_name_or_list)
               ^^^^^^^^^^^^^^^^^^^^^^^^^^^^^^^^^^^^^^^^^^^^^^^^^^^^^^^^^^^
  File "/home/farmtech/FarmTech/.venv/lib/python3.11/site-packages/jinja2/environment.py", line 1087, in get_or_select_template
    return self.get_template(template_name_or_list, parent, globals)
           ^^^^^^^^^^^^^^^^^^^^^^^^^^^^^^^^^^^^^^^^^^^^^^^^^^^^^^^^^
  File "/home/farmtech/FarmTech/.venv/lib/python3.11/site-packages/jinja2/environment.py", line 1016, in get_template
    return self._load_template(name, globals)
           ^^^^^^^^^^^^^^^^^^^^^^^^^^^^^^^^^^
  File "/home/farmtech/FarmTech/.venv/lib/python3.11/site-packages/jinja2/environment.py", line 975, in _load_template
    template = self.loader.load(self, name, self.make_globals(globals))
               ^^^^^^^^^^^^^^^^^^^^^^^^^^^^^^^^^^^^^^^^^^^^^^^^^^^^^^^^
  File "/home/farmtech/FarmTech/.venv/lib/python3.11/site-packages/jinja2/loaders.py", line 126, in load
    source, filename, uptodate = self.get_source(environment, name)
                                 ^^^^^^^^^^^^^^^^^^^^^^^^^^^^^^^^^^
  File "/home/farmtech/FarmTech/.venv/lib/python3.11/site-packages/flask/templating.py", line 65, in get_source
    return self._get_source_fast(environment, template)
           ^^^^^^^^^^^^^^^^^^^^^^^^^^^^^^^^^^^^^^^^^^^^
  File "/home/farmtech/FarmTech/.venv/lib/python3.11/site-packages/flask/templating.py", line 99, in _get_source_fast
    raise TemplateNotFound(template)
jinja2.exceptions.TemplateNotFound: index.html
2025-05-22 17:38:10,385 [INFO] 192.168.95.177 - - [22/May/2025 17:38:10] "[35m[1mGET / HTTP/1.1[0m" 500 -
2025-05-22 17:38:10,460 [INFO] Movimiento detenido
2025-05-22 17:38:10,574 [INFO] Movimiento detenido
2025-05-22 17:38:10,690 [INFO] Movimiento detenido
2025-05-22 17:38:10,803 [INFO] Movimiento detenido
2025-05-22 17:38:10,917 [INFO] Movimiento detenido
2025-05-22 17:38:11,031 [INFO] Movimiento detenido
2025-05-22 17:38:11,145 [INFO] Movimiento detenido
2025-05-22 17:38:11,259 [INFO] Movimiento detenido
2025-05-22 17:38:11,380 [INFO] Movimiento detenido
2025-05-22 17:38:11,495 [INFO] Movimiento detenido
2025-05-22 17:38:11,609 [INFO] Movimiento detenido
2025-05-22 17:38:11,725 [INFO] Movimiento detenido
2025-05-22 17:38:11,840 [INFO] Movimiento detenido
2025-05-22 17:38:11,955 [INFO] Movimiento detenido
2025-05-22 17:38:12,070 [INFO] Movimiento detenido
2025-05-22 17:38:12,183 [INFO] Movimiento detenido
2025-05-22 17:38:12,297 [INFO] Movimiento detenido
2025-05-22 17:38:12,411 [INFO] Movimiento detenido
2025-05-22 17:38:12,529 [INFO] Movimiento detenido
2025-05-22 17:38:12,643 [INFO] Movimiento detenido
2025-05-22 17:38:12,758 [INFO] Movimiento detenido
2025-05-22 17:38:12,873 [INFO] Movimiento detenido
2025-05-22 17:38:12,986 [INFO] Movimiento detenido
2025-05-22 17:38:13,100 [INFO] Movimiento detenido
2025-05-22 17:38:13,214 [INFO] Movimiento detenido
2025-05-22 17:38:13,273 [INFO] Lectura datos climáticos NASA
2025-05-22 17:38:13,277 [INFO] Datos JSON preparados para envío
2025-05-22 17:38:13,328 [INFO] Movimiento detenido
2025-05-22 17:38:13,448 [INFO] Movimiento detenido
2025-05-22 17:38:13,561 [INFO] Movimiento detenido
2025-05-22 17:38:13,676 [INFO] Movimiento detenido
2025-05-22 17:38:13,789 [INFO] Movimiento detenido
2025-05-22 17:38:13,903 [INFO] Movimiento detenido
2025-05-22 17:38:14,016 [INFO] Movimiento detenido
2025-05-22 17:38:14,130 [INFO] Movimiento detenido
2025-05-22 17:38:14,244 [INFO] Movimiento detenido
2025-05-22 17:38:14,328 [INFO] Lectura BMP390
2025-05-22 17:38:14,357 [INFO] Movimiento detenido
2025-05-22 17:38:14,480 [INFO] Movimiento detenido
2025-05-22 17:38:14,505 [INFO] Lectura LTR390
2025-05-22 17:38:14,509 [INFO] Lectura desde ESP32-S3 por serial
2025-05-22 17:38:14,594 [INFO] Movimiento detenido
2025-05-22 17:38:14,709 [INFO] Movimiento detenido
2025-05-22 17:38:14,828 [INFO] Movimiento detenido
2025-05-22 17:38:14,942 [INFO] Movimiento detenido
2025-05-22 17:38:15,056 [INFO] Movimiento detenido
2025-05-22 17:38:15,168 [INFO] Movimiento detenido
2025-05-22 17:38:15,281 [INFO] Movimiento detenido
2025-05-22 17:38:15,393 [INFO] Movimiento detenido
2025-05-22 17:38:15,506 [INFO] Movimiento detenido
2025-05-22 17:38:15,619 [INFO] Movimiento detenido
2025-05-22 17:38:15,734 [INFO] Movimiento detenido
2025-05-22 17:38:15,851 [INFO] Movimiento detenido
2025-05-22 17:38:15,966 [INFO] Movimiento detenido
2025-05-22 17:38:16,089 [INFO] Movimiento detenido
2025-05-22 17:38:16,201 [INFO] Movimiento detenido
2025-05-22 17:38:16,314 [INFO] Movimiento detenido
2025-05-22 17:38:16,429 [INFO] Movimiento detenido
2025-05-22 17:38:16,543 [INFO] Movimiento detenido
2025-05-22 17:38:16,660 [INFO] Movimiento detenido
2025-05-22 17:38:16,779 [INFO] Movimiento detenido
2025-05-22 17:38:16,901 [INFO] Movimiento detenido
2025-05-22 17:38:17,022 [INFO] Movimiento detenido
2025-05-22 17:38:17,134 [INFO] Movimiento detenido
2025-05-22 17:38:17,251 [INFO] Movimiento detenido
2025-05-22 17:38:17,366 [INFO] Movimiento detenido
2025-05-22 17:38:17,482 [INFO] Movimiento detenido
2025-05-22 17:38:17,602 [INFO] Movimiento detenido
2025-05-22 17:38:17,696 [INFO] Lectura datos climáticos NASA
2025-05-22 17:38:17,730 [INFO] Movimiento detenido
2025-05-22 17:38:17,734 [INFO] Datos JSON preparados para envío
2025-05-22 17:38:17,851 [INFO] Movimiento detenido
2025-05-22 17:38:17,964 [INFO] Movimiento detenido
2025-05-22 17:38:18,077 [INFO] Movimiento detenido
2025-05-22 17:38:18,196 [INFO] Movimiento detenido
2025-05-22 17:38:18,312 [INFO] Movimiento detenido
2025-05-22 17:38:18,429 [INFO] Movimiento detenido
2025-05-22 17:38:18,551 [INFO] Movimiento detenido
2025-05-22 17:38:18,668 [INFO] Movimiento detenido
2025-05-22 17:38:18,788 [INFO] Lectura BMP390
2025-05-22 17:38:18,791 [INFO] Movimiento detenido
2025-05-22 17:38:18,907 [INFO] Movimiento detenido
2025-05-22 17:38:18,981 [INFO] Lectura LTR390
2025-05-22 17:38:18,984 [INFO] Lectura desde ESP32-S3 por serial
2025-05-22 17:38:19,019 [INFO] Movimiento detenido
2025-05-22 17:38:19,130 [INFO] Movimiento detenido
2025-05-22 17:38:19,242 [INFO] Movimiento detenido
2025-05-22 17:38:19,354 [INFO] Movimiento detenido
2025-05-22 17:38:19,466 [INFO] Movimiento detenido
2025-05-22 17:38:19,579 [INFO] Movimiento detenido
2025-05-22 17:38:19,692 [INFO] Movimiento detenido
2025-05-22 17:38:19,807 [INFO] Movimiento detenido
2025-05-22 17:38:19,920 [INFO] Movimiento detenido
2025-05-22 17:38:20,033 [INFO] Movimiento detenido
2025-05-22 17:38:20,146 [INFO] Movimiento detenido
2025-05-22 17:38:20,258 [INFO] Movimiento detenido
2025-05-22 17:38:20,370 [INFO] Movimiento detenido
2025-05-22 17:38:20,481 [INFO] Movimiento detenido
2025-05-22 17:38:20,594 [INFO] Movimiento detenido
2025-05-22 17:38:20,708 [INFO] Movimiento detenido
2025-05-22 17:38:20,821 [INFO] Movimiento detenido
2025-05-22 17:38:20,934 [INFO] Movimiento detenido
2025-05-22 17:38:21,046 [INFO] Movimiento detenido
2025-05-22 17:38:21,158 [INFO] Movimiento detenido
2025-05-22 17:38:21,271 [INFO] Movimiento detenido
2025-05-22 17:38:21,385 [INFO] Movimiento detenido
2025-05-22 17:38:21,497 [INFO] Movimiento detenido
2025-05-22 17:38:21,609 [INFO] Movimiento detenido
2025-05-22 17:38:21,722 [INFO] Movimiento detenido
2025-05-22 17:38:21,836 [INFO] Movimiento detenido
2025-05-22 17:38:21,947 [INFO] Movimiento detenido
2025-05-22 17:38:22,059 [INFO] Movimiento detenido
2025-05-22 17:38:22,170 [INFO] Movimiento detenido
2025-05-22 17:38:22,281 [INFO] Movimiento detenido
2025-05-22 17:38:22,392 [INFO] Movimiento detenido
2025-05-22 17:38:22,502 [INFO] Lectura datos climáticos NASA
2025-05-22 17:38:22,505 [INFO] Movimiento detenido
2025-05-22 17:38:22,507 [INFO] Datos JSON preparados para envío
2025-05-22 17:38:22,619 [INFO] Movimiento detenido
2025-05-22 17:38:22,732 [INFO] Movimiento detenido
2025-05-22 17:38:22,845 [INFO] Movimiento detenido
2025-05-22 17:38:22,957 [INFO] Movimiento detenido
2025-05-22 17:38:23,070 [INFO] Movimiento detenido
2025-05-22 17:38:23,182 [INFO] Movimiento detenido
2025-05-22 17:38:23,295 [INFO] Movimiento detenido
2025-05-22 17:38:23,407 [INFO] Movimiento detenido
2025-05-22 17:38:23,519 [INFO] Movimiento detenido
2025-05-22 17:38:23,562 [INFO] Lectura BMP390
2025-05-22 17:38:23,633 [INFO] Movimiento detenido
2025-05-22 17:38:23,744 [INFO] Lectura LTR390
2025-05-22 17:38:23,750 [INFO] Lectura desde ESP32-S3 por serial
2025-05-22 17:38:23,750 [INFO] Movimiento detenido
2025-05-22 17:38:23,865 [INFO] Movimiento detenido
2025-05-22 17:38:23,976 [INFO] Movimiento detenido
2025-05-22 17:38:24,088 [INFO] Movimiento detenido
2025-05-22 17:38:24,201 [INFO] Movimiento detenido
2025-05-22 17:38:24,314 [INFO] Movimiento detenido
2025-05-22 17:38:24,426 [INFO] Movimiento detenido
2025-05-22 17:38:24,541 [INFO] Movimiento detenido
2025-05-22 17:38:24,655 [INFO] Movimiento detenido
2025-05-22 17:38:24,768 [INFO] Movimiento detenido
2025-05-22 17:38:24,882 [INFO] Movimiento detenido
2025-05-22 17:38:24,996 [INFO] Movimiento detenido
2025-05-22 17:38:25,110 [INFO] Movimiento detenido
2025-05-22 17:38:25,225 [INFO] Movimiento detenido
2025-05-22 17:38:25,338 [INFO] Movimiento detenido
2025-05-22 17:38:25,450 [INFO] Movimiento detenido
2025-05-22 17:38:25,562 [INFO] Movimiento detenido
2025-05-22 17:38:25,676 [INFO] Movimiento detenido
2025-05-22 17:38:25,789 [INFO] Movimiento detenido
2025-05-22 17:38:25,901 [INFO] Movimiento detenido
2025-05-22 17:38:26,012 [INFO] Movimiento detenido
2025-05-22 17:38:26,124 [INFO] Movimiento detenido
2025-05-22 17:38:26,235 [INFO] Movimiento detenido
2025-05-22 17:38:26,347 [INFO] Movimiento detenido
2025-05-22 17:38:26,458 [INFO] Movimiento detenido
2025-05-22 17:38:26,570 [INFO] Movimiento detenido
2025-05-22 17:38:26,682 [INFO] Movimiento detenido
2025-05-22 17:38:26,795 [INFO] Movimiento detenido
2025-05-22 17:38:26,908 [INFO] Movimiento detenido
2025-05-22 17:38:27,020 [INFO] Movimiento detenido
2025-05-22 17:38:27,131 [INFO] Movimiento detenido
2025-05-22 17:38:27,243 [INFO] Movimiento detenido
2025-05-22 17:38:27,355 [INFO] Movimiento detenido
2025-05-22 17:38:27,466 [INFO] Movimiento detenido
2025-05-22 17:38:27,578 [INFO] Movimiento detenido
2025-05-22 17:38:27,619 [INFO] Lectura datos climáticos NASA
2025-05-22 17:38:27,624 [INFO] Datos JSON preparados para envío
2025-05-22 17:38:27,691 [INFO] Movimiento detenido
2025-05-22 17:38:27,803 [INFO] Movimiento detenido
2025-05-22 17:38:27,916 [INFO] Movimiento detenido
2025-05-22 17:38:28,028 [INFO] Movimiento detenido
2025-05-22 17:38:28,141 [INFO] Movimiento detenido
2025-05-22 17:38:28,253 [INFO] Movimiento detenido
2025-05-22 17:38:28,366 [INFO] Movimiento detenido
2025-05-22 17:38:28,478 [INFO] Movimiento detenido
2025-05-22 17:38:28,589 [INFO] Movimiento detenido
2025-05-22 17:38:28,675 [INFO] Lectura BMP390
2025-05-22 17:38:28,700 [INFO] Movimiento detenido
2025-05-22 17:38:28,814 [INFO] Movimiento detenido
2025-05-22 17:38:28,859 [INFO] Lectura LTR390
2025-05-22 17:38:28,862 [INFO] Lectura desde ESP32-S3 por serial
2025-05-22 17:38:28,929 [INFO] Movimiento detenido
2025-05-22 17:38:29,048 [INFO] Movimiento detenido
2025-05-22 17:38:29,160 [INFO] Movimiento detenido
2025-05-22 17:38:29,273 [INFO] Movimiento detenido
2025-05-22 17:38:29,385 [INFO] Movimiento detenido
2025-05-22 17:38:29,496 [INFO] Movimiento detenido
2025-05-22 17:38:29,608 [INFO] Movimiento detenido
2025-05-22 17:38:29,720 [INFO] Movimiento detenido
2025-05-22 17:38:29,832 [INFO] Movimiento detenido
2025-05-22 17:38:29,945 [INFO] Movimiento detenido
2025-05-22 17:38:30,057 [INFO] Movimiento detenido
2025-05-22 17:38:30,169 [INFO] Movimiento detenido
2025-05-22 17:38:30,283 [INFO] Movimiento detenido
2025-05-22 17:38:30,395 [INFO] Movimiento detenido
2025-05-22 17:38:30,507 [INFO] Movimiento detenido
2025-05-22 17:38:30,621 [INFO] Movimiento detenido
2025-05-22 17:38:30,734 [INFO] Movimiento detenido
2025-05-22 17:38:30,847 [INFO] Movimiento detenido
2025-05-22 17:38:30,960 [INFO] Movimiento detenido
2025-05-22 17:38:31,073 [INFO] Movimiento detenido
2025-05-22 17:38:31,186 [INFO] Movimiento detenido
2025-05-22 17:38:31,299 [INFO] Movimiento detenido
2025-05-22 17:38:31,411 [INFO] Movimiento detenido
2025-05-22 17:38:31,523 [INFO] Movimiento detenido
2025-05-22 17:38:31,635 [INFO] Movimiento detenido
2025-05-22 17:38:31,748 [INFO] Movimiento detenido
2025-05-22 17:38:31,866 [INFO] Movimiento detenido
2025-05-22 17:38:31,978 [INFO] Movimiento detenido
2025-05-22 17:38:32,002 [INFO] Lectura datos climáticos NASA
2025-05-22 17:38:32,003 [INFO] Datos JSON preparados para envío
2025-05-22 17:38:32,089 [INFO] Movimiento detenido
2025-05-22 17:38:32,203 [INFO] Movimiento detenido
2025-05-22 17:38:32,316 [INFO] Movimiento detenido
2025-05-22 17:38:32,427 [INFO] Movimiento detenido
2025-05-22 17:38:32,539 [INFO] Movimiento detenido
2025-05-22 17:38:32,651 [INFO] Movimiento detenido
2025-05-22 17:38:32,763 [INFO] Movimiento detenido
2025-05-22 17:38:32,875 [INFO] Movimiento detenido
2025-05-22 17:38:32,987 [INFO] Movimiento detenido
2025-05-22 17:38:33,054 [INFO] Lectura BMP390
2025-05-22 17:38:33,099 [INFO] Movimiento detenido
2025-05-22 17:38:33,211 [INFO] Movimiento detenido
2025-05-22 17:38:33,232 [INFO] Lectura LTR390
2025-05-22 17:38:33,235 [INFO] Lectura desde ESP32-S3 por serial
2025-05-22 17:38:33,322 [INFO] Movimiento detenido
2025-05-22 17:38:33,433 [INFO] Movimiento detenido
2025-05-22 17:38:33,546 [INFO] Movimiento detenido
2025-05-22 17:38:33,658 [INFO] Movimiento detenido
2025-05-22 17:38:33,773 [INFO] Movimiento detenido
2025-05-22 17:38:33,888 [INFO] Movimiento detenido
2025-05-22 17:38:34,001 [INFO] Movimiento detenido
2025-05-22 17:38:34,113 [INFO] Movimiento detenido
2025-05-22 17:38:34,224 [INFO] Movimiento detenido
2025-05-22 17:38:34,336 [INFO] Movimiento detenido
2025-05-22 17:38:34,447 [INFO] Movimiento detenido
2025-05-22 17:38:34,559 [INFO] Movimiento detenido
2025-05-22 17:38:34,671 [INFO] Movimiento detenido
2025-05-22 17:38:34,784 [INFO] Movimiento detenido
2025-05-22 17:38:34,899 [INFO] Movimiento detenido
2025-05-22 17:38:35,012 [INFO] Movimiento detenido
2025-05-22 17:38:35,124 [INFO] Movimiento detenido
2025-05-22 17:38:35,236 [INFO] Movimiento detenido
2025-05-22 17:38:35,348 [INFO] Movimiento detenido
2025-05-22 17:38:35,460 [INFO] Movimiento detenido
2025-05-22 17:38:35,572 [INFO] Movimiento detenido
2025-05-22 17:38:35,684 [INFO] Movimiento detenido
2025-05-22 17:38:35,796 [INFO] Movimiento detenido
2025-05-22 17:38:35,909 [INFO] Movimiento detenido
2025-05-22 17:38:36,022 [INFO] Movimiento detenido
2025-05-22 17:38:36,136 [INFO] Movimiento detenido
2025-05-22 17:38:36,250 [INFO] Movimiento detenido
2025-05-22 17:38:36,362 [INFO] Movimiento detenido
2025-05-22 17:38:36,474 [INFO] Movimiento detenido
2025-05-22 17:38:36,587 [INFO] Movimiento detenido
2025-05-22 17:38:36,699 [INFO] Movimiento detenido
2025-05-22 17:38:36,812 [INFO] Movimiento detenido
2025-05-22 17:38:36,925 [INFO] Movimiento detenido
2025-05-22 17:38:37,039 [INFO] Movimiento detenido
2025-05-22 17:38:37,152 [INFO] Movimiento detenido
2025-05-22 17:38:37,265 [INFO] Movimiento detenido
2025-05-22 17:38:37,378 [INFO] Movimiento detenido
2025-05-22 17:38:37,444 [INFO] Lectura datos climáticos NASA
2025-05-22 17:38:37,450 [INFO] Datos JSON preparados para envío
2025-05-22 17:38:37,491 [INFO] Movimiento detenido
2025-05-22 17:38:37,604 [INFO] Movimiento detenido
2025-05-22 17:38:37,716 [INFO] Movimiento detenido
2025-05-22 17:38:37,829 [INFO] Movimiento detenido
2025-05-22 17:38:37,942 [INFO] Movimiento detenido
2025-05-22 17:38:38,055 [INFO] Movimiento detenido
2025-05-22 17:38:38,182 [INFO] Movimiento detenido
2025-05-22 17:38:38,296 [INFO] Movimiento detenido
2025-05-22 17:38:38,422 [INFO] Movimiento detenido
2025-05-22 17:38:38,508 [INFO] Lectura BMP390
2025-05-22 17:38:38,535 [INFO] Movimiento detenido
2025-05-22 17:38:38,654 [INFO] Movimiento detenido
2025-05-22 17:38:38,704 [INFO] Lectura LTR390
2025-05-22 17:38:38,709 [INFO] Lectura desde ESP32-S3 por serial
2025-05-22 17:38:38,773 [INFO] Movimiento detenido
2025-05-22 17:38:38,887 [INFO] Movimiento detenido
2025-05-22 17:38:39,000 [INFO] Movimiento detenido
2025-05-22 17:38:39,114 [INFO] Movimiento detenido
2025-05-22 17:38:39,228 [INFO] Movimiento detenido
2025-05-22 17:38:39,340 [INFO] Movimiento detenido
2025-05-22 17:38:39,451 [INFO] Movimiento detenido
2025-05-22 17:38:39,563 [INFO] Movimiento detenido
2025-05-22 17:38:39,675 [INFO] Movimiento detenido
2025-05-22 17:38:39,786 [INFO] Movimiento detenido
2025-05-22 17:38:39,898 [INFO] Movimiento detenido
2025-05-22 17:38:40,011 [INFO] Movimiento detenido
2025-05-22 17:38:40,124 [INFO] Movimiento detenido
2025-05-22 17:38:40,238 [INFO] Movimiento detenido
2025-05-22 17:38:40,351 [INFO] Movimiento detenido
2025-05-22 17:38:40,466 [INFO] Movimiento detenido
2025-05-22 17:38:40,579 [INFO] Movimiento detenido
2025-05-22 17:38:40,692 [INFO] Movimiento detenido
2025-05-22 17:38:40,805 [INFO] Movimiento detenido
2025-05-22 17:38:40,918 [INFO] Movimiento detenido
2025-05-22 17:38:41,032 [INFO] Movimiento detenido
2025-05-22 17:38:41,144 [INFO] Movimiento detenido
2025-05-22 17:38:41,257 [INFO] Movimiento detenido
2025-05-22 17:38:41,369 [INFO] Movimiento detenido
2025-05-22 17:38:41,482 [INFO] Movimiento detenido
2025-05-22 17:38:41,598 [INFO] Movimiento detenido
2025-05-22 17:38:41,711 [INFO] Movimiento detenido
2025-05-22 17:38:41,826 [INFO] Movimiento detenido
2025-05-22 17:38:41,941 [INFO] Movimiento detenido
2025-05-22 17:38:42,055 [INFO] Movimiento detenido
2025-05-22 17:38:42,168 [INFO] Movimiento detenido
2025-05-22 17:38:42,281 [INFO] Movimiento detenido
2025-05-22 17:38:42,367 [INFO] Lectura datos climáticos NASA
2025-05-22 17:38:42,372 [INFO] Datos JSON preparados para envío
2025-05-22 17:38:42,401 [INFO] Movimiento detenido
2025-05-22 17:38:42,514 [INFO] Movimiento detenido
2025-05-22 17:38:42,627 [INFO] Movimiento detenido
2025-05-22 17:38:42,740 [INFO] Movimiento detenido
2025-05-22 17:38:42,860 [INFO] Movimiento detenido
2025-05-22 17:38:42,982 [INFO] Movimiento detenido
2025-05-22 17:38:43,096 [INFO] Movimiento detenido
2025-05-22 17:38:43,211 [INFO] Movimiento detenido
2025-05-22 17:38:43,327 [INFO] Movimiento detenido
2025-05-22 17:38:43,432 [INFO] Lectura BMP390
2025-05-22 17:38:43,442 [INFO] Movimiento detenido
2025-05-22 17:38:43,561 [INFO] Movimiento detenido
2025-05-22 17:38:43,614 [INFO] Lectura LTR390
2025-05-22 17:38:43,617 [INFO] Lectura desde ESP32-S3 por serial
2025-05-22 17:38:43,675 [INFO] Movimiento detenido
2025-05-22 17:38:43,800 [INFO] Movimiento detenido
2025-05-22 17:38:43,916 [INFO] Movimiento detenido
2025-05-22 17:38:44,047 [INFO] Movimiento detenido
2025-05-22 17:38:44,167 [INFO] Movimiento detenido
2025-05-22 17:38:44,287 [INFO] Movimiento detenido
2025-05-22 17:38:44,405 [INFO] Movimiento detenido
2025-05-22 17:38:44,521 [INFO] Movimiento detenido
2025-05-22 17:38:44,645 [INFO] Movimiento detenido
2025-05-22 17:38:44,761 [INFO] Movimiento detenido
2025-05-22 17:38:44,875 [INFO] Movimiento detenido
2025-05-22 17:38:44,988 [INFO] Movimiento detenido
2025-05-22 17:38:45,102 [INFO] Movimiento detenido
2025-05-22 17:38:45,215 [INFO] Movimiento detenido
2025-05-22 17:38:45,327 [INFO] Movimiento detenido
2025-05-22 17:38:45,440 [INFO] Movimiento detenido
2025-05-22 17:38:45,563 [INFO] Movimiento detenido
2025-05-22 17:38:45,676 [INFO] Movimiento detenido
2025-05-22 17:38:45,788 [INFO] Movimiento detenido
2025-05-22 17:38:45,901 [INFO] Movimiento detenido
2025-05-22 17:38:46,013 [INFO] Movimiento detenido
2025-05-22 17:38:46,132 [INFO] Movimiento detenido
2025-05-22 17:38:46,250 [INFO] Movimiento detenido
2025-05-22 17:38:46,386 [INFO] Movimiento detenido
2025-05-22 17:38:46,502 [INFO] Movimiento detenido
2025-05-22 17:38:46,617 [INFO] Movimiento detenido
2025-05-22 17:38:46,734 [INFO] Movimiento detenido
2025-05-22 17:38:46,854 [INFO] Movimiento detenido
2025-05-22 17:38:46,967 [INFO] Movimiento detenido
2025-05-22 17:38:47,079 [INFO] Movimiento detenido
2025-05-22 17:38:47,161 [INFO] Lectura datos climáticos NASA
2025-05-22 17:38:47,163 [INFO] Datos JSON preparados para envío
2025-05-22 17:38:47,193 [INFO] Movimiento detenido
2025-05-22 17:38:47,308 [INFO] Movimiento detenido
2025-05-22 17:38:47,427 [INFO] Movimiento detenido
2025-05-22 17:38:47,541 [INFO] Movimiento detenido
2025-05-22 17:38:47,666 [INFO] Movimiento detenido
2025-05-22 17:38:47,782 [INFO] Movimiento detenido
2025-05-22 17:38:47,895 [INFO] Movimiento detenido
2025-05-22 17:38:48,010 [INFO] Movimiento detenido
2025-05-22 17:38:48,123 [INFO] Movimiento detenido
2025-05-22 17:38:48,216 [INFO] Lectura BMP390
2025-05-22 17:38:48,237 [INFO] Movimiento detenido
2025-05-22 17:38:48,350 [INFO] Movimiento detenido
2025-05-22 17:38:48,401 [INFO] Lectura LTR390
2025-05-22 17:38:48,404 [INFO] Lectura desde ESP32-S3 por serial
2025-05-22 17:38:48,468 [INFO] Movimiento detenido
2025-05-22 17:38:48,590 [INFO] Movimiento detenido
2025-05-22 17:38:48,704 [INFO] Movimiento detenido
2025-05-22 17:38:48,818 [INFO] Movimiento detenido
2025-05-22 17:38:48,932 [INFO] Movimiento detenido
2025-05-22 17:38:49,046 [INFO] Movimiento detenido
2025-05-22 17:38:49,161 [INFO] Movimiento detenido
2025-05-22 17:38:49,276 [INFO] Movimiento detenido
2025-05-22 17:38:49,398 [INFO] Movimiento detenido
2025-05-22 17:38:49,521 [INFO] Movimiento detenido
2025-05-22 17:38:49,634 [INFO] Movimiento detenido
2025-05-22 17:38:49,748 [INFO] Movimiento detenido
2025-05-22 17:38:49,861 [INFO] Movimiento detenido
2025-05-22 17:38:49,974 [INFO] Movimiento detenido
2025-05-22 17:38:50,088 [INFO] Movimiento detenido
2025-05-22 17:38:50,203 [INFO] Movimiento detenido
2025-05-22 17:38:50,317 [INFO] Movimiento detenido
2025-05-22 17:38:50,430 [INFO] Movimiento detenido
2025-05-22 17:38:50,544 [INFO] Movimiento detenido
2025-05-22 17:38:50,658 [INFO] Movimiento detenido
2025-05-22 17:38:50,771 [INFO] Movimiento detenido
2025-05-22 17:38:50,884 [INFO] Movimiento detenido
2025-05-22 17:38:51,000 [INFO] Movimiento detenido
2025-05-22 17:38:51,114 [INFO] Movimiento detenido
2025-05-22 17:38:51,228 [INFO] Movimiento detenido
2025-05-22 17:38:51,341 [INFO] Movimiento detenido
2025-05-22 17:38:51,455 [INFO] Movimiento detenido
2025-05-22 17:38:51,569 [INFO] Movimiento detenido
2025-05-22 17:38:51,659 [INFO] Lectura datos climáticos NASA
2025-05-22 17:38:51,671 [INFO] Datos JSON preparados para envío
2025-05-22 17:38:51,683 [INFO] Movimiento detenido
2025-05-22 17:38:51,799 [INFO] Movimiento detenido
2025-05-22 17:38:51,912 [INFO] Movimiento detenido
2025-05-22 17:38:52,027 [INFO] Movimiento detenido
2025-05-22 17:38:52,143 [INFO] Movimiento detenido
2025-05-22 17:38:52,258 [INFO] Movimiento detenido
2025-05-22 17:38:52,373 [INFO] Movimiento detenido
2025-05-22 17:38:52,488 [INFO] Movimiento detenido
2025-05-22 17:38:52,611 [INFO] Movimiento detenido
2025-05-22 17:38:52,726 [INFO] Movimiento detenido
2025-05-22 17:38:52,729 [INFO] Lectura BMP390
2025-05-22 17:38:52,848 [INFO] Movimiento detenido
2025-05-22 17:38:52,925 [INFO] Lectura LTR390
2025-05-22 17:38:52,932 [INFO] Lectura desde ESP32-S3 por serial
2025-05-22 17:38:52,966 [INFO] Movimiento detenido
2025-05-22 17:38:53,082 [INFO] Movimiento detenido
2025-05-22 17:38:53,195 [INFO] Movimiento detenido
2025-05-22 17:38:53,314 [INFO] Movimiento detenido
2025-05-22 17:38:53,426 [INFO] Movimiento detenido
2025-05-22 17:38:53,541 [INFO] Movimiento detenido
2025-05-22 17:38:53,661 [INFO] Movimiento detenido
2025-05-22 17:38:53,774 [INFO] Movimiento detenido
2025-05-22 17:38:53,888 [INFO] Movimiento detenido
2025-05-22 17:38:54,003 [INFO] Movimiento detenido
2025-05-22 17:38:54,118 [INFO] Movimiento detenido
2025-05-22 17:38:54,233 [INFO] Movimiento detenido
2025-05-22 17:38:54,348 [INFO] Movimiento detenido
2025-05-22 17:38:54,463 [INFO] Movimiento detenido
2025-05-22 17:38:54,578 [INFO] Movimiento detenido
2025-05-22 17:38:54,696 [INFO] Movimiento detenido
2025-05-22 17:38:54,817 [INFO] Movimiento detenido
2025-05-22 17:38:54,941 [INFO] Movimiento detenido
2025-05-22 17:38:55,055 [INFO] Movimiento detenido
2025-05-22 17:38:55,172 [INFO] Movimiento detenido
2025-05-22 17:38:55,295 [INFO] Movimiento detenido
2025-05-22 17:38:55,425 [INFO] Movimiento detenido
2025-05-22 17:38:55,539 [INFO] Movimiento detenido
2025-05-22 17:38:55,651 [INFO] Movimiento detenido
2025-05-22 17:38:55,766 [INFO] Movimiento detenido
2025-05-22 17:38:55,883 [INFO] Movimiento detenido
2025-05-22 17:38:55,999 [INFO] Movimiento detenido
2025-05-22 17:38:56,115 [INFO] Movimiento detenido
2025-05-22 17:38:56,231 [INFO] Movimiento detenido
2025-05-22 17:38:56,347 [INFO] Movimiento detenido
2025-05-22 17:38:56,464 [INFO] Movimiento detenido
2025-05-22 17:38:56,586 [INFO] Movimiento detenido
2025-05-22 17:38:56,708 [INFO] Movimiento detenido
2025-05-22 17:38:56,830 [INFO] Movimiento detenido
2025-05-22 17:38:56,951 [INFO] Movimiento detenido
2025-05-22 17:38:56,952 [INFO] Lectura datos climáticos NASA
2025-05-22 17:38:56,957 [INFO] Datos JSON preparados para envío
2025-05-22 17:38:57,067 [INFO] Movimiento detenido
2025-05-22 17:38:57,193 [INFO] Movimiento detenido
2025-05-22 17:38:57,308 [INFO] Movimiento detenido
2025-05-22 17:38:57,424 [INFO] Movimiento detenido
2025-05-22 17:38:57,537 [INFO] Movimiento detenido
2025-05-22 17:38:57,657 [INFO] Movimiento detenido
2025-05-22 17:38:57,774 [INFO] Movimiento detenido
2025-05-22 17:38:57,889 [INFO] Movimiento detenido
2025-05-22 17:38:58,006 [INFO] Movimiento detenido
2025-05-22 17:38:58,017 [INFO] Lectura BMP390
2025-05-22 17:38:58,123 [INFO] Movimiento detenido
2025-05-22 17:38:58,207 [INFO] Lectura LTR390
2025-05-22 17:38:58,212 [INFO] Lectura desde ESP32-S3 por serial
2025-05-22 17:38:58,237 [INFO] Movimiento detenido
2025-05-22 17:38:58,350 [INFO] Movimiento detenido
2025-05-22 17:38:58,475 [INFO] Movimiento detenido
2025-05-22 17:38:58,587 [INFO] Movimiento detenido
2025-05-22 17:38:58,697 [INFO] Movimiento detenido
2025-05-22 17:38:58,809 [INFO] Movimiento detenido
2025-05-22 17:38:58,934 [INFO] Movimiento detenido
2025-05-22 17:38:59,056 [INFO] Movimiento detenido
2025-05-22 17:38:59,173 [INFO] Movimiento detenido
2025-05-22 17:38:59,291 [INFO] Movimiento detenido
2025-05-22 17:38:59,407 [INFO] Movimiento detenido
2025-05-22 17:38:59,524 [INFO] Movimiento detenido
2025-05-22 17:38:59,641 [INFO] Movimiento detenido
2025-05-22 17:38:59,758 [INFO] Movimiento detenido
2025-05-22 17:38:59,876 [INFO] Movimiento detenido
2025-05-22 17:38:59,991 [INFO] Movimiento detenido
2025-05-22 17:39:00,107 [INFO] Movimiento detenido
2025-05-22 17:39:00,223 [INFO] Movimiento detenido
2025-05-22 17:39:00,336 [INFO] Movimiento detenido
2025-05-22 17:39:00,449 [INFO] Movimiento detenido
2025-05-22 17:39:00,562 [INFO] Movimiento detenido
2025-05-22 17:39:00,676 [INFO] Movimiento detenido
2025-05-22 17:39:00,796 [INFO] Movimiento detenido
2025-05-22 17:39:00,911 [INFO] Movimiento detenido
2025-05-22 17:39:01,024 [INFO] Movimiento detenido
2025-05-22 17:39:01,138 [INFO] Movimiento detenido
2025-05-22 17:39:01,251 [INFO] Movimiento detenido
2025-05-22 17:39:01,363 [INFO] Movimiento detenido
2025-05-22 17:39:01,476 [INFO] Movimiento detenido
2025-05-22 17:39:01,527 [INFO] Lectura datos climáticos NASA
2025-05-22 17:39:01,539 [INFO] Datos JSON preparados para envío
2025-05-22 17:39:01,590 [INFO] Movimiento detenido
2025-05-22 17:39:01,707 [INFO] Movimiento detenido
2025-05-22 17:39:01,824 [INFO] Movimiento detenido
2025-05-22 17:39:01,955 [INFO] Movimiento detenido
2025-05-22 17:39:02,071 [INFO] Movimiento detenido
2025-05-22 17:39:02,186 [INFO] Movimiento detenido
2025-05-22 17:39:02,301 [INFO] Movimiento detenido
2025-05-22 17:39:02,414 [INFO] Movimiento detenido
2025-05-22 17:39:02,526 [INFO] Movimiento detenido
2025-05-22 17:39:02,595 [INFO] Lectura BMP390
2025-05-22 17:39:02,640 [INFO] Movimiento detenido
2025-05-22 17:39:02,760 [INFO] Movimiento detenido
2025-05-22 17:39:02,797 [INFO] Lectura LTR390
2025-05-22 17:39:02,804 [INFO] Lectura desde ESP32-S3 por serial
2025-05-22 17:39:02,877 [INFO] Movimiento detenido
2025-05-22 17:39:02,992 [INFO] Movimiento detenido
2025-05-22 17:39:03,121 [INFO] Movimiento detenido
2025-05-22 17:39:03,234 [INFO] Movimiento detenido
2025-05-22 17:39:03,348 [INFO] Movimiento detenido
2025-05-22 17:39:03,464 [INFO] Movimiento detenido
2025-05-22 17:39:03,577 [INFO] Movimiento detenido
2025-05-22 17:39:03,690 [INFO] Movimiento detenido
2025-05-22 17:39:03,805 [INFO] Movimiento detenido
2025-05-22 17:39:03,920 [INFO] Movimiento detenido
2025-05-22 17:39:04,040 [INFO] Movimiento detenido
2025-05-22 17:39:04,154 [INFO] Movimiento detenido
2025-05-22 17:39:04,267 [INFO] Movimiento detenido
2025-05-22 17:39:04,385 [INFO] Movimiento detenido
2025-05-22 17:39:04,502 [INFO] Movimiento detenido
2025-05-22 17:39:04,626 [INFO] Movimiento detenido
2025-05-22 17:39:04,739 [INFO] Movimiento detenido
2025-05-22 17:39:04,852 [INFO] Movimiento detenido
2025-05-22 17:39:04,971 [INFO] Movimiento detenido
2025-05-22 17:39:05,084 [INFO] Movimiento detenido
2025-05-22 17:39:05,197 [INFO] Movimiento detenido
2025-05-22 17:39:05,312 [INFO] Movimiento detenido
2025-05-22 17:39:05,425 [INFO] Movimiento detenido
2025-05-22 17:39:05,542 [INFO] Movimiento detenido
2025-05-22 17:39:05,657 [INFO] Movimiento detenido
2025-05-22 17:39:05,782 [INFO] Movimiento detenido
2025-05-22 17:39:05,894 [INFO] Movimiento detenido
2025-05-22 17:39:05,951 [INFO] Lectura datos climáticos NASA
2025-05-22 17:39:05,956 [INFO] Datos JSON preparados para envío
2025-05-22 17:39:06,006 [INFO] Movimiento detenido
2025-05-22 17:39:06,119 [INFO] Movimiento detenido
2025-05-22 17:39:06,231 [INFO] Movimiento detenido
2025-05-22 17:39:06,354 [INFO] Movimiento detenido
2025-05-22 17:39:06,471 [INFO] Movimiento detenido
2025-05-22 17:39:06,584 [INFO] Movimiento detenido
2025-05-22 17:39:06,703 [INFO] Movimiento detenido
2025-05-22 17:39:06,824 [INFO] Movimiento detenido
2025-05-22 17:39:06,940 [INFO] Movimiento detenido
2025-05-22 17:39:07,008 [INFO] Lectura BMP390
2025-05-22 17:39:07,056 [INFO] Movimiento detenido
2025-05-22 17:39:07,173 [INFO] Movimiento detenido
2025-05-22 17:39:07,194 [INFO] Lectura LTR390
2025-05-22 17:39:07,205 [INFO] Lectura desde ESP32-S3 por serial
2025-05-22 17:39:07,291 [INFO] Movimiento detenido
2025-05-22 17:39:07,428 [INFO] Movimiento detenido
2025-05-22 17:39:07,541 [INFO] Movimiento detenido
2025-05-22 17:39:07,653 [INFO] Movimiento detenido
2025-05-22 17:39:07,765 [INFO] Movimiento detenido
2025-05-22 17:39:07,880 [INFO] Movimiento detenido
2025-05-22 17:39:07,994 [INFO] Movimiento detenido
2025-05-22 17:39:08,111 [INFO] Movimiento detenido
2025-05-22 17:39:08,240 [INFO] Movimiento detenido
2025-05-22 17:39:08,353 [INFO] Movimiento detenido
2025-05-22 17:39:08,466 [INFO] Movimiento detenido
2025-05-22 17:39:08,577 [INFO] Movimiento detenido
2025-05-22 17:39:08,689 [INFO] Movimiento detenido
2025-05-22 17:39:08,801 [INFO] Movimiento detenido
2025-05-22 17:39:08,918 [INFO] Movimiento detenido
2025-05-22 17:39:09,033 [INFO] Movimiento detenido
2025-05-22 17:39:09,148 [INFO] Movimiento detenido
2025-05-22 17:39:09,263 [INFO] Movimiento detenido
2025-05-22 17:39:09,377 [INFO] Movimiento detenido
2025-05-22 17:39:09,493 [INFO] Movimiento detenido
2025-05-22 17:39:09,608 [INFO] Movimiento detenido
2025-05-22 17:39:09,724 [INFO] Movimiento detenido
2025-05-22 17:39:09,837 [INFO] Movimiento detenido
2025-05-22 17:39:09,951 [INFO] Movimiento detenido
2025-05-22 17:39:10,065 [INFO] Movimiento detenido
2025-05-22 17:39:10,178 [INFO] Movimiento detenido
2025-05-22 17:39:10,292 [INFO] Movimiento detenido
2025-05-22 17:39:10,406 [INFO] Movimiento detenido
2025-05-22 17:39:10,520 [INFO] Movimiento detenido
2025-05-22 17:39:10,633 [INFO] Movimiento detenido
2025-05-22 17:39:10,747 [INFO] Movimiento detenido
2025-05-22 17:39:10,784 [INFO] Lectura datos climáticos NASA
2025-05-22 17:39:10,798 [INFO] Datos JSON preparados para envío
2025-05-22 17:39:10,860 [INFO] Movimiento detenido
2025-05-22 17:39:10,973 [INFO] Movimiento detenido
2025-05-22 17:39:11,085 [INFO] Movimiento detenido
2025-05-22 17:39:11,197 [INFO] Movimiento detenido
2025-05-22 17:39:11,310 [INFO] Movimiento detenido
2025-05-22 17:39:11,423 [INFO] Movimiento detenido
2025-05-22 17:39:11,535 [INFO] Movimiento detenido
2025-05-22 17:39:11,648 [INFO] Movimiento detenido
2025-05-22 17:39:11,765 [INFO] Movimiento detenido
2025-05-22 17:39:11,849 [INFO] Lectura BMP390
2025-05-22 17:39:11,877 [INFO] Movimiento detenido
2025-05-22 17:39:11,995 [INFO] Movimiento detenido
2025-05-22 17:39:12,036 [INFO] Lectura LTR390
2025-05-22 17:39:12,040 [INFO] Lectura desde ESP32-S3 por serial
2025-05-22 17:39:12,116 [INFO] Movimiento detenido
2025-05-22 17:39:12,229 [INFO] Movimiento detenido
2025-05-22 17:39:12,342 [INFO] Movimiento detenido
2025-05-22 17:39:12,454 [INFO] Movimiento detenido
2025-05-22 17:39:12,566 [INFO] Movimiento detenido
2025-05-22 17:39:12,679 [INFO] Movimiento detenido
2025-05-22 17:39:12,791 [INFO] Movimiento detenido
2025-05-22 17:39:12,904 [INFO] Movimiento detenido
2025-05-22 17:39:13,017 [INFO] Movimiento detenido
2025-05-22 17:39:13,129 [INFO] Movimiento detenido
2025-05-22 17:39:13,241 [INFO] Movimiento detenido
2025-05-22 17:39:13,353 [INFO] Movimiento detenido
2025-05-22 17:39:13,465 [INFO] Movimiento detenido
2025-05-22 17:39:13,577 [INFO] Movimiento detenido
2025-05-22 17:39:13,689 [INFO] Movimiento detenido
2025-05-22 17:39:13,801 [INFO] Movimiento detenido
2025-05-22 17:39:13,913 [INFO] Movimiento detenido
2025-05-22 17:39:14,025 [INFO] Movimiento detenido
2025-05-22 17:39:14,137 [INFO] Movimiento detenido
2025-05-22 17:39:14,249 [INFO] Movimiento detenido
2025-05-22 17:39:14,360 [INFO] Movimiento detenido
2025-05-22 17:39:14,472 [INFO] Movimiento detenido
2025-05-22 17:39:14,584 [INFO] Movimiento detenido
2025-05-22 17:39:14,696 [INFO] Movimiento detenido
2025-05-22 17:39:14,808 [INFO] Movimiento detenido
2025-05-22 17:39:14,922 [INFO] Movimiento detenido
2025-05-22 17:39:15,034 [INFO] Movimiento detenido
2025-05-22 17:39:15,146 [INFO] Movimiento detenido
2025-05-22 17:39:15,258 [INFO] Movimiento detenido
2025-05-22 17:39:15,370 [INFO] Movimiento detenido
2025-05-22 17:39:15,482 [INFO] Movimiento detenido
2025-05-22 17:39:15,594 [INFO] Movimiento detenido
2025-05-22 17:39:15,707 [INFO] Movimiento detenido
2025-05-22 17:39:15,819 [INFO] Movimiento detenido
2025-05-22 17:39:15,932 [INFO] Movimiento detenido
2025-05-22 17:39:16,047 [INFO] Movimiento detenido
2025-05-22 17:39:16,163 [INFO] Movimiento detenido
2025-05-22 17:39:16,276 [INFO] Movimiento detenido
2025-05-22 17:39:16,372 [INFO] Lectura datos climáticos NASA
2025-05-22 17:39:16,376 [INFO] Datos JSON preparados para envío
2025-05-22 17:39:16,390 [INFO] Movimiento detenido
2025-05-22 17:39:16,513 [INFO] Movimiento detenido
2025-05-22 17:39:16,629 [INFO] Movimiento detenido
2025-05-22 17:39:16,747 [INFO] Movimiento detenido
2025-05-22 17:39:16,862 [INFO] Movimiento detenido
2025-05-22 17:39:16,976 [INFO] Movimiento detenido
2025-05-22 17:39:17,100 [INFO] Movimiento detenido
2025-05-22 17:39:17,225 [INFO] Movimiento detenido
2025-05-22 17:39:17,338 [INFO] Movimiento detenido
2025-05-22 17:39:17,428 [INFO] Lectura BMP390
2025-05-22 17:39:17,460 [INFO] Movimiento detenido
2025-05-22 17:39:17,587 [INFO] Movimiento detenido
2025-05-22 17:39:17,618 [INFO] Lectura LTR390
2025-05-22 17:39:17,625 [INFO] Lectura desde ESP32-S3 por serial
2025-05-22 17:39:17,709 [INFO] Movimiento detenido
2025-05-22 17:39:17,839 [INFO] Movimiento detenido
2025-05-22 17:39:17,960 [INFO] Movimiento detenido
2025-05-22 17:39:18,082 [INFO] Movimiento detenido
2025-05-22 17:39:18,195 [INFO] Movimiento detenido
2025-05-22 17:39:18,318 [INFO] Movimiento detenido
2025-05-22 17:39:18,431 [INFO] Movimiento detenido
2025-05-22 17:39:18,549 [INFO] Movimiento detenido
2025-05-22 17:39:18,671 [INFO] Movimiento detenido
2025-05-22 17:39:18,785 [INFO] Movimiento detenido
2025-05-22 17:39:18,901 [INFO] Movimiento detenido
2025-05-22 17:39:19,013 [INFO] Movimiento detenido
2025-05-22 17:39:19,125 [INFO] Movimiento detenido
2025-05-22 17:39:19,244 [INFO] Movimiento detenido
2025-05-22 17:39:19,357 [INFO] Movimiento detenido
2025-05-22 17:39:19,476 [INFO] Movimiento detenido
2025-05-22 17:39:19,588 [INFO] Movimiento detenido
2025-05-22 17:39:19,713 [INFO] Movimiento detenido
2025-05-22 17:39:19,825 [INFO] Movimiento detenido
2025-05-22 17:39:19,938 [INFO] Movimiento detenido
2025-05-22 17:39:20,051 [INFO] Movimiento detenido
2025-05-22 17:39:20,166 [INFO] Movimiento detenido
2025-05-22 17:39:20,277 [INFO] Movimiento detenido
2025-05-22 17:39:20,389 [INFO] Movimiento detenido
2025-05-22 17:39:20,501 [INFO] Movimiento detenido
2025-05-22 17:39:20,614 [INFO] Movimiento detenido
2025-05-22 17:39:20,726 [INFO] Movimiento detenido
2025-05-22 17:39:20,838 [INFO] Movimiento detenido
2025-05-22 17:39:20,951 [INFO] Movimiento detenido
2025-05-22 17:39:21,061 [INFO] Lectura datos climáticos NASA
2025-05-22 17:39:21,063 [INFO] Movimiento detenido
2025-05-22 17:39:21,070 [INFO] Datos JSON preparados para envío
2025-05-22 17:39:21,183 [INFO] Movimiento detenido
2025-05-22 17:39:21,295 [INFO] Movimiento detenido
2025-05-22 17:39:21,407 [INFO] Movimiento detenido
2025-05-22 17:39:21,519 [INFO] Movimiento detenido
2025-05-22 17:39:21,632 [INFO] Movimiento detenido
2025-05-22 17:39:21,751 [INFO] Movimiento detenido
2025-05-22 17:39:21,865 [INFO] Movimiento detenido
2025-05-22 17:39:21,977 [INFO] Movimiento detenido
2025-05-22 17:39:22,089 [INFO] Movimiento detenido
2025-05-22 17:39:22,127 [INFO] Lectura BMP390
2025-05-22 17:39:22,205 [INFO] Movimiento detenido
2025-05-22 17:39:22,308 [INFO] Lectura LTR390
2025-05-22 17:39:22,314 [INFO] Lectura desde ESP32-S3 por serial
2025-05-22 17:39:22,318 [INFO] Movimiento detenido
2025-05-22 17:39:22,442 [INFO] Movimiento detenido
2025-05-22 17:39:22,554 [INFO] Movimiento detenido
2025-05-22 17:39:22,666 [INFO] Movimiento detenido
2025-05-22 17:39:22,778 [INFO] Movimiento detenido
2025-05-22 17:39:22,891 [INFO] Movimiento detenido
2025-05-22 17:39:23,003 [INFO] Movimiento detenido
2025-05-22 17:39:23,116 [INFO] Movimiento detenido
2025-05-22 17:39:23,228 [INFO] Movimiento detenido
2025-05-22 17:39:23,340 [INFO] Movimiento detenido
2025-05-22 17:39:23,453 [INFO] Movimiento detenido
2025-05-22 17:39:23,565 [INFO] Movimiento detenido
2025-05-22 17:39:23,677 [INFO] Movimiento detenido
2025-05-22 17:39:23,789 [INFO] Movimiento detenido
2025-05-22 17:39:23,903 [INFO] Movimiento detenido
2025-05-22 17:39:24,016 [INFO] Movimiento detenido
2025-05-22 17:39:24,128 [INFO] Movimiento detenido
2025-05-22 17:39:24,240 [INFO] Movimiento detenido
2025-05-22 17:39:24,353 [INFO] Movimiento detenido
2025-05-22 17:39:24,467 [INFO] Movimiento detenido
2025-05-22 17:39:24,579 [INFO] Movimiento detenido
2025-05-22 17:39:24,691 [INFO] Movimiento detenido
2025-05-22 17:39:24,803 [INFO] Movimiento detenido
2025-05-22 17:39:24,916 [INFO] Movimiento detenido
2025-05-22 17:39:25,030 [INFO] Movimiento detenido
2025-05-22 17:39:25,144 [INFO] Movimiento detenido
2025-05-22 17:39:25,259 [INFO] Movimiento detenido
2025-05-22 17:39:25,371 [INFO] Movimiento detenido
2025-05-22 17:39:25,483 [INFO] Movimiento detenido
2025-05-22 17:39:25,595 [INFO] Movimiento detenido
2025-05-22 17:39:25,707 [INFO] Movimiento detenido
2025-05-22 17:39:25,715 [INFO] Lectura datos climáticos NASA
2025-05-22 17:39:25,720 [INFO] Datos JSON preparados para envío
2025-05-22 17:39:25,830 [INFO] Movimiento detenido
2025-05-22 17:39:25,942 [INFO] Movimiento detenido
2025-05-22 17:39:26,054 [INFO] Movimiento detenido
2025-05-22 17:39:26,166 [INFO] Movimiento detenido
2025-05-22 17:39:26,278 [INFO] Movimiento detenido
2025-05-22 17:39:26,391 [INFO] Movimiento detenido
2025-05-22 17:39:26,503 [INFO] Movimiento detenido
2025-05-22 17:39:26,616 [INFO] Movimiento detenido
2025-05-22 17:39:26,728 [INFO] Movimiento detenido
2025-05-22 17:39:26,773 [INFO] Lectura BMP390
2025-05-22 17:39:26,845 [INFO] Movimiento detenido
2025-05-22 17:39:26,951 [INFO] Lectura LTR390
2025-05-22 17:39:26,954 [INFO] Lectura desde ESP32-S3 por serial
2025-05-22 17:39:26,957 [INFO] Movimiento detenido
2025-05-22 17:39:27,075 [INFO] Movimiento detenido
2025-05-22 17:39:27,186 [INFO] Movimiento detenido
2025-05-22 17:39:27,297 [INFO] Movimiento detenido
2025-05-22 17:39:27,408 [INFO] Movimiento detenido
2025-05-22 17:39:27,519 [INFO] Movimiento detenido
2025-05-22 17:39:27,631 [INFO] Movimiento detenido
2025-05-22 17:39:27,743 [INFO] Movimiento detenido
2025-05-22 17:39:27,855 [INFO] Movimiento detenido
2025-05-22 17:39:27,966 [INFO] Movimiento detenido
2025-05-22 17:39:28,078 [INFO] Movimiento detenido
2025-05-22 17:39:28,190 [INFO] Movimiento detenido
2025-05-22 17:39:28,302 [INFO] Movimiento detenido
2025-05-22 17:39:28,414 [INFO] Movimiento detenido
2025-05-22 17:39:28,526 [INFO] Movimiento detenido
2025-05-22 17:39:28,638 [INFO] Movimiento detenido
2025-05-22 17:39:28,750 [INFO] Movimiento detenido
2025-05-22 17:39:28,861 [INFO] Movimiento detenido
2025-05-22 17:39:28,975 [INFO] Movimiento detenido
2025-05-22 17:39:29,086 [INFO] Movimiento detenido
2025-05-22 17:39:29,198 [INFO] Movimiento detenido
2025-05-22 17:39:29,311 [INFO] Movimiento detenido
2025-05-22 17:39:29,424 [INFO] Movimiento detenido
2025-05-22 17:39:29,536 [INFO] Movimiento detenido
2025-05-22 17:39:29,648 [INFO] Movimiento detenido
2025-05-22 17:39:29,760 [INFO] Movimiento detenido
2025-05-22 17:39:29,872 [INFO] Movimiento detenido
2025-05-22 17:39:29,985 [INFO] Movimiento detenido
2025-05-22 17:39:30,097 [INFO] Movimiento detenido
2025-05-22 17:39:30,208 [INFO] Movimiento detenido
2025-05-22 17:39:30,320 [INFO] Movimiento detenido
2025-05-22 17:39:30,432 [INFO] Movimiento detenido
2025-05-22 17:39:30,543 [INFO] Movimiento detenido
2025-05-22 17:39:30,655 [INFO] Movimiento detenido
2025-05-22 17:39:30,766 [INFO] Movimiento detenido
2025-05-22 17:39:30,877 [INFO] Movimiento detenido
2025-05-22 17:39:30,882 [INFO] Lectura datos climáticos NASA
2025-05-22 17:39:30,884 [INFO] Datos JSON preparados para envío
2025-05-22 17:39:30,993 [INFO] Movimiento detenido
2025-05-22 17:39:31,104 [INFO] Movimiento detenido
2025-05-22 17:39:31,215 [INFO] Movimiento detenido
2025-05-22 17:39:31,326 [INFO] Movimiento detenido
2025-05-22 17:39:31,438 [INFO] Movimiento detenido
2025-05-22 17:39:31,550 [INFO] Movimiento detenido
2025-05-22 17:39:31,662 [INFO] Movimiento detenido
2025-05-22 17:39:31,777 [INFO] Movimiento detenido
2025-05-22 17:39:31,888 [INFO] Movimiento detenido
2025-05-22 17:39:31,934 [INFO] Lectura BMP390
2025-05-22 17:39:32,001 [INFO] Movimiento detenido
2025-05-22 17:39:32,113 [INFO] Movimiento detenido
2025-05-22 17:39:32,114 [INFO] Lectura LTR390
2025-05-22 17:39:32,117 [INFO] Lectura desde ESP32-S3 por serial
2025-05-22 17:39:32,231 [INFO] Movimiento detenido
2025-05-22 17:39:32,343 [INFO] Movimiento detenido
2025-05-22 17:39:32,454 [INFO] Movimiento detenido
2025-05-22 17:39:32,566 [INFO] Movimiento detenido
2025-05-22 17:39:32,679 [INFO] Movimiento detenido
2025-05-22 17:39:32,792 [INFO] Movimiento detenido
2025-05-22 17:39:32,906 [INFO] Movimiento detenido
2025-05-22 17:39:33,018 [INFO] Movimiento detenido
2025-05-22 17:39:33,131 [INFO] Movimiento detenido
2025-05-22 17:39:33,243 [INFO] Movimiento detenido
2025-05-22 17:39:33,355 [INFO] Movimiento detenido
2025-05-22 17:39:33,467 [INFO] Movimiento detenido
2025-05-22 17:39:33,579 [INFO] Movimiento detenido
2025-05-22 17:39:33,692 [INFO] Movimiento detenido
2025-05-22 17:39:33,804 [INFO] Movimiento detenido
2025-05-22 17:39:33,916 [INFO] Movimiento detenido
2025-05-22 17:39:34,028 [INFO] Movimiento detenido
2025-05-22 17:39:34,140 [INFO] Movimiento detenido
2025-05-22 17:39:34,252 [INFO] Movimiento detenido
2025-05-22 17:39:34,364 [INFO] Movimiento detenido
2025-05-22 17:39:34,476 [INFO] Movimiento detenido
2025-05-22 17:39:34,588 [INFO] Movimiento detenido
2025-05-22 17:39:34,700 [INFO] Movimiento detenido
2025-05-22 17:39:34,812 [INFO] Movimiento detenido
2025-05-22 17:39:34,923 [INFO] Movimiento detenido
2025-05-22 17:39:35,034 [INFO] Movimiento detenido
2025-05-22 17:39:35,145 [INFO] Movimiento detenido
2025-05-22 17:39:35,257 [INFO] Movimiento detenido
2025-05-22 17:39:35,368 [INFO] Movimiento detenido
2025-05-22 17:39:35,479 [INFO] Movimiento detenido
2025-05-22 17:39:35,592 [INFO] Movimiento detenido
2025-05-22 17:39:35,704 [INFO] Movimiento detenido
2025-05-22 17:39:35,816 [INFO] Movimiento detenido
2025-05-22 17:39:35,928 [INFO] Movimiento detenido
2025-05-22 17:39:35,999 [INFO] Lectura datos climáticos NASA
2025-05-22 17:39:36,003 [INFO] Datos JSON preparados para envío
2025-05-22 17:39:36,040 [INFO] Movimiento detenido
2025-05-22 17:39:36,152 [INFO] Movimiento detenido
2025-05-22 17:39:36,263 [INFO] Movimiento detenido
2025-05-22 17:39:36,375 [INFO] Movimiento detenido
2025-05-22 17:39:36,487 [INFO] Movimiento detenido
2025-05-22 17:39:36,599 [INFO] Movimiento detenido
2025-05-22 17:39:36,711 [INFO] Movimiento detenido
2025-05-22 17:39:36,824 [INFO] Movimiento detenido
2025-05-22 17:39:36,936 [INFO] Movimiento detenido
2025-05-22 17:39:37,047 [INFO] Movimiento detenido
2025-05-22 17:39:37,057 [INFO] Lectura BMP390
2025-05-22 17:39:37,165 [INFO] Movimiento detenido
2025-05-22 17:39:37,242 [INFO] Lectura LTR390
2025-05-22 17:39:37,246 [INFO] Lectura desde ESP32-S3 por serial
2025-05-22 17:39:37,277 [INFO] Movimiento detenido
2025-05-22 17:39:37,399 [INFO] Movimiento detenido
2025-05-22 17:39:37,511 [INFO] Movimiento detenido
2025-05-22 17:39:37,625 [INFO] Movimiento detenido
2025-05-22 17:39:37,738 [INFO] Movimiento detenido
2025-05-22 17:39:37,852 [INFO] Movimiento detenido
2025-05-22 17:39:37,965 [INFO] Movimiento detenido
2025-05-22 17:39:38,077 [INFO] Movimiento detenido
2025-05-22 17:39:38,190 [INFO] Movimiento detenido
2025-05-22 17:39:38,302 [INFO] Movimiento detenido
2025-05-22 17:39:38,421 [INFO] Movimiento detenido
2025-05-22 17:39:38,535 [INFO] Movimiento detenido
2025-05-22 17:39:38,659 [INFO] Movimiento detenido
2025-05-22 17:39:38,773 [INFO] Movimiento detenido
2025-05-22 17:39:38,892 [INFO] Movimiento detenido
2025-05-22 17:39:39,006 [INFO] Movimiento detenido
2025-05-22 17:39:39,119 [INFO] Movimiento detenido
2025-05-22 17:39:39,234 [INFO] Movimiento detenido
2025-05-22 17:39:39,348 [INFO] Movimiento detenido
2025-05-22 17:39:39,464 [INFO] Movimiento detenido
2025-05-22 17:39:39,576 [INFO] Movimiento detenido
2025-05-22 17:39:39,688 [INFO] Movimiento detenido
2025-05-22 17:39:39,799 [INFO] Movimiento detenido
2025-05-22 17:39:39,912 [INFO] Movimiento detenido
2025-05-22 17:39:40,028 [INFO] Movimiento detenido
2025-05-22 17:39:40,142 [INFO] Movimiento detenido
2025-05-22 17:39:40,254 [INFO] Movimiento detenido
2025-05-22 17:39:40,367 [INFO] Movimiento detenido
2025-05-22 17:39:40,481 [INFO] Movimiento detenido
2025-05-22 17:39:40,526 [INFO] Lectura datos climáticos NASA
2025-05-22 17:39:40,529 [INFO] Datos JSON preparados para envío
2025-05-22 17:39:40,595 [INFO] Movimiento detenido
2025-05-22 17:39:40,709 [INFO] Movimiento detenido
2025-05-22 17:39:40,823 [INFO] Movimiento detenido
2025-05-22 17:39:40,937 [INFO] Movimiento detenido
2025-05-22 17:39:41,053 [INFO] Movimiento detenido
2025-05-22 17:39:41,168 [INFO] Movimiento detenido
2025-05-22 17:39:41,281 [INFO] Movimiento detenido
2025-05-22 17:39:41,394 [INFO] Movimiento detenido
2025-05-22 17:39:41,509 [INFO] Movimiento detenido
2025-05-22 17:39:41,581 [INFO] Lectura BMP390
2025-05-22 17:39:41,623 [INFO] Movimiento detenido
2025-05-22 17:39:41,743 [INFO] Movimiento detenido
2025-05-22 17:39:41,769 [INFO] Lectura LTR390
2025-05-22 17:39:41,773 [INFO] Lectura desde ESP32-S3 por serial
2025-05-22 17:39:41,865 [INFO] Movimiento detenido
2025-05-22 17:39:41,978 [INFO] Movimiento detenido
2025-05-22 17:39:42,090 [INFO] Movimiento detenido
2025-05-22 17:39:42,203 [INFO] Movimiento detenido
2025-05-22 17:39:42,316 [INFO] Movimiento detenido
2025-05-22 17:39:42,429 [INFO] Movimiento detenido
2025-05-22 17:39:42,540 [INFO] Movimiento detenido
2025-05-22 17:39:42,653 [INFO] Movimiento detenido
2025-05-22 17:39:42,765 [INFO] Movimiento detenido
2025-05-22 17:39:42,880 [INFO] Movimiento detenido
2025-05-22 17:39:42,992 [INFO] Movimiento detenido
2025-05-22 17:39:43,105 [INFO] Movimiento detenido
2025-05-22 17:39:43,217 [INFO] Movimiento detenido
2025-05-22 17:39:43,329 [INFO] Movimiento detenido
2025-05-22 17:39:43,441 [INFO] Movimiento detenido
2025-05-22 17:39:43,554 [INFO] Movimiento detenido
2025-05-22 17:39:43,672 [INFO] Movimiento detenido
2025-05-22 17:39:43,785 [INFO] Movimiento detenido
2025-05-22 17:39:43,897 [INFO] Movimiento detenido
2025-05-22 17:39:44,013 [INFO] Movimiento detenido
2025-05-22 17:39:44,131 [INFO] Movimiento detenido
2025-05-22 17:39:44,249 [INFO] Movimiento detenido
2025-05-22 17:39:44,364 [INFO] Movimiento detenido
2025-05-22 17:39:44,479 [INFO] Movimiento detenido
2025-05-22 17:39:44,593 [INFO] Movimiento detenido
2025-05-22 17:39:44,706 [INFO] Movimiento detenido
2025-05-22 17:39:44,829 [INFO] Movimiento detenido
2025-05-22 17:39:44,943 [INFO] Movimiento detenido
2025-05-22 17:39:45,057 [INFO] Movimiento detenido
2025-05-22 17:39:45,169 [INFO] Movimiento detenido
2025-05-22 17:39:45,285 [INFO] Movimiento detenido
2025-05-22 17:39:45,326 [INFO] Lectura datos climáticos NASA
2025-05-22 17:39:45,332 [INFO] Datos JSON preparados para envío
2025-05-22 17:39:45,402 [INFO] Movimiento detenido
2025-05-22 17:39:45,514 [INFO] Movimiento detenido
2025-05-22 17:39:45,626 [INFO] Movimiento detenido
2025-05-22 17:39:45,739 [INFO] Movimiento detenido
2025-05-22 17:39:45,852 [INFO] Movimiento detenido
2025-05-22 17:39:45,964 [INFO] Movimiento detenido
2025-05-22 17:39:46,077 [INFO] Movimiento detenido
2025-05-22 17:39:46,192 [INFO] Movimiento detenido
2025-05-22 17:39:46,310 [INFO] Movimiento detenido
2025-05-22 17:39:46,385 [INFO] Lectura BMP390
2025-05-22 17:39:46,422 [INFO] Movimiento detenido
2025-05-22 17:39:46,539 [INFO] Movimiento detenido
2025-05-22 17:39:46,571 [INFO] Lectura LTR390
2025-05-22 17:39:46,575 [INFO] Lectura desde ESP32-S3 por serial
2025-05-22 17:39:46,664 [INFO] Movimiento detenido
2025-05-22 17:39:46,780 [INFO] Movimiento detenido
2025-05-22 17:39:46,892 [INFO] Movimiento detenido
2025-05-22 17:39:47,004 [INFO] Movimiento detenido
2025-05-22 17:39:47,119 [INFO] Movimiento detenido
2025-05-22 17:39:47,232 [INFO] Movimiento detenido
2025-05-22 17:39:47,345 [INFO] Movimiento detenido
2025-05-22 17:39:47,459 [INFO] Movimiento detenido
2025-05-22 17:39:47,571 [INFO] Movimiento detenido
2025-05-22 17:39:47,683 [INFO] Movimiento detenido
2025-05-22 17:39:47,796 [INFO] Movimiento detenido
2025-05-22 17:39:47,909 [INFO] Movimiento detenido
2025-05-22 17:39:48,021 [INFO] Movimiento detenido
2025-05-22 17:39:48,134 [INFO] Movimiento detenido
2025-05-22 17:39:48,246 [INFO] Movimiento detenido
2025-05-22 17:39:48,358 [INFO] Movimiento detenido
2025-05-22 17:39:48,471 [INFO] Movimiento detenido
2025-05-22 17:39:48,585 [INFO] Movimiento detenido
2025-05-22 17:39:48,697 [INFO] Movimiento detenido
2025-05-22 17:39:48,812 [INFO] Movimiento detenido
2025-05-22 17:39:48,927 [INFO] Movimiento detenido
2025-05-22 17:39:49,039 [INFO] Movimiento detenido
2025-05-22 17:39:49,151 [INFO] Movimiento detenido
2025-05-22 17:39:49,263 [INFO] Movimiento detenido
2025-05-22 17:39:49,375 [INFO] Movimiento detenido
2025-05-22 17:39:49,487 [INFO] Movimiento detenido
2025-05-22 17:39:49,599 [INFO] Movimiento detenido
2025-05-22 17:39:49,711 [INFO] Movimiento detenido
2025-05-22 17:39:49,823 [INFO] Movimiento detenido
2025-05-22 17:39:49,936 [INFO] Movimiento detenido
2025-05-22 17:39:50,052 [INFO] Movimiento detenido
2025-05-22 17:39:50,164 [INFO] Movimiento detenido
2025-05-22 17:39:50,285 [INFO] Movimiento detenido
2025-05-22 17:39:50,401 [INFO] Movimiento detenido
2025-05-22 17:39:50,531 [INFO] Movimiento detenido
2025-05-22 17:39:50,645 [INFO] Movimiento detenido
2025-05-22 17:39:50,759 [INFO] Movimiento detenido
2025-05-22 17:39:50,887 [INFO] Movimiento detenido
2025-05-22 17:39:50,906 [INFO] Lectura datos climáticos NASA
2025-05-22 17:39:50,913 [INFO] Datos JSON preparados para envío
2025-05-22 17:39:51,011 [INFO] Movimiento detenido
2025-05-22 17:39:51,126 [INFO] Movimiento detenido
2025-05-22 17:39:51,245 [INFO] Movimiento detenido
2025-05-22 17:39:51,361 [INFO] Movimiento detenido
2025-05-22 17:39:51,486 [INFO] Movimiento detenido
2025-05-22 17:39:51,600 [INFO] Movimiento detenido
2025-05-22 17:39:51,727 [INFO] Movimiento detenido
2025-05-22 17:39:51,840 [INFO] Movimiento detenido
2025-05-22 17:39:51,953 [INFO] Movimiento detenido
2025-05-22 17:39:51,970 [INFO] Lectura BMP390
2025-05-22 17:39:52,067 [INFO] Movimiento detenido
2025-05-22 17:39:52,151 [INFO] Lectura LTR390
2025-05-22 17:39:52,155 [INFO] Lectura desde ESP32-S3 por serial
2025-05-22 17:39:52,182 [INFO] Movimiento detenido
2025-05-22 17:39:52,297 [INFO] Movimiento detenido
2025-05-22 17:39:52,413 [INFO] Movimiento detenido
2025-05-22 17:39:52,528 [INFO] Movimiento detenido
2025-05-22 17:39:52,642 [INFO] Movimiento detenido
2025-05-22 17:39:52,756 [INFO] Movimiento detenido
2025-05-22 17:39:52,870 [INFO] Movimiento detenido
2025-05-22 17:39:52,983 [INFO] Movimiento detenido
2025-05-22 17:39:53,097 [INFO] Movimiento detenido
2025-05-22 17:39:53,213 [INFO] Movimiento detenido
2025-05-22 17:39:53,329 [INFO] Movimiento detenido
2025-05-22 17:39:53,444 [INFO] Movimiento detenido
2025-05-22 17:39:53,558 [INFO] Movimiento detenido
2025-05-22 17:39:53,677 [INFO] Movimiento detenido
2025-05-22 17:39:53,793 [INFO] Movimiento detenido
2025-05-22 17:39:53,907 [INFO] Movimiento detenido
2025-05-22 17:39:54,023 [INFO] Movimiento detenido
2025-05-22 17:39:54,142 [INFO] Movimiento detenido
2025-05-22 17:39:54,258 [INFO] Movimiento detenido
2025-05-22 17:39:54,379 [INFO] Movimiento detenido
2025-05-22 17:39:54,502 [INFO] Movimiento detenido
2025-05-22 17:39:54,623 [INFO] Movimiento detenido
2025-05-22 17:39:54,740 [INFO] Movimiento detenido
2025-05-22 17:39:54,854 [INFO] Movimiento detenido
2025-05-22 17:39:54,969 [INFO] Movimiento detenido
2025-05-22 17:39:55,083 [INFO] Movimiento detenido
2025-05-22 17:39:55,199 [INFO] Movimiento detenido
2025-05-22 17:39:55,313 [INFO] Movimiento detenido
2025-05-22 17:39:55,470 [INFO] Movimiento detenido
2025-05-22 17:39:55,598 [INFO] Movimiento detenido
2025-05-22 17:39:55,720 [INFO] Movimiento detenido
2025-05-22 17:39:55,847 [INFO] Movimiento detenido
2025-05-22 17:39:55,961 [INFO] Movimiento detenido
2025-05-22 17:39:56,075 [INFO] Movimiento detenido
2025-05-22 17:39:56,189 [INFO] Movimiento detenido
2025-05-22 17:39:56,303 [INFO] Movimiento detenido
2025-05-22 17:39:56,380 [INFO] Lectura datos climáticos NASA
2025-05-22 17:39:56,383 [INFO] Datos JSON preparados para envío
2025-05-22 17:39:56,418 [INFO] Movimiento detenido
2025-05-22 17:39:56,533 [INFO] Movimiento detenido
2025-05-22 17:39:56,647 [INFO] Movimiento detenido
2025-05-22 17:39:56,765 [INFO] Movimiento detenido
2025-05-22 17:39:56,877 [ERROR] Exception on / [GET]
Traceback (most recent call last):
  File "/home/farmtech/FarmTech/.venv/lib/python3.11/site-packages/flask/app.py", line 1511, in wsgi_app
    response = self.full_dispatch_request()
               ^^^^^^^^^^^^^^^^^^^^^^^^^^^^
  File "/home/farmtech/FarmTech/.venv/lib/python3.11/site-packages/flask/app.py", line 919, in full_dispatch_request
    rv = self.handle_user_exception(e)
         ^^^^^^^^^^^^^^^^^^^^^^^^^^^^^
  File "/home/farmtech/FarmTech/.venv/lib/python3.11/site-packages/flask/app.py", line 917, in full_dispatch_request
    rv = self.dispatch_request()
         ^^^^^^^^^^^^^^^^^^^^^^^
  File "/home/farmtech/FarmTech/.venv/lib/python3.11/site-packages/flask/app.py", line 902, in dispatch_request
    return self.ensure_sync(self.view_functions[rule.endpoint])(**view_args)  # type: ignore[no-any-return]
           ^^^^^^^^^^^^^^^^^^^^^^^^^^^^^^^^^^^^^^^^^^^^^^^^^^^^^^^^^^^^^^^^^
  File "/home/farmtech/FarmTech/utils/webserver.py", line 11, in index
    return render_template("index.html")
           ^^^^^^^^^^^^^^^^^^^^^^^^^^^^^
  File "/home/farmtech/FarmTech/.venv/lib/python3.11/site-packages/flask/templating.py", line 149, in render_template
    template = app.jinja_env.get_or_select_template(template_name_or_list)
               ^^^^^^^^^^^^^^^^^^^^^^^^^^^^^^^^^^^^^^^^^^^^^^^^^^^^^^^^^^^
  File "/home/farmtech/FarmTech/.venv/lib/python3.11/site-packages/jinja2/environment.py", line 1087, in get_or_select_template
    return self.get_template(template_name_or_list, parent, globals)
           ^^^^^^^^^^^^^^^^^^^^^^^^^^^^^^^^^^^^^^^^^^^^^^^^^^^^^^^^^
  File "/home/farmtech/FarmTech/.venv/lib/python3.11/site-packages/jinja2/environment.py", line 1016, in get_template
    return self._load_template(name, globals)
           ^^^^^^^^^^^^^^^^^^^^^^^^^^^^^^^^^^
  File "/home/farmtech/FarmTech/.venv/lib/python3.11/site-packages/jinja2/environment.py", line 975, in _load_template
    template = self.loader.load(self, name, self.make_globals(globals))
               ^^^^^^^^^^^^^^^^^^^^^^^^^^^^^^^^^^^^^^^^^^^^^^^^^^^^^^^^
  File "/home/farmtech/FarmTech/.venv/lib/python3.11/site-packages/jinja2/loaders.py", line 126, in load
    source, filename, uptodate = self.get_source(environment, name)
                                 ^^^^^^^^^^^^^^^^^^^^^^^^^^^^^^^^^^
  File "/home/farmtech/FarmTech/.venv/lib/python3.11/site-packages/flask/templating.py", line 65, in get_source
    return self._get_source_fast(environment, template)
           ^^^^^^^^^^^^^^^^^^^^^^^^^^^^^^^^^^^^^^^^^^^^
  File "/home/farmtech/FarmTech/.venv/lib/python3.11/site-packages/flask/templating.py", line 99, in _get_source_fast
    raise TemplateNotFound(template)
jinja2.exceptions.TemplateNotFound: index.html
2025-05-22 17:39:56,886 [INFO] Movimiento detenido
2025-05-22 17:39:56,889 [INFO] 127.0.0.1 - - [22/May/2025 17:39:56] "[35m[1mGET / HTTP/1.1[0m" 500 -
2025-05-22 17:39:57,013 [INFO] Movimiento detenido
2025-05-22 17:39:57,138 [INFO] Movimiento detenido
2025-05-22 17:39:57,252 [INFO] Movimiento detenido
2025-05-22 17:39:57,282 [INFO] 127.0.0.1 - - [22/May/2025 17:39:57] "[33mGET /favicon.ico HTTP/1.1[0m" 404 -
2025-05-22 17:39:57,367 [INFO] Movimiento detenido
2025-05-22 17:39:57,435 [INFO] Lectura BMP390
2025-05-22 17:39:57,480 [INFO] Movimiento detenido
2025-05-22 17:39:57,600 [INFO] Movimiento detenido
2025-05-22 17:39:57,624 [INFO] Lectura LTR390
2025-05-22 17:39:57,626 [INFO] Lectura desde ESP32-S3 por serial
2025-05-22 17:39:57,712 [INFO] Movimiento detenido
2025-05-22 17:39:57,830 [INFO] Movimiento detenido
2025-05-22 17:39:57,946 [INFO] Movimiento detenido
2025-05-22 17:39:58,062 [INFO] Movimiento detenido
2025-05-22 17:39:58,180 [INFO] Movimiento detenido
2025-05-22 17:39:58,293 [INFO] Movimiento detenido
2025-05-22 17:39:58,405 [INFO] Movimiento detenido
2025-05-22 17:39:58,516 [INFO] Movimiento detenido
2025-05-22 17:39:58,630 [INFO] Movimiento detenido
2025-05-22 17:39:58,745 [INFO] Movimiento detenido
2025-05-22 17:39:58,857 [INFO] Movimiento detenido
2025-05-22 17:39:58,972 [INFO] Movimiento detenido
2025-05-22 17:39:59,085 [INFO] Movimiento detenido
2025-05-22 17:39:59,201 [INFO] Movimiento detenido
2025-05-22 17:39:59,315 [INFO] Movimiento detenido
2025-05-22 17:39:59,429 [INFO] Movimiento detenido
2025-05-22 17:39:59,542 [INFO] Movimiento detenido
2025-05-22 17:39:59,657 [INFO] Movimiento detenido
2025-05-22 17:39:59,771 [INFO] Movimiento detenido
2025-05-22 17:39:59,884 [INFO] Movimiento detenido
2025-05-22 17:39:59,996 [INFO] Movimiento detenido
2025-05-22 17:40:00,108 [INFO] Movimiento detenido
2025-05-22 17:40:00,224 [INFO] Movimiento detenido
2025-05-22 17:40:00,337 [INFO] Movimiento detenido
2025-05-22 17:40:00,450 [INFO] Movimiento detenido
2025-05-22 17:40:00,562 [INFO] Movimiento detenido
2025-05-22 17:40:00,676 [INFO] Movimiento detenido
2025-05-22 17:40:00,788 [INFO] Movimiento detenido
2025-05-22 17:40:00,900 [INFO] Movimiento detenido
2025-05-22 17:40:01,013 [INFO] Movimiento detenido
2025-05-22 17:40:01,126 [INFO] Movimiento detenido
2025-05-22 17:40:01,238 [INFO] Movimiento detenido
2025-05-22 17:40:01,353 [INFO] Movimiento detenido
2025-05-22 17:40:01,361 [INFO] Lectura datos climáticos NASA
2025-05-22 17:40:01,365 [INFO] Datos JSON preparados para envío
2025-05-22 17:40:01,484 [INFO] Movimiento detenido
2025-05-22 17:40:01,597 [INFO] Movimiento detenido
2025-05-22 17:40:01,714 [INFO] Movimiento detenido
2025-05-22 17:40:01,829 [INFO] Movimiento detenido
2025-05-22 17:40:01,942 [INFO] Movimiento detenido
2025-05-22 17:40:02,056 [INFO] Movimiento detenido
2025-05-22 17:40:02,169 [INFO] Movimiento detenido
2025-05-22 17:40:02,286 [INFO] Movimiento detenido
2025-05-22 17:40:02,398 [INFO] Movimiento detenido
2025-05-22 17:40:02,423 [INFO] Lectura BMP390
2025-05-22 17:40:02,514 [INFO] Movimiento detenido
2025-05-22 17:40:02,625 [INFO] Lectura LTR390
2025-05-22 17:40:02,641 [INFO] Lectura desde ESP32-S3 por serial
2025-05-22 17:40:02,648 [INFO] Movimiento detenido
2025-05-22 17:40:02,780 [INFO] Movimiento detenido
2025-05-22 17:40:02,894 [INFO] Movimiento detenido
2025-05-22 17:40:03,020 [INFO] Movimiento detenido
2025-05-22 17:40:03,136 [INFO] Movimiento detenido
2025-05-22 17:40:03,250 [INFO] Movimiento detenido
2025-05-22 17:40:03,365 [INFO] Movimiento detenido
2025-05-22 17:40:03,483 [INFO] Movimiento detenido
2025-05-22 17:40:03,607 [INFO] Movimiento detenido
2025-05-22 17:40:03,732 [INFO] Movimiento detenido
2025-05-22 17:40:03,852 [INFO] Movimiento detenido
2025-05-22 17:40:03,965 [INFO] Movimiento detenido
2025-05-22 17:40:04,077 [INFO] Movimiento detenido
2025-05-22 17:40:04,195 [INFO] Movimiento detenido
2025-05-22 17:40:04,308 [INFO] Movimiento detenido
2025-05-22 17:40:04,422 [INFO] Movimiento detenido
2025-05-22 17:40:04,540 [INFO] Movimiento detenido
2025-05-22 17:40:04,654 [INFO] Movimiento detenido
2025-05-22 17:40:04,768 [INFO] Movimiento detenido
2025-05-22 17:40:04,884 [INFO] Movimiento detenido
2025-05-22 17:40:04,999 [INFO] Movimiento detenido
2025-05-22 17:40:05,118 [INFO] Movimiento detenido
2025-05-22 17:40:05,231 [INFO] Movimiento detenido
2025-05-22 17:40:05,347 [INFO] Movimiento detenido
2025-05-22 17:40:05,472 [INFO] Movimiento detenido
2025-05-22 17:40:05,600 [INFO] Movimiento detenido
2025-05-22 17:40:05,721 [INFO] Movimiento detenido
2025-05-22 17:40:05,836 [INFO] Movimiento detenido
2025-05-22 17:40:05,949 [INFO] Movimiento detenido
2025-05-22 17:40:06,063 [INFO] Movimiento detenido
2025-05-22 17:40:06,179 [INFO] Movimiento detenido
2025-05-22 17:40:06,294 [INFO] Movimiento detenido
2025-05-22 17:40:06,408 [INFO] Movimiento detenido
2025-05-22 17:40:06,524 [INFO] Movimiento detenido
2025-05-22 17:40:06,636 [INFO] Movimiento detenido
2025-05-22 17:40:06,757 [INFO] Movimiento detenido
2025-05-22 17:40:06,806 [INFO] Lectura datos climáticos NASA
2025-05-22 17:40:06,810 [INFO] Datos JSON preparados para envío
2025-05-22 17:40:06,872 [INFO] Movimiento detenido
2025-05-22 17:40:06,985 [INFO] Movimiento detenido
2025-05-22 17:40:07,098 [INFO] Movimiento detenido
2025-05-22 17:40:07,216 [INFO] Movimiento detenido
2025-05-22 17:40:07,332 [INFO] Movimiento detenido
2025-05-22 17:40:07,445 [INFO] Movimiento detenido
2025-05-22 17:40:07,562 [INFO] Movimiento detenido
2025-05-22 17:40:07,674 [INFO] Movimiento detenido
2025-05-22 17:40:07,786 [INFO] Movimiento detenido
2025-05-22 17:40:07,871 [INFO] Lectura BMP390
2025-05-22 17:40:07,905 [INFO] Movimiento detenido
2025-05-22 17:40:08,032 [INFO] Movimiento detenido
2025-05-22 17:40:08,066 [INFO] Lectura LTR390
2025-05-22 17:40:08,076 [INFO] Lectura desde ESP32-S3 por serial
2025-05-22 17:40:08,162 [INFO] Movimiento detenido
2025-05-22 17:40:08,274 [INFO] Movimiento detenido
2025-05-22 17:40:08,386 [INFO] Movimiento detenido
2025-05-22 17:40:08,501 [INFO] Movimiento detenido
2025-05-22 17:40:08,642 [INFO] Movimiento detenido
2025-05-22 17:40:08,754 [INFO] Movimiento detenido
2025-05-22 17:40:08,878 [INFO] Movimiento detenido
2025-05-22 17:40:09,002 [INFO] Movimiento detenido
2025-05-22 17:40:09,118 [INFO] Movimiento detenido
2025-05-22 17:40:09,235 [INFO] Movimiento detenido
2025-05-22 17:40:09,349 [INFO] Movimiento detenido
2025-05-22 17:40:09,472 [INFO] Movimiento detenido
2025-05-22 17:40:09,591 [INFO] Movimiento detenido
2025-05-22 17:40:09,704 [INFO] Movimiento detenido
2025-05-22 17:40:09,818 [INFO] Movimiento detenido
2025-05-22 17:40:09,935 [INFO] Movimiento detenido
2025-05-22 17:40:10,055 [INFO] Movimiento detenido
2025-05-22 17:40:10,173 [INFO] Movimiento detenido
2025-05-22 17:40:10,305 [INFO] Movimiento detenido
2025-05-22 17:40:10,421 [INFO] Movimiento detenido
2025-05-22 17:40:10,542 [INFO] Movimiento detenido
2025-05-22 17:40:10,657 [INFO] Movimiento detenido
2025-05-22 17:40:10,774 [INFO] Movimiento detenido
2025-05-22 17:40:10,891 [INFO] Movimiento detenido
2025-05-22 17:40:11,003 [INFO] Movimiento detenido
2025-05-22 17:40:11,116 [INFO] Movimiento detenido
2025-05-22 17:40:11,230 [INFO] Movimiento detenido
2025-05-22 17:40:11,341 [INFO] Movimiento detenido
2025-05-22 17:40:11,363 [INFO] Lectura datos climáticos NASA
2025-05-22 17:40:11,365 [INFO] Datos JSON preparados para envío
2025-05-22 17:40:11,452 [INFO] Movimiento detenido
2025-05-22 17:40:11,563 [INFO] Movimiento detenido
2025-05-22 17:40:11,676 [INFO] Movimiento detenido
2025-05-22 17:40:11,791 [INFO] Movimiento detenido
2025-05-22 17:40:11,903 [INFO] Movimiento detenido
2025-05-22 17:40:12,015 [INFO] Movimiento detenido
2025-05-22 17:40:12,126 [INFO] Movimiento detenido
2025-05-22 17:40:12,237 [INFO] Movimiento detenido
2025-05-22 17:40:12,348 [INFO] Movimiento detenido
2025-05-22 17:40:12,415 [INFO] Lectura BMP390
2025-05-22 17:40:12,459 [INFO] Movimiento detenido
2025-05-22 17:40:12,571 [INFO] Movimiento detenido
2025-05-22 17:40:12,596 [INFO] Lectura LTR390
2025-05-22 17:40:12,601 [INFO] Lectura desde ESP32-S3 por serial
2025-05-22 17:40:12,693 [INFO] Movimiento detenido
2025-05-22 17:40:12,806 [INFO] Movimiento detenido
2025-05-22 17:40:12,920 [INFO] Movimiento detenido
2025-05-22 17:40:13,032 [INFO] Movimiento detenido
2025-05-22 17:40:13,144 [INFO] Movimiento detenido
2025-05-22 17:40:13,257 [INFO] Movimiento detenido
2025-05-22 17:40:13,369 [INFO] Movimiento detenido
2025-05-22 17:40:13,482 [INFO] Movimiento detenido
2025-05-22 17:40:13,594 [INFO] Movimiento detenido
2025-05-22 17:40:13,708 [INFO] Movimiento detenido
2025-05-22 17:40:13,820 [INFO] Movimiento detenido
2025-05-22 17:40:13,933 [INFO] Movimiento detenido
2025-05-22 17:40:14,045 [INFO] Movimiento detenido
2025-05-22 17:40:14,158 [INFO] Movimiento detenido
2025-05-22 17:40:14,270 [INFO] Movimiento detenido
2025-05-22 17:40:14,382 [INFO] Movimiento detenido
2025-05-22 17:40:14,494 [INFO] Movimiento detenido
2025-05-22 17:40:14,606 [INFO] Movimiento detenido
2025-05-22 17:40:14,718 [INFO] Movimiento detenido
2025-05-22 17:40:14,830 [INFO] Movimiento detenido
2025-05-22 17:40:14,943 [INFO] Movimiento detenido
2025-05-22 17:40:15,055 [INFO] Movimiento detenido
2025-05-22 17:40:15,167 [INFO] Movimiento detenido
2025-05-22 17:40:15,279 [INFO] Movimiento detenido
2025-05-22 17:40:15,391 [INFO] Movimiento detenido
2025-05-22 17:40:15,503 [INFO] Movimiento detenido
2025-05-22 17:40:15,616 [INFO] Movimiento detenido
2025-05-22 17:40:15,728 [INFO] Movimiento detenido
2025-05-22 17:40:15,842 [INFO] Movimiento detenido
2025-05-22 17:40:15,954 [INFO] Movimiento detenido
2025-05-22 17:40:16,066 [INFO] Movimiento detenido
2025-05-22 17:40:16,179 [INFO] Movimiento detenido
2025-05-22 17:40:16,290 [INFO] Movimiento detenido
2025-05-22 17:40:16,402 [INFO] Movimiento detenido
2025-05-22 17:40:16,513 [INFO] Movimiento detenido
2025-05-22 17:40:16,624 [INFO] Movimiento detenido
2025-05-22 17:40:16,735 [INFO] Movimiento detenido
2025-05-22 17:40:16,846 [INFO] Movimiento detenido
2025-05-22 17:40:16,957 [INFO] Movimiento detenido
2025-05-22 17:40:16,986 [INFO] Lectura datos climáticos NASA
2025-05-22 17:40:16,989 [INFO] Datos JSON preparados para envío
2025-05-22 17:40:17,070 [INFO] Movimiento detenido
2025-05-22 17:40:17,181 [INFO] Movimiento detenido
2025-05-22 17:40:17,292 [INFO] Movimiento detenido
2025-05-22 17:40:17,404 [INFO] Movimiento detenido
2025-05-22 17:40:17,515 [INFO] Movimiento detenido
2025-05-22 17:40:17,626 [INFO] Movimiento detenido
2025-05-22 17:40:17,737 [INFO] Movimiento detenido
2025-05-22 17:40:17,850 [INFO] Movimiento detenido
2025-05-22 17:40:17,964 [INFO] Movimiento detenido
2025-05-22 17:40:18,042 [INFO] Lectura BMP390
2025-05-22 17:40:18,078 [INFO] Movimiento detenido
2025-05-22 17:40:18,195 [INFO] Movimiento detenido
2025-05-22 17:40:18,225 [INFO] Lectura LTR390
2025-05-22 17:40:18,231 [INFO] Lectura desde ESP32-S3 por serial
2025-05-22 17:40:18,309 [INFO] Movimiento detenido
2025-05-22 17:40:18,421 [INFO] Movimiento detenido
2025-05-22 17:40:18,533 [INFO] Movimiento detenido
2025-05-22 17:40:18,645 [INFO] Movimiento detenido
2025-05-22 17:40:18,758 [INFO] Movimiento detenido
2025-05-22 17:40:18,870 [INFO] Movimiento detenido
2025-05-22 17:40:18,983 [INFO] Movimiento detenido
2025-05-22 17:40:19,095 [INFO] Movimiento detenido
2025-05-22 17:40:19,208 [INFO] Movimiento detenido
2025-05-22 17:40:19,321 [INFO] Movimiento detenido
2025-05-22 17:40:19,434 [INFO] Movimiento detenido
2025-05-22 17:40:19,546 [INFO] Movimiento detenido
2025-05-22 17:40:19,658 [INFO] Movimiento detenido
2025-05-22 17:40:19,770 [INFO] Movimiento detenido
2025-05-22 17:40:19,882 [INFO] Movimiento detenido
2025-05-22 17:40:19,994 [INFO] Movimiento detenido
2025-05-22 17:40:20,106 [INFO] Movimiento detenido
2025-05-22 17:40:20,219 [INFO] Movimiento detenido
2025-05-22 17:40:20,332 [INFO] Movimiento detenido
2025-05-22 17:40:20,445 [INFO] Movimiento detenido
2025-05-22 17:40:20,558 [INFO] Movimiento detenido
2025-05-22 17:40:20,670 [INFO] Movimiento detenido
2025-05-22 17:40:20,782 [INFO] Movimiento detenido
2025-05-22 17:40:20,893 [INFO] Movimiento detenido
2025-05-22 17:40:21,006 [INFO] Movimiento detenido
2025-05-22 17:40:21,119 [INFO] Movimiento detenido
2025-05-22 17:40:21,231 [INFO] Movimiento detenido
2025-05-22 17:40:21,345 [INFO] Movimiento detenido
2025-05-22 17:40:21,457 [INFO] Movimiento detenido
2025-05-22 17:40:21,569 [INFO] Movimiento detenido
2025-05-22 17:40:21,682 [INFO] Movimiento detenido
2025-05-22 17:40:21,795 [INFO] Movimiento detenido
2025-05-22 17:40:21,907 [INFO] Movimiento detenido
2025-05-22 17:40:22,021 [INFO] Movimiento detenido
2025-05-22 17:40:22,134 [INFO] Movimiento detenido
2025-05-22 17:40:22,246 [INFO] Movimiento detenido
2025-05-22 17:40:22,359 [INFO] Movimiento detenido
2025-05-22 17:40:22,472 [INFO] Movimiento detenido
2025-05-22 17:40:22,586 [INFO] Movimiento detenido
2025-05-22 17:40:22,700 [INFO] Movimiento detenido
2025-05-22 17:40:22,813 [INFO] Movimiento detenido
2025-05-22 17:40:22,926 [INFO] Movimiento detenido
2025-05-22 17:40:23,039 [INFO] Movimiento detenido
2025-05-22 17:40:23,102 [INFO] Lectura datos climáticos NASA
2025-05-22 17:40:23,107 [INFO] Datos JSON preparados para envío
2025-05-22 17:40:23,151 [INFO] Movimiento detenido
2025-05-22 17:40:23,263 [INFO] Movimiento detenido
2025-05-22 17:40:23,375 [INFO] Movimiento detenido
2025-05-22 17:40:23,487 [INFO] Movimiento detenido
2025-05-22 17:40:23,599 [INFO] Movimiento detenido
2025-05-22 17:40:23,713 [INFO] Movimiento detenido
2025-05-22 17:40:23,825 [INFO] Movimiento detenido
2025-05-22 17:40:23,937 [INFO] Movimiento detenido
2025-05-22 17:40:24,048 [INFO] Movimiento detenido
2025-05-22 17:40:24,159 [INFO] Lectura BMP390
2025-05-22 17:40:24,161 [INFO] Movimiento detenido
2025-05-22 17:40:24,274 [INFO] Movimiento detenido
2025-05-22 17:40:24,341 [INFO] Lectura LTR390
2025-05-22 17:40:24,347 [INFO] Lectura desde ESP32-S3 por serial
2025-05-22 17:40:24,387 [INFO] Movimiento detenido
2025-05-22 17:40:24,500 [INFO] Movimiento detenido
2025-05-22 17:40:24,614 [INFO] Movimiento detenido
2025-05-22 17:40:24,727 [INFO] Movimiento detenido
2025-05-22 17:40:24,838 [INFO] Movimiento detenido
2025-05-22 17:40:24,951 [INFO] Movimiento detenido
2025-05-22 17:40:25,062 [INFO] Movimiento detenido
2025-05-22 17:40:25,173 [INFO] Movimiento detenido
2025-05-22 17:40:25,284 [INFO] Movimiento detenido
2025-05-22 17:40:25,395 [INFO] Movimiento detenido
2025-05-22 17:40:25,508 [INFO] Movimiento detenido
2025-05-22 17:40:25,620 [INFO] Movimiento detenido
2025-05-22 17:40:25,732 [INFO] Movimiento detenido
2025-05-22 17:40:25,843 [INFO] Movimiento detenido
2025-05-22 17:40:25,955 [INFO] Movimiento detenido
2025-05-22 17:40:26,067 [INFO] Movimiento detenido
2025-05-22 17:40:26,178 [INFO] Movimiento detenido
2025-05-22 17:40:26,290 [INFO] Movimiento detenido
2025-05-22 17:40:26,402 [INFO] Movimiento detenido
2025-05-22 17:40:26,515 [INFO] Movimiento detenido
2025-05-22 17:40:26,627 [INFO] Movimiento detenido
2025-05-22 17:40:26,739 [INFO] Movimiento detenido
2025-05-22 17:40:26,852 [INFO] Movimiento detenido
2025-05-22 17:40:26,963 [INFO] Movimiento detenido
2025-05-22 17:40:27,075 [INFO] Movimiento detenido
2025-05-22 17:40:27,187 [INFO] Movimiento detenido
2025-05-22 17:40:27,299 [INFO] Movimiento detenido
2025-05-22 17:40:27,410 [INFO] Movimiento detenido
2025-05-22 17:40:27,522 [INFO] Movimiento detenido
2025-05-22 17:40:27,633 [INFO] Movimiento detenido
2025-05-22 17:40:27,744 [INFO] Movimiento detenido
2025-05-22 17:40:27,858 [INFO] Movimiento detenido
2025-05-22 17:40:27,899 [INFO] Lectura datos climáticos NASA
2025-05-22 17:40:27,902 [INFO] Datos JSON preparados para envío
2025-05-22 17:40:27,970 [INFO] Movimiento detenido
2025-05-22 17:40:28,083 [INFO] Movimiento detenido
2025-05-22 17:40:28,195 [INFO] Movimiento detenido
2025-05-22 17:40:28,307 [INFO] Movimiento detenido
2025-05-22 17:40:28,419 [INFO] Movimiento detenido
2025-05-22 17:40:28,532 [INFO] Movimiento detenido
2025-05-22 17:40:28,644 [INFO] Movimiento detenido
2025-05-22 17:40:28,758 [INFO] Movimiento detenido
2025-05-22 17:40:28,871 [INFO] Movimiento detenido
2025-05-22 17:40:28,955 [INFO] Lectura BMP390
2025-05-22 17:40:28,983 [INFO] Movimiento detenido
2025-05-22 17:40:29,099 [INFO] Movimiento detenido
2025-05-22 17:40:29,143 [INFO] Lectura LTR390
2025-05-22 17:40:29,149 [INFO] Lectura desde ESP32-S3 por serial
2025-05-22 17:40:29,215 [INFO] Movimiento detenido
2025-05-22 17:40:29,328 [INFO] Movimiento detenido
2025-05-22 17:40:29,440 [INFO] Movimiento detenido
2025-05-22 17:40:29,553 [INFO] Movimiento detenido
2025-05-22 17:40:29,666 [INFO] Movimiento detenido
2025-05-22 17:40:29,778 [INFO] Movimiento detenido
2025-05-22 17:40:29,892 [INFO] Movimiento detenido
2025-05-22 17:40:30,005 [INFO] Movimiento detenido
2025-05-22 17:40:30,118 [INFO] Movimiento detenido
2025-05-22 17:40:30,231 [INFO] Movimiento detenido
2025-05-22 17:40:30,343 [INFO] Movimiento detenido
2025-05-22 17:40:30,455 [INFO] Movimiento detenido
2025-05-22 17:40:30,567 [INFO] Movimiento detenido
2025-05-22 17:40:30,679 [INFO] Movimiento detenido
2025-05-22 17:40:30,792 [INFO] Movimiento detenido
2025-05-22 17:40:30,904 [INFO] Movimiento detenido
2025-05-22 17:40:31,016 [INFO] Movimiento detenido
2025-05-22 17:40:31,128 [INFO] Movimiento detenido
2025-05-22 17:40:31,240 [INFO] Movimiento detenido
2025-05-22 17:40:31,352 [INFO] Movimiento detenido
2025-05-22 17:40:31,464 [INFO] Movimiento detenido
2025-05-22 17:40:31,576 [INFO] Movimiento detenido
2025-05-22 17:40:31,689 [INFO] Movimiento detenido
2025-05-22 17:40:31,801 [INFO] Movimiento detenido
2025-05-22 17:40:31,912 [INFO] Movimiento detenido
2025-05-22 17:40:32,023 [INFO] Movimiento detenido
2025-05-22 17:40:32,134 [INFO] Movimiento detenido
2025-05-22 17:40:32,245 [INFO] Movimiento detenido
2025-05-22 17:40:32,356 [INFO] Movimiento detenido
2025-05-22 17:40:32,467 [INFO] Movimiento detenido
2025-05-22 17:40:32,579 [INFO] Movimiento detenido
2025-05-22 17:40:32,691 [INFO] Movimiento detenido
2025-05-22 17:40:32,803 [INFO] Movimiento detenido
2025-05-22 17:40:32,917 [INFO] Movimiento detenido
2025-05-22 17:40:33,029 [INFO] Movimiento detenido
2025-05-22 17:40:33,140 [INFO] Movimiento detenido
2025-05-22 17:40:33,252 [INFO] Movimiento detenido
2025-05-22 17:40:33,363 [INFO] Movimiento detenido
2025-05-22 17:40:33,474 [INFO] Movimiento detenido
2025-05-22 17:40:33,577 [INFO] Lectura datos climáticos NASA
2025-05-22 17:40:33,579 [INFO] Datos JSON preparados para envío
2025-05-22 17:40:33,586 [INFO] Movimiento detenido
2025-05-22 17:40:33,701 [INFO] Movimiento detenido
2025-05-22 17:40:33,813 [INFO] Movimiento detenido
2025-05-22 17:40:33,924 [INFO] Movimiento detenido
2025-05-22 17:40:34,035 [INFO] Movimiento detenido
2025-05-22 17:40:34,147 [INFO] Movimiento detenido
2025-05-22 17:40:34,258 [INFO] Movimiento detenido
2025-05-22 17:40:34,370 [INFO] Movimiento detenido
2025-05-22 17:40:34,481 [INFO] Movimiento detenido
2025-05-22 17:40:34,593 [INFO] Movimiento detenido
2025-05-22 17:40:34,634 [INFO] Lectura BMP390
2025-05-22 17:40:34,708 [INFO] Movimiento detenido
2025-05-22 17:40:34,813 [INFO] Lectura LTR390
2025-05-22 17:40:34,817 [INFO] Lectura desde ESP32-S3 por serial
2025-05-22 17:40:34,820 [INFO] Movimiento detenido
2025-05-22 17:40:34,938 [INFO] Movimiento detenido
2025-05-22 17:40:35,049 [INFO] Movimiento detenido
2025-05-22 17:40:35,160 [INFO] Movimiento detenido
2025-05-22 17:40:35,272 [INFO] Movimiento detenido
2025-05-22 17:40:35,383 [INFO] Movimiento detenido
2025-05-22 17:40:35,494 [INFO] Movimiento detenido
2025-05-22 17:40:35,607 [INFO] Movimiento detenido
2025-05-22 17:40:35,718 [INFO] Movimiento detenido
2025-05-22 17:40:35,831 [INFO] Movimiento detenido
2025-05-22 17:40:35,943 [INFO] Movimiento detenido
2025-05-22 17:40:36,056 [INFO] Movimiento detenido
2025-05-22 17:40:36,170 [INFO] Movimiento detenido
2025-05-22 17:40:36,283 [INFO] Movimiento detenido
2025-05-22 17:40:36,395 [INFO] Movimiento detenido
2025-05-22 17:40:36,507 [INFO] Movimiento detenido
2025-05-22 17:40:36,619 [INFO] Movimiento detenido
2025-05-22 17:40:36,731 [INFO] Movimiento detenido
2025-05-22 17:40:36,844 [INFO] Movimiento detenido
2025-05-22 17:40:36,957 [INFO] Movimiento detenido
2025-05-22 17:40:37,068 [INFO] Movimiento detenido
2025-05-22 17:40:37,179 [INFO] Movimiento detenido
2025-05-22 17:40:37,290 [INFO] Movimiento detenido
2025-05-22 17:40:37,402 [INFO] Movimiento detenido
2025-05-22 17:40:37,513 [INFO] Movimiento detenido
2025-05-22 17:40:37,627 [INFO] Movimiento detenido
2025-05-22 17:40:37,740 [INFO] Movimiento detenido
2025-05-22 17:40:37,853 [INFO] Movimiento detenido
2025-05-22 17:40:37,965 [INFO] Movimiento detenido
2025-05-22 17:40:38,078 [INFO] Movimiento detenido
2025-05-22 17:40:38,143 [INFO] Lectura datos climáticos NASA
2025-05-22 17:40:38,147 [INFO] Datos JSON preparados para envío
2025-05-22 17:40:38,190 [INFO] Movimiento detenido
2025-05-22 17:40:38,302 [INFO] Movimiento detenido
2025-05-22 17:40:38,414 [INFO] Movimiento detenido
2025-05-22 17:40:38,527 [INFO] Movimiento detenido
2025-05-22 17:40:38,639 [INFO] Movimiento detenido
2025-05-22 17:40:38,751 [INFO] Movimiento detenido
2025-05-22 17:40:38,863 [INFO] Movimiento detenido
2025-05-22 17:40:38,975 [INFO] Movimiento detenido
2025-05-22 17:40:39,088 [INFO] Movimiento detenido
2025-05-22 17:40:39,200 [INFO] Movimiento detenido
2025-05-22 17:40:39,201 [INFO] Lectura BMP390
2025-05-22 17:40:39,317 [INFO] Movimiento detenido
2025-05-22 17:40:39,388 [INFO] Lectura LTR390
2025-05-22 17:40:39,393 [INFO] Lectura desde ESP32-S3 por serial
2025-05-22 17:40:39,430 [INFO] Movimiento detenido
2025-05-22 17:40:39,542 [INFO] Movimiento detenido
2025-05-22 17:40:39,654 [INFO] Movimiento detenido
2025-05-22 17:40:39,766 [INFO] Movimiento detenido
2025-05-22 17:40:39,879 [INFO] Movimiento detenido
2025-05-22 17:40:39,991 [INFO] Movimiento detenido
2025-05-22 17:40:40,104 [INFO] Movimiento detenido
2025-05-22 17:40:40,216 [INFO] Movimiento detenido
2025-05-22 17:40:40,329 [INFO] Movimiento detenido
2025-05-22 17:40:40,441 [INFO] Movimiento detenido
2025-05-22 17:40:40,554 [INFO] Movimiento detenido
2025-05-22 17:40:40,666 [INFO] Movimiento detenido
2025-05-22 17:40:40,778 [INFO] Movimiento detenido
2025-05-22 17:40:40,891 [INFO] Movimiento detenido
2025-05-22 17:40:41,003 [INFO] Movimiento detenido
2025-05-22 17:40:41,115 [INFO] Movimiento detenido
2025-05-22 17:40:41,227 [INFO] Movimiento detenido
2025-05-22 17:40:41,339 [INFO] Movimiento detenido
2025-05-22 17:40:41,451 [INFO] Movimiento detenido
2025-05-22 17:40:41,563 [INFO] Movimiento detenido
2025-05-22 17:40:41,675 [INFO] Movimiento detenido
2025-05-22 17:40:41,788 [INFO] Movimiento detenido
2025-05-22 17:40:41,899 [INFO] Movimiento detenido
2025-05-22 17:40:42,010 [INFO] Movimiento detenido
2025-05-22 17:40:42,121 [INFO] Movimiento detenido
2025-05-22 17:40:42,232 [INFO] Movimiento detenido
2025-05-22 17:40:42,343 [INFO] Movimiento detenido
2025-05-22 17:40:42,454 [INFO] Movimiento detenido
2025-05-22 17:40:42,565 [INFO] Movimiento detenido
2025-05-22 17:40:42,677 [INFO] Movimiento detenido
2025-05-22 17:40:42,791 [INFO] Movimiento detenido
2025-05-22 17:40:42,908 [INFO] Movimiento detenido
2025-05-22 17:40:43,020 [INFO] Movimiento detenido
2025-05-22 17:40:43,078 [INFO] Lectura datos climáticos NASA
2025-05-22 17:40:43,082 [INFO] Datos JSON preparados para envío
2025-05-22 17:40:43,132 [INFO] Movimiento detenido
2025-05-22 17:40:43,244 [INFO] Movimiento detenido
2025-05-22 17:40:43,355 [INFO] Movimiento detenido
2025-05-22 17:40:43,467 [INFO] Movimiento detenido
2025-05-22 17:40:43,578 [INFO] Movimiento detenido
2025-05-22 17:40:43,691 [INFO] Movimiento detenido
2025-05-22 17:40:43,803 [INFO] Movimiento detenido
2025-05-22 17:40:43,916 [INFO] Movimiento detenido
2025-05-22 17:40:44,029 [INFO] Movimiento detenido
2025-05-22 17:40:44,135 [INFO] Lectura BMP390
2025-05-22 17:40:44,142 [INFO] Movimiento detenido
2025-05-22 17:40:44,255 [INFO] Movimiento detenido
2025-05-22 17:40:44,317 [INFO] Lectura LTR390
2025-05-22 17:40:44,323 [INFO] Lectura desde ESP32-S3 por serial
2025-05-22 17:40:44,369 [INFO] Movimiento detenido
2025-05-22 17:40:44,481 [INFO] Movimiento detenido
2025-05-22 17:40:44,594 [INFO] Movimiento detenido
2025-05-22 17:40:44,706 [INFO] Movimiento detenido
2025-05-22 17:40:44,820 [INFO] Movimiento detenido
2025-05-22 17:40:44,933 [INFO] Movimiento detenido
2025-05-22 17:40:45,046 [INFO] Movimiento detenido
2025-05-22 17:40:45,158 [INFO] Movimiento detenido
2025-05-22 17:40:45,271 [INFO] Movimiento detenido
2025-05-22 17:40:45,384 [INFO] Movimiento detenido
2025-05-22 17:40:45,497 [INFO] Movimiento detenido
2025-05-22 17:40:45,611 [INFO] Movimiento detenido
2025-05-22 17:40:45,723 [INFO] Movimiento detenido
2025-05-22 17:40:45,835 [INFO] Movimiento detenido
2025-05-22 17:40:45,947 [INFO] Movimiento detenido
2025-05-22 17:40:46,060 [INFO] Movimiento detenido
2025-05-22 17:40:46,172 [INFO] Movimiento detenido
2025-05-22 17:40:46,284 [INFO] Movimiento detenido
2025-05-22 17:40:46,396 [INFO] Movimiento detenido
2025-05-22 17:40:46,508 [INFO] Movimiento detenido
2025-05-22 17:40:46,620 [INFO] Movimiento detenido
2025-05-22 17:40:46,732 [INFO] Movimiento detenido
2025-05-22 17:40:46,847 [INFO] Movimiento detenido
2025-05-22 17:40:46,959 [INFO] Movimiento detenido
2025-05-22 17:40:47,071 [INFO] Movimiento detenido
2025-05-22 17:40:47,183 [INFO] Movimiento detenido
2025-05-22 17:40:47,296 [INFO] Movimiento detenido
2025-05-22 17:40:47,408 [INFO] Movimiento detenido
2025-05-22 17:40:47,520 [INFO] Movimiento detenido
2025-05-22 17:40:47,632 [INFO] Movimiento detenido
2025-05-22 17:40:47,744 [INFO] Movimiento detenido
2025-05-22 17:40:47,856 [INFO] Movimiento detenido
2025-05-22 17:40:47,968 [INFO] Movimiento detenido
2025-05-22 17:40:48,081 [INFO] Movimiento detenido
2025-05-22 17:40:48,193 [INFO] Movimiento detenido
2025-05-22 17:40:48,305 [INFO] Movimiento detenido
2025-05-22 17:40:48,396 [INFO] Lectura datos climáticos NASA
2025-05-22 17:40:48,399 [INFO] Datos JSON preparados para envío
2025-05-22 17:40:48,416 [INFO] Movimiento detenido
2025-05-22 17:40:48,529 [INFO] Movimiento detenido
2025-05-22 17:40:48,641 [INFO] Movimiento detenido
2025-05-22 17:40:48,753 [INFO] Movimiento detenido
2025-05-22 17:40:48,865 [INFO] Movimiento detenido
2025-05-22 17:40:48,977 [INFO] Movimiento detenido
2025-05-22 17:40:49,089 [INFO] Movimiento detenido
2025-05-22 17:40:49,201 [INFO] Movimiento detenido
2025-05-22 17:40:49,313 [INFO] Movimiento detenido
2025-05-22 17:40:49,425 [INFO] Movimiento detenido
2025-05-22 17:40:49,451 [INFO] Lectura BMP390
2025-05-22 17:40:49,539 [INFO] Movimiento detenido
2025-05-22 17:40:49,632 [INFO] Lectura LTR390
2025-05-22 17:40:49,638 [INFO] Lectura desde ESP32-S3 por serial
2025-05-22 17:40:49,662 [INFO] Movimiento detenido
2025-05-22 17:40:49,775 [INFO] Movimiento detenido
2025-05-22 17:40:49,887 [INFO] Movimiento detenido
2025-05-22 17:40:49,999 [INFO] Movimiento detenido
2025-05-22 17:40:50,112 [INFO] Movimiento detenido
2025-05-22 17:40:50,226 [INFO] Movimiento detenido
2025-05-22 17:40:50,338 [INFO] Movimiento detenido
2025-05-22 17:40:50,450 [INFO] Movimiento detenido
2025-05-22 17:40:50,563 [INFO] Movimiento detenido
2025-05-22 17:40:50,675 [INFO] Movimiento detenido
2025-05-22 17:40:50,788 [INFO] Movimiento detenido
2025-05-22 17:40:50,901 [INFO] Movimiento detenido
2025-05-22 17:40:51,013 [INFO] Movimiento detenido
2025-05-22 17:40:51,125 [INFO] Movimiento detenido
2025-05-22 17:40:51,237 [INFO] Movimiento detenido
2025-05-22 17:40:51,350 [INFO] Movimiento detenido
2025-05-22 17:40:51,462 [INFO] Movimiento detenido
2025-05-22 17:40:51,574 [INFO] Movimiento detenido
2025-05-22 17:40:51,687 [INFO] Movimiento detenido
2025-05-22 17:40:51,801 [INFO] Movimiento detenido
2025-05-22 17:40:51,912 [INFO] Movimiento detenido
2025-05-22 17:40:52,024 [INFO] Movimiento detenido
2025-05-22 17:40:52,136 [INFO] Movimiento detenido
2025-05-22 17:40:52,247 [INFO] Movimiento detenido
2025-05-22 17:40:52,358 [INFO] Movimiento detenido
2025-05-22 17:40:52,470 [INFO] Movimiento detenido
2025-05-22 17:40:52,581 [INFO] Movimiento detenido
2025-05-22 17:40:52,693 [INFO] Movimiento detenido
2025-05-22 17:40:52,805 [INFO] Movimiento detenido
2025-05-22 17:40:52,919 [INFO] Movimiento detenido
2025-05-22 17:40:53,031 [INFO] Movimiento detenido
2025-05-22 17:40:53,143 [INFO] Movimiento detenido
2025-05-22 17:40:53,255 [INFO] Movimiento detenido
2025-05-22 17:40:53,367 [INFO] Movimiento detenido
2025-05-22 17:40:53,479 [INFO] Movimiento detenido
2025-05-22 17:40:53,530 [INFO] Lectura datos climáticos NASA
2025-05-22 17:40:53,536 [INFO] Datos JSON preparados para envío
2025-05-22 17:40:53,591 [INFO] Movimiento detenido
2025-05-22 17:40:53,704 [INFO] Movimiento detenido
2025-05-22 17:40:53,817 [INFO] Movimiento detenido
2025-05-22 17:40:53,929 [INFO] Movimiento detenido
2025-05-22 17:40:54,041 [INFO] Movimiento detenido
2025-05-22 17:40:54,153 [INFO] Movimiento detenido
2025-05-22 17:40:54,267 [INFO] Movimiento detenido
2025-05-22 17:40:54,380 [INFO] Movimiento detenido
2025-05-22 17:40:54,492 [INFO] Movimiento detenido
2025-05-22 17:40:54,589 [INFO] Lectura BMP390
2025-05-22 17:40:54,604 [INFO] Movimiento detenido
2025-05-22 17:40:54,715 [INFO] Movimiento detenido
2025-05-22 17:40:54,770 [INFO] Lectura LTR390
2025-05-22 17:40:54,775 [INFO] Lectura desde ESP32-S3 por serial
2025-05-22 17:40:54,828 [INFO] Movimiento detenido
2025-05-22 17:40:54,940 [INFO] Movimiento detenido
2025-05-22 17:40:55,052 [INFO] Movimiento detenido
2025-05-22 17:40:55,164 [INFO] Movimiento detenido
2025-05-22 17:40:55,276 [INFO] Movimiento detenido
2025-05-22 17:40:55,388 [INFO] Movimiento detenido
2025-05-22 17:40:55,526 [INFO] Movimiento detenido
2025-05-22 17:40:55,646 [INFO] Movimiento detenido
2025-05-22 17:40:55,765 [INFO] Movimiento detenido
2025-05-22 17:40:55,886 [INFO] Movimiento detenido
2025-05-22 17:40:55,999 [INFO] Movimiento detenido
2025-05-22 17:40:56,111 [INFO] Movimiento detenido
2025-05-22 17:40:56,222 [INFO] Movimiento detenido
2025-05-22 17:40:56,334 [INFO] Movimiento detenido
2025-05-22 17:40:56,446 [INFO] Movimiento detenido
2025-05-22 17:40:56,558 [INFO] Movimiento detenido
2025-05-22 17:40:56,672 [INFO] Movimiento detenido
2025-05-22 17:40:56,786 [INFO] Movimiento detenido
2025-05-22 17:40:56,898 [INFO] Movimiento detenido
2025-05-22 17:40:57,009 [INFO] Movimiento detenido
2025-05-22 17:40:57,121 [INFO] Movimiento detenido
2025-05-22 17:40:57,232 [INFO] Movimiento detenido
2025-05-22 17:40:57,344 [INFO] Movimiento detenido
2025-05-22 17:40:57,455 [INFO] Movimiento detenido
2025-05-22 17:40:57,567 [INFO] Movimiento detenido
2025-05-22 17:40:57,678 [INFO] Movimiento detenido
2025-05-22 17:40:57,790 [INFO] Movimiento detenido
2025-05-22 17:40:57,901 [INFO] Movimiento detenido
2025-05-22 17:40:58,013 [INFO] Movimiento detenido
2025-05-22 17:40:58,124 [INFO] Movimiento detenido
2025-05-22 17:40:58,236 [INFO] Movimiento detenido
2025-05-22 17:40:58,347 [INFO] Movimiento detenido
2025-05-22 17:40:58,459 [INFO] Movimiento detenido
2025-05-22 17:40:58,570 [INFO] Movimiento detenido
2025-05-22 17:40:58,682 [INFO] Movimiento detenido
2025-05-22 17:40:58,793 [INFO] Movimiento detenido
2025-05-22 17:40:58,854 [INFO] Lectura datos climáticos NASA
2025-05-22 17:40:58,858 [INFO] Datos JSON preparados para envío
2025-05-22 17:40:58,905 [INFO] Movimiento detenido
2025-05-22 17:40:59,016 [INFO] Movimiento detenido
2025-05-22 17:40:59,128 [INFO] Movimiento detenido
2025-05-22 17:40:59,239 [INFO] Movimiento detenido
2025-05-22 17:40:59,350 [INFO] Movimiento detenido
2025-05-22 17:40:59,462 [INFO] Movimiento detenido
2025-05-22 17:40:59,573 [INFO] Movimiento detenido
2025-05-22 17:40:59,685 [INFO] Movimiento detenido
2025-05-22 17:40:59,796 [INFO] Movimiento detenido
2025-05-22 17:40:59,907 [INFO] Movimiento detenido
2025-05-22 17:40:59,908 [INFO] Lectura BMP390
2025-05-22 17:41:00,022 [INFO] Movimiento detenido
2025-05-22 17:41:00,090 [INFO] Lectura LTR390
2025-05-22 17:41:00,095 [INFO] Lectura desde ESP32-S3 por serial
2025-05-22 17:41:00,134 [INFO] Movimiento detenido
2025-05-22 17:41:00,247 [INFO] Movimiento detenido
2025-05-22 17:41:00,359 [INFO] Movimiento detenido
2025-05-22 17:41:00,471 [INFO] Movimiento detenido
2025-05-22 17:41:00,583 [INFO] Movimiento detenido
2025-05-22 17:41:00,696 [INFO] Movimiento detenido
2025-05-22 17:41:00,808 [INFO] Movimiento detenido
2025-05-22 17:41:00,922 [INFO] Movimiento detenido
2025-05-22 17:41:01,034 [INFO] Movimiento detenido
2025-05-22 17:41:01,146 [INFO] Movimiento detenido
2025-05-22 17:41:01,258 [INFO] Movimiento detenido
2025-05-22 17:41:01,370 [INFO] Movimiento detenido
2025-05-22 17:41:01,483 [INFO] Movimiento detenido
2025-05-22 17:41:01,596 [INFO] Movimiento detenido
2025-05-22 17:41:01,708 [INFO] Movimiento detenido
2025-05-22 17:41:01,820 [INFO] Movimiento detenido
2025-05-22 17:41:01,932 [INFO] Movimiento detenido
2025-05-22 17:41:02,044 [INFO] Movimiento detenido
2025-05-22 17:41:02,157 [INFO] Movimiento detenido
2025-05-22 17:41:02,269 [INFO] Movimiento detenido
2025-05-22 17:41:02,381 [INFO] Movimiento detenido
2025-05-22 17:41:02,493 [INFO] Movimiento detenido
2025-05-22 17:41:02,606 [INFO] Movimiento detenido
2025-05-22 17:41:02,718 [INFO] Movimiento detenido
2025-05-22 17:41:02,830 [INFO] Movimiento detenido
2025-05-22 17:41:02,945 [INFO] Movimiento detenido
2025-05-22 17:41:03,056 [INFO] Movimiento detenido
2025-05-22 17:41:03,135 [INFO] Lectura datos climáticos NASA
2025-05-22 17:41:03,139 [INFO] Datos JSON preparados para envío
2025-05-22 17:41:03,168 [INFO] Movimiento detenido
2025-05-22 17:41:03,280 [INFO] Movimiento detenido
2025-05-22 17:41:03,392 [INFO] Movimiento detenido
2025-05-22 17:41:03,504 [INFO] Movimiento detenido
2025-05-22 17:41:03,616 [INFO] Movimiento detenido
2025-05-22 17:41:03,728 [INFO] Movimiento detenido
2025-05-22 17:41:03,840 [INFO] Movimiento detenido
2025-05-22 17:41:03,952 [INFO] Movimiento detenido
2025-05-22 17:41:04,064 [INFO] Movimiento detenido
2025-05-22 17:41:04,176 [INFO] Movimiento detenido
2025-05-22 17:41:04,193 [INFO] Lectura BMP390
2025-05-22 17:41:04,290 [INFO] Movimiento detenido
2025-05-22 17:41:04,374 [INFO] Lectura LTR390
2025-05-22 17:41:04,379 [INFO] Lectura desde ESP32-S3 por serial
2025-05-22 17:41:04,401 [INFO] Movimiento detenido
2025-05-22 17:41:04,513 [INFO] Movimiento detenido
2025-05-22 17:41:04,625 [INFO] Movimiento detenido
2025-05-22 17:41:04,755 [INFO] Movimiento detenido
2025-05-22 17:41:04,867 [INFO] Movimiento detenido
2025-05-22 17:41:04,981 [INFO] Movimiento detenido
2025-05-22 17:41:05,094 [INFO] Movimiento detenido
2025-05-22 17:41:05,206 [INFO] Movimiento detenido
2025-05-22 17:41:05,319 [INFO] Movimiento detenido
2025-05-22 17:41:05,431 [INFO] Movimiento detenido
2025-05-22 17:41:05,543 [INFO] Movimiento detenido
2025-05-22 17:41:05,655 [INFO] Movimiento detenido
2025-05-22 17:41:05,766 [INFO] Movimiento detenido
2025-05-22 17:41:05,878 [INFO] Movimiento detenido
2025-05-22 17:41:05,990 [INFO] Movimiento detenido
2025-05-22 17:41:06,102 [INFO] Movimiento detenido
2025-05-22 17:41:06,214 [INFO] Movimiento detenido
2025-05-22 17:41:06,325 [INFO] Movimiento detenido
2025-05-22 17:41:06,437 [INFO] Movimiento detenido
2025-05-22 17:41:06,548 [INFO] Movimiento detenido
2025-05-22 17:41:06,659 [INFO] Movimiento detenido
2025-05-22 17:41:06,776 [INFO] Movimiento detenido
2025-05-22 17:41:06,888 [INFO] Movimiento detenido
2025-05-22 17:41:06,999 [INFO] Movimiento detenido
2025-05-22 17:41:07,110 [INFO] Movimiento detenido
2025-05-22 17:41:07,222 [INFO] Movimiento detenido
2025-05-22 17:41:07,334 [INFO] Movimiento detenido
2025-05-22 17:41:07,446 [INFO] Movimiento detenido
2025-05-22 17:41:07,558 [INFO] Movimiento detenido
2025-05-22 17:41:07,670 [INFO] Movimiento detenido
2025-05-22 17:41:07,782 [INFO] Movimiento detenido
2025-05-22 17:41:07,897 [INFO] Movimiento detenido
2025-05-22 17:41:08,014 [INFO] Lectura datos climáticos NASA
2025-05-22 17:41:08,014 [INFO] Movimiento detenido
2025-05-22 17:41:08,021 [INFO] Datos JSON preparados para envío
2025-05-22 17:41:08,132 [INFO] Movimiento detenido
2025-05-22 17:41:08,245 [INFO] Movimiento detenido
2025-05-22 17:41:08,357 [INFO] Movimiento detenido
2025-05-22 17:41:08,470 [INFO] Movimiento detenido
2025-05-22 17:41:08,583 [INFO] Movimiento detenido
2025-05-22 17:41:08,695 [INFO] Movimiento detenido
2025-05-22 17:41:08,807 [INFO] Movimiento detenido
2025-05-22 17:41:08,920 [INFO] Movimiento detenido
2025-05-22 17:41:09,033 [INFO] Movimiento detenido
2025-05-22 17:41:09,076 [INFO] Lectura BMP390
2025-05-22 17:41:09,149 [INFO] Movimiento detenido
2025-05-22 17:41:09,257 [INFO] Lectura LTR390
2025-05-22 17:41:09,262 [INFO] Movimiento detenido
2025-05-22 17:41:09,267 [INFO] Lectura desde ESP32-S3 por serial
2025-05-22 17:41:09,378 [INFO] Movimiento detenido
2025-05-22 17:41:09,489 [INFO] Movimiento detenido
2025-05-22 17:41:09,601 [INFO] Movimiento detenido
2025-05-22 17:41:09,713 [INFO] Movimiento detenido
2025-05-22 17:41:09,826 [INFO] Movimiento detenido
2025-05-22 17:41:09,939 [INFO] Movimiento detenido
2025-05-22 17:41:10,052 [INFO] Movimiento detenido
2025-05-22 17:41:10,165 [INFO] Movimiento detenido
2025-05-22 17:41:10,278 [INFO] Movimiento detenido
2025-05-22 17:41:10,391 [INFO] Movimiento detenido
2025-05-22 17:41:10,503 [INFO] Movimiento detenido
2025-05-22 17:41:10,615 [INFO] Movimiento detenido
2025-05-22 17:41:10,728 [INFO] Movimiento detenido
2025-05-22 17:41:10,841 [INFO] Movimiento detenido
2025-05-22 17:41:10,953 [INFO] Movimiento detenido
2025-05-22 17:41:11,067 [INFO] Movimiento detenido
2025-05-22 17:41:11,178 [INFO] Movimiento detenido
2025-05-22 17:41:11,291 [INFO] Movimiento detenido
2025-05-22 17:41:11,402 [INFO] Movimiento detenido
2025-05-22 17:41:11,513 [INFO] Movimiento detenido
2025-05-22 17:41:11,625 [INFO] Movimiento detenido
2025-05-22 17:41:11,737 [INFO] Movimiento detenido
2025-05-22 17:41:11,852 [INFO] Movimiento detenido
2025-05-22 17:41:11,963 [INFO] Movimiento detenido
2025-05-22 17:41:12,074 [INFO] Movimiento detenido
2025-05-22 17:41:12,185 [INFO] Movimiento detenido
2025-05-22 17:41:12,297 [INFO] Movimiento detenido
2025-05-22 17:41:12,409 [INFO] Movimiento detenido
2025-05-22 17:41:12,520 [INFO] Movimiento detenido
2025-05-22 17:41:12,633 [INFO] Movimiento detenido
2025-05-22 17:41:12,745 [INFO] Movimiento detenido
2025-05-22 17:41:12,835 [INFO] Lectura datos climáticos NASA
2025-05-22 17:41:12,844 [INFO] Datos JSON preparados para envío
2025-05-22 17:41:12,857 [INFO] Movimiento detenido
2025-05-22 17:41:12,969 [INFO] Movimiento detenido
2025-05-22 17:41:13,081 [INFO] Movimiento detenido
2025-05-22 17:41:13,193 [INFO] Movimiento detenido
2025-05-22 17:41:13,306 [INFO] Movimiento detenido
2025-05-22 17:41:13,417 [INFO] Movimiento detenido
2025-05-22 17:41:13,529 [INFO] Movimiento detenido
2025-05-22 17:41:13,641 [INFO] Movimiento detenido
2025-05-22 17:41:13,753 [INFO] Movimiento detenido
2025-05-22 17:41:13,865 [INFO] Movimiento detenido
2025-05-22 17:41:13,901 [INFO] Lectura BMP390
2025-05-22 17:41:13,980 [INFO] Movimiento detenido
2025-05-22 17:41:14,082 [INFO] Lectura LTR390
2025-05-22 17:41:14,088 [INFO] Lectura desde ESP32-S3 por serial
2025-05-22 17:41:14,093 [INFO] Movimiento detenido
2025-05-22 17:41:14,215 [INFO] Movimiento detenido
2025-05-22 17:41:14,327 [INFO] Movimiento detenido
2025-05-22 17:41:14,439 [INFO] Movimiento detenido
2025-05-22 17:41:14,551 [INFO] Movimiento detenido
2025-05-22 17:41:14,664 [INFO] Movimiento detenido
2025-05-22 17:41:14,776 [INFO] Movimiento detenido
2025-05-22 17:41:14,888 [INFO] Movimiento detenido
2025-05-22 17:41:15,000 [INFO] Movimiento detenido
2025-05-22 17:41:15,113 [INFO] Movimiento detenido
2025-05-22 17:41:15,225 [INFO] Movimiento detenido
2025-05-22 17:41:15,338 [INFO] Movimiento detenido
2025-05-22 17:41:15,450 [INFO] Movimiento detenido
2025-05-22 17:41:15,562 [INFO] Movimiento detenido
2025-05-22 17:41:15,674 [INFO] Movimiento detenido
2025-05-22 17:41:15,786 [INFO] Movimiento detenido
2025-05-22 17:41:15,898 [INFO] Movimiento detenido
2025-05-22 17:41:16,011 [INFO] Movimiento detenido
2025-05-22 17:41:16,123 [INFO] Movimiento detenido
2025-05-22 17:41:16,235 [INFO] Movimiento detenido
2025-05-22 17:41:16,348 [INFO] Movimiento detenido
2025-05-22 17:41:16,461 [INFO] Movimiento detenido
2025-05-22 17:41:16,573 [INFO] Movimiento detenido
2025-05-22 17:41:16,685 [INFO] Movimiento detenido
2025-05-22 17:41:16,798 [INFO] Movimiento detenido
2025-05-22 17:41:16,909 [INFO] Movimiento detenido
2025-05-22 17:41:17,020 [INFO] Movimiento detenido
2025-05-22 17:41:17,131 [INFO] Movimiento detenido
2025-05-22 17:41:17,242 [INFO] Movimiento detenido
2025-05-22 17:41:17,353 [INFO] Movimiento detenido
2025-05-22 17:41:17,464 [INFO] Movimiento detenido
2025-05-22 17:41:17,556 [INFO] Lectura datos climáticos NASA
2025-05-22 17:41:17,559 [INFO] Datos JSON preparados para envío
2025-05-22 17:41:17,575 [INFO] Movimiento detenido
2025-05-22 17:41:17,687 [INFO] Movimiento detenido
2025-05-22 17:41:17,800 [INFO] Movimiento detenido
2025-05-22 17:41:17,914 [INFO] Movimiento detenido
2025-05-22 17:41:18,026 [INFO] Movimiento detenido
2025-05-22 17:41:18,138 [INFO] Movimiento detenido
2025-05-22 17:41:18,250 [INFO] Movimiento detenido
2025-05-22 17:41:18,362 [INFO] Movimiento detenido
2025-05-22 17:41:18,474 [INFO] Movimiento detenido
2025-05-22 17:41:18,586 [INFO] Movimiento detenido
2025-05-22 17:41:18,613 [INFO] Lectura BMP390
2025-05-22 17:41:18,700 [INFO] Movimiento detenido
2025-05-22 17:41:18,794 [INFO] Lectura LTR390
2025-05-22 17:41:18,800 [INFO] Lectura desde ESP32-S3 por serial
2025-05-22 17:41:18,821 [INFO] Movimiento detenido
2025-05-22 17:41:18,934 [INFO] Movimiento detenido
2025-05-22 17:41:19,045 [INFO] Movimiento detenido
2025-05-22 17:41:19,158 [INFO] Movimiento detenido
2025-05-22 17:41:19,270 [INFO] Movimiento detenido
2025-05-22 17:41:19,382 [INFO] Movimiento detenido
2025-05-22 17:41:19,494 [INFO] Movimiento detenido
2025-05-22 17:41:19,606 [INFO] Movimiento detenido
2025-05-22 17:41:19,719 [INFO] Movimiento detenido
2025-05-22 17:41:19,830 [INFO] Movimiento detenido
2025-05-22 17:41:19,942 [INFO] Movimiento detenido
2025-05-22 17:41:20,053 [INFO] Movimiento detenido
2025-05-22 17:41:20,164 [INFO] Movimiento detenido
2025-05-22 17:41:20,275 [INFO] Movimiento detenido
2025-05-22 17:41:20,386 [INFO] Movimiento detenido
2025-05-22 17:41:20,497 [INFO] Movimiento detenido
2025-05-22 17:41:20,609 [INFO] Movimiento detenido
2025-05-22 17:41:20,721 [INFO] Movimiento detenido
2025-05-22 17:41:20,833 [INFO] Movimiento detenido
2025-05-22 17:41:20,945 [INFO] Movimiento detenido
2025-05-22 17:41:21,058 [INFO] Movimiento detenido
2025-05-22 17:41:21,169 [INFO] Movimiento detenido
2025-05-22 17:41:21,282 [INFO] Movimiento detenido
2025-05-22 17:41:21,393 [INFO] Movimiento detenido
2025-05-22 17:41:21,505 [INFO] Movimiento detenido
2025-05-22 17:41:21,617 [INFO] Movimiento detenido
2025-05-22 17:41:21,729 [INFO] Movimiento detenido
2025-05-22 17:41:21,842 [INFO] Movimiento detenido
2025-05-22 17:41:21,954 [INFO] Movimiento detenido
2025-05-22 17:41:22,066 [INFO] Movimiento detenido
2025-05-22 17:41:22,178 [INFO] Movimiento detenido
2025-05-22 17:41:22,290 [INFO] Movimiento detenido
2025-05-22 17:41:22,326 [INFO] Lectura datos climáticos NASA
2025-05-22 17:41:22,327 [INFO] Datos JSON preparados para envío
2025-05-22 17:41:22,401 [INFO] Movimiento detenido
2025-05-22 17:41:22,513 [INFO] Movimiento detenido
2025-05-22 17:41:22,625 [INFO] Movimiento detenido
2025-05-22 17:41:22,737 [INFO] Movimiento detenido
2025-05-22 17:41:22,849 [INFO] Movimiento detenido
2025-05-22 17:41:22,961 [INFO] Movimiento detenido
2025-05-22 17:41:23,073 [INFO] Movimiento detenido
2025-05-22 17:41:23,186 [INFO] Movimiento detenido
2025-05-22 17:41:23,298 [INFO] Movimiento detenido
2025-05-22 17:41:23,380 [INFO] Lectura BMP390
2025-05-22 17:41:23,409 [INFO] Movimiento detenido
2025-05-22 17:41:23,525 [INFO] Movimiento detenido
2025-05-22 17:41:23,569 [INFO] Lectura LTR390
2025-05-22 17:41:23,575 [INFO] Lectura desde ESP32-S3 por serial
2025-05-22 17:41:23,640 [INFO] Movimiento detenido
2025-05-22 17:41:23,753 [INFO] Movimiento detenido
2025-05-22 17:41:23,864 [INFO] Movimiento detenido
2025-05-22 17:41:23,977 [INFO] Movimiento detenido
2025-05-22 17:41:24,089 [INFO] Movimiento detenido
2025-05-22 17:41:24,202 [INFO] Movimiento detenido
2025-05-22 17:41:24,315 [INFO] Movimiento detenido
2025-05-22 17:41:24,428 [INFO] Movimiento detenido
2025-05-22 17:41:24,540 [INFO] Movimiento detenido
2025-05-22 17:41:24,651 [INFO] Movimiento detenido
2025-05-22 17:41:24,762 [INFO] Movimiento detenido
2025-05-22 17:41:24,874 [INFO] Movimiento detenido
2025-05-22 17:41:24,988 [INFO] Movimiento detenido
2025-05-22 17:41:25,100 [INFO] Movimiento detenido
2025-05-22 17:41:25,212 [INFO] Movimiento detenido
2025-05-22 17:41:25,324 [INFO] Movimiento detenido
2025-05-22 17:41:25,435 [INFO] Movimiento detenido
2025-05-22 17:41:25,547 [INFO] Movimiento detenido
2025-05-22 17:41:25,659 [INFO] Movimiento detenido
2025-05-22 17:41:25,771 [INFO] Movimiento detenido
2025-05-22 17:41:25,882 [INFO] Movimiento detenido
2025-05-22 17:41:25,994 [INFO] Movimiento detenido
2025-05-22 17:41:26,106 [INFO] Movimiento detenido
2025-05-22 17:41:26,220 [INFO] Movimiento detenido
2025-05-22 17:41:26,332 [INFO] Movimiento detenido
2025-05-22 17:41:26,444 [INFO] Movimiento detenido
2025-05-22 17:41:26,556 [INFO] Movimiento detenido
2025-05-22 17:41:26,668 [INFO] Movimiento detenido
2025-05-22 17:41:26,781 [INFO] Movimiento detenido
2025-05-22 17:41:26,892 [INFO] Movimiento detenido
2025-05-22 17:41:27,003 [INFO] Movimiento detenido
2025-05-22 17:41:27,114 [INFO] Movimiento detenido
2025-05-22 17:41:27,225 [INFO] Movimiento detenido
2025-05-22 17:41:27,336 [INFO] Movimiento detenido
2025-05-22 17:41:27,447 [INFO] Movimiento detenido
2025-05-22 17:41:27,558 [INFO] Movimiento detenido
2025-05-22 17:41:27,589 [INFO] Lectura datos climáticos NASA
2025-05-22 17:41:27,592 [INFO] Datos JSON preparados para envío
2025-05-22 17:41:27,669 [INFO] Movimiento detenido
2025-05-22 17:41:27,780 [INFO] Movimiento detenido
2025-05-22 17:41:27,895 [INFO] Movimiento detenido
2025-05-22 17:41:28,006 [INFO] Movimiento detenido
2025-05-22 17:41:28,117 [INFO] Movimiento detenido
2025-05-22 17:41:28,228 [INFO] Movimiento detenido
2025-05-22 17:41:28,339 [INFO] Movimiento detenido
2025-05-22 17:41:28,451 [INFO] Movimiento detenido
2025-05-22 17:41:28,563 [INFO] Movimiento detenido
2025-05-22 17:41:28,644 [INFO] Lectura BMP390
2025-05-22 17:41:28,675 [INFO] Movimiento detenido
2025-05-22 17:41:28,792 [INFO] Movimiento detenido
2025-05-22 17:41:28,824 [INFO] Lectura LTR390
2025-05-22 17:41:28,839 [INFO] Lectura desde ESP32-S3 por serial
2025-05-22 17:41:28,904 [INFO] Movimiento detenido
2025-05-22 17:41:29,015 [INFO] Movimiento detenido
2025-05-22 17:41:29,130 [INFO] Movimiento detenido
2025-05-22 17:41:29,243 [INFO] Movimiento detenido
2025-05-22 17:41:29,360 [INFO] Movimiento detenido
2025-05-22 17:41:29,472 [INFO] Movimiento detenido
2025-05-22 17:41:29,584 [INFO] Movimiento detenido
2025-05-22 17:41:29,696 [INFO] Movimiento detenido
2025-05-22 17:41:29,809 [INFO] Movimiento detenido
2025-05-22 17:41:29,921 [INFO] Movimiento detenido
2025-05-22 17:41:30,034 [INFO] Movimiento detenido
2025-05-22 17:41:30,146 [INFO] Movimiento detenido
2025-05-22 17:41:30,258 [INFO] Movimiento detenido
2025-05-22 17:41:30,369 [INFO] Movimiento detenido
2025-05-22 17:41:30,481 [INFO] Movimiento detenido
2025-05-22 17:41:30,594 [INFO] Movimiento detenido
2025-05-22 17:41:30,706 [INFO] Movimiento detenido
2025-05-22 17:41:30,818 [INFO] Movimiento detenido
2025-05-22 17:41:30,931 [INFO] Movimiento detenido
2025-05-22 17:41:31,043 [INFO] Movimiento detenido
2025-05-22 17:41:31,155 [INFO] Movimiento detenido
2025-05-22 17:41:31,267 [INFO] Movimiento detenido
2025-05-22 17:41:31,379 [INFO] Movimiento detenido
2025-05-22 17:41:31,491 [INFO] Movimiento detenido
2025-05-22 17:41:31,603 [INFO] Movimiento detenido
2025-05-22 17:41:31,715 [INFO] Movimiento detenido
2025-05-22 17:41:31,828 [INFO] Movimiento detenido
2025-05-22 17:41:31,939 [INFO] Movimiento detenido
2025-05-22 17:41:32,050 [INFO] Movimiento detenido
2025-05-22 17:41:32,161 [INFO] Movimiento detenido
2025-05-22 17:41:32,272 [INFO] Movimiento detenido
2025-05-22 17:41:32,383 [INFO] Movimiento detenido
2025-05-22 17:41:32,494 [INFO] Movimiento detenido
2025-05-22 17:41:32,606 [INFO] Movimiento detenido
2025-05-22 17:41:32,626 [INFO] Lectura datos climáticos NASA
2025-05-22 17:41:32,629 [INFO] Datos JSON preparados para envío
2025-05-22 17:41:32,718 [INFO] Movimiento detenido
2025-05-22 17:41:32,830 [INFO] Movimiento detenido
2025-05-22 17:41:32,943 [INFO] Movimiento detenido
2025-05-22 17:41:33,055 [INFO] Movimiento detenido
2025-05-22 17:41:33,168 [INFO] Movimiento detenido
2025-05-22 17:41:33,280 [INFO] Movimiento detenido
2025-05-22 17:41:33,392 [INFO] Movimiento detenido
2025-05-22 17:41:33,504 [INFO] Movimiento detenido
2025-05-22 17:41:33,616 [INFO] Movimiento detenido
2025-05-22 17:41:33,682 [INFO] Lectura BMP390
2025-05-22 17:41:33,728 [INFO] Movimiento detenido
2025-05-22 17:41:33,841 [INFO] Movimiento detenido
2025-05-22 17:41:33,864 [INFO] Lectura LTR390
2025-05-22 17:41:33,869 [INFO] Lectura desde ESP32-S3 por serial
2025-05-22 17:41:33,961 [INFO] Movimiento detenido
2025-05-22 17:41:34,074 [INFO] Movimiento detenido
2025-05-22 17:41:34,186 [INFO] Movimiento detenido
2025-05-22 17:41:34,298 [INFO] Movimiento detenido
2025-05-22 17:41:34,409 [INFO] Movimiento detenido
2025-05-22 17:41:34,521 [INFO] Movimiento detenido
2025-05-22 17:41:34,633 [INFO] Movimiento detenido
2025-05-22 17:41:34,745 [INFO] Movimiento detenido
2025-05-22 17:41:34,857 [INFO] Movimiento detenido
2025-05-22 17:41:34,969 [INFO] Movimiento detenido
2025-05-22 17:41:35,081 [INFO] Movimiento detenido
2025-05-22 17:41:35,193 [INFO] Movimiento detenido
2025-05-22 17:41:35,305 [INFO] Movimiento detenido
2025-05-22 17:41:35,417 [INFO] Movimiento detenido
2025-05-22 17:41:35,529 [INFO] Movimiento detenido
2025-05-22 17:41:35,642 [INFO] Movimiento detenido
2025-05-22 17:41:35,756 [INFO] Movimiento detenido
2025-05-22 17:41:35,868 [INFO] Movimiento detenido
2025-05-22 17:41:35,984 [INFO] Movimiento detenido
2025-05-22 17:41:36,096 [INFO] Movimiento detenido
2025-05-22 17:41:36,209 [INFO] Movimiento detenido
2025-05-22 17:41:36,322 [INFO] Movimiento detenido
2025-05-22 17:41:36,434 [INFO] Movimiento detenido
2025-05-22 17:41:36,546 [INFO] Movimiento detenido
2025-05-22 17:41:36,658 [INFO] Movimiento detenido
2025-05-22 17:41:36,771 [INFO] Movimiento detenido
2025-05-22 17:41:36,885 [INFO] Movimiento detenido
2025-05-22 17:41:36,997 [INFO] Movimiento detenido
2025-05-22 17:41:37,109 [INFO] Movimiento detenido
2025-05-22 17:41:37,222 [INFO] Movimiento detenido
2025-05-22 17:41:37,334 [INFO] Movimiento detenido
2025-05-22 17:41:37,446 [INFO] Movimiento detenido
2025-05-22 17:41:37,466 [INFO] Lectura datos climáticos NASA
2025-05-22 17:41:37,470 [INFO] Datos JSON preparados para envío
2025-05-22 17:41:37,558 [INFO] Movimiento detenido
2025-05-22 17:41:37,670 [INFO] Movimiento detenido
2025-05-22 17:41:37,782 [INFO] Movimiento detenido
2025-05-22 17:41:37,896 [INFO] Movimiento detenido
2025-05-22 17:41:38,007 [INFO] Movimiento detenido
2025-05-22 17:41:38,119 [INFO] Movimiento detenido
2025-05-22 17:41:38,231 [INFO] Movimiento detenido
2025-05-22 17:41:38,343 [INFO] Movimiento detenido
2025-05-22 17:41:38,454 [INFO] Movimiento detenido
2025-05-22 17:41:38,521 [INFO] Lectura BMP390
2025-05-22 17:41:38,566 [INFO] Movimiento detenido
2025-05-22 17:41:38,678 [INFO] Movimiento detenido
2025-05-22 17:41:38,699 [INFO] Lectura LTR390
2025-05-22 17:41:38,702 [INFO] Lectura desde ESP32-S3 por serial
2025-05-22 17:41:38,789 [INFO] Movimiento detenido
2025-05-22 17:41:38,900 [INFO] Movimiento detenido
2025-05-22 17:41:39,011 [INFO] Movimiento detenido
2025-05-22 17:41:39,122 [INFO] Movimiento detenido
2025-05-22 17:41:39,233 [INFO] Movimiento detenido
2025-05-22 17:41:39,345 [INFO] Movimiento detenido
2025-05-22 17:41:39,457 [INFO] Movimiento detenido
2025-05-22 17:41:39,569 [INFO] Movimiento detenido
2025-05-22 17:41:39,682 [INFO] Movimiento detenido
2025-05-22 17:41:39,794 [INFO] Movimiento detenido
2025-05-22 17:41:39,907 [INFO] Movimiento detenido
2025-05-22 17:41:40,019 [INFO] Movimiento detenido
2025-05-22 17:41:40,131 [INFO] Movimiento detenido
2025-05-22 17:41:40,243 [INFO] Movimiento detenido
2025-05-22 17:41:40,355 [INFO] Movimiento detenido
2025-05-22 17:41:40,467 [INFO] Movimiento detenido
2025-05-22 17:41:40,579 [INFO] Movimiento detenido
2025-05-22 17:41:40,691 [INFO] Movimiento detenido
2025-05-22 17:41:40,803 [INFO] Movimiento detenido
2025-05-22 17:41:40,915 [INFO] Movimiento detenido
2025-05-22 17:41:41,028 [INFO] Movimiento detenido
2025-05-22 17:41:41,141 [INFO] Movimiento detenido
2025-05-22 17:41:41,253 [INFO] Movimiento detenido
2025-05-22 17:41:41,365 [INFO] Movimiento detenido
2025-05-22 17:41:41,477 [INFO] Movimiento detenido
2025-05-22 17:41:41,590 [INFO] Movimiento detenido
2025-05-22 17:41:41,702 [INFO] Movimiento detenido
2025-05-22 17:41:41,815 [INFO] Movimiento detenido
2025-05-22 17:41:41,927 [INFO] Movimiento detenido
2025-05-22 17:41:42,039 [INFO] Movimiento detenido
2025-05-22 17:41:42,151 [INFO] Movimiento detenido
2025-05-22 17:41:42,262 [INFO] Movimiento detenido
2025-05-22 17:41:42,373 [INFO] Movimiento detenido
2025-05-22 17:41:42,485 [INFO] Movimiento detenido
2025-05-22 17:41:42,552 [INFO] Lectura datos climáticos NASA
2025-05-22 17:41:42,556 [INFO] Datos JSON preparados para envío
2025-05-22 17:41:42,597 [INFO] Movimiento detenido
2025-05-22 17:41:42,709 [INFO] Movimiento detenido
2025-05-22 17:41:42,822 [INFO] Movimiento detenido
2025-05-22 17:41:42,937 [INFO] Movimiento detenido
2025-05-22 17:41:43,050 [INFO] Movimiento detenido
2025-05-22 17:41:43,163 [INFO] Movimiento detenido
2025-05-22 17:41:43,275 [INFO] Movimiento detenido
2025-05-22 17:41:43,387 [INFO] Movimiento detenido
2025-05-22 17:41:43,499 [INFO] Movimiento detenido
2025-05-22 17:41:43,608 [INFO] Lectura BMP390
2025-05-22 17:41:43,611 [INFO] Movimiento detenido
2025-05-22 17:41:43,725 [INFO] Movimiento detenido
2025-05-22 17:41:43,790 [INFO] Lectura LTR390
2025-05-22 17:41:43,796 [INFO] Lectura desde ESP32-S3 por serial
2025-05-22 17:41:43,838 [INFO] Movimiento detenido
2025-05-22 17:41:43,950 [INFO] Movimiento detenido
2025-05-22 17:41:44,062 [INFO] Movimiento detenido
2025-05-22 17:41:44,175 [INFO] Movimiento detenido
2025-05-22 17:41:44,287 [INFO] Movimiento detenido
2025-05-22 17:41:44,399 [INFO] Movimiento detenido
2025-05-22 17:41:44,512 [INFO] Movimiento detenido
2025-05-22 17:41:44,625 [INFO] Movimiento detenido
2025-05-22 17:41:44,737 [INFO] Movimiento detenido
2025-05-22 17:41:44,850 [INFO] Movimiento detenido
2025-05-22 17:41:44,963 [INFO] Movimiento detenido
2025-05-22 17:41:45,075 [INFO] Movimiento detenido
2025-05-22 17:41:45,187 [INFO] Movimiento detenido
2025-05-22 17:41:45,300 [INFO] Movimiento detenido
2025-05-22 17:41:45,412 [INFO] Movimiento detenido
2025-05-22 17:41:45,524 [INFO] Movimiento detenido
2025-05-22 17:41:45,637 [INFO] Movimiento detenido
2025-05-22 17:41:45,749 [INFO] Movimiento detenido
2025-05-22 17:41:45,862 [INFO] Movimiento detenido
2025-05-22 17:41:45,974 [INFO] Movimiento detenido
2025-05-22 17:41:46,086 [INFO] Movimiento detenido
2025-05-22 17:41:46,198 [INFO] Movimiento detenido
2025-05-22 17:41:46,311 [INFO] Movimiento detenido
2025-05-22 17:41:46,424 [INFO] Movimiento detenido
2025-05-22 17:41:46,536 [INFO] Movimiento detenido
2025-05-22 17:41:46,649 [INFO] Movimiento detenido
2025-05-22 17:41:46,762 [INFO] Movimiento detenido
2025-05-22 17:41:46,876 [INFO] Movimiento detenido
2025-05-22 17:41:46,988 [INFO] Movimiento detenido
2025-05-22 17:41:47,101 [INFO] Movimiento detenido
2025-05-22 17:41:47,213 [INFO] Movimiento detenido
2025-05-22 17:41:47,265 [INFO] Lectura datos climáticos NASA
2025-05-22 17:41:47,268 [INFO] Datos JSON preparados para envío
2025-05-22 17:41:47,325 [INFO] Movimiento detenido
2025-05-22 17:41:47,437 [INFO] Movimiento detenido
2025-05-22 17:41:47,549 [INFO] Movimiento detenido
2025-05-22 17:41:47,661 [INFO] Movimiento detenido
2025-05-22 17:41:47,773 [INFO] Movimiento detenido
2025-05-22 17:41:47,886 [INFO] Movimiento detenido
2025-05-22 17:41:47,997 [INFO] Movimiento detenido
2025-05-22 17:41:48,110 [INFO] Movimiento detenido
2025-05-22 17:41:48,222 [INFO] Movimiento detenido
2025-05-22 17:41:48,320 [INFO] Lectura BMP390
2025-05-22 17:41:48,334 [INFO] Movimiento detenido
2025-05-22 17:41:48,446 [INFO] Movimiento detenido
2025-05-22 17:41:48,503 [INFO] Lectura LTR390
2025-05-22 17:41:48,508 [INFO] Lectura desde ESP32-S3 por serial
2025-05-22 17:41:48,560 [INFO] Movimiento detenido
2025-05-22 17:41:48,671 [INFO] Movimiento detenido
2025-05-22 17:41:48,785 [INFO] Movimiento detenido
2025-05-22 17:41:48,898 [INFO] Movimiento detenido
2025-05-22 17:41:49,011 [INFO] Movimiento detenido
2025-05-22 17:41:49,124 [INFO] Movimiento detenido
2025-05-22 17:41:49,236 [INFO] Movimiento detenido
2025-05-22 17:41:49,348 [INFO] Movimiento detenido
2025-05-22 17:41:49,461 [INFO] Movimiento detenido
2025-05-22 17:41:49,573 [INFO] Movimiento detenido
2025-05-22 17:41:49,685 [INFO] Movimiento detenido
2025-05-22 17:41:49,797 [INFO] Movimiento detenido
2025-05-22 17:41:49,910 [INFO] Movimiento detenido
2025-05-22 17:41:50,022 [INFO] Movimiento detenido
2025-05-22 17:41:50,135 [INFO] Movimiento detenido
2025-05-22 17:41:50,247 [INFO] Movimiento detenido
2025-05-22 17:41:50,360 [INFO] Movimiento detenido
2025-05-22 17:41:50,472 [INFO] Movimiento detenido
2025-05-22 17:41:50,585 [INFO] Movimiento detenido
2025-05-22 17:41:50,697 [INFO] Movimiento detenido
2025-05-22 17:41:50,809 [INFO] Movimiento detenido
2025-05-22 17:41:50,922 [INFO] Movimiento detenido
2025-05-22 17:41:51,035 [INFO] Movimiento detenido
2025-05-22 17:41:51,147 [INFO] Movimiento detenido
2025-05-22 17:41:51,259 [INFO] Movimiento detenido
2025-05-22 17:41:51,370 [INFO] Movimiento detenido
2025-05-22 17:41:51,482 [INFO] Movimiento detenido
2025-05-22 17:41:51,594 [INFO] Movimiento detenido
2025-05-22 17:41:51,708 [INFO] Movimiento detenido
2025-05-22 17:41:51,822 [INFO] Movimiento detenido
2025-05-22 17:41:51,935 [INFO] Movimiento detenido
2025-05-22 17:41:52,047 [INFO] Movimiento detenido
2025-05-22 17:41:52,159 [INFO] Movimiento detenido
2025-05-22 17:41:52,271 [INFO] Movimiento detenido
2025-05-22 17:41:52,384 [INFO] Movimiento detenido
2025-05-22 17:41:52,406 [INFO] Lectura datos climáticos NASA
2025-05-22 17:41:52,408 [INFO] Datos JSON preparados para envío
2025-05-22 17:41:52,496 [INFO] Movimiento detenido
2025-05-22 17:41:52,609 [INFO] Movimiento detenido
2025-05-22 17:41:52,721 [INFO] Movimiento detenido
2025-05-22 17:41:52,833 [INFO] Movimiento detenido
2025-05-22 17:41:52,946 [INFO] Movimiento detenido
2025-05-22 17:41:53,059 [INFO] Movimiento detenido
2025-05-22 17:41:53,172 [INFO] Movimiento detenido
2025-05-22 17:41:53,283 [INFO] Movimiento detenido
2025-05-22 17:41:53,395 [INFO] Movimiento detenido
2025-05-22 17:41:53,459 [INFO] Lectura BMP390
2025-05-22 17:41:53,507 [INFO] Movimiento detenido
2025-05-22 17:41:53,621 [INFO] Movimiento detenido
2025-05-22 17:41:53,639 [INFO] Lectura LTR390
2025-05-22 17:41:53,642 [INFO] Lectura desde ESP32-S3 por serial
2025-05-22 17:41:53,733 [INFO] Movimiento detenido
2025-05-22 17:41:53,845 [INFO] Movimiento detenido
2025-05-22 17:41:53,958 [INFO] Movimiento detenido
2025-05-22 17:41:54,070 [INFO] Movimiento detenido
2025-05-22 17:41:54,183 [INFO] Movimiento detenido
2025-05-22 17:41:54,294 [INFO] Movimiento detenido
2025-05-22 17:41:54,406 [INFO] Movimiento detenido
2025-05-22 17:41:54,517 [INFO] Movimiento detenido
2025-05-22 17:41:54,629 [INFO] Movimiento detenido
2025-05-22 17:41:54,742 [INFO] Movimiento detenido
2025-05-22 17:41:54,854 [INFO] Movimiento detenido
2025-05-22 17:41:54,966 [INFO] Movimiento detenido
2025-05-22 17:41:55,078 [INFO] Movimiento detenido
2025-05-22 17:41:55,191 [INFO] Movimiento detenido
2025-05-22 17:41:55,303 [INFO] Movimiento detenido
2025-05-22 17:41:55,415 [INFO] Movimiento detenido
2025-05-22 17:41:55,527 [INFO] Movimiento detenido
2025-05-22 17:41:55,639 [INFO] Movimiento detenido
2025-05-22 17:41:55,752 [INFO] Movimiento detenido
2025-05-22 17:41:55,865 [INFO] Movimiento detenido
2025-05-22 17:41:55,977 [INFO] Movimiento detenido
2025-05-22 17:41:56,089 [INFO] Movimiento detenido
2025-05-22 17:41:56,202 [INFO] Movimiento detenido
2025-05-22 17:41:56,314 [INFO] Movimiento detenido
2025-05-22 17:41:56,425 [INFO] Movimiento detenido
2025-05-22 17:41:56,537 [INFO] Movimiento detenido
2025-05-22 17:41:56,651 [INFO] Movimiento detenido
2025-05-22 17:41:56,768 [INFO] Movimiento detenido
2025-05-22 17:41:56,883 [INFO] Movimiento detenido
2025-05-22 17:41:56,995 [INFO] Movimiento detenido
2025-05-22 17:41:57,107 [INFO] Movimiento detenido
2025-05-22 17:41:57,219 [INFO] Movimiento detenido
2025-05-22 17:41:57,237 [INFO] Lectura datos climáticos NASA
2025-05-22 17:41:57,239 [INFO] Datos JSON preparados para envío
2025-05-22 17:41:57,332 [INFO] Movimiento detenido
2025-05-22 17:41:57,444 [INFO] Movimiento detenido
2025-05-22 17:41:57,556 [INFO] Movimiento detenido
2025-05-22 17:41:57,667 [INFO] Movimiento detenido
2025-05-22 17:41:57,779 [INFO] Movimiento detenido
2025-05-22 17:41:57,890 [INFO] Movimiento detenido
2025-05-22 17:41:58,002 [INFO] Movimiento detenido
2025-05-22 17:41:58,113 [INFO] Movimiento detenido
2025-05-22 17:41:58,226 [INFO] Movimiento detenido
2025-05-22 17:41:58,291 [INFO] Lectura BMP390
2025-05-22 17:41:58,338 [INFO] Movimiento detenido
2025-05-22 17:41:58,450 [INFO] Movimiento detenido
2025-05-22 17:41:58,473 [INFO] Lectura LTR390
2025-05-22 17:41:58,480 [INFO] Lectura desde ESP32-S3 por serial
2025-05-22 17:41:58,572 [INFO] Movimiento detenido
2025-05-22 17:41:58,684 [INFO] Movimiento detenido
2025-05-22 17:41:58,796 [INFO] Movimiento detenido
2025-05-22 17:41:58,908 [INFO] Movimiento detenido
2025-05-22 17:41:59,020 [INFO] Movimiento detenido
2025-05-22 17:41:59,133 [INFO] Movimiento detenido
2025-05-22 17:41:59,245 [INFO] Movimiento detenido
2025-05-22 17:41:59,357 [INFO] Movimiento detenido
2025-05-22 17:41:59,469 [INFO] Movimiento detenido
2025-05-22 17:41:59,580 [INFO] Movimiento detenido
2025-05-22 17:41:59,692 [INFO] Movimiento detenido
2025-05-22 17:41:59,803 [INFO] Movimiento detenido
2025-05-22 17:41:59,914 [INFO] Movimiento detenido
2025-05-22 17:42:00,025 [INFO] Movimiento detenido
2025-05-22 17:42:00,136 [INFO] Movimiento detenido
2025-05-22 17:42:00,247 [INFO] Movimiento detenido
2025-05-22 17:42:00,358 [INFO] Movimiento detenido
2025-05-22 17:42:00,469 [INFO] Movimiento detenido
2025-05-22 17:42:00,581 [INFO] Movimiento detenido
2025-05-22 17:42:00,693 [INFO] Movimiento detenido
2025-05-22 17:42:00,805 [INFO] Movimiento detenido
2025-05-22 17:42:00,918 [INFO] Movimiento detenido
2025-05-22 17:42:01,031 [INFO] Movimiento detenido
2025-05-22 17:42:01,143 [INFO] Movimiento detenido
2025-05-22 17:42:01,256 [INFO] Movimiento detenido
2025-05-22 17:42:01,368 [INFO] Movimiento detenido
2025-05-22 17:42:01,480 [INFO] Movimiento detenido
2025-05-22 17:42:01,592 [INFO] Movimiento detenido
2025-05-22 17:42:01,704 [INFO] Movimiento detenido
2025-05-22 17:42:01,812 [INFO] Lectura datos climáticos NASA
2025-05-22 17:42:01,815 [INFO] Datos JSON preparados para envío
2025-05-22 17:42:01,817 [INFO] Movimiento detenido
2025-05-22 17:42:01,928 [INFO] Movimiento detenido
2025-05-22 17:42:02,039 [INFO] Movimiento detenido
2025-05-22 17:42:02,151 [INFO] Movimiento detenido
2025-05-22 17:42:02,262 [INFO] Movimiento detenido
2025-05-22 17:42:02,373 [INFO] Movimiento detenido
2025-05-22 17:42:02,484 [INFO] Movimiento detenido
2025-05-22 17:42:02,596 [INFO] Movimiento detenido
2025-05-22 17:42:02,708 [INFO] Movimiento detenido
2025-05-22 17:42:02,821 [INFO] Movimiento detenido
2025-05-22 17:42:02,866 [INFO] Lectura BMP390
2025-05-22 17:42:02,939 [INFO] Movimiento detenido
2025-05-22 17:42:03,046 [INFO] Lectura LTR390
2025-05-22 17:42:03,052 [INFO] Movimiento detenido
2025-05-22 17:42:03,054 [INFO] Lectura desde ESP32-S3 por serial
2025-05-22 17:42:03,166 [INFO] Movimiento detenido
2025-05-22 17:42:03,278 [INFO] Movimiento detenido
2025-05-22 17:42:03,390 [INFO] Movimiento detenido
2025-05-22 17:42:03,502 [INFO] Movimiento detenido
2025-05-22 17:42:03,615 [INFO] Movimiento detenido
2025-05-22 17:42:03,728 [INFO] Movimiento detenido
2025-05-22 17:42:03,840 [INFO] Movimiento detenido
2025-05-22 17:42:03,952 [INFO] Movimiento detenido
2025-05-22 17:42:04,064 [INFO] Movimiento detenido
2025-05-22 17:42:04,176 [INFO] Movimiento detenido
2025-05-22 17:42:04,287 [INFO] Movimiento detenido
2025-05-22 17:42:04,398 [INFO] Movimiento detenido
2025-05-22 17:42:04,511 [INFO] Movimiento detenido
2025-05-22 17:42:04,624 [INFO] Movimiento detenido
2025-05-22 17:42:04,736 [INFO] Movimiento detenido
2025-05-22 17:42:04,848 [INFO] Movimiento detenido
2025-05-22 17:42:04,961 [INFO] Movimiento detenido
2025-05-22 17:42:05,074 [INFO] Movimiento detenido
2025-05-22 17:42:05,187 [INFO] Movimiento detenido
2025-05-22 17:42:05,299 [INFO] Movimiento detenido
2025-05-22 17:42:05,411 [INFO] Movimiento detenido
2025-05-22 17:42:05,523 [INFO] Movimiento detenido
2025-05-22 17:42:05,635 [INFO] Movimiento detenido
2025-05-22 17:42:05,747 [INFO] Movimiento detenido
2025-05-22 17:42:05,860 [INFO] Movimiento detenido
2025-05-22 17:42:05,972 [INFO] Movimiento detenido
2025-05-22 17:42:06,084 [INFO] Movimiento detenido
2025-05-22 17:42:06,195 [INFO] Movimiento detenido
2025-05-22 17:42:06,307 [INFO] Movimiento detenido
2025-05-22 17:42:06,420 [INFO] Movimiento detenido
2025-05-22 17:42:06,473 [INFO] Lectura datos climáticos NASA
2025-05-22 17:42:06,477 [INFO] Datos JSON preparados para envío
2025-05-22 17:42:06,531 [INFO] Movimiento detenido
2025-05-22 17:42:06,644 [INFO] Movimiento detenido
2025-05-22 17:42:06,756 [INFO] Movimiento detenido
2025-05-22 17:42:06,871 [INFO] Movimiento detenido
2025-05-22 17:42:06,982 [INFO] Movimiento detenido
2025-05-22 17:42:07,092 [INFO] Movimiento detenido
2025-05-22 17:42:07,203 [INFO] Movimiento detenido
2025-05-22 17:42:07,314 [INFO] Movimiento detenido
2025-05-22 17:42:07,425 [INFO] Movimiento detenido
2025-05-22 17:42:07,531 [INFO] Lectura BMP390
2025-05-22 17:42:07,536 [INFO] Movimiento detenido
2025-05-22 17:42:07,648 [INFO] Movimiento detenido
2025-05-22 17:42:07,713 [INFO] Lectura LTR390
2025-05-22 17:42:07,720 [INFO] Lectura desde ESP32-S3 por serial
2025-05-22 17:42:07,761 [INFO] Movimiento detenido
2025-05-22 17:42:07,873 [INFO] Movimiento detenido
2025-05-22 17:42:07,992 [INFO] Movimiento detenido
2025-05-22 17:42:08,104 [INFO] Movimiento detenido
2025-05-22 17:42:08,216 [INFO] Movimiento detenido
2025-05-22 17:42:08,328 [INFO] Movimiento detenido
2025-05-22 17:42:08,440 [INFO] Movimiento detenido
2025-05-22 17:42:08,551 [INFO] Movimiento detenido
2025-05-22 17:42:08,664 [INFO] Movimiento detenido
2025-05-22 17:42:08,776 [INFO] Movimiento detenido
2025-05-22 17:42:08,888 [INFO] Movimiento detenido
2025-05-22 17:42:09,000 [INFO] Movimiento detenido
2025-05-22 17:42:09,112 [INFO] Movimiento detenido
2025-05-22 17:42:09,224 [INFO] Movimiento detenido
2025-05-22 17:42:09,336 [INFO] Movimiento detenido
2025-05-22 17:42:09,448 [INFO] Movimiento detenido
2025-05-22 17:42:09,561 [INFO] Movimiento detenido
2025-05-22 17:42:09,674 [INFO] Movimiento detenido
2025-05-22 17:42:09,786 [INFO] Movimiento detenido
2025-05-22 17:42:09,899 [INFO] Movimiento detenido
2025-05-22 17:42:10,012 [INFO] Movimiento detenido
2025-05-22 17:42:10,124 [INFO] Movimiento detenido
2025-05-22 17:42:10,237 [INFO] Movimiento detenido
2025-05-22 17:42:10,349 [INFO] Movimiento detenido
2025-05-22 17:42:10,461 [INFO] Movimiento detenido
2025-05-22 17:42:10,572 [INFO] Movimiento detenido
2025-05-22 17:42:10,683 [INFO] Movimiento detenido
2025-05-22 17:42:10,794 [INFO] Movimiento detenido
2025-05-22 17:42:10,905 [INFO] Movimiento detenido
2025-05-22 17:42:11,016 [INFO] Movimiento detenido
2025-05-22 17:42:11,127 [INFO] Movimiento detenido
2025-05-22 17:42:11,238 [INFO] Movimiento detenido
2025-05-22 17:42:11,349 [INFO] Movimiento detenido
2025-05-22 17:42:11,462 [INFO] Movimiento detenido
2025-05-22 17:42:11,574 [INFO] Movimiento detenido
2025-05-22 17:42:11,686 [INFO] Movimiento detenido
2025-05-22 17:42:11,798 [INFO] Movimiento detenido
2025-05-22 17:42:11,846 [INFO] Lectura datos climáticos NASA
2025-05-22 17:42:11,849 [INFO] Datos JSON preparados para envío
2025-05-22 17:42:11,909 [INFO] Movimiento detenido
2025-05-22 17:42:12,021 [INFO] Movimiento detenido
2025-05-22 17:42:12,133 [INFO] Movimiento detenido
2025-05-22 17:42:12,246 [INFO] Movimiento detenido
2025-05-22 17:42:12,357 [INFO] Movimiento detenido
2025-05-22 17:42:12,468 [INFO] Movimiento detenido
2025-05-22 17:42:12,580 [INFO] Movimiento detenido
2025-05-22 17:42:12,693 [INFO] Movimiento detenido
2025-05-22 17:42:12,807 [INFO] Movimiento detenido
2025-05-22 17:42:12,902 [INFO] Lectura BMP390
2025-05-22 17:42:12,920 [INFO] Movimiento detenido
2025-05-22 17:42:13,032 [INFO] Movimiento detenido
2025-05-22 17:42:13,084 [INFO] Lectura LTR390
2025-05-22 17:42:13,092 [INFO] Lectura desde ESP32-S3 por serial
2025-05-22 17:42:13,144 [INFO] Movimiento detenido
2025-05-22 17:42:13,256 [INFO] Movimiento detenido
2025-05-22 17:42:13,368 [INFO] Movimiento detenido
2025-05-22 17:42:13,481 [INFO] Movimiento detenido
2025-05-22 17:42:13,594 [INFO] Movimiento detenido
2025-05-22 17:42:13,708 [INFO] Movimiento detenido
2025-05-22 17:42:13,822 [INFO] Movimiento detenido
2025-05-22 17:42:13,934 [INFO] Movimiento detenido
2025-05-22 17:42:14,047 [INFO] Movimiento detenido
2025-05-22 17:42:14,161 [INFO] Movimiento detenido
2025-05-22 17:42:14,274 [INFO] Movimiento detenido
2025-05-22 17:42:14,386 [INFO] Movimiento detenido
2025-05-22 17:42:14,498 [INFO] Movimiento detenido
2025-05-22 17:42:14,611 [INFO] Movimiento detenido
2025-05-22 17:42:14,724 [INFO] Movimiento detenido
2025-05-22 17:42:14,837 [INFO] Movimiento detenido
2025-05-22 17:42:14,950 [INFO] Movimiento detenido
2025-05-22 17:42:15,063 [INFO] Movimiento detenido
2025-05-22 17:42:15,176 [INFO] Movimiento detenido
2025-05-22 17:42:15,289 [INFO] Movimiento detenido
2025-05-22 17:42:15,402 [INFO] Movimiento detenido
2025-05-22 17:42:15,515 [INFO] Movimiento detenido
2025-05-22 17:42:15,628 [INFO] Movimiento detenido
2025-05-22 17:42:15,741 [INFO] Movimiento detenido
2025-05-22 17:42:15,853 [INFO] Movimiento detenido
2025-05-22 17:42:15,966 [INFO] Movimiento detenido
2025-05-22 17:42:16,079 [INFO] Movimiento detenido
2025-05-22 17:42:16,191 [INFO] Movimiento detenido
2025-05-22 17:42:16,305 [INFO] Movimiento detenido
2025-05-22 17:42:16,417 [INFO] Movimiento detenido
2025-05-22 17:42:16,529 [INFO] Movimiento detenido
2025-05-22 17:42:16,641 [INFO] Movimiento detenido
2025-05-22 17:42:16,702 [INFO] Lectura datos climáticos NASA
2025-05-22 17:42:16,711 [INFO] Datos JSON preparados para envío
2025-05-22 17:42:16,754 [INFO] Movimiento detenido
2025-05-22 17:42:16,868 [INFO] Movimiento detenido
2025-05-22 17:42:16,979 [INFO] Movimiento detenido
2025-05-22 17:42:17,090 [INFO] Movimiento detenido
2025-05-22 17:42:17,201 [INFO] Movimiento detenido
2025-05-22 17:42:17,312 [INFO] Movimiento detenido
2025-05-22 17:42:17,423 [INFO] Movimiento detenido
2025-05-22 17:42:17,535 [INFO] Movimiento detenido
2025-05-22 17:42:17,648 [INFO] Movimiento detenido
2025-05-22 17:42:17,761 [INFO] Movimiento detenido
2025-05-22 17:42:17,770 [INFO] Lectura BMP390
2025-05-22 17:42:17,879 [INFO] Movimiento detenido
2025-05-22 17:42:17,957 [INFO] Lectura LTR390
2025-05-22 17:42:17,963 [INFO] Lectura desde ESP32-S3 por serial
2025-05-22 17:42:17,992 [INFO] Movimiento detenido
2025-05-22 17:42:18,104 [INFO] Movimiento detenido
2025-05-22 17:42:18,215 [INFO] Movimiento detenido
2025-05-22 17:42:18,328 [INFO] Movimiento detenido
2025-05-22 17:42:18,440 [INFO] Movimiento detenido
2025-05-22 17:42:18,552 [INFO] Movimiento detenido
2025-05-22 17:42:18,664 [INFO] Movimiento detenido
2025-05-22 17:42:18,776 [INFO] Movimiento detenido
2025-05-22 17:42:18,889 [INFO] Movimiento detenido
2025-05-22 17:42:19,001 [INFO] Movimiento detenido
2025-05-22 17:42:19,114 [INFO] Movimiento detenido
2025-05-22 17:42:19,226 [INFO] Movimiento detenido
2025-05-22 17:42:19,338 [INFO] Movimiento detenido
2025-05-22 17:42:19,450 [INFO] Movimiento detenido
2025-05-22 17:42:19,563 [INFO] Movimiento detenido
2025-05-22 17:42:19,675 [INFO] Movimiento detenido
2025-05-22 17:42:19,787 [INFO] Movimiento detenido
2025-05-22 17:42:19,899 [INFO] Movimiento detenido
2025-05-22 17:42:20,011 [INFO] Movimiento detenido
2025-05-22 17:42:20,123 [INFO] Movimiento detenido
2025-05-22 17:42:20,236 [INFO] Movimiento detenido
2025-05-22 17:42:20,348 [INFO] Movimiento detenido
2025-05-22 17:42:20,461 [INFO] Movimiento detenido
2025-05-22 17:42:20,574 [INFO] Movimiento detenido
2025-05-22 17:42:20,686 [INFO] Movimiento detenido
2025-05-22 17:42:20,798 [INFO] Movimiento detenido
2025-05-22 17:42:20,912 [INFO] Movimiento detenido
2025-05-22 17:42:21,026 [INFO] Movimiento detenido
2025-05-22 17:42:21,139 [INFO] Movimiento detenido
2025-05-22 17:42:21,253 [INFO] Movimiento detenido
2025-05-22 17:42:21,364 [INFO] Movimiento detenido
2025-05-22 17:42:21,476 [INFO] Movimiento detenido
2025-05-22 17:42:21,590 [INFO] Movimiento detenido
2025-05-22 17:42:21,703 [INFO] Movimiento detenido
2025-05-22 17:42:21,815 [INFO] Movimiento detenido
2025-05-22 17:42:21,927 [INFO] Movimiento detenido
2025-05-22 17:42:21,987 [INFO] Lectura datos climáticos NASA
2025-05-22 17:42:21,989 [INFO] Datos JSON preparados para envío
2025-05-22 17:42:22,039 [INFO] Movimiento detenido
2025-05-22 17:42:22,150 [INFO] Movimiento detenido
2025-05-22 17:42:22,261 [INFO] Movimiento detenido
2025-05-22 17:42:22,372 [INFO] Movimiento detenido
2025-05-22 17:42:22,483 [INFO] Movimiento detenido
2025-05-22 17:42:22,595 [INFO] Movimiento detenido
2025-05-22 17:42:22,708 [INFO] Movimiento detenido
2025-05-22 17:42:22,821 [INFO] Movimiento detenido
2025-05-22 17:42:22,933 [INFO] Movimiento detenido
2025-05-22 17:42:23,042 [INFO] Lectura BMP390
2025-05-22 17:42:23,045 [INFO] Movimiento detenido
2025-05-22 17:42:23,158 [INFO] Movimiento detenido
2025-05-22 17:42:23,226 [INFO] Lectura LTR390
2025-05-22 17:42:23,235 [INFO] Lectura desde ESP32-S3 por serial
2025-05-22 17:42:23,271 [INFO] Movimiento detenido
2025-05-22 17:42:23,383 [INFO] Movimiento detenido
2025-05-22 17:42:23,494 [INFO] Movimiento detenido
2025-05-22 17:42:23,606 [INFO] Movimiento detenido
2025-05-22 17:42:23,718 [INFO] Movimiento detenido
2025-05-22 17:42:23,830 [INFO] Movimiento detenido
2025-05-22 17:42:23,942 [INFO] Movimiento detenido
2025-05-22 17:42:24,055 [INFO] Movimiento detenido
2025-05-22 17:42:24,167 [INFO] Movimiento detenido
2025-05-22 17:42:24,279 [INFO] Movimiento detenido
2025-05-22 17:42:24,391 [INFO] Movimiento detenido
2025-05-22 17:42:24,503 [INFO] Movimiento detenido
2025-05-22 17:42:24,615 [INFO] Movimiento detenido
2025-05-22 17:42:24,727 [INFO] Movimiento detenido
2025-05-22 17:42:24,839 [INFO] Movimiento detenido
2025-05-22 17:42:24,952 [INFO] Movimiento detenido
2025-05-22 17:42:25,064 [INFO] Movimiento detenido
2025-05-22 17:42:25,176 [INFO] Movimiento detenido
2025-05-22 17:42:25,289 [INFO] Movimiento detenido
2025-05-22 17:42:25,402 [INFO] Movimiento detenido
2025-05-22 17:42:25,513 [INFO] Movimiento detenido
2025-05-22 17:42:25,626 [INFO] Movimiento detenido
2025-05-22 17:42:25,738 [INFO] Movimiento detenido
2025-05-22 17:42:25,851 [INFO] Movimiento detenido
2025-05-22 17:42:25,964 [INFO] Movimiento detenido
2025-05-22 17:42:26,076 [INFO] Movimiento detenido
2025-05-22 17:42:26,188 [INFO] Movimiento detenido
2025-05-22 17:42:26,300 [INFO] Movimiento detenido
2025-05-22 17:42:26,390 [INFO] Lectura datos climáticos NASA
2025-05-22 17:42:26,392 [INFO] Datos JSON preparados para envío
2025-05-22 17:42:26,413 [INFO] Movimiento detenido
2025-05-22 17:42:26,525 [INFO] Movimiento detenido
2025-05-22 17:42:26,637 [INFO] Movimiento detenido
2025-05-22 17:42:26,752 [INFO] Movimiento detenido
2025-05-22 17:42:26,866 [INFO] Movimiento detenido
2025-05-22 17:42:26,978 [INFO] Movimiento detenido
2025-05-22 17:42:27,090 [INFO] Movimiento detenido
2025-05-22 17:42:27,203 [INFO] Movimiento detenido
2025-05-22 17:42:27,315 [INFO] Movimiento detenido
2025-05-22 17:42:27,428 [INFO] Movimiento detenido
2025-05-22 17:42:27,445 [INFO] Lectura BMP390
2025-05-22 17:42:27,542 [INFO] Movimiento detenido
2025-05-22 17:42:27,624 [INFO] Lectura LTR390
2025-05-22 17:42:27,627 [INFO] Lectura desde ESP32-S3 por serial
2025-05-22 17:42:27,655 [INFO] Movimiento detenido
2025-05-22 17:42:27,768 [INFO] Movimiento detenido
2025-05-22 17:42:27,881 [INFO] Movimiento detenido
2025-05-22 17:42:27,993 [INFO] Movimiento detenido
2025-05-22 17:42:28,106 [INFO] Movimiento detenido
2025-05-22 17:42:28,218 [INFO] Movimiento detenido
2025-05-22 17:42:28,331 [INFO] Movimiento detenido
2025-05-22 17:42:28,443 [INFO] Movimiento detenido
2025-05-22 17:42:28,556 [INFO] Movimiento detenido
2025-05-22 17:42:28,668 [INFO] Movimiento detenido
2025-05-22 17:42:28,781 [INFO] Movimiento detenido
2025-05-22 17:42:28,893 [INFO] Movimiento detenido
2025-05-22 17:42:29,006 [INFO] Movimiento detenido
2025-05-22 17:42:29,118 [INFO] Movimiento detenido
2025-05-22 17:42:29,230 [INFO] Movimiento detenido
2025-05-22 17:42:29,342 [INFO] Movimiento detenido
2025-05-22 17:42:29,453 [INFO] Movimiento detenido
2025-05-22 17:42:29,564 [INFO] Movimiento detenido
2025-05-22 17:42:29,675 [INFO] Movimiento detenido
2025-05-22 17:42:29,786 [INFO] Movimiento detenido
2025-05-22 17:42:29,897 [INFO] Movimiento detenido
2025-05-22 17:42:30,008 [INFO] Movimiento detenido
2025-05-22 17:42:30,119 [INFO] Movimiento detenido
2025-05-22 17:42:30,230 [INFO] Movimiento detenido
2025-05-22 17:42:30,341 [INFO] Movimiento detenido
2025-05-22 17:42:30,454 [INFO] Movimiento detenido
2025-05-22 17:42:30,565 [INFO] Movimiento detenido
2025-05-22 17:42:30,678 [INFO] Movimiento detenido
2025-05-22 17:42:30,791 [INFO] Movimiento detenido
2025-05-22 17:42:30,903 [INFO] Movimiento detenido
2025-05-22 17:42:31,015 [INFO] Movimiento detenido
2025-05-22 17:42:31,128 [INFO] Movimiento detenido
2025-05-22 17:42:31,240 [INFO] Movimiento detenido
2025-05-22 17:42:31,352 [INFO] Movimiento detenido
2025-05-22 17:42:31,465 [INFO] Movimiento detenido
2025-05-22 17:42:31,493 [INFO] Lectura datos climáticos NASA
2025-05-22 17:42:31,496 [INFO] Datos JSON preparados para envío
2025-05-22 17:42:31,575 [INFO] Movimiento detenido
2025-05-22 17:42:31,687 [INFO] Movimiento detenido
2025-05-22 17:42:31,799 [INFO] Movimiento detenido
2025-05-22 17:42:31,910 [INFO] Movimiento detenido
2025-05-22 17:42:32,022 [INFO] Movimiento detenido
2025-05-22 17:42:32,133 [INFO] Movimiento detenido
2025-05-22 17:42:32,244 [INFO] Movimiento detenido
2025-05-22 17:42:32,357 [INFO] Movimiento detenido
2025-05-22 17:42:32,469 [INFO] Movimiento detenido
2025-05-22 17:42:32,549 [INFO] Lectura BMP390
2025-05-22 17:42:32,582 [INFO] Movimiento detenido
2025-05-22 17:42:32,700 [INFO] Movimiento detenido
2025-05-22 17:42:32,737 [INFO] Lectura LTR390
2025-05-22 17:42:32,748 [INFO] Lectura desde ESP32-S3 por serial
2025-05-22 17:42:32,812 [INFO] Movimiento detenido
2025-05-22 17:42:32,924 [INFO] Movimiento detenido
2025-05-22 17:42:33,037 [INFO] Movimiento detenido
2025-05-22 17:42:33,149 [INFO] Movimiento detenido
2025-05-22 17:42:33,261 [INFO] Movimiento detenido
2025-05-22 17:42:33,374 [INFO] Movimiento detenido
2025-05-22 17:42:33,486 [INFO] Movimiento detenido
2025-05-22 17:42:33,597 [INFO] Movimiento detenido
2025-05-22 17:42:33,710 [INFO] Movimiento detenido
2025-05-22 17:42:33,822 [INFO] Movimiento detenido
2025-05-22 17:42:33,934 [INFO] Movimiento detenido
2025-05-22 17:42:34,046 [INFO] Movimiento detenido
2025-05-22 17:42:34,158 [INFO] Movimiento detenido
2025-05-22 17:42:34,270 [INFO] Movimiento detenido
2025-05-22 17:42:34,382 [INFO] Movimiento detenido
2025-05-22 17:42:34,494 [INFO] Movimiento detenido
2025-05-22 17:42:34,606 [INFO] Movimiento detenido
2025-05-22 17:42:34,718 [INFO] Movimiento detenido
2025-05-22 17:42:34,830 [INFO] Movimiento detenido
2025-05-22 17:42:34,943 [INFO] Movimiento detenido
2025-05-22 17:42:35,055 [INFO] Movimiento detenido
2025-05-22 17:42:35,167 [INFO] Movimiento detenido
2025-05-22 17:42:35,280 [INFO] Movimiento detenido
2025-05-22 17:42:35,393 [INFO] Movimiento detenido
2025-05-22 17:42:35,505 [INFO] Movimiento detenido
2025-05-22 17:42:35,617 [INFO] Movimiento detenido
2025-05-22 17:42:35,729 [INFO] Movimiento detenido
2025-05-22 17:42:35,842 [INFO] Movimiento detenido
2025-05-22 17:42:35,954 [INFO] Movimiento detenido
2025-05-22 17:42:36,006 [INFO] Lectura datos climáticos NASA
2025-05-22 17:42:36,010 [INFO] Datos JSON preparados para envío
2025-05-22 17:42:36,066 [INFO] Movimiento detenido
2025-05-22 17:42:36,178 [INFO] Movimiento detenido
2025-05-22 17:42:36,291 [INFO] Movimiento detenido
2025-05-22 17:42:36,403 [INFO] Movimiento detenido
2025-05-22 17:42:36,515 [INFO] Movimiento detenido
2025-05-22 17:42:36,628 [INFO] Movimiento detenido
2025-05-22 17:42:36,740 [INFO] Movimiento detenido
2025-05-22 17:42:36,853 [INFO] Movimiento detenido
2025-05-22 17:42:36,965 [INFO] Movimiento detenido
2025-05-22 17:42:37,063 [INFO] Lectura BMP390
2025-05-22 17:42:37,078 [INFO] Movimiento detenido
2025-05-22 17:42:37,192 [INFO] Movimiento detenido
2025-05-22 17:42:37,244 [INFO] Lectura LTR390
2025-05-22 17:42:37,249 [INFO] Lectura desde ESP32-S3 por serial
2025-05-22 17:42:37,305 [INFO] Movimiento detenido
2025-05-22 17:42:37,417 [INFO] Movimiento detenido
2025-05-22 17:42:37,529 [INFO] Movimiento detenido
2025-05-22 17:42:37,642 [INFO] Movimiento detenido
2025-05-22 17:42:37,755 [INFO] Movimiento detenido
2025-05-22 17:42:37,868 [INFO] Movimiento detenido
2025-05-22 17:42:37,979 [INFO] Movimiento detenido
2025-05-22 17:42:38,092 [INFO] Movimiento detenido
2025-05-22 17:42:38,204 [INFO] Movimiento detenido
2025-05-22 17:42:38,317 [INFO] Movimiento detenido
2025-05-22 17:42:38,429 [INFO] Movimiento detenido
2025-05-22 17:42:38,541 [INFO] Movimiento detenido
2025-05-22 17:42:38,654 [INFO] Movimiento detenido
2025-05-22 17:42:38,766 [INFO] Movimiento detenido
2025-05-22 17:42:38,878 [INFO] Movimiento detenido
2025-05-22 17:42:38,990 [INFO] Movimiento detenido
2025-05-22 17:42:39,103 [INFO] Movimiento detenido
2025-05-22 17:42:39,215 [INFO] Movimiento detenido
2025-05-22 17:42:39,327 [INFO] Movimiento detenido
2025-05-22 17:42:39,439 [INFO] Movimiento detenido
2025-05-22 17:42:39,551 [INFO] Movimiento detenido
2025-05-22 17:42:39,663 [INFO] Movimiento detenido
2025-05-22 17:42:39,775 [INFO] Movimiento detenido
2025-05-22 17:42:39,887 [INFO] Movimiento detenido
2025-05-22 17:42:39,999 [INFO] Movimiento detenido
2025-05-22 17:42:40,111 [INFO] Movimiento detenido
2025-05-22 17:42:40,224 [INFO] Movimiento detenido
2025-05-22 17:42:40,336 [INFO] Movimiento detenido
2025-05-22 17:42:40,448 [INFO] Movimiento detenido
2025-05-22 17:42:40,540 [INFO] Lectura datos climáticos NASA
2025-05-22 17:42:40,544 [INFO] Datos JSON preparados para envío
2025-05-22 17:42:40,560 [INFO] Movimiento detenido
2025-05-22 17:42:40,672 [INFO] Movimiento detenido
2025-05-22 17:42:40,784 [INFO] Movimiento detenido
2025-05-22 17:42:40,897 [INFO] Movimiento detenido
2025-05-22 17:42:41,010 [INFO] Movimiento detenido
2025-05-22 17:42:41,123 [INFO] Movimiento detenido
2025-05-22 17:42:41,236 [INFO] Movimiento detenido
2025-05-22 17:42:41,348 [INFO] Movimiento detenido
2025-05-22 17:42:41,460 [INFO] Movimiento detenido
2025-05-22 17:42:41,572 [INFO] Movimiento detenido
2025-05-22 17:42:41,596 [INFO] Lectura BMP390
2025-05-22 17:42:41,687 [INFO] Movimiento detenido
2025-05-22 17:42:41,782 [INFO] Lectura LTR390
2025-05-22 17:42:41,785 [INFO] Lectura desde ESP32-S3 por serial
2025-05-22 17:42:41,800 [INFO] Movimiento detenido
2025-05-22 17:42:41,912 [INFO] Movimiento detenido
2025-05-22 17:42:42,023 [INFO] Movimiento detenido
2025-05-22 17:42:42,134 [INFO] Movimiento detenido
2025-05-22 17:42:42,245 [INFO] Movimiento detenido
2025-05-22 17:42:42,357 [INFO] Movimiento detenido
2025-05-22 17:42:42,469 [INFO] Movimiento detenido
2025-05-22 17:42:42,582 [INFO] Movimiento detenido
2025-05-22 17:42:42,696 [INFO] Movimiento detenido
2025-05-22 17:42:42,810 [INFO] Movimiento detenido
2025-05-22 17:42:42,926 [INFO] Movimiento detenido
2025-05-22 17:42:43,037 [INFO] Movimiento detenido
2025-05-22 17:42:43,149 [INFO] Movimiento detenido
2025-05-22 17:42:43,260 [INFO] Movimiento detenido
2025-05-22 17:42:43,371 [INFO] Movimiento detenido
2025-05-22 17:42:43,482 [INFO] Movimiento detenido
2025-05-22 17:42:43,593 [INFO] Movimiento detenido
2025-05-22 17:42:43,704 [INFO] Movimiento detenido
2025-05-22 17:42:43,816 [INFO] Movimiento detenido
2025-05-22 17:42:43,928 [INFO] Movimiento detenido
2025-05-22 17:42:44,040 [INFO] Movimiento detenido
2025-05-22 17:42:44,152 [INFO] Movimiento detenido
2025-05-22 17:42:44,264 [INFO] Movimiento detenido
2025-05-22 17:42:44,376 [INFO] Movimiento detenido
2025-05-22 17:42:44,488 [INFO] Movimiento detenido
2025-05-22 17:42:44,600 [INFO] Movimiento detenido
2025-05-22 17:42:44,713 [INFO] Movimiento detenido
2025-05-22 17:42:44,825 [INFO] Movimiento detenido
2025-05-22 17:42:44,937 [INFO] Movimiento detenido
2025-05-22 17:42:45,049 [INFO] Movimiento detenido
2025-05-22 17:42:45,103 [INFO] Lectura datos climáticos NASA
2025-05-22 17:42:45,107 [INFO] Datos JSON preparados para envío
2025-05-22 17:42:45,161 [INFO] Movimiento detenido
2025-05-22 17:42:45,273 [INFO] Movimiento detenido
2025-05-22 17:42:45,385 [INFO] Movimiento detenido
2025-05-22 17:42:45,497 [INFO] Movimiento detenido
2025-05-22 17:42:45,609 [INFO] Movimiento detenido
2025-05-22 17:42:45,722 [INFO] Movimiento detenido
2025-05-22 17:42:45,835 [INFO] Movimiento detenido
2025-05-22 17:42:45,948 [INFO] Movimiento detenido
2025-05-22 17:42:46,060 [INFO] Movimiento detenido
2025-05-22 17:42:46,160 [INFO] Lectura BMP390
2025-05-22 17:42:46,172 [INFO] Movimiento detenido
2025-05-22 17:42:46,284 [INFO] Movimiento detenido
2025-05-22 17:42:46,341 [INFO] Lectura LTR390
2025-05-22 17:42:46,347 [INFO] Lectura desde ESP32-S3 por serial
2025-05-22 17:42:46,397 [INFO] Movimiento detenido
2025-05-22 17:42:46,508 [INFO] Movimiento detenido
2025-05-22 17:42:46,620 [INFO] Movimiento detenido
2025-05-22 17:42:46,733 [INFO] Movimiento detenido
2025-05-22 17:42:46,846 [INFO] Movimiento detenido
2025-05-22 17:42:46,958 [INFO] Movimiento detenido
2025-05-22 17:42:47,071 [INFO] Movimiento detenido
2025-05-22 17:42:47,182 [INFO] Movimiento detenido
2025-05-22 17:42:47,293 [INFO] Movimiento detenido
2025-05-22 17:42:47,405 [INFO] Movimiento detenido
2025-05-22 17:42:47,516 [INFO] Movimiento detenido
2025-05-22 17:42:47,629 [INFO] Movimiento detenido
2025-05-22 17:42:47,741 [INFO] Movimiento detenido
2025-05-22 17:42:47,853 [INFO] Movimiento detenido
2025-05-22 17:42:47,965 [INFO] Movimiento detenido
2025-05-22 17:42:48,077 [INFO] Movimiento detenido
2025-05-22 17:42:48,190 [INFO] Movimiento detenido
2025-05-22 17:42:48,302 [INFO] Movimiento detenido
2025-05-22 17:42:48,414 [INFO] Movimiento detenido
2025-05-22 17:42:48,526 [INFO] Movimiento detenido
2025-05-22 17:42:48,638 [INFO] Movimiento detenido
2025-05-22 17:42:48,752 [INFO] Movimiento detenido
2025-05-22 17:42:48,864 [INFO] Movimiento detenido
2025-05-22 17:42:48,977 [INFO] Movimiento detenido
2025-05-22 17:42:49,090 [INFO] Movimiento detenido
2025-05-22 17:42:49,203 [INFO] Movimiento detenido
2025-05-22 17:42:49,315 [INFO] Movimiento detenido
2025-05-22 17:42:49,427 [INFO] Movimiento detenido
2025-05-22 17:42:49,539 [INFO] Movimiento detenido
2025-05-22 17:42:49,601 [INFO] Lectura datos climáticos NASA
2025-05-22 17:42:49,604 [INFO] Datos JSON preparados para envío
2025-05-22 17:42:49,651 [INFO] Movimiento detenido
2025-05-22 17:42:49,764 [INFO] Movimiento detenido
2025-05-22 17:42:49,877 [INFO] Movimiento detenido
2025-05-22 17:42:49,989 [INFO] Movimiento detenido
2025-05-22 17:42:50,101 [INFO] Movimiento detenido
2025-05-22 17:42:50,214 [INFO] Movimiento detenido
2025-05-22 17:42:50,327 [INFO] Movimiento detenido
2025-05-22 17:42:50,439 [INFO] Movimiento detenido
2025-05-22 17:42:50,551 [INFO] Movimiento detenido
2025-05-22 17:42:50,657 [INFO] Lectura BMP390
2025-05-22 17:42:50,664 [INFO] Movimiento detenido
2025-05-22 17:42:50,776 [INFO] Movimiento detenido
2025-05-22 17:42:50,840 [INFO] Lectura LTR390
2025-05-22 17:42:50,845 [INFO] Lectura desde ESP32-S3 por serial
2025-05-22 17:42:50,888 [INFO] Movimiento detenido
2025-05-22 17:42:51,000 [INFO] Movimiento detenido
2025-05-22 17:42:51,112 [INFO] Movimiento detenido
2025-05-22 17:42:51,224 [INFO] Movimiento detenido
2025-05-22 17:42:51,338 [INFO] Movimiento detenido
2025-05-22 17:42:51,450 [INFO] Movimiento detenido
2025-05-22 17:42:51,562 [INFO] Movimiento detenido
2025-05-22 17:42:51,673 [INFO] Movimiento detenido
2025-05-22 17:42:51,785 [INFO] Movimiento detenido
2025-05-22 17:42:51,897 [INFO] Movimiento detenido
2025-05-22 17:42:52,009 [INFO] Movimiento detenido
2025-05-22 17:42:52,121 [INFO] Movimiento detenido
2025-05-22 17:42:52,233 [INFO] Movimiento detenido
2025-05-22 17:42:52,345 [INFO] Movimiento detenido
2025-05-22 17:42:52,457 [INFO] Movimiento detenido
2025-05-22 17:42:52,569 [INFO] Movimiento detenido
2025-05-22 17:42:52,682 [INFO] Movimiento detenido
2025-05-22 17:42:52,794 [INFO] Movimiento detenido
2025-05-22 17:42:52,905 [INFO] Movimiento detenido
2025-05-22 17:42:53,017 [INFO] Movimiento detenido
2025-05-22 17:42:53,129 [INFO] Movimiento detenido
2025-05-22 17:42:53,241 [INFO] Movimiento detenido
2025-05-22 17:42:53,353 [INFO] Movimiento detenido
2025-05-22 17:42:53,465 [INFO] Movimiento detenido
2025-05-22 17:42:53,577 [INFO] Movimiento detenido
2025-05-22 17:42:53,689 [INFO] Movimiento detenido
2025-05-22 17:42:53,801 [INFO] Movimiento detenido
2025-05-22 17:42:53,913 [INFO] Movimiento detenido
2025-05-22 17:42:54,025 [INFO] Movimiento detenido
2025-05-22 17:42:54,137 [INFO] Movimiento detenido
2025-05-22 17:42:54,180 [INFO] Lectura datos climáticos NASA
2025-05-22 17:42:54,185 [INFO] Datos JSON preparados para envío
2025-05-22 17:42:54,249 [INFO] Movimiento detenido
2025-05-22 17:42:54,361 [INFO] Movimiento detenido
2025-05-22 17:42:54,473 [INFO] Movimiento detenido
2025-05-22 17:42:54,585 [INFO] Movimiento detenido
2025-05-22 17:42:54,697 [INFO] Movimiento detenido
2025-05-22 17:42:54,810 [INFO] Movimiento detenido
2025-05-22 17:42:54,922 [INFO] Movimiento detenido
2025-05-22 17:42:55,035 [INFO] Movimiento detenido
2025-05-22 17:42:55,147 [INFO] Movimiento detenido
2025-05-22 17:42:55,238 [INFO] Lectura BMP390
2025-05-22 17:42:55,259 [INFO] Movimiento detenido
2025-05-22 17:42:55,371 [INFO] Movimiento detenido
2025-05-22 17:42:55,422 [INFO] Lectura LTR390
2025-05-22 17:42:55,428 [INFO] Lectura desde ESP32-S3 por serial
2025-05-22 17:42:55,485 [INFO] Movimiento detenido
2025-05-22 17:42:55,596 [INFO] Movimiento detenido
2025-05-22 17:42:55,708 [INFO] Movimiento detenido
2025-05-22 17:42:55,820 [INFO] Movimiento detenido
2025-05-22 17:42:55,932 [INFO] Movimiento detenido
2025-05-22 17:42:56,044 [INFO] Movimiento detenido
2025-05-22 17:42:56,156 [INFO] Movimiento detenido
2025-05-22 17:42:56,268 [INFO] Movimiento detenido
2025-05-22 17:42:56,380 [INFO] Movimiento detenido
2025-05-22 17:42:56,492 [INFO] Movimiento detenido
2025-05-22 17:42:56,604 [INFO] Movimiento detenido
2025-05-22 17:42:56,716 [INFO] Movimiento detenido
2025-05-22 17:42:56,830 [INFO] Movimiento detenido
2025-05-22 17:42:56,941 [INFO] Movimiento detenido
2025-05-22 17:42:57,052 [INFO] Movimiento detenido
2025-05-22 17:42:57,164 [INFO] Movimiento detenido
2025-05-22 17:42:57,276 [INFO] Movimiento detenido
2025-05-22 17:42:57,387 [INFO] Movimiento detenido
2025-05-22 17:42:57,498 [INFO] Movimiento detenido
2025-05-22 17:42:57,609 [INFO] Movimiento detenido
2025-05-22 17:42:57,720 [INFO] Movimiento detenido
2025-05-22 17:42:57,832 [INFO] Movimiento detenido
2025-05-22 17:42:57,943 [INFO] Movimiento detenido
2025-05-22 17:42:58,054 [INFO] Movimiento detenido
2025-05-22 17:42:58,165 [INFO] Movimiento detenido
2025-05-22 17:42:58,276 [INFO] Movimiento detenido
2025-05-22 17:42:58,388 [INFO] Movimiento detenido
2025-05-22 17:42:58,499 [INFO] Movimiento detenido
2025-05-22 17:42:58,610 [INFO] Movimiento detenido
2025-05-22 17:42:58,721 [INFO] Movimiento detenido
2025-05-22 17:42:58,832 [INFO] Movimiento detenido
2025-05-22 17:42:58,897 [INFO] Lectura datos climáticos NASA
2025-05-22 17:42:58,899 [INFO] Datos JSON preparados para envío
2025-05-22 17:42:58,943 [INFO] Movimiento detenido
2025-05-22 17:42:59,055 [INFO] Movimiento detenido
2025-05-22 17:42:59,166 [INFO] Movimiento detenido
2025-05-22 17:42:59,277 [INFO] Movimiento detenido
2025-05-22 17:42:59,389 [INFO] Movimiento detenido
2025-05-22 17:42:59,501 [INFO] Movimiento detenido
2025-05-22 17:42:59,614 [INFO] Movimiento detenido
2025-05-22 17:42:59,726 [INFO] Movimiento detenido
2025-05-22 17:42:59,838 [INFO] Movimiento detenido
2025-05-22 17:42:59,951 [INFO] Movimiento detenido
2025-05-22 17:42:59,952 [INFO] Lectura BMP390
2025-05-22 17:43:00,067 [INFO] Movimiento detenido
2025-05-22 17:43:00,137 [INFO] Lectura LTR390
2025-05-22 17:43:00,144 [INFO] Lectura desde ESP32-S3 por serial
2025-05-22 17:43:00,180 [INFO] Movimiento detenido
2025-05-22 17:43:00,292 [INFO] Movimiento detenido
2025-05-22 17:43:00,404 [INFO] Movimiento detenido
2025-05-22 17:43:00,516 [INFO] Movimiento detenido
2025-05-22 17:43:00,628 [INFO] Movimiento detenido
2025-05-22 17:43:00,740 [INFO] Movimiento detenido
2025-05-22 17:43:00,851 [INFO] Movimiento detenido
2025-05-22 17:43:00,962 [INFO] Movimiento detenido
2025-05-22 17:43:01,073 [INFO] Movimiento detenido
2025-05-22 17:43:01,184 [INFO] Movimiento detenido
2025-05-22 17:43:01,295 [INFO] Movimiento detenido
2025-05-22 17:43:01,406 [INFO] Movimiento detenido
2025-05-22 17:43:01,518 [INFO] Movimiento detenido
2025-05-22 17:43:01,629 [INFO] Movimiento detenido
2025-05-22 17:43:01,742 [INFO] Movimiento detenido
2025-05-22 17:43:01,854 [INFO] Movimiento detenido
2025-05-22 17:43:01,966 [INFO] Movimiento detenido
2025-05-22 17:43:02,077 [INFO] Movimiento detenido
2025-05-22 17:43:02,188 [INFO] Movimiento detenido
2025-05-22 17:43:02,300 [INFO] Movimiento detenido
2025-05-22 17:43:02,411 [INFO] Movimiento detenido
2025-05-22 17:43:02,522 [INFO] Movimiento detenido
2025-05-22 17:43:02,635 [INFO] Movimiento detenido
2025-05-22 17:43:02,747 [INFO] Movimiento detenido
2025-05-22 17:43:02,859 [INFO] Movimiento detenido
2025-05-22 17:43:02,971 [INFO] Movimiento detenido
2025-05-22 17:43:03,084 [INFO] Movimiento detenido
2025-05-22 17:43:03,196 [INFO] Movimiento detenido
2025-05-22 17:43:03,310 [INFO] Movimiento detenido
2025-05-22 17:43:03,422 [INFO] Movimiento detenido
2025-05-22 17:43:03,490 [INFO] Lectura datos climáticos NASA
2025-05-22 17:43:03,495 [INFO] Datos JSON preparados para envío
2025-05-22 17:43:03,534 [INFO] Movimiento detenido
2025-05-22 17:43:03,646 [INFO] Movimiento detenido
2025-05-22 17:43:03,757 [INFO] Movimiento detenido
2025-05-22 17:43:03,868 [INFO] Movimiento detenido
2025-05-22 17:43:03,979 [INFO] Movimiento detenido
2025-05-22 17:43:04,091 [INFO] Movimiento detenido
2025-05-22 17:43:04,202 [INFO] Movimiento detenido
2025-05-22 17:43:04,314 [INFO] Movimiento detenido
2025-05-22 17:43:04,426 [INFO] Movimiento detenido
2025-05-22 17:43:04,538 [INFO] Movimiento detenido
2025-05-22 17:43:04,550 [INFO] Lectura BMP390
2025-05-22 17:43:04,656 [INFO] Movimiento detenido
2025-05-22 17:43:04,735 [INFO] Lectura LTR390
2025-05-22 17:43:04,740 [INFO] Lectura desde ESP32-S3 por serial
2025-05-22 17:43:04,769 [INFO] Movimiento detenido
2025-05-22 17:43:04,883 [INFO] Movimiento detenido
2025-05-22 17:43:04,995 [INFO] Movimiento detenido
2025-05-22 17:43:05,107 [INFO] Movimiento detenido
2025-05-22 17:43:05,219 [INFO] Movimiento detenido
2025-05-22 17:43:05,331 [INFO] Movimiento detenido
2025-05-22 17:43:05,442 [INFO] Movimiento detenido
2025-05-22 17:43:05,555 [INFO] Movimiento detenido
2025-05-22 17:43:05,667 [INFO] Movimiento detenido
2025-05-22 17:43:05,778 [INFO] Movimiento detenido
2025-05-22 17:43:05,890 [INFO] Movimiento detenido
2025-05-22 17:43:06,002 [INFO] Movimiento detenido
2025-05-22 17:43:06,114 [INFO] Movimiento detenido
2025-05-22 17:43:06,226 [INFO] Movimiento detenido
2025-05-22 17:43:06,338 [INFO] Movimiento detenido
2025-05-22 17:43:06,450 [INFO] Movimiento detenido
2025-05-22 17:43:06,562 [INFO] Movimiento detenido
2025-05-22 17:43:06,674 [INFO] Movimiento detenido
2025-05-22 17:43:06,787 [INFO] Movimiento detenido
2025-05-22 17:43:06,898 [INFO] Movimiento detenido
2025-05-22 17:43:07,009 [INFO] Movimiento detenido
2025-05-22 17:43:07,119 [INFO] Movimiento detenido
2025-05-22 17:43:07,230 [INFO] Movimiento detenido
2025-05-22 17:43:07,341 [INFO] Movimiento detenido
2025-05-22 17:43:07,452 [INFO] Movimiento detenido
2025-05-22 17:43:07,563 [INFO] Movimiento detenido
2025-05-22 17:43:07,675 [INFO] Movimiento detenido
2025-05-22 17:43:07,788 [INFO] Movimiento detenido
2025-05-22 17:43:07,902 [INFO] Movimiento detenido
2025-05-22 17:43:08,014 [INFO] Movimiento detenido
2025-05-22 17:43:08,087 [INFO] Lectura datos climáticos NASA
2025-05-22 17:43:08,091 [INFO] Datos JSON preparados para envío
2025-05-22 17:43:08,126 [INFO] Movimiento detenido
2025-05-22 17:43:08,240 [INFO] Movimiento detenido
2025-05-22 17:43:08,351 [INFO] Movimiento detenido
2025-05-22 17:43:08,463 [INFO] Movimiento detenido
2025-05-22 17:43:08,575 [INFO] Movimiento detenido
2025-05-22 17:43:08,687 [INFO] Movimiento detenido
2025-05-22 17:43:08,799 [INFO] Movimiento detenido
2025-05-22 17:43:08,911 [INFO] Movimiento detenido
2025-05-22 17:43:09,024 [INFO] Movimiento detenido
2025-05-22 17:43:09,136 [INFO] Movimiento detenido
2025-05-22 17:43:09,147 [INFO] Lectura BMP390
2025-05-22 17:43:09,255 [INFO] Movimiento detenido
2025-05-22 17:43:09,333 [INFO] Lectura LTR390
2025-05-22 17:43:09,339 [INFO] Lectura desde ESP32-S3 por serial
2025-05-22 17:43:09,368 [INFO] Movimiento detenido
2025-05-22 17:43:09,480 [INFO] Movimiento detenido
2025-05-22 17:43:09,603 [INFO] Movimiento detenido
2025-05-22 17:43:09,715 [INFO] Movimiento detenido
2025-05-22 17:43:09,827 [INFO] Movimiento detenido
2025-05-22 17:43:09,940 [INFO] Movimiento detenido
2025-05-22 17:43:10,053 [INFO] Movimiento detenido
2025-05-22 17:43:10,165 [INFO] Movimiento detenido
2025-05-22 17:43:10,277 [INFO] Movimiento detenido
2025-05-22 17:43:10,389 [INFO] Movimiento detenido
2025-05-22 17:43:10,501 [INFO] Movimiento detenido
2025-05-22 17:43:10,613 [INFO] Movimiento detenido
2025-05-22 17:43:10,725 [INFO] Movimiento detenido
2025-05-22 17:43:10,838 [INFO] Movimiento detenido
2025-05-22 17:43:10,950 [INFO] Movimiento detenido
2025-05-22 17:43:11,062 [INFO] Movimiento detenido
2025-05-22 17:43:11,174 [INFO] Movimiento detenido
2025-05-22 17:43:11,286 [INFO] Movimiento detenido
2025-05-22 17:43:11,398 [INFO] Movimiento detenido
2025-05-22 17:43:11,510 [INFO] Movimiento detenido
2025-05-22 17:43:11,622 [INFO] Movimiento detenido
2025-05-22 17:43:11,734 [INFO] Movimiento detenido
2025-05-22 17:43:11,846 [INFO] Movimiento detenido
2025-05-22 17:43:11,957 [INFO] Movimiento detenido
2025-05-22 17:43:12,068 [INFO] Movimiento detenido
2025-05-22 17:43:12,179 [INFO] Movimiento detenido
2025-05-22 17:43:12,290 [INFO] Movimiento detenido
2025-05-22 17:43:12,401 [INFO] Movimiento detenido
2025-05-22 17:43:12,512 [INFO] Movimiento detenido
2025-05-22 17:43:12,624 [INFO] Movimiento detenido
2025-05-22 17:43:12,736 [INFO] Movimiento detenido
2025-05-22 17:43:12,848 [INFO] Movimiento detenido
2025-05-22 17:43:12,959 [INFO] Movimiento detenido
2025-05-22 17:43:12,987 [INFO] Lectura datos climáticos NASA
2025-05-22 17:43:12,991 [INFO] Datos JSON preparados para envío
2025-05-22 17:43:13,071 [INFO] Movimiento detenido
2025-05-22 17:43:13,183 [INFO] Movimiento detenido
2025-05-22 17:43:13,295 [INFO] Movimiento detenido
2025-05-22 17:43:13,407 [INFO] Movimiento detenido
2025-05-22 17:43:13,519 [INFO] Movimiento detenido
2025-05-22 17:43:13,632 [INFO] Movimiento detenido
2025-05-22 17:43:13,745 [INFO] Movimiento detenido
2025-05-22 17:43:13,857 [INFO] Movimiento detenido
2025-05-22 17:43:13,969 [INFO] Movimiento detenido
2025-05-22 17:43:14,044 [INFO] Lectura BMP390
2025-05-22 17:43:14,081 [INFO] Movimiento detenido
2025-05-22 17:43:14,195 [INFO] Movimiento detenido
2025-05-22 17:43:14,228 [INFO] Lectura LTR390
2025-05-22 17:43:14,234 [INFO] Lectura desde ESP32-S3 por serial
2025-05-22 17:43:14,307 [INFO] Movimiento detenido
2025-05-22 17:43:14,429 [INFO] Movimiento detenido
2025-05-22 17:43:14,545 [INFO] Movimiento detenido
2025-05-22 17:43:14,657 [INFO] Movimiento detenido
2025-05-22 17:43:14,769 [INFO] Movimiento detenido
2025-05-22 17:43:14,881 [INFO] Movimiento detenido
2025-05-22 17:43:14,992 [INFO] Movimiento detenido
2025-05-22 17:43:15,103 [INFO] Movimiento detenido
2025-05-22 17:43:15,215 [INFO] Movimiento detenido
2025-05-22 17:43:15,326 [INFO] Movimiento detenido
2025-05-22 17:43:15,437 [INFO] Movimiento detenido
2025-05-22 17:43:15,548 [INFO] Movimiento detenido
2025-05-22 17:43:15,660 [INFO] Movimiento detenido
2025-05-22 17:43:15,773 [INFO] Movimiento detenido
2025-05-22 17:43:15,886 [INFO] Movimiento detenido
2025-05-22 17:43:15,999 [INFO] Movimiento detenido
2025-05-22 17:43:16,112 [INFO] Movimiento detenido
2025-05-22 17:43:16,224 [INFO] Movimiento detenido
2025-05-22 17:43:16,336 [INFO] Movimiento detenido
2025-05-22 17:43:16,448 [INFO] Movimiento detenido
2025-05-22 17:43:16,560 [INFO] Movimiento detenido
2025-05-22 17:43:16,673 [INFO] Movimiento detenido
2025-05-22 17:43:16,789 [INFO] Movimiento detenido
2025-05-22 17:43:16,901 [INFO] Movimiento detenido
2025-05-22 17:43:17,012 [INFO] Movimiento detenido
2025-05-22 17:43:17,124 [INFO] Movimiento detenido
2025-05-22 17:43:17,235 [INFO] Movimiento detenido
2025-05-22 17:43:17,346 [INFO] Movimiento detenido
2025-05-22 17:43:17,457 [INFO] Movimiento detenido
2025-05-22 17:43:17,568 [INFO] Movimiento detenido
2025-05-22 17:43:17,680 [INFO] Movimiento detenido
2025-05-22 17:43:17,793 [INFO] Movimiento detenido
2025-05-22 17:43:17,822 [INFO] Lectura datos climáticos NASA
2025-05-22 17:43:17,827 [INFO] Datos JSON preparados para envío
2025-05-22 17:43:17,905 [INFO] Movimiento detenido
2025-05-22 17:43:18,017 [INFO] Movimiento detenido
2025-05-22 17:43:18,129 [INFO] Movimiento detenido
2025-05-22 17:43:18,241 [INFO] Movimiento detenido
2025-05-22 17:43:18,353 [INFO] Movimiento detenido
2025-05-22 17:43:18,465 [INFO] Movimiento detenido
2025-05-22 17:43:18,577 [INFO] Movimiento detenido
2025-05-22 17:43:18,689 [INFO] Movimiento detenido
2025-05-22 17:43:18,801 [INFO] Movimiento detenido
2025-05-22 17:43:18,880 [INFO] Lectura BMP390
2025-05-22 17:43:18,913 [INFO] Movimiento detenido
2025-05-22 17:43:19,029 [INFO] Movimiento detenido
2025-05-22 17:43:19,064 [INFO] Lectura LTR390
2025-05-22 17:43:19,071 [INFO] Lectura desde ESP32-S3 por serial
2025-05-22 17:43:19,142 [INFO] Movimiento detenido
2025-05-22 17:43:19,266 [INFO] Movimiento detenido
2025-05-22 17:43:19,378 [INFO] Movimiento detenido
2025-05-22 17:43:19,490 [INFO] Movimiento detenido
2025-05-22 17:43:19,602 [INFO] Movimiento detenido
2025-05-22 17:43:19,715 [INFO] Movimiento detenido
2025-05-22 17:43:19,827 [INFO] Movimiento detenido
2025-05-22 17:43:19,940 [INFO] Movimiento detenido
2025-05-22 17:43:20,052 [INFO] Movimiento detenido
2025-05-22 17:43:20,164 [INFO] Movimiento detenido
2025-05-22 17:43:20,277 [INFO] Movimiento detenido
2025-05-22 17:43:20,389 [INFO] Movimiento detenido
2025-05-22 17:43:20,501 [INFO] Movimiento detenido
2025-05-22 17:43:20,613 [INFO] Movimiento detenido
2025-05-22 17:43:20,726 [INFO] Movimiento detenido
2025-05-22 17:43:20,839 [INFO] Movimiento detenido
2025-05-22 17:43:20,951 [INFO] Movimiento detenido
2025-05-22 17:43:21,063 [INFO] Movimiento detenido
2025-05-22 17:43:21,175 [INFO] Movimiento detenido
2025-05-22 17:43:21,287 [INFO] Movimiento detenido
2025-05-22 17:43:21,398 [INFO] Movimiento detenido
2025-05-22 17:43:21,509 [INFO] Movimiento detenido
2025-05-22 17:43:21,621 [INFO] Movimiento detenido
2025-05-22 17:43:21,733 [INFO] Movimiento detenido
2025-05-22 17:43:21,844 [INFO] Movimiento detenido
2025-05-22 17:43:21,957 [INFO] Movimiento detenido
2025-05-22 17:43:22,069 [INFO] Movimiento detenido
2025-05-22 17:43:22,181 [INFO] Movimiento detenido
2025-05-22 17:43:22,293 [INFO] Movimiento detenido
2025-05-22 17:43:22,406 [INFO] Movimiento detenido
2025-05-22 17:43:22,517 [INFO] Movimiento detenido
2025-05-22 17:43:22,630 [INFO] Movimiento detenido
2025-05-22 17:43:22,743 [INFO] Movimiento detenido
2025-05-22 17:43:22,859 [INFO] Movimiento detenido
2025-05-22 17:43:22,972 [INFO] Movimiento detenido
2025-05-22 17:43:23,084 [INFO] Movimiento detenido
2025-05-22 17:43:23,196 [INFO] Movimiento detenido
2025-05-22 17:43:23,306 [INFO] Lectura datos climáticos NASA
2025-05-22 17:43:23,310 [INFO] Movimiento detenido
2025-05-22 17:43:23,311 [INFO] Datos JSON preparados para envío
2025-05-22 17:43:23,422 [INFO] Movimiento detenido
2025-05-22 17:43:23,535 [INFO] Movimiento detenido
2025-05-22 17:43:23,647 [INFO] Movimiento detenido
2025-05-22 17:43:23,760 [INFO] Movimiento detenido
2025-05-22 17:43:23,872 [INFO] Movimiento detenido
2025-05-22 17:43:23,984 [INFO] Movimiento detenido
2025-05-22 17:43:24,097 [INFO] Movimiento detenido
2025-05-22 17:43:24,210 [INFO] Movimiento detenido
2025-05-22 17:43:24,323 [INFO] Movimiento detenido
2025-05-22 17:43:24,365 [INFO] Lectura BMP390
2025-05-22 17:43:24,438 [INFO] Movimiento detenido
2025-05-22 17:43:24,546 [INFO] Lectura LTR390
2025-05-22 17:43:24,552 [INFO] Movimiento detenido
2025-05-22 17:43:24,555 [INFO] Lectura desde ESP32-S3 por serial
2025-05-22 17:43:24,673 [INFO] Movimiento detenido
2025-05-22 17:43:24,786 [INFO] Movimiento detenido
2025-05-22 17:43:24,900 [INFO] Movimiento detenido
2025-05-22 17:43:25,013 [INFO] Movimiento detenido
2025-05-22 17:43:25,124 [INFO] Movimiento detenido
2025-05-22 17:43:25,236 [INFO] Movimiento detenido
2025-05-22 17:43:25,348 [INFO] Movimiento detenido
2025-05-22 17:43:25,461 [INFO] Movimiento detenido
2025-05-22 17:43:25,573 [INFO] Movimiento detenido
2025-05-22 17:43:25,686 [INFO] Movimiento detenido
2025-05-22 17:43:25,799 [INFO] Movimiento detenido
2025-05-22 17:43:25,911 [INFO] Movimiento detenido
2025-05-22 17:43:26,024 [INFO] Movimiento detenido
2025-05-22 17:43:26,137 [INFO] Movimiento detenido
2025-05-22 17:43:26,253 [INFO] Movimiento detenido
2025-05-22 17:43:26,365 [INFO] Movimiento detenido
2025-05-22 17:43:26,477 [INFO] Movimiento detenido
2025-05-22 17:43:26,589 [INFO] Movimiento detenido
2025-05-22 17:43:26,702 [INFO] Movimiento detenido
2025-05-22 17:43:26,814 [INFO] Movimiento detenido
2025-05-22 17:43:26,925 [INFO] Movimiento detenido
2025-05-22 17:43:27,036 [INFO] Movimiento detenido
2025-05-22 17:43:27,147 [INFO] Movimiento detenido
2025-05-22 17:43:27,259 [INFO] Movimiento detenido
2025-05-22 17:43:27,370 [INFO] Movimiento detenido
2025-05-22 17:43:27,481 [INFO] Movimiento detenido
2025-05-22 17:43:27,593 [INFO] Movimiento detenido
2025-05-22 17:43:27,705 [INFO] Movimiento detenido
2025-05-22 17:43:27,816 [INFO] Movimiento detenido
2025-05-22 17:43:27,929 [INFO] Movimiento detenido
2025-05-22 17:43:28,041 [INFO] Movimiento detenido
2025-05-22 17:43:28,153 [INFO] Movimiento detenido
2025-05-22 17:43:28,265 [INFO] Movimiento detenido
2025-05-22 17:43:28,320 [INFO] Lectura datos climáticos NASA
2025-05-22 17:43:28,324 [INFO] Datos JSON preparados para envío
2025-05-22 17:43:28,377 [INFO] Movimiento detenido
2025-05-22 17:43:28,489 [INFO] Movimiento detenido
2025-05-22 17:43:28,600 [INFO] Movimiento detenido
2025-05-22 17:43:28,713 [INFO] Movimiento detenido
2025-05-22 17:43:28,826 [INFO] Movimiento detenido
2025-05-22 17:43:28,938 [INFO] Movimiento detenido
2025-05-22 17:43:29,050 [INFO] Movimiento detenido
2025-05-22 17:43:29,162 [INFO] Movimiento detenido
2025-05-22 17:43:29,275 [INFO] Movimiento detenido
2025-05-22 17:43:29,381 [INFO] Lectura BMP390
2025-05-22 17:43:29,386 [INFO] Movimiento detenido
2025-05-22 17:43:29,498 [INFO] Movimiento detenido
2025-05-22 17:43:29,561 [INFO] Lectura LTR390
2025-05-22 17:43:29,567 [INFO] Lectura desde ESP32-S3 por serial
2025-05-22 17:43:29,610 [INFO] Movimiento detenido
2025-05-22 17:43:29,723 [INFO] Movimiento detenido
2025-05-22 17:43:29,834 [INFO] Movimiento detenido
2025-05-22 17:43:29,946 [INFO] Movimiento detenido
2025-05-22 17:43:30,059 [INFO] Movimiento detenido
2025-05-22 17:43:30,171 [INFO] Movimiento detenido
2025-05-22 17:43:30,284 [INFO] Movimiento detenido
2025-05-22 17:43:30,396 [INFO] Movimiento detenido
2025-05-22 17:43:30,509 [INFO] Movimiento detenido
2025-05-22 17:43:30,622 [INFO] Movimiento detenido
2025-05-22 17:43:30,734 [INFO] Movimiento detenido
2025-05-22 17:43:30,847 [INFO] Movimiento detenido
2025-05-22 17:43:30,959 [INFO] Movimiento detenido
2025-05-22 17:43:31,071 [INFO] Movimiento detenido
2025-05-22 17:43:31,184 [INFO] Movimiento detenido
2025-05-22 17:43:31,296 [INFO] Movimiento detenido
2025-05-22 17:43:31,408 [INFO] Movimiento detenido
2025-05-22 17:43:31,520 [INFO] Movimiento detenido
2025-05-22 17:43:31,632 [INFO] Movimiento detenido
2025-05-22 17:43:31,744 [INFO] Movimiento detenido
2025-05-22 17:43:31,857 [INFO] Movimiento detenido
2025-05-22 17:43:31,968 [INFO] Movimiento detenido
2025-05-22 17:43:32,080 [INFO] Movimiento detenido
2025-05-22 17:43:32,192 [INFO] Movimiento detenido
2025-05-22 17:43:32,304 [INFO] Movimiento detenido
2025-05-22 17:43:32,416 [INFO] Movimiento detenido
2025-05-22 17:43:32,528 [INFO] Movimiento detenido
2025-05-22 17:43:32,641 [INFO] Movimiento detenido
2025-05-22 17:43:32,754 [INFO] Movimiento detenido
2025-05-22 17:43:32,866 [INFO] Movimiento detenido
2025-05-22 17:43:32,978 [INFO] Movimiento detenido
2025-05-22 17:43:33,091 [INFO] Movimiento detenido
2025-05-22 17:43:33,203 [INFO] Movimiento detenido
2025-05-22 17:43:33,316 [INFO] Movimiento detenido
2025-05-22 17:43:33,428 [INFO] Movimiento detenido
2025-05-22 17:43:33,540 [INFO] Movimiento detenido
2025-05-22 17:43:33,579 [INFO] Lectura datos climáticos NASA
2025-05-22 17:43:33,584 [INFO] Datos JSON preparados para envío
2025-05-22 17:43:33,652 [INFO] Movimiento detenido
2025-05-22 17:43:33,764 [INFO] Movimiento detenido
2025-05-22 17:43:33,877 [INFO] Movimiento detenido
2025-05-22 17:43:33,990 [INFO] Movimiento detenido
2025-05-22 17:43:34,103 [INFO] Movimiento detenido
2025-05-22 17:43:34,215 [INFO] Movimiento detenido
2025-05-22 17:43:34,327 [INFO] Movimiento detenido
2025-05-22 17:43:34,439 [INFO] Movimiento detenido
2025-05-22 17:43:34,551 [INFO] Movimiento detenido
2025-05-22 17:43:34,638 [INFO] Lectura BMP390
2025-05-22 17:43:34,664 [INFO] Movimiento detenido
2025-05-22 17:43:34,777 [INFO] Movimiento detenido
2025-05-22 17:43:34,824 [INFO] Lectura LTR390
2025-05-22 17:43:34,831 [INFO] Lectura desde ESP32-S3 por serial
2025-05-22 17:43:34,892 [INFO] Movimiento detenido
2025-05-22 17:43:35,004 [INFO] Movimiento detenido
2025-05-22 17:43:35,116 [INFO] Movimiento detenido
2025-05-22 17:43:35,228 [INFO] Movimiento detenido
2025-05-22 17:43:35,341 [INFO] Movimiento detenido
2025-05-22 17:43:35,453 [INFO] Movimiento detenido
2025-05-22 17:43:35,565 [INFO] Movimiento detenido
2025-05-22 17:43:35,676 [INFO] Movimiento detenido
2025-05-22 17:43:35,788 [INFO] Movimiento detenido
2025-05-22 17:43:35,900 [INFO] Movimiento detenido
2025-05-22 17:43:36,012 [INFO] Movimiento detenido
2025-05-22 17:43:36,125 [INFO] Movimiento detenido
2025-05-22 17:43:36,236 [INFO] Movimiento detenido
2025-05-22 17:43:36,347 [INFO] Movimiento detenido
2025-05-22 17:43:36,459 [INFO] Movimiento detenido
2025-05-22 17:43:36,573 [INFO] Movimiento detenido
2025-05-22 17:43:36,686 [INFO] Movimiento detenido
2025-05-22 17:43:36,799 [INFO] Movimiento detenido
2025-05-22 17:43:36,909 [INFO] Movimiento detenido
2025-05-22 17:43:37,021 [INFO] Movimiento detenido
2025-05-22 17:43:37,132 [INFO] Movimiento detenido
2025-05-22 17:43:37,243 [INFO] Movimiento detenido
2025-05-22 17:43:37,355 [INFO] Movimiento detenido
2025-05-22 17:43:37,466 [INFO] Movimiento detenido
2025-05-22 17:43:37,578 [INFO] Movimiento detenido
2025-05-22 17:43:37,690 [INFO] Movimiento detenido
2025-05-22 17:43:37,804 [INFO] Movimiento detenido
2025-05-22 17:43:37,918 [INFO] Movimiento detenido
2025-05-22 17:43:38,023 [INFO] Lectura datos climáticos NASA
2025-05-22 17:43:38,026 [INFO] Datos JSON preparados para envío
2025-05-22 17:43:38,031 [INFO] Movimiento detenido
2025-05-22 17:43:38,144 [INFO] Movimiento detenido
2025-05-22 17:43:38,256 [INFO] Movimiento detenido
2025-05-22 17:43:38,369 [INFO] Movimiento detenido
2025-05-22 17:43:38,481 [INFO] Movimiento detenido
2025-05-22 17:43:38,593 [INFO] Movimiento detenido
2025-05-22 17:43:38,706 [INFO] Movimiento detenido
2025-05-22 17:43:38,819 [INFO] Movimiento detenido
2025-05-22 17:43:38,933 [INFO] Movimiento detenido
2025-05-22 17:43:39,047 [INFO] Movimiento detenido
2025-05-22 17:43:39,083 [INFO] Lectura BMP390
2025-05-22 17:43:39,164 [INFO] Movimiento detenido
2025-05-22 17:43:39,264 [INFO] Lectura LTR390
2025-05-22 17:43:39,269 [INFO] Lectura desde ESP32-S3 por serial
2025-05-22 17:43:39,277 [INFO] Movimiento detenido
2025-05-22 17:43:39,400 [INFO] Movimiento detenido
2025-05-22 17:43:39,513 [INFO] Movimiento detenido
2025-05-22 17:43:39,626 [INFO] Movimiento detenido
2025-05-22 17:43:39,739 [INFO] Movimiento detenido
2025-05-22 17:43:39,852 [INFO] Movimiento detenido
2025-05-22 17:43:39,964 [INFO] Movimiento detenido
2025-05-22 17:43:40,076 [INFO] Movimiento detenido
2025-05-22 17:43:40,188 [INFO] Movimiento detenido
2025-05-22 17:43:40,300 [INFO] Movimiento detenido
2025-05-22 17:43:40,412 [INFO] Movimiento detenido
2025-05-22 17:43:40,524 [INFO] Movimiento detenido
2025-05-22 17:43:40,636 [INFO] Movimiento detenido
2025-05-22 17:43:40,748 [INFO] Movimiento detenido
2025-05-22 17:43:40,860 [INFO] Movimiento detenido
2025-05-22 17:43:40,972 [INFO] Movimiento detenido
2025-05-22 17:43:41,085 [INFO] Movimiento detenido
2025-05-22 17:43:41,197 [INFO] Movimiento detenido
2025-05-22 17:43:41,309 [INFO] Movimiento detenido
2025-05-22 17:43:41,421 [INFO] Movimiento detenido
2025-05-22 17:43:41,533 [INFO] Movimiento detenido
2025-05-22 17:43:41,645 [INFO] Movimiento detenido
2025-05-22 17:43:41,758 [INFO] Movimiento detenido
2025-05-22 17:43:41,871 [INFO] Movimiento detenido
2025-05-22 17:43:41,982 [INFO] Movimiento detenido
2025-05-22 17:43:42,094 [INFO] Movimiento detenido
2025-05-22 17:43:42,205 [INFO] Movimiento detenido
2025-05-22 17:43:42,316 [INFO] Movimiento detenido
2025-05-22 17:43:42,427 [INFO] Movimiento detenido
2025-05-22 17:43:42,538 [INFO] Movimiento detenido
2025-05-22 17:43:42,651 [INFO] Movimiento detenido
2025-05-22 17:43:42,764 [INFO] Movimiento detenido
2025-05-22 17:43:42,877 [INFO] Movimiento detenido
2025-05-22 17:43:42,989 [INFO] Movimiento detenido
2025-05-22 17:43:43,106 [INFO] Movimiento detenido
2025-05-22 17:43:43,107 [INFO] Lectura datos climáticos NASA
2025-05-22 17:43:43,110 [INFO] Datos JSON preparados para envío
2025-05-22 17:43:43,221 [INFO] Movimiento detenido
2025-05-22 17:43:43,333 [INFO] Movimiento detenido
2025-05-22 17:43:43,445 [INFO] Movimiento detenido
2025-05-22 17:43:43,558 [INFO] Movimiento detenido
2025-05-22 17:43:43,671 [INFO] Movimiento detenido
2025-05-22 17:43:43,783 [INFO] Movimiento detenido
2025-05-22 17:43:43,895 [INFO] Movimiento detenido
2025-05-22 17:43:44,008 [INFO] Movimiento detenido
2025-05-22 17:43:44,120 [INFO] Movimiento detenido
2025-05-22 17:43:44,164 [INFO] Lectura BMP390
2025-05-22 17:43:44,234 [INFO] Movimiento detenido
2025-05-22 17:43:44,345 [INFO] Lectura LTR390
2025-05-22 17:43:44,347 [INFO] Movimiento detenido
2025-05-22 17:43:44,352 [INFO] Lectura desde ESP32-S3 por serial
2025-05-22 17:43:44,461 [INFO] Movimiento detenido
2025-05-22 17:43:44,573 [INFO] Movimiento detenido
2025-05-22 17:43:44,686 [INFO] Movimiento detenido
2025-05-22 17:43:44,798 [INFO] Movimiento detenido
2025-05-22 17:43:44,910 [INFO] Movimiento detenido
2025-05-22 17:43:45,022 [INFO] Movimiento detenido
2025-05-22 17:43:45,134 [INFO] Movimiento detenido
2025-05-22 17:43:45,247 [INFO] Movimiento detenido
2025-05-22 17:43:45,359 [INFO] Movimiento detenido
2025-05-22 17:43:45,472 [INFO] Movimiento detenido
2025-05-22 17:43:45,584 [INFO] Movimiento detenido
2025-05-22 17:43:45,697 [INFO] Movimiento detenido
2025-05-22 17:43:45,810 [INFO] Movimiento detenido
2025-05-22 17:43:45,923 [INFO] Movimiento detenido
2025-05-22 17:43:46,035 [INFO] Movimiento detenido
2025-05-22 17:43:46,147 [INFO] Movimiento detenido
2025-05-22 17:43:46,259 [INFO] Movimiento detenido
2025-05-22 17:43:46,371 [INFO] Movimiento detenido
2025-05-22 17:43:46,483 [INFO] Movimiento detenido
2025-05-22 17:43:46,593 [INFO] Movimiento detenido
2025-05-22 17:43:46,705 [INFO] Movimiento detenido
2025-05-22 17:43:46,817 [INFO] Movimiento detenido
2025-05-22 17:43:46,928 [INFO] Movimiento detenido
2025-05-22 17:43:47,039 [INFO] Movimiento detenido
2025-05-22 17:43:47,150 [INFO] Movimiento detenido
2025-05-22 17:43:47,261 [INFO] Movimiento detenido
2025-05-22 17:43:47,373 [INFO] Movimiento detenido
2025-05-22 17:43:47,485 [INFO] Movimiento detenido
2025-05-22 17:43:47,597 [INFO] Movimiento detenido
2025-05-22 17:43:47,626 [INFO] Lectura datos climáticos NASA
2025-05-22 17:43:47,629 [INFO] Datos JSON preparados para envío
2025-05-22 17:43:47,709 [INFO] Movimiento detenido
2025-05-22 17:43:47,821 [INFO] Movimiento detenido
2025-05-22 17:43:47,933 [INFO] Movimiento detenido
2025-05-22 17:43:48,045 [INFO] Movimiento detenido
2025-05-22 17:43:48,157 [INFO] Movimiento detenido
2025-05-22 17:43:48,269 [INFO] Movimiento detenido
2025-05-22 17:43:48,382 [INFO] Movimiento detenido
2025-05-22 17:43:48,493 [INFO] Movimiento detenido
2025-05-22 17:43:48,605 [INFO] Movimiento detenido
2025-05-22 17:43:48,682 [INFO] Lectura BMP390
2025-05-22 17:43:48,718 [INFO] Movimiento detenido
2025-05-22 17:43:48,837 [INFO] Movimiento detenido
2025-05-22 17:43:48,876 [INFO] Lectura LTR390
2025-05-22 17:43:48,882 [INFO] Lectura desde ESP32-S3 por serial
2025-05-22 17:43:48,950 [INFO] Movimiento detenido
2025-05-22 17:43:49,063 [INFO] Movimiento detenido
2025-05-22 17:43:49,175 [INFO] Movimiento detenido
2025-05-22 17:43:49,287 [INFO] Movimiento detenido
2025-05-22 17:43:49,399 [INFO] Movimiento detenido
2025-05-22 17:43:49,511 [INFO] Movimiento detenido
2025-05-22 17:43:49,623 [INFO] Movimiento detenido
2025-05-22 17:43:49,735 [INFO] Movimiento detenido
2025-05-22 17:43:49,847 [INFO] Movimiento detenido
2025-05-22 17:43:49,960 [INFO] Movimiento detenido
2025-05-22 17:43:50,073 [INFO] Movimiento detenido
2025-05-22 17:43:50,185 [INFO] Movimiento detenido
2025-05-22 17:43:50,298 [INFO] Movimiento detenido
2025-05-22 17:43:50,410 [INFO] Movimiento detenido
2025-05-22 17:43:50,523 [INFO] Movimiento detenido
2025-05-22 17:43:50,635 [INFO] Movimiento detenido
2025-05-22 17:43:50,747 [INFO] Movimiento detenido
2025-05-22 17:43:50,860 [INFO] Movimiento detenido
2025-05-22 17:43:50,972 [INFO] Movimiento detenido
2025-05-22 17:43:51,084 [INFO] Movimiento detenido
2025-05-22 17:43:51,197 [INFO] Movimiento detenido
2025-05-22 17:43:51,309 [INFO] Movimiento detenido
2025-05-22 17:43:51,422 [INFO] Movimiento detenido
2025-05-22 17:43:51,534 [INFO] Movimiento detenido
2025-05-22 17:43:51,647 [INFO] Movimiento detenido
2025-05-22 17:43:51,760 [INFO] Movimiento detenido
2025-05-22 17:43:51,873 [INFO] Movimiento detenido
2025-05-22 17:43:51,984 [INFO] Movimiento detenido
2025-05-22 17:43:52,095 [INFO] Movimiento detenido
2025-05-22 17:43:52,207 [INFO] Movimiento detenido
2025-05-22 17:43:52,319 [INFO] Movimiento detenido
2025-05-22 17:43:52,431 [INFO] Movimiento detenido
2025-05-22 17:43:52,542 [INFO] Movimiento detenido
2025-05-22 17:43:52,655 [INFO] Movimiento detenido
2025-05-22 17:43:52,768 [INFO] Movimiento detenido
2025-05-22 17:43:52,880 [INFO] Movimiento detenido
2025-05-22 17:43:52,992 [INFO] Movimiento detenido
2025-05-22 17:43:53,105 [INFO] Movimiento detenido
2025-05-22 17:43:53,217 [INFO] Movimiento detenido
2025-05-22 17:43:53,330 [INFO] Movimiento detenido
2025-05-22 17:43:53,443 [INFO] Movimiento detenido
2025-05-22 17:43:53,448 [INFO] Lectura datos climáticos NASA
2025-05-22 17:43:53,452 [INFO] Datos JSON preparados para envío
2025-05-22 17:43:53,563 [INFO] Movimiento detenido
2025-05-22 17:43:53,676 [INFO] Movimiento detenido
2025-05-22 17:43:53,789 [INFO] Movimiento detenido
2025-05-22 17:43:53,902 [INFO] Movimiento detenido
2025-05-22 17:43:54,015 [INFO] Movimiento detenido
2025-05-22 17:43:54,126 [INFO] Movimiento detenido
2025-05-22 17:43:54,238 [INFO] Movimiento detenido
2025-05-22 17:43:54,349 [INFO] Movimiento detenido
2025-05-22 17:43:54,461 [INFO] Movimiento detenido
2025-05-22 17:43:54,505 [INFO] Lectura BMP390
2025-05-22 17:43:54,575 [INFO] Movimiento detenido
2025-05-22 17:43:54,684 [INFO] Lectura LTR390
2025-05-22 17:43:54,687 [INFO] Lectura desde ESP32-S3 por serial
2025-05-22 17:43:54,688 [INFO] Movimiento detenido
2025-05-22 17:43:54,807 [INFO] Movimiento detenido
2025-05-22 17:43:54,920 [INFO] Movimiento detenido
2025-05-22 17:43:55,032 [INFO] Movimiento detenido
2025-05-22 17:43:55,145 [INFO] Movimiento detenido
2025-05-22 17:43:55,256 [INFO] Movimiento detenido
2025-05-22 17:43:55,367 [INFO] Movimiento detenido
2025-05-22 17:43:55,479 [INFO] Movimiento detenido
2025-05-22 17:43:55,590 [INFO] Movimiento detenido
2025-05-22 17:43:55,702 [INFO] Movimiento detenido
2025-05-22 17:43:55,815 [INFO] Movimiento detenido
2025-05-22 17:43:55,928 [INFO] Movimiento detenido
2025-05-22 17:43:56,040 [INFO] Movimiento detenido
2025-05-22 17:43:56,152 [INFO] Movimiento detenido
2025-05-22 17:43:56,264 [INFO] Movimiento detenido
2025-05-22 17:43:56,375 [INFO] Movimiento detenido
2025-05-22 17:43:56,486 [INFO] Movimiento detenido
2025-05-22 17:43:56,598 [INFO] Movimiento detenido
2025-05-22 17:43:56,712 [INFO] Movimiento detenido
2025-05-22 17:43:56,826 [INFO] Movimiento detenido
2025-05-22 17:43:56,937 [INFO] Movimiento detenido
2025-05-22 17:43:57,049 [INFO] Movimiento detenido
2025-05-22 17:43:57,161 [INFO] Movimiento detenido
2025-05-22 17:43:57,272 [INFO] Movimiento detenido
2025-05-22 17:43:57,383 [INFO] Movimiento detenido
2025-05-22 17:43:57,495 [INFO] Movimiento detenido
2025-05-22 17:43:57,606 [INFO] Movimiento detenido
2025-05-22 17:43:57,718 [INFO] Movimiento detenido
2025-05-22 17:43:57,830 [INFO] Movimiento detenido
2025-05-22 17:43:57,943 [INFO] Movimiento detenido
2025-05-22 17:43:58,051 [INFO] Lectura datos climáticos NASA
2025-05-22 17:43:58,052 [INFO] Datos JSON preparados para envío
2025-05-22 17:43:58,055 [INFO] Movimiento detenido
2025-05-22 17:43:58,168 [INFO] Movimiento detenido
2025-05-22 17:43:58,279 [INFO] Movimiento detenido
2025-05-22 17:43:58,391 [INFO] Movimiento detenido
2025-05-22 17:43:58,502 [INFO] Movimiento detenido
2025-05-22 17:43:58,614 [INFO] Movimiento detenido
2025-05-22 17:43:58,726 [INFO] Movimiento detenido
2025-05-22 17:43:58,839 [INFO] Movimiento detenido
2025-05-22 17:43:58,951 [INFO] Movimiento detenido
2025-05-22 17:43:59,063 [INFO] Movimiento detenido
2025-05-22 17:43:59,105 [INFO] Lectura BMP390
2025-05-22 17:43:59,177 [INFO] Movimiento detenido
2025-05-22 17:43:59,286 [INFO] Lectura LTR390
2025-05-22 17:43:59,289 [INFO] Lectura desde ESP32-S3 por serial
2025-05-22 17:43:59,292 [INFO] Movimiento detenido
2025-05-22 17:43:59,412 [INFO] Movimiento detenido
2025-05-22 17:43:59,523 [INFO] Movimiento detenido
2025-05-22 17:43:59,635 [INFO] Movimiento detenido
2025-05-22 17:43:59,747 [INFO] Movimiento detenido
2025-05-22 17:43:59,859 [INFO] Movimiento detenido
2025-05-22 17:43:59,971 [INFO] Movimiento detenido
2025-05-22 17:44:00,082 [INFO] Movimiento detenido
2025-05-22 17:44:00,193 [INFO] Movimiento detenido
2025-05-22 17:44:00,304 [INFO] Movimiento detenido
2025-05-22 17:44:00,415 [INFO] Movimiento detenido
2025-05-22 17:44:00,526 [INFO] Movimiento detenido
2025-05-22 17:44:00,637 [INFO] Movimiento detenido
2025-05-22 17:44:00,748 [INFO] Movimiento detenido
2025-05-22 17:44:00,861 [INFO] Movimiento detenido
2025-05-22 17:44:00,973 [INFO] Movimiento detenido
2025-05-22 17:44:01,085 [INFO] Movimiento detenido
2025-05-22 17:44:01,197 [INFO] Movimiento detenido
2025-05-22 17:44:01,308 [INFO] Movimiento detenido
2025-05-22 17:44:01,420 [INFO] Movimiento detenido
2025-05-22 17:44:01,533 [INFO] Movimiento detenido
2025-05-22 17:44:01,645 [INFO] Movimiento detenido
2025-05-22 17:44:01,758 [INFO] Movimiento detenido
2025-05-22 17:44:01,869 [INFO] Movimiento detenido
2025-05-22 17:44:01,980 [INFO] Movimiento detenido
2025-05-22 17:44:02,091 [INFO] Movimiento detenido
2025-05-22 17:44:02,202 [INFO] Movimiento detenido
2025-05-22 17:44:02,253 [INFO] Lectura datos climáticos NASA
2025-05-22 17:44:02,255 [INFO] Datos JSON preparados para envío
2025-05-22 17:44:02,313 [INFO] Movimiento detenido
2025-05-22 17:44:02,425 [INFO] Movimiento detenido
2025-05-22 17:44:02,537 [INFO] Movimiento detenido
2025-05-22 17:44:02,650 [INFO] Movimiento detenido
2025-05-22 17:44:02,763 [INFO] Movimiento detenido
2025-05-22 17:44:02,877 [INFO] Movimiento detenido
2025-05-22 17:44:02,988 [INFO] Movimiento detenido
2025-05-22 17:44:03,100 [INFO] Movimiento detenido
2025-05-22 17:44:03,212 [INFO] Movimiento detenido
2025-05-22 17:44:03,305 [INFO] Lectura BMP390
2025-05-22 17:44:03,323 [INFO] Movimiento detenido
2025-05-22 17:44:03,434 [INFO] Movimiento detenido
2025-05-22 17:44:03,484 [INFO] Lectura LTR390
2025-05-22 17:44:03,487 [INFO] Lectura desde ESP32-S3 por serial
2025-05-22 17:44:03,546 [INFO] Movimiento detenido
2025-05-22 17:44:03,659 [INFO] Movimiento detenido
2025-05-22 17:44:03,772 [INFO] Movimiento detenido
2025-05-22 17:44:03,885 [INFO] Movimiento detenido
2025-05-22 17:44:03,999 [INFO] Movimiento detenido
2025-05-22 17:44:04,113 [INFO] Movimiento detenido
2025-05-22 17:44:04,227 [INFO] Movimiento detenido
2025-05-22 17:44:04,341 [INFO] Movimiento detenido
2025-05-22 17:44:04,454 [INFO] Movimiento detenido
2025-05-22 17:44:04,565 [INFO] Movimiento detenido
2025-05-22 17:44:04,677 [INFO] Movimiento detenido
2025-05-22 17:44:04,789 [INFO] Movimiento detenido
2025-05-22 17:44:04,901 [INFO] Movimiento detenido
2025-05-22 17:44:05,013 [INFO] Movimiento detenido
2025-05-22 17:44:05,126 [INFO] Movimiento detenido
2025-05-22 17:44:05,238 [INFO] Movimiento detenido
2025-05-22 17:44:05,350 [INFO] Movimiento detenido
2025-05-22 17:44:05,462 [INFO] Movimiento detenido
2025-05-22 17:44:05,574 [INFO] Movimiento detenido
2025-05-22 17:44:05,686 [INFO] Movimiento detenido
2025-05-22 17:44:05,798 [INFO] Movimiento detenido
2025-05-22 17:44:05,910 [INFO] Movimiento detenido
2025-05-22 17:44:06,022 [INFO] Movimiento detenido
2025-05-22 17:44:06,134 [INFO] Movimiento detenido
2025-05-22 17:44:06,246 [INFO] Movimiento detenido
2025-05-22 17:44:06,359 [INFO] Movimiento detenido
2025-05-22 17:44:06,471 [INFO] Movimiento detenido
2025-05-22 17:44:06,583 [INFO] Movimiento detenido
2025-05-22 17:44:06,696 [INFO] Movimiento detenido
2025-05-22 17:44:06,760 [INFO] Lectura datos climáticos NASA
2025-05-22 17:44:06,763 [INFO] Datos JSON preparados para envío
2025-05-22 17:44:06,809 [INFO] Movimiento detenido
2025-05-22 17:44:06,920 [INFO] Movimiento detenido
2025-05-22 17:44:07,032 [INFO] Movimiento detenido
2025-05-22 17:44:07,145 [INFO] Movimiento detenido
2025-05-22 17:44:07,257 [INFO] Movimiento detenido
2025-05-22 17:44:07,369 [INFO] Movimiento detenido
2025-05-22 17:44:07,481 [INFO] Movimiento detenido
2025-05-22 17:44:07,592 [INFO] Movimiento detenido
2025-05-22 17:44:07,703 [INFO] Movimiento detenido
2025-05-22 17:44:07,815 [INFO] Movimiento detenido
2025-05-22 17:44:07,817 [INFO] Lectura BMP390
2025-05-22 17:44:07,932 [INFO] Movimiento detenido
2025-05-22 17:44:08,002 [INFO] Lectura LTR390
2025-05-22 17:44:08,005 [INFO] Lectura desde ESP32-S3 por serial
2025-05-22 17:44:08,045 [INFO] Movimiento detenido
2025-05-22 17:44:08,156 [INFO] Movimiento detenido
2025-05-22 17:44:08,267 [INFO] Movimiento detenido
2025-05-22 17:44:08,378 [INFO] Movimiento detenido
2025-05-22 17:44:08,490 [INFO] Movimiento detenido
2025-05-22 17:44:08,602 [INFO] Movimiento detenido
2025-05-22 17:44:08,715 [INFO] Movimiento detenido
2025-05-22 17:44:08,827 [INFO] Movimiento detenido
2025-05-22 17:44:08,940 [INFO] Movimiento detenido
2025-05-22 17:44:09,054 [INFO] Movimiento detenido
2025-05-22 17:44:09,167 [INFO] Movimiento detenido
2025-05-22 17:44:09,280 [INFO] Movimiento detenido
2025-05-22 17:44:09,392 [INFO] Movimiento detenido
2025-05-22 17:44:09,505 [INFO] Movimiento detenido
2025-05-22 17:44:09,617 [INFO] Movimiento detenido
2025-05-22 17:44:09,729 [INFO] Movimiento detenido
2025-05-22 17:44:09,842 [INFO] Movimiento detenido
2025-05-22 17:44:09,954 [INFO] Movimiento detenido
2025-05-22 17:44:10,067 [INFO] Movimiento detenido
2025-05-22 17:44:10,181 [INFO] Movimiento detenido
2025-05-22 17:44:10,293 [INFO] Movimiento detenido
2025-05-22 17:44:10,404 [INFO] Movimiento detenido
2025-05-22 17:44:10,516 [INFO] Movimiento detenido
2025-05-22 17:44:10,628 [INFO] Movimiento detenido
2025-05-22 17:44:10,740 [INFO] Movimiento detenido
2025-05-22 17:44:10,853 [INFO] Movimiento detenido
2025-05-22 17:44:10,965 [INFO] Movimiento detenido
2025-05-22 17:44:11,077 [INFO] Movimiento detenido
2025-05-22 17:44:11,189 [INFO] Movimiento detenido
2025-05-22 17:44:11,301 [INFO] Movimiento detenido
2025-05-22 17:44:11,413 [INFO] Movimiento detenido
2025-05-22 17:44:11,517 [INFO] Lectura datos climáticos NASA
2025-05-22 17:44:11,522 [INFO] Datos JSON preparados para envío
2025-05-22 17:44:11,527 [INFO] Movimiento detenido
2025-05-22 17:44:11,640 [INFO] Movimiento detenido
2025-05-22 17:44:11,752 [INFO] Movimiento detenido
2025-05-22 17:44:11,867 [INFO] Movimiento detenido
2025-05-22 17:44:11,978 [INFO] Movimiento detenido
2025-05-22 17:44:12,090 [INFO] Movimiento detenido
2025-05-22 17:44:12,201 [INFO] Movimiento detenido
2025-05-22 17:44:12,312 [INFO] Movimiento detenido
2025-05-22 17:44:12,423 [INFO] Movimiento detenido
2025-05-22 17:44:12,534 [INFO] Movimiento detenido
2025-05-22 17:44:12,577 [INFO] Lectura BMP390
2025-05-22 17:44:12,649 [INFO] Movimiento detenido
2025-05-22 17:44:12,757 [INFO] Lectura LTR390
2025-05-22 17:44:12,762 [INFO] Movimiento detenido
2025-05-22 17:44:12,766 [INFO] Lectura desde ESP32-S3 por serial
2025-05-22 17:44:12,877 [INFO] Movimiento detenido
2025-05-22 17:44:12,989 [INFO] Movimiento detenido
2025-05-22 17:44:13,101 [INFO] Movimiento detenido
2025-05-22 17:44:13,214 [INFO] Movimiento detenido
2025-05-22 17:44:13,326 [INFO] Movimiento detenido
2025-05-22 17:44:13,438 [INFO] Movimiento detenido
2025-05-22 17:44:13,550 [INFO] Movimiento detenido
2025-05-22 17:44:13,663 [INFO] Movimiento detenido
2025-05-22 17:44:13,775 [INFO] Movimiento detenido
2025-05-22 17:44:13,887 [INFO] Movimiento detenido
2025-05-22 17:44:13,999 [INFO] Movimiento detenido
2025-05-22 17:44:14,112 [INFO] Movimiento detenido
2025-05-22 17:44:14,224 [INFO] Movimiento detenido
2025-05-22 17:44:14,337 [INFO] Movimiento detenido
2025-05-22 17:44:14,450 [INFO] Movimiento detenido
2025-05-22 17:44:14,562 [INFO] Movimiento detenido
2025-05-22 17:44:14,674 [INFO] Movimiento detenido
2025-05-22 17:44:14,787 [INFO] Movimiento detenido
2025-05-22 17:44:14,899 [INFO] Movimiento detenido
2025-05-22 17:44:15,012 [INFO] Movimiento detenido
2025-05-22 17:44:15,125 [INFO] Movimiento detenido
2025-05-22 17:44:15,237 [INFO] Movimiento detenido
2025-05-22 17:44:15,350 [INFO] Movimiento detenido
2025-05-22 17:44:15,461 [INFO] Movimiento detenido
2025-05-22 17:44:15,574 [INFO] Movimiento detenido
2025-05-22 17:44:15,686 [INFO] Movimiento detenido
2025-05-22 17:44:15,799 [INFO] Movimiento detenido
2025-05-22 17:44:15,912 [INFO] Movimiento detenido
2025-05-22 17:44:16,025 [INFO] Movimiento detenido
2025-05-22 17:44:16,136 [INFO] Movimiento detenido
2025-05-22 17:44:16,248 [INFO] Movimiento detenido
2025-05-22 17:44:16,361 [INFO] Movimiento detenido
2025-05-22 17:44:16,474 [INFO] Movimiento detenido
2025-05-22 17:44:16,586 [INFO] Movimiento detenido
2025-05-22 17:44:16,698 [INFO] Movimiento detenido
2025-05-22 17:44:16,810 [INFO] Movimiento detenido
2025-05-22 17:44:16,921 [INFO] Movimiento detenido
2025-05-22 17:44:17,032 [INFO] Movimiento detenido
2025-05-22 17:44:17,143 [INFO] Movimiento detenido
2025-05-22 17:44:17,255 [INFO] Movimiento detenido
2025-05-22 17:44:17,280 [INFO] Lectura datos climáticos NASA
2025-05-22 17:44:17,283 [INFO] Datos JSON preparados para envío
2025-05-22 17:44:17,365 [INFO] Movimiento detenido
2025-05-22 17:44:17,477 [INFO] Movimiento detenido
2025-05-22 17:44:17,589 [INFO] Movimiento detenido
2025-05-22 17:44:17,702 [INFO] Movimiento detenido
2025-05-22 17:44:17,814 [INFO] Movimiento detenido
2025-05-22 17:44:17,929 [INFO] Movimiento detenido
2025-05-22 17:44:18,042 [INFO] Movimiento detenido
2025-05-22 17:44:18,155 [INFO] Movimiento detenido
2025-05-22 17:44:18,269 [INFO] Movimiento detenido
2025-05-22 17:44:18,336 [INFO] Lectura BMP390
2025-05-22 17:44:18,381 [INFO] Movimiento detenido
2025-05-22 17:44:18,493 [INFO] Movimiento detenido
2025-05-22 17:44:18,515 [INFO] Lectura LTR390
2025-05-22 17:44:18,518 [INFO] Lectura desde ESP32-S3 por serial
2025-05-22 17:44:18,604 [INFO] Movimiento detenido
2025-05-22 17:44:18,715 [INFO] Movimiento detenido
2025-05-22 17:44:18,826 [INFO] Movimiento detenido
2025-05-22 17:44:18,938 [INFO] Movimiento detenido
2025-05-22 17:44:19,049 [INFO] Movimiento detenido
2025-05-22 17:44:19,160 [INFO] Movimiento detenido
2025-05-22 17:44:19,272 [INFO] Movimiento detenido
2025-05-22 17:44:19,384 [INFO] Movimiento detenido
2025-05-22 17:44:19,496 [INFO] Movimiento detenido
2025-05-22 17:44:19,609 [INFO] Movimiento detenido
2025-05-22 17:44:19,722 [INFO] Movimiento detenido
2025-05-22 17:44:19,835 [INFO] Movimiento detenido
2025-05-22 17:44:19,948 [INFO] Movimiento detenido
2025-05-22 17:44:20,062 [INFO] Movimiento detenido
2025-05-22 17:44:20,175 [INFO] Movimiento detenido
2025-05-22 17:44:20,288 [INFO] Movimiento detenido
2025-05-22 17:44:20,400 [INFO] Movimiento detenido
2025-05-22 17:44:20,512 [INFO] Movimiento detenido
2025-05-22 17:44:20,624 [INFO] Movimiento detenido
2025-05-22 17:44:20,737 [INFO] Movimiento detenido
2025-05-22 17:44:20,850 [INFO] Movimiento detenido
2025-05-22 17:44:20,962 [INFO] Movimiento detenido
2025-05-22 17:44:21,074 [INFO] Movimiento detenido
2025-05-22 17:44:21,186 [INFO] Movimiento detenido
2025-05-22 17:44:21,299 [INFO] Movimiento detenido
2025-05-22 17:44:21,413 [INFO] Movimiento detenido
2025-05-22 17:44:21,524 [INFO] Movimiento detenido
2025-05-22 17:44:21,637 [INFO] Movimiento detenido
2025-05-22 17:44:21,750 [INFO] Movimiento detenido
2025-05-22 17:44:21,863 [INFO] Movimiento detenido
2025-05-22 17:44:21,974 [INFO] Movimiento detenido
2025-05-22 17:44:22,086 [INFO] Movimiento detenido
2025-05-22 17:44:22,197 [INFO] Movimiento detenido
2025-05-22 17:44:22,308 [INFO] Movimiento detenido
2025-05-22 17:44:22,419 [INFO] Movimiento detenido
2025-05-22 17:44:22,530 [INFO] Movimiento detenido
2025-05-22 17:44:22,643 [INFO] Movimiento detenido
2025-05-22 17:44:22,756 [INFO] Movimiento detenido
2025-05-22 17:44:22,822 [INFO] Lectura datos climáticos NASA
2025-05-22 17:44:22,830 [INFO] Datos JSON preparados para envío
2025-05-22 17:44:22,867 [INFO] Movimiento detenido
2025-05-22 17:44:22,980 [INFO] Movimiento detenido
2025-05-22 17:44:23,093 [INFO] Movimiento detenido
2025-05-22 17:44:23,206 [INFO] Movimiento detenido
2025-05-22 17:44:23,319 [INFO] Movimiento detenido
2025-05-22 17:44:23,430 [INFO] Movimiento detenido
2025-05-22 17:44:23,542 [INFO] Movimiento detenido
2025-05-22 17:44:23,654 [INFO] Movimiento detenido
2025-05-22 17:44:23,767 [INFO] Movimiento detenido
2025-05-22 17:44:23,879 [INFO] Movimiento detenido
2025-05-22 17:44:23,890 [INFO] Lectura BMP390
2025-05-22 17:44:23,996 [INFO] Movimiento detenido
2025-05-22 17:44:24,072 [INFO] Lectura LTR390
2025-05-22 17:44:24,078 [INFO] Lectura desde ESP32-S3 por serial
2025-05-22 17:44:24,109 [INFO] Movimiento detenido
2025-05-22 17:44:24,221 [INFO] Movimiento detenido
2025-05-22 17:44:24,333 [INFO] Movimiento detenido
2025-05-22 17:44:24,445 [INFO] Movimiento detenido
2025-05-22 17:44:24,557 [INFO] Movimiento detenido
2025-05-22 17:44:24,670 [INFO] Movimiento detenido
2025-05-22 17:44:24,782 [INFO] Movimiento detenido
2025-05-22 17:44:24,894 [INFO] Movimiento detenido
2025-05-22 17:44:25,006 [INFO] Movimiento detenido
2025-05-22 17:44:25,118 [INFO] Movimiento detenido
2025-05-22 17:44:25,231 [INFO] Movimiento detenido
2025-05-22 17:44:25,342 [INFO] Movimiento detenido
2025-05-22 17:44:25,455 [INFO] Movimiento detenido
2025-05-22 17:44:25,567 [INFO] Movimiento detenido
2025-05-22 17:44:25,679 [INFO] Movimiento detenido
2025-05-22 17:44:25,791 [INFO] Movimiento detenido
2025-05-22 17:44:25,903 [INFO] Movimiento detenido
2025-05-22 17:44:26,015 [INFO] Movimiento detenido
2025-05-22 17:44:26,127 [INFO] Movimiento detenido
2025-05-22 17:44:26,240 [INFO] Movimiento detenido
2025-05-22 17:44:26,352 [INFO] Movimiento detenido
2025-05-22 17:44:26,464 [INFO] Movimiento detenido
2025-05-22 17:44:26,576 [INFO] Movimiento detenido
2025-05-22 17:44:26,689 [INFO] Movimiento detenido
2025-05-22 17:44:26,803 [INFO] Movimiento detenido
2025-05-22 17:44:26,914 [INFO] Movimiento detenido
2025-05-22 17:44:27,026 [INFO] Movimiento detenido
2025-05-22 17:44:27,069 [INFO] Lectura datos climáticos NASA
2025-05-22 17:44:27,071 [INFO] Datos JSON preparados para envío
2025-05-22 17:44:27,137 [INFO] Movimiento detenido
2025-05-22 17:44:27,249 [INFO] Movimiento detenido
2025-05-22 17:44:27,360 [INFO] Movimiento detenido
2025-05-22 17:44:27,471 [INFO] Movimiento detenido
2025-05-22 17:44:27,582 [INFO] Movimiento detenido
2025-05-22 17:44:27,694 [INFO] Movimiento detenido
2025-05-22 17:44:27,807 [INFO] Movimiento detenido
2025-05-22 17:44:27,921 [INFO] Movimiento detenido
2025-05-22 17:44:28,033 [INFO] Movimiento detenido
2025-05-22 17:44:28,124 [INFO] Lectura BMP390
2025-05-22 17:44:28,145 [INFO] Movimiento detenido
2025-05-22 17:44:28,259 [INFO] Movimiento detenido
2025-05-22 17:44:28,309 [INFO] Lectura LTR390
2025-05-22 17:44:28,313 [INFO] Lectura desde ESP32-S3 por serial
2025-05-22 17:44:28,371 [INFO] Movimiento detenido
2025-05-22 17:44:28,482 [INFO] Movimiento detenido
2025-05-22 17:44:28,593 [INFO] Movimiento detenido
2025-05-22 17:44:28,704 [INFO] Movimiento detenido
2025-05-22 17:44:28,817 [INFO] Movimiento detenido
2025-05-22 17:44:28,930 [INFO] Movimiento detenido
2025-05-22 17:44:29,042 [INFO] Movimiento detenido
2025-05-22 17:44:29,154 [INFO] Movimiento detenido
2025-05-22 17:44:29,266 [INFO] Movimiento detenido
2025-05-22 17:44:29,377 [INFO] Movimiento detenido
2025-05-22 17:44:29,488 [INFO] Movimiento detenido
2025-05-22 17:44:29,600 [INFO] Movimiento detenido
2025-05-22 17:44:29,711 [INFO] Movimiento detenido
2025-05-22 17:44:29,823 [INFO] Movimiento detenido
2025-05-22 17:44:29,934 [INFO] Movimiento detenido
2025-05-22 17:44:30,045 [INFO] Movimiento detenido
2025-05-22 17:44:30,156 [INFO] Movimiento detenido
2025-05-22 17:44:30,267 [INFO] Movimiento detenido
2025-05-22 17:44:30,377 [INFO] Movimiento detenido
2025-05-22 17:44:30,488 [INFO] Movimiento detenido
2025-05-22 17:44:30,600 [INFO] Movimiento detenido
2025-05-22 17:44:30,712 [INFO] Movimiento detenido
2025-05-22 17:44:30,824 [INFO] Movimiento detenido
2025-05-22 17:44:30,936 [INFO] Movimiento detenido
2025-05-22 17:44:31,048 [INFO] Movimiento detenido
2025-05-22 17:44:31,160 [INFO] Movimiento detenido
2025-05-22 17:44:31,272 [INFO] Movimiento detenido
2025-05-22 17:44:31,384 [INFO] Movimiento detenido
2025-05-22 17:44:31,496 [INFO] Movimiento detenido
2025-05-22 17:44:31,568 [INFO] Lectura datos climáticos NASA
2025-05-22 17:44:31,574 [INFO] Datos JSON preparados para envío
2025-05-22 17:44:31,608 [INFO] Movimiento detenido
2025-05-22 17:44:31,720 [INFO] Movimiento detenido
2025-05-22 17:44:31,834 [INFO] Movimiento detenido
2025-05-22 17:44:31,945 [INFO] Movimiento detenido
2025-05-22 17:44:32,057 [INFO] Movimiento detenido
2025-05-22 17:44:32,168 [INFO] Movimiento detenido
2025-05-22 17:44:32,279 [INFO] Movimiento detenido
2025-05-22 17:44:32,390 [INFO] Movimiento detenido
2025-05-22 17:44:32,501 [INFO] Movimiento detenido
2025-05-22 17:44:32,614 [INFO] Movimiento detenido
2025-05-22 17:44:32,631 [INFO] Lectura BMP390
2025-05-22 17:44:32,730 [INFO] Movimiento detenido
2025-05-22 17:44:32,814 [INFO] Lectura LTR390
2025-05-22 17:44:32,826 [INFO] Lectura desde ESP32-S3 por serial
2025-05-22 17:44:32,852 [INFO] Movimiento detenido
2025-05-22 17:44:32,965 [INFO] Movimiento detenido
2025-05-22 17:44:33,077 [INFO] Movimiento detenido
2025-05-22 17:44:33,189 [INFO] Movimiento detenido
2025-05-22 17:44:33,302 [INFO] Movimiento detenido
2025-05-22 17:44:33,414 [INFO] Movimiento detenido
2025-05-22 17:44:33,526 [INFO] Movimiento detenido
2025-05-22 17:44:33,639 [INFO] Movimiento detenido
2025-05-22 17:44:33,752 [INFO] Movimiento detenido
2025-05-22 17:44:33,865 [INFO] Movimiento detenido
2025-05-22 17:44:33,977 [INFO] Movimiento detenido
2025-05-22 17:44:34,089 [INFO] Movimiento detenido
2025-05-22 17:44:34,201 [INFO] Movimiento detenido
2025-05-22 17:44:34,313 [INFO] Movimiento detenido
2025-05-22 17:44:34,425 [INFO] Movimiento detenido
2025-05-22 17:44:34,538 [INFO] Movimiento detenido
2025-05-22 17:44:34,650 [INFO] Movimiento detenido
2025-05-22 17:44:34,762 [INFO] Movimiento detenido
2025-05-22 17:44:34,874 [INFO] Movimiento detenido
2025-05-22 17:44:34,986 [INFO] Movimiento detenido
2025-05-22 17:44:35,098 [INFO] Movimiento detenido
2025-05-22 17:44:35,210 [INFO] Movimiento detenido
2025-05-22 17:44:35,322 [INFO] Movimiento detenido
2025-05-22 17:44:35,434 [INFO] Movimiento detenido
2025-05-22 17:44:35,546 [INFO] Movimiento detenido
2025-05-22 17:44:35,658 [INFO] Movimiento detenido
2025-05-22 17:44:35,770 [INFO] Movimiento detenido
2025-05-22 17:44:35,882 [INFO] Movimiento detenido
2025-05-22 17:44:35,994 [INFO] Movimiento detenido
2025-05-22 17:44:36,106 [INFO] Movimiento detenido
2025-05-22 17:44:36,219 [INFO] Movimiento detenido
2025-05-22 17:44:36,331 [INFO] Movimiento detenido
2025-05-22 17:44:36,443 [INFO] Movimiento detenido
2025-05-22 17:44:36,555 [INFO] Movimiento detenido
2025-05-22 17:44:36,668 [INFO] Movimiento detenido
2025-05-22 17:44:36,781 [INFO] Movimiento detenido
2025-05-22 17:44:36,894 [INFO] Movimiento detenido
2025-05-22 17:44:37,005 [INFO] Movimiento detenido
2025-05-22 17:44:37,117 [INFO] Movimiento detenido
2025-05-22 17:44:37,209 [INFO] Lectura datos climáticos NASA
2025-05-22 17:44:37,210 [INFO] Datos JSON preparados para envío
2025-05-22 17:44:37,228 [INFO] Movimiento detenido
2025-05-22 17:44:37,339 [INFO] Movimiento detenido
2025-05-22 17:44:37,451 [INFO] Movimiento detenido
2025-05-22 17:44:37,562 [INFO] Movimiento detenido
2025-05-22 17:44:37,675 [INFO] Movimiento detenido
2025-05-22 17:44:37,788 [INFO] Movimiento detenido
2025-05-22 17:44:37,902 [INFO] Movimiento detenido
2025-05-22 17:44:38,014 [INFO] Movimiento detenido
2025-05-22 17:44:38,125 [INFO] Movimiento detenido
2025-05-22 17:44:38,238 [INFO] Movimiento detenido
2025-05-22 17:44:38,261 [INFO] Lectura BMP390
2025-05-22 17:44:38,352 [INFO] Movimiento detenido
2025-05-22 17:44:38,442 [INFO] Lectura LTR390
2025-05-22 17:44:38,447 [INFO] Lectura desde ESP32-S3 por serial
2025-05-22 17:44:38,466 [INFO] Movimiento detenido
2025-05-22 17:44:38,578 [INFO] Movimiento detenido
2025-05-22 17:44:38,689 [INFO] Movimiento detenido
2025-05-22 17:44:38,801 [INFO] Movimiento detenido
2025-05-22 17:44:38,914 [INFO] Movimiento detenido
2025-05-22 17:44:39,027 [INFO] Movimiento detenido
2025-05-22 17:44:39,139 [INFO] Movimiento detenido
2025-05-22 17:44:39,252 [INFO] Movimiento detenido
2025-05-22 17:44:39,365 [INFO] Movimiento detenido
2025-05-22 17:44:39,476 [INFO] Movimiento detenido
2025-05-22 17:44:39,587 [INFO] Movimiento detenido
2025-05-22 17:44:39,698 [INFO] Movimiento detenido
2025-05-22 17:44:39,810 [INFO] Movimiento detenido
2025-05-22 17:44:39,921 [INFO] Movimiento detenido
2025-05-22 17:44:40,032 [INFO] Movimiento detenido
2025-05-22 17:44:40,144 [INFO] Movimiento detenido
2025-05-22 17:44:40,255 [INFO] Movimiento detenido
2025-05-22 17:44:40,368 [INFO] Movimiento detenido
2025-05-22 17:44:40,480 [INFO] Movimiento detenido
2025-05-22 17:44:40,592 [INFO] Movimiento detenido
2025-05-22 17:44:40,705 [INFO] Movimiento detenido
2025-05-22 17:44:40,818 [INFO] Movimiento detenido
2025-05-22 17:44:40,930 [INFO] Movimiento detenido
2025-05-22 17:44:41,043 [INFO] Movimiento detenido
2025-05-22 17:44:41,156 [INFO] Movimiento detenido
2025-05-22 17:44:41,268 [INFO] Movimiento detenido
2025-05-22 17:44:41,381 [INFO] Movimiento detenido
2025-05-22 17:44:41,493 [INFO] Movimiento detenido
2025-05-22 17:44:41,546 [INFO] Lectura datos climáticos NASA
2025-05-22 17:44:41,549 [INFO] Datos JSON preparados para envío
2025-05-22 17:44:41,605 [INFO] Movimiento detenido
2025-05-22 17:44:41,718 [INFO] Movimiento detenido
2025-05-22 17:44:41,830 [INFO] Movimiento detenido
2025-05-22 17:44:41,941 [INFO] Movimiento detenido
2025-05-22 17:44:42,052 [INFO] Movimiento detenido
2025-05-22 17:44:42,164 [INFO] Movimiento detenido
2025-05-22 17:44:42,276 [INFO] Movimiento detenido
2025-05-22 17:44:42,387 [INFO] Movimiento detenido
2025-05-22 17:44:42,498 [INFO] Movimiento detenido
2025-05-22 17:44:42,602 [INFO] Lectura BMP390
2025-05-22 17:44:42,610 [INFO] Movimiento detenido
2025-05-22 17:44:42,722 [INFO] Movimiento detenido
2025-05-22 17:44:42,784 [INFO] Lectura LTR390
2025-05-22 17:44:42,796 [INFO] Lectura desde ESP32-S3 por serial
2025-05-22 17:44:42,835 [INFO] Movimiento detenido
2025-05-22 17:44:42,947 [INFO] Movimiento detenido
2025-05-22 17:44:43,061 [INFO] Movimiento detenido
2025-05-22 17:44:43,174 [INFO] Movimiento detenido
2025-05-22 17:44:43,286 [INFO] Movimiento detenido
2025-05-22 17:44:43,398 [INFO] Movimiento detenido
2025-05-22 17:44:43,510 [INFO] Movimiento detenido
2025-05-22 17:44:43,622 [INFO] Movimiento detenido
2025-05-22 17:44:43,734 [INFO] Movimiento detenido
2025-05-22 17:44:43,846 [INFO] Movimiento detenido
2025-05-22 17:44:43,958 [INFO] Movimiento detenido
2025-05-22 17:44:44,070 [INFO] Movimiento detenido
2025-05-22 17:44:44,182 [INFO] Movimiento detenido
2025-05-22 17:44:44,294 [INFO] Movimiento detenido
2025-05-22 17:44:44,406 [INFO] Movimiento detenido
2025-05-22 17:44:44,518 [INFO] Movimiento detenido
2025-05-22 17:44:44,630 [INFO] Movimiento detenido
2025-05-22 17:44:44,742 [INFO] Movimiento detenido
2025-05-22 17:44:44,853 [INFO] Movimiento detenido
2025-05-22 17:44:44,965 [INFO] Movimiento detenido
2025-05-22 17:44:45,077 [INFO] Movimiento detenido
2025-05-22 17:44:45,189 [INFO] Movimiento detenido
2025-05-22 17:44:45,301 [INFO] Movimiento detenido
2025-05-22 17:44:45,413 [INFO] Movimiento detenido
2025-05-22 17:44:45,525 [INFO] Movimiento detenido
2025-05-22 17:44:45,637 [INFO] Movimiento detenido
2025-05-22 17:44:45,749 [INFO] Movimiento detenido
2025-05-22 17:44:45,861 [INFO] Movimiento detenido
2025-05-22 17:44:45,973 [INFO] Movimiento detenido
2025-05-22 17:44:46,085 [INFO] Movimiento detenido
2025-05-22 17:44:46,197 [INFO] Movimiento detenido
2025-05-22 17:44:46,309 [INFO] Movimiento detenido
2025-05-22 17:44:46,418 [INFO] Lectura datos climáticos NASA
2025-05-22 17:44:46,422 [INFO] Datos JSON preparados para envío
2025-05-22 17:44:46,423 [INFO] Movimiento detenido
2025-05-22 17:44:46,539 [INFO] Movimiento detenido
2025-05-22 17:44:46,651 [INFO] Movimiento detenido
2025-05-22 17:44:46,764 [INFO] Movimiento detenido
2025-05-22 17:44:46,877 [INFO] Movimiento detenido
2025-05-22 17:44:46,988 [INFO] Movimiento detenido
2025-05-22 17:44:47,100 [INFO] Movimiento detenido
2025-05-22 17:44:47,212 [INFO] Movimiento detenido
2025-05-22 17:44:47,325 [INFO] Movimiento detenido
2025-05-22 17:44:47,436 [INFO] Movimiento detenido
2025-05-22 17:44:47,479 [INFO] Lectura BMP390
2025-05-22 17:44:47,551 [INFO] Movimiento detenido
2025-05-22 17:44:47,662 [INFO] Lectura LTR390
2025-05-22 17:44:47,668 [INFO] Lectura desde ESP32-S3 por serial
2025-05-22 17:44:47,668 [INFO] Movimiento detenido
2025-05-22 17:44:47,783 [INFO] Movimiento detenido
2025-05-22 17:44:47,896 [INFO] Movimiento detenido
2025-05-22 17:44:48,008 [INFO] Movimiento detenido
2025-05-22 17:44:48,120 [INFO] Movimiento detenido
2025-05-22 17:44:48,233 [INFO] Movimiento detenido
2025-05-22 17:44:48,345 [INFO] Movimiento detenido
2025-05-22 17:44:48,457 [INFO] Movimiento detenido
2025-05-22 17:44:48,569 [INFO] Movimiento detenido
2025-05-22 17:44:48,681 [INFO] Movimiento detenido
2025-05-22 17:44:48,794 [INFO] Movimiento detenido
2025-05-22 17:44:48,906 [INFO] Movimiento detenido
2025-05-22 17:44:49,018 [INFO] Movimiento detenido
2025-05-22 17:44:49,130 [INFO] Movimiento detenido
2025-05-22 17:44:49,242 [INFO] Movimiento detenido
2025-05-22 17:44:49,354 [INFO] Movimiento detenido
2025-05-22 17:44:49,467 [INFO] Movimiento detenido
2025-05-22 17:44:49,578 [INFO] Movimiento detenido
2025-05-22 17:44:49,691 [INFO] Movimiento detenido
2025-05-22 17:44:49,804 [INFO] Movimiento detenido
2025-05-22 17:44:49,917 [INFO] Movimiento detenido
2025-05-22 17:44:50,030 [INFO] Movimiento detenido
2025-05-22 17:44:50,143 [INFO] Movimiento detenido
2025-05-22 17:44:50,256 [INFO] Movimiento detenido
2025-05-22 17:44:50,368 [INFO] Movimiento detenido
2025-05-22 17:44:50,480 [INFO] Movimiento detenido
2025-05-22 17:44:50,591 [INFO] Movimiento detenido
2025-05-22 17:44:50,702 [INFO] Movimiento detenido
2025-05-22 17:44:50,814 [INFO] Movimiento detenido
2025-05-22 17:44:50,925 [INFO] Movimiento detenido
2025-05-22 17:44:51,036 [INFO] Movimiento detenido
2025-05-22 17:44:51,064 [INFO] Lectura datos climáticos NASA
2025-05-22 17:44:51,067 [INFO] Datos JSON preparados para envío
2025-05-22 17:44:51,148 [INFO] Movimiento detenido
2025-05-22 17:44:51,261 [INFO] Movimiento detenido
2025-05-22 17:44:51,373 [INFO] Movimiento detenido
2025-05-22 17:44:51,484 [INFO] Movimiento detenido
2025-05-22 17:44:51,596 [INFO] Movimiento detenido
2025-05-22 17:44:51,710 [INFO] Movimiento detenido
2025-05-22 17:44:51,822 [INFO] Movimiento detenido
2025-05-22 17:44:51,933 [INFO] Movimiento detenido
2025-05-22 17:44:52,044 [INFO] Movimiento detenido
2025-05-22 17:44:52,117 [INFO] Lectura BMP390
2025-05-22 17:44:52,155 [INFO] Movimiento detenido
2025-05-22 17:44:52,267 [INFO] Movimiento detenido
2025-05-22 17:44:52,294 [INFO] Lectura LTR390
2025-05-22 17:44:52,297 [INFO] Lectura desde ESP32-S3 por serial
2025-05-22 17:44:52,378 [INFO] Movimiento detenido
2025-05-22 17:44:52,489 [INFO] Movimiento detenido
2025-05-22 17:44:52,600 [INFO] Movimiento detenido
2025-05-22 17:44:52,713 [INFO] Movimiento detenido
2025-05-22 17:44:52,826 [INFO] Movimiento detenido
2025-05-22 17:44:52,940 [INFO] Movimiento detenido
2025-05-22 17:44:53,053 [INFO] Movimiento detenido
2025-05-22 17:44:53,165 [INFO] Movimiento detenido
2025-05-22 17:44:53,277 [INFO] Movimiento detenido
2025-05-22 17:44:53,389 [INFO] Movimiento detenido
2025-05-22 17:44:53,501 [INFO] Movimiento detenido
2025-05-22 17:44:53,613 [INFO] Movimiento detenido
2025-05-22 17:44:53,725 [INFO] Movimiento detenido
2025-05-22 17:44:53,837 [INFO] Movimiento detenido
2025-05-22 17:44:53,950 [INFO] Movimiento detenido
2025-05-22 17:44:54,062 [INFO] Movimiento detenido
2025-05-22 17:44:54,175 [INFO] Movimiento detenido
2025-05-22 17:44:54,287 [INFO] Movimiento detenido
2025-05-22 17:44:54,399 [INFO] Movimiento detenido
2025-05-22 17:44:54,511 [INFO] Movimiento detenido
2025-05-22 17:44:54,623 [INFO] Movimiento detenido
2025-05-22 17:44:54,735 [INFO] Movimiento detenido
2025-05-22 17:44:54,847 [INFO] Movimiento detenido
2025-05-22 17:44:54,959 [INFO] Movimiento detenido
2025-05-22 17:44:55,071 [INFO] Movimiento detenido
2025-05-22 17:44:55,183 [INFO] Movimiento detenido
2025-05-22 17:44:55,295 [INFO] Movimiento detenido
2025-05-22 17:44:55,407 [INFO] Movimiento detenido
2025-05-22 17:44:55,519 [INFO] Movimiento detenido
2025-05-22 17:44:55,631 [INFO] Movimiento detenido
2025-05-22 17:44:55,744 [INFO] Movimiento detenido
2025-05-22 17:44:55,856 [INFO] Movimiento detenido
2025-05-22 17:44:55,969 [INFO] Movimiento detenido
2025-05-22 17:44:56,023 [INFO] Lectura datos climáticos NASA
2025-05-22 17:44:56,026 [INFO] Datos JSON preparados para envío
2025-05-22 17:44:56,081 [INFO] Movimiento detenido
2025-05-22 17:44:56,193 [INFO] Movimiento detenido
2025-05-22 17:44:56,306 [INFO] Movimiento detenido
2025-05-22 17:44:56,418 [INFO] Movimiento detenido
2025-05-22 17:44:56,530 [INFO] Movimiento detenido
2025-05-22 17:44:56,643 [INFO] Movimiento detenido
2025-05-22 17:44:56,755 [INFO] Movimiento detenido
2025-05-22 17:44:56,868 [INFO] Movimiento detenido
2025-05-22 17:44:56,980 [INFO] Movimiento detenido
2025-05-22 17:44:57,076 [INFO] Lectura BMP390
2025-05-22 17:44:57,091 [INFO] Movimiento detenido
2025-05-22 17:44:57,202 [INFO] Movimiento detenido
2025-05-22 17:44:57,254 [INFO] Lectura LTR390
2025-05-22 17:44:57,257 [INFO] Lectura desde ESP32-S3 por serial
2025-05-22 17:44:57,314 [INFO] Movimiento detenido
2025-05-22 17:44:57,426 [INFO] Movimiento detenido
2025-05-22 17:44:57,537 [INFO] Movimiento detenido
2025-05-22 17:44:57,650 [INFO] Movimiento detenido
2025-05-22 17:44:57,763 [INFO] Movimiento detenido
2025-05-22 17:44:57,874 [INFO] Movimiento detenido
2025-05-22 17:44:57,986 [INFO] Movimiento detenido
2025-05-22 17:44:58,098 [INFO] Movimiento detenido
2025-05-22 17:44:58,210 [INFO] Movimiento detenido
2025-05-22 17:44:58,321 [INFO] Movimiento detenido
2025-05-22 17:44:58,433 [INFO] Movimiento detenido
2025-05-22 17:44:58,545 [INFO] Movimiento detenido
2025-05-22 17:44:58,656 [INFO] Movimiento detenido
2025-05-22 17:44:58,768 [INFO] Movimiento detenido
2025-05-22 17:44:58,879 [INFO] Movimiento detenido
2025-05-22 17:44:58,991 [INFO] Movimiento detenido
2025-05-22 17:44:59,103 [INFO] Movimiento detenido
2025-05-22 17:44:59,214 [INFO] Movimiento detenido
2025-05-22 17:44:59,325 [INFO] Movimiento detenido
2025-05-22 17:44:59,437 [INFO] Movimiento detenido
2025-05-22 17:44:59,549 [INFO] Movimiento detenido
2025-05-22 17:44:59,660 [INFO] Movimiento detenido
2025-05-22 17:44:59,772 [INFO] Movimiento detenido
2025-05-22 17:44:59,883 [INFO] Movimiento detenido
2025-05-22 17:44:59,995 [INFO] Movimiento detenido
2025-05-22 17:45:00,107 [INFO] Movimiento detenido
2025-05-22 17:45:00,218 [INFO] Movimiento detenido
2025-05-22 17:45:00,329 [INFO] Movimiento detenido
2025-05-22 17:45:00,440 [INFO] Movimiento detenido
2025-05-22 17:45:00,552 [INFO] Movimiento detenido
2025-05-22 17:45:00,664 [INFO] Movimiento detenido
2025-05-22 17:45:00,775 [INFO] Movimiento detenido
2025-05-22 17:45:00,887 [INFO] Movimiento detenido
2025-05-22 17:45:00,998 [INFO] Movimiento detenido
2025-05-22 17:45:01,070 [INFO] Lectura datos climáticos NASA
2025-05-22 17:45:01,073 [INFO] Datos JSON preparados para envío
2025-05-22 17:45:01,110 [INFO] Movimiento detenido
2025-05-22 17:45:01,221 [INFO] Movimiento detenido
2025-05-22 17:45:01,333 [INFO] Movimiento detenido
2025-05-22 17:45:01,444 [INFO] Movimiento detenido
2025-05-22 17:45:01,555 [INFO] Movimiento detenido
2025-05-22 17:45:01,668 [INFO] Movimiento detenido
2025-05-22 17:45:01,781 [INFO] Movimiento detenido
2025-05-22 17:45:01,892 [INFO] Movimiento detenido
2025-05-22 17:45:02,004 [INFO] Movimiento detenido
2025-05-22 17:45:02,115 [INFO] Movimiento detenido
2025-05-22 17:45:02,129 [INFO] Lectura BMP390
2025-05-22 17:45:02,230 [INFO] Movimiento detenido
2025-05-22 17:45:02,310 [INFO] Lectura LTR390
2025-05-22 17:45:02,316 [INFO] Lectura desde ESP32-S3 por serial
2025-05-22 17:45:02,343 [INFO] Movimiento detenido
2025-05-22 17:45:02,454 [INFO] Movimiento detenido
2025-05-22 17:45:02,565 [INFO] Movimiento detenido
2025-05-22 17:45:02,676 [INFO] Movimiento detenido
2025-05-22 17:45:02,787 [INFO] Movimiento detenido
2025-05-22 17:45:02,898 [INFO] Movimiento detenido
2025-05-22 17:45:03,010 [INFO] Movimiento detenido
2025-05-22 17:45:03,122 [INFO] Movimiento detenido
2025-05-22 17:45:03,234 [INFO] Movimiento detenido
2025-05-22 17:45:03,347 [INFO] Movimiento detenido
2025-05-22 17:45:03,459 [INFO] Movimiento detenido
2025-05-22 17:45:03,571 [INFO] Movimiento detenido
2025-05-22 17:45:03,683 [INFO] Movimiento detenido
2025-05-22 17:45:03,795 [INFO] Movimiento detenido
2025-05-22 17:45:03,908 [INFO] Movimiento detenido
2025-05-22 17:45:04,020 [INFO] Movimiento detenido
2025-05-22 17:45:04,134 [INFO] Movimiento detenido
2025-05-22 17:45:04,247 [INFO] Movimiento detenido
2025-05-22 17:45:04,359 [INFO] Movimiento detenido
2025-05-22 17:45:04,471 [INFO] Movimiento detenido
2025-05-22 17:45:04,584 [INFO] Movimiento detenido
2025-05-22 17:45:04,696 [INFO] Movimiento detenido
2025-05-22 17:45:04,808 [INFO] Movimiento detenido
2025-05-22 17:45:04,920 [INFO] Movimiento detenido
2025-05-22 17:45:05,032 [INFO] Movimiento detenido
2025-05-22 17:45:05,144 [INFO] Movimiento detenido
2025-05-22 17:45:05,256 [INFO] Movimiento detenido
2025-05-22 17:45:05,368 [INFO] Movimiento detenido
2025-05-22 17:45:05,480 [INFO] Movimiento detenido
2025-05-22 17:45:05,592 [INFO] Movimiento detenido
2025-05-22 17:45:05,704 [INFO] Movimiento detenido
2025-05-22 17:45:05,816 [INFO] Movimiento detenido
2025-05-22 17:45:05,929 [INFO] Movimiento detenido
2025-05-22 17:45:06,041 [INFO] Movimiento detenido
2025-05-22 17:45:06,153 [INFO] Movimiento detenido
2025-05-22 17:45:06,217 [INFO] Lectura datos climáticos NASA
2025-05-22 17:45:06,220 [INFO] Datos JSON preparados para envío
2025-05-22 17:45:06,265 [INFO] Movimiento detenido
2025-05-22 17:45:06,377 [INFO] Movimiento detenido
2025-05-22 17:45:06,489 [INFO] Movimiento detenido
2025-05-22 17:45:06,601 [INFO] Movimiento detenido
2025-05-22 17:45:06,721 [INFO] Movimiento detenido
2025-05-22 17:45:06,834 [INFO] Movimiento detenido
2025-05-22 17:45:06,945 [INFO] Movimiento detenido
2025-05-22 17:45:07,056 [INFO] Movimiento detenido
2025-05-22 17:45:07,168 [INFO] Movimiento detenido
2025-05-22 17:45:07,270 [INFO] Lectura BMP390
2025-05-22 17:45:07,279 [INFO] Movimiento detenido
2025-05-22 17:45:07,390 [INFO] Movimiento detenido
2025-05-22 17:45:07,448 [INFO] Lectura LTR390
2025-05-22 17:45:07,451 [INFO] Lectura desde ESP32-S3 por serial
2025-05-22 17:45:07,502 [INFO] Movimiento detenido
2025-05-22 17:45:07,614 [INFO] Movimiento detenido
2025-05-22 17:45:07,727 [INFO] Movimiento detenido
2025-05-22 17:45:07,840 [INFO] Movimiento detenido
2025-05-22 17:45:07,952 [INFO] Movimiento detenido
2025-05-22 17:45:08,064 [INFO] Movimiento detenido
2025-05-22 17:45:08,177 [INFO] Movimiento detenido
2025-05-22 17:45:08,290 [INFO] Movimiento detenido
2025-05-22 17:45:08,403 [INFO] Movimiento detenido
2025-05-22 17:45:08,515 [INFO] Movimiento detenido
2025-05-22 17:45:08,627 [INFO] Movimiento detenido
2025-05-22 17:45:08,739 [INFO] Movimiento detenido
2025-05-22 17:45:08,851 [INFO] Movimiento detenido
2025-05-22 17:45:08,964 [INFO] Movimiento detenido
2025-05-22 17:45:09,076 [INFO] Movimiento detenido
2025-05-22 17:45:09,189 [INFO] Movimiento detenido
2025-05-22 17:45:09,301 [INFO] Movimiento detenido
2025-05-22 17:45:09,413 [INFO] Movimiento detenido
2025-05-22 17:45:09,525 [INFO] Movimiento detenido
2025-05-22 17:45:09,637 [INFO] Movimiento detenido
2025-05-22 17:45:09,749 [INFO] Movimiento detenido
2025-05-22 17:45:09,861 [INFO] Movimiento detenido
2025-05-22 17:45:09,974 [INFO] Movimiento detenido
2025-05-22 17:45:10,085 [INFO] Movimiento detenido
2025-05-22 17:45:10,197 [INFO] Movimiento detenido
2025-05-22 17:45:10,310 [INFO] Movimiento detenido
2025-05-22 17:45:10,422 [INFO] Movimiento detenido
2025-05-22 17:45:10,489 [INFO] Lectura datos climáticos NASA
2025-05-22 17:45:10,494 [INFO] Datos JSON preparados para envío
2025-05-22 17:45:10,534 [INFO] Movimiento detenido
2025-05-22 17:45:10,646 [INFO] Movimiento detenido
2025-05-22 17:45:10,759 [INFO] Movimiento detenido
2025-05-22 17:45:10,872 [INFO] Movimiento detenido
2025-05-22 17:45:10,984 [INFO] Movimiento detenido
2025-05-22 17:45:11,096 [INFO] Movimiento detenido
2025-05-22 17:46:32,257 [INFO] Inicio del sistema
2025-05-22 17:46:33,349 [INFO] Movimiento detenido
2025-05-22 17:46:33,471 [INFO] Lectura BMP390
2025-05-22 17:46:33,562 [INFO] [31m[1mWARNING: This is a development server. Do not use it in a production deployment. Use a production WSGI server instead.[0m
 * Running on all addresses (0.0.0.0)
 * Running on http://127.0.0.1:5000
 * Running on http://192.168.95.239:5000
2025-05-22 17:46:33,564 [INFO] [33mPress CTRL+C to quit[0m
2025-05-22 17:46:33,573 [ERROR] Error en el servidor web: signal only works in main thread of the main interpreter
2025-05-22 17:46:33,579 [INFO] Movimiento detenido
2025-05-22 17:46:33,698 [INFO] Lectura LTR390
2025-05-22 17:46:33,712 [WARNING] Lectura serial fallida o formato incorrecto
2025-05-22 17:46:33,715 [WARNING] GPS sin señal
2025-05-22 17:46:33,717 [INFO] Datos JSON preparados para envío
2025-05-22 17:46:33,721 [INFO] Movimiento detenido
2025-05-22 17:46:33,851 [INFO] Movimiento detenido
2025-05-22 17:46:33,985 [INFO] Movimiento detenido
2025-05-22 17:46:34,102 [INFO] Movimiento detenido
2025-05-22 17:46:34,217 [INFO] Movimiento detenido
2025-05-22 17:46:34,329 [INFO] Movimiento detenido
2025-05-22 17:46:34,454 [INFO] Movimiento detenido
2025-05-22 17:46:34,571 [INFO] Movimiento detenido
2025-05-22 17:46:34,695 [INFO] Movimiento detenido
2025-05-22 17:46:34,775 [INFO] Lectura BMP390
2025-05-22 17:46:34,818 [INFO] Movimiento detenido
2025-05-22 17:46:34,933 [INFO] Movimiento detenido
2025-05-22 17:46:34,971 [INFO] Lectura LTR390
2025-05-22 17:46:34,975 [INFO] Lectura desde ESP32-S3 por serial
2025-05-22 17:46:34,982 [WARNING] GPS sin señal
2025-05-22 17:46:34,996 [INFO] Datos JSON preparados para envío
2025-05-22 17:46:35,053 [INFO] Movimiento detenido
2025-05-22 17:46:35,175 [INFO] Movimiento detenido
2025-05-22 17:46:35,293 [INFO] Movimiento detenido
2025-05-22 17:46:35,413 [INFO] Movimiento detenido
2025-05-22 17:46:35,537 [INFO] Movimiento detenido
2025-05-22 17:46:35,651 [INFO] Movimiento detenido
2025-05-22 17:46:35,780 [INFO] Movimiento detenido
2025-05-22 17:46:35,897 [INFO] Movimiento detenido
2025-05-22 17:46:36,027 [INFO] Movimiento detenido
2025-05-22 17:46:36,050 [INFO] Lectura BMP390
2025-05-22 17:46:36,147 [INFO] Movimiento detenido
2025-05-22 17:46:36,238 [INFO] Lectura LTR390
2025-05-22 17:46:36,242 [INFO] Lectura desde ESP32-S3 por serial
2025-05-22 17:46:36,283 [INFO] Movimiento detenido
2025-05-22 17:46:36,416 [INFO] Movimiento detenido
2025-05-22 17:46:36,536 [INFO] Movimiento detenido
2025-05-22 17:46:36,652 [INFO] Movimiento detenido
2025-05-22 17:46:36,769 [INFO] Movimiento detenido
2025-05-22 17:46:36,887 [INFO] Movimiento detenido
2025-05-22 17:46:37,003 [INFO] Movimiento detenido
2025-05-22 17:46:37,125 [INFO] Movimiento detenido
2025-05-22 17:46:37,240 [INFO] Movimiento detenido
2025-05-22 17:46:37,354 [INFO] Movimiento detenido
2025-05-22 17:46:37,468 [INFO] Movimiento detenido
2025-05-22 17:46:37,586 [INFO] Movimiento detenido
2025-05-22 17:46:37,701 [INFO] Movimiento detenido
2025-05-22 17:46:37,822 [INFO] Movimiento detenido
2025-05-22 17:46:37,950 [INFO] Movimiento detenido
2025-05-22 17:46:38,066 [INFO] Movimiento detenido
2025-05-22 17:46:38,181 [INFO] Movimiento detenido
2025-05-22 17:46:38,298 [INFO] Movimiento detenido
2025-05-22 17:46:38,414 [INFO] Movimiento detenido
2025-05-22 17:46:38,532 [INFO] Movimiento detenido
2025-05-22 17:46:38,662 [INFO] Movimiento detenido
2025-05-22 17:46:38,774 [INFO] Movimiento detenido
2025-05-22 17:46:38,886 [INFO] Movimiento detenido
2025-05-22 17:46:38,999 [INFO] Movimiento detenido
2025-05-22 17:46:39,113 [INFO] Movimiento detenido
2025-05-22 17:46:39,226 [INFO] Movimiento detenido
2025-05-22 17:46:39,340 [INFO] Movimiento detenido
2025-05-22 17:46:39,455 [INFO] Movimiento detenido
2025-05-22 17:46:39,571 [INFO] Movimiento detenido
2025-05-22 17:46:39,686 [INFO] Movimiento detenido
2025-05-22 17:46:39,801 [INFO] Movimiento detenido
2025-05-22 17:46:39,922 [INFO] Movimiento detenido
2025-05-22 17:46:40,039 [INFO] Movimiento detenido
2025-05-22 17:46:40,156 [INFO] Movimiento detenido
2025-05-22 17:46:40,271 [INFO] Movimiento detenido
2025-05-22 17:46:40,302 [INFO] Lectura datos climáticos NASA
2025-05-22 17:46:40,307 [INFO] Datos JSON preparados para envío
2025-05-22 17:46:40,390 [INFO] Movimiento detenido
2025-05-22 17:46:40,505 [INFO] Movimiento detenido
2025-05-22 17:46:40,621 [INFO] Movimiento detenido
2025-05-22 17:46:40,735 [INFO] Movimiento detenido
2025-05-22 17:46:40,848 [INFO] Movimiento detenido
2025-05-22 17:46:40,963 [INFO] Movimiento detenido
2025-05-22 17:46:41,079 [INFO] Movimiento detenido
2025-05-22 17:46:41,201 [INFO] Movimiento detenido
2025-05-22 17:46:41,315 [INFO] Movimiento detenido
2025-05-22 17:46:41,365 [INFO] Lectura BMP390
2025-05-22 17:46:41,438 [INFO] Movimiento detenido
2025-05-22 17:46:41,548 [INFO] Lectura LTR390
2025-05-22 17:46:41,553 [INFO] Movimiento detenido
2025-05-22 17:46:41,557 [INFO] Lectura desde ESP32-S3 por serial
2025-05-22 17:46:41,685 [INFO] Movimiento detenido
2025-05-22 17:46:41,798 [INFO] Movimiento detenido
2025-05-22 17:46:41,911 [INFO] Movimiento detenido
2025-05-22 17:46:42,023 [INFO] Movimiento detenido
2025-05-22 17:46:42,134 [INFO] Movimiento detenido
2025-05-22 17:46:42,246 [INFO] Movimiento detenido
2025-05-22 17:46:42,357 [INFO] Movimiento detenido
2025-05-22 17:46:42,470 [INFO] Movimiento detenido
2025-05-22 17:46:42,582 [INFO] Movimiento detenido
2025-05-22 17:46:42,694 [INFO] Movimiento detenido
2025-05-22 17:46:42,806 [INFO] Movimiento detenido
2025-05-22 17:46:42,918 [INFO] Movimiento detenido
2025-05-22 17:46:43,030 [INFO] Movimiento detenido
2025-05-22 17:46:43,142 [INFO] Movimiento detenido
2025-05-22 17:46:43,254 [INFO] Movimiento detenido
2025-05-22 17:46:43,366 [INFO] Movimiento detenido
2025-05-22 17:46:43,478 [INFO] Movimiento detenido
2025-05-22 17:46:43,590 [INFO] Movimiento detenido
2025-05-22 17:46:43,702 [INFO] Movimiento detenido
2025-05-22 17:46:43,814 [INFO] Movimiento detenido
2025-05-22 17:46:43,926 [INFO] Movimiento detenido
2025-05-22 17:46:44,038 [INFO] Movimiento detenido
2025-05-22 17:46:44,151 [INFO] Movimiento detenido
2025-05-22 17:46:44,263 [INFO] Movimiento detenido
2025-05-22 17:46:44,375 [INFO] Movimiento detenido
2025-05-22 17:46:44,488 [INFO] Movimiento detenido
2025-05-22 17:46:44,600 [INFO] Movimiento detenido
2025-05-22 17:46:44,713 [INFO] Movimiento detenido
2025-05-22 17:46:44,825 [INFO] Movimiento detenido
2025-05-22 17:46:44,937 [INFO] Movimiento detenido
2025-05-22 17:46:45,012 [INFO] Lectura datos climáticos NASA
2025-05-22 17:46:45,014 [INFO] Datos JSON preparados para envío
2025-05-22 17:46:45,049 [INFO] Movimiento detenido
2025-05-22 17:46:45,161 [INFO] Movimiento detenido
2025-05-22 17:46:45,272 [INFO] Movimiento detenido
2025-05-22 17:46:45,384 [INFO] Movimiento detenido
2025-05-22 17:46:45,495 [INFO] Movimiento detenido
2025-05-22 17:46:45,606 [INFO] Movimiento detenido
2025-05-22 17:46:45,717 [INFO] Movimiento detenido
2025-05-22 17:46:45,829 [INFO] Movimiento detenido
2025-05-22 17:46:45,941 [INFO] Movimiento detenido
2025-05-22 17:46:46,054 [INFO] Movimiento detenido
2025-05-22 17:46:46,067 [INFO] Lectura BMP390
2025-05-22 17:46:46,171 [INFO] Movimiento detenido
2025-05-22 17:46:46,250 [INFO] Lectura LTR390
2025-05-22 17:46:46,256 [INFO] Lectura desde ESP32-S3 por serial
2025-05-22 17:46:46,284 [INFO] Movimiento detenido
2025-05-22 17:46:46,397 [INFO] Movimiento detenido
2025-05-22 17:46:46,512 [INFO] Movimiento detenido
2025-05-22 17:46:46,626 [INFO] Movimiento detenido
2025-05-22 17:46:46,737 [INFO] Movimiento detenido
2025-05-22 17:46:46,849 [INFO] Movimiento detenido
2025-05-22 17:46:46,960 [INFO] Movimiento detenido
2025-05-22 17:46:47,072 [INFO] Movimiento detenido
2025-05-22 17:46:47,185 [INFO] Movimiento detenido
2025-05-22 17:46:47,297 [INFO] Movimiento detenido
2025-05-22 17:46:47,409 [INFO] Movimiento detenido
2025-05-22 17:46:47,521 [INFO] Movimiento detenido
2025-05-22 17:46:47,633 [INFO] Movimiento detenido
2025-05-22 17:46:47,744 [INFO] Movimiento detenido
2025-05-22 17:46:47,856 [INFO] Movimiento detenido
2025-05-22 17:46:47,967 [INFO] Movimiento detenido
2025-05-22 17:46:48,079 [INFO] Movimiento detenido
2025-05-22 17:46:48,191 [INFO] Movimiento detenido
2025-05-22 17:46:48,302 [INFO] Movimiento detenido
2025-05-22 17:46:48,414 [INFO] Movimiento detenido
2025-05-22 17:46:48,526 [INFO] Movimiento detenido
2025-05-22 17:46:48,638 [INFO] Movimiento detenido
2025-05-22 17:46:48,751 [INFO] Movimiento detenido
2025-05-22 17:46:48,863 [INFO] Movimiento detenido
2025-05-22 17:46:48,975 [INFO] Movimiento detenido
2025-05-22 17:46:49,087 [INFO] Movimiento detenido
2025-05-22 17:46:49,200 [INFO] Movimiento detenido
2025-05-22 17:46:49,313 [INFO] Movimiento detenido
2025-05-22 17:46:49,426 [INFO] Movimiento detenido
2025-05-22 17:46:49,539 [INFO] Movimiento detenido
2025-05-22 17:46:49,652 [INFO] Movimiento detenido
2025-05-22 17:46:49,765 [INFO] Movimiento detenido
2025-05-22 17:46:49,877 [INFO] Movimiento detenido
2025-05-22 17:46:49,991 [INFO] Movimiento detenido
2025-05-22 17:46:50,103 [INFO] Movimiento detenido
2025-05-22 17:46:50,214 [INFO] Movimiento detenido
2025-05-22 17:46:50,271 [INFO] Lectura datos climáticos NASA
2025-05-22 17:46:50,276 [INFO] Datos JSON preparados para envío
2025-05-22 17:46:50,327 [INFO] Movimiento detenido
2025-05-22 17:46:50,440 [INFO] Movimiento detenido
2025-05-22 17:46:50,553 [INFO] Movimiento detenido
2025-05-22 17:46:50,666 [INFO] Movimiento detenido
2025-05-22 17:46:50,780 [INFO] Movimiento detenido
2025-05-22 17:46:50,893 [INFO] Movimiento detenido
2025-05-22 17:46:51,005 [INFO] Movimiento detenido
2025-05-22 17:46:51,121 [INFO] Movimiento detenido
2025-05-22 17:46:51,233 [INFO] Movimiento detenido
2025-05-22 17:46:51,328 [INFO] Lectura BMP390
2025-05-22 17:46:51,345 [INFO] Movimiento detenido
2025-05-22 17:46:51,458 [INFO] Movimiento detenido
2025-05-22 17:46:51,511 [INFO] Lectura LTR390
2025-05-22 17:46:51,518 [INFO] Lectura desde ESP32-S3 por serial
2025-05-22 17:46:51,570 [INFO] Movimiento detenido
2025-05-22 17:46:51,683 [INFO] Movimiento detenido
2025-05-22 17:46:51,798 [INFO] Movimiento detenido
2025-05-22 17:46:51,922 [INFO] Movimiento detenido
2025-05-22 17:46:52,035 [INFO] Movimiento detenido
2025-05-22 17:46:52,149 [INFO] Movimiento detenido
2025-05-22 17:46:52,265 [INFO] Movimiento detenido
2025-05-22 17:46:52,379 [INFO] Movimiento detenido
2025-05-22 17:46:52,495 [INFO] Movimiento detenido
2025-05-22 17:46:52,609 [INFO] Movimiento detenido
2025-05-22 17:46:52,723 [INFO] Movimiento detenido
2025-05-22 17:46:52,839 [INFO] Movimiento detenido
2025-05-22 17:46:52,955 [INFO] Movimiento detenido
2025-05-22 17:46:53,068 [INFO] Movimiento detenido
2025-05-22 17:46:53,179 [INFO] Movimiento detenido
2025-05-22 17:46:53,298 [INFO] Movimiento detenido
2025-05-22 17:46:53,410 [INFO] Movimiento detenido
2025-05-22 17:46:53,522 [INFO] Movimiento detenido
2025-05-22 17:46:53,635 [INFO] Movimiento detenido
2025-05-22 17:46:53,753 [INFO] Movimiento detenido
2025-05-22 17:46:53,870 [INFO] Movimiento detenido
2025-05-22 17:46:53,989 [INFO] Movimiento detenido
2025-05-22 17:46:54,102 [INFO] Movimiento detenido
2025-05-22 17:46:54,214 [INFO] Movimiento detenido
2025-05-22 17:46:54,327 [INFO] Movimiento detenido
2025-05-22 17:46:54,439 [INFO] Movimiento detenido
2025-05-22 17:46:54,552 [INFO] Movimiento detenido
2025-05-22 17:46:54,665 [INFO] Movimiento detenido
2025-05-22 17:46:54,777 [INFO] Movimiento detenido
2025-05-22 17:46:54,899 [INFO] Movimiento detenido
2025-05-22 17:46:55,011 [INFO] Movimiento detenido
2025-05-22 17:46:55,131 [INFO] Movimiento detenido
2025-05-22 17:46:55,244 [INFO] Movimiento detenido
2025-05-22 17:46:55,282 [INFO] Lectura datos climáticos NASA
2025-05-22 17:46:55,284 [INFO] Datos JSON preparados para envío
2025-05-22 17:46:55,359 [INFO] Movimiento detenido
2025-05-22 17:46:55,474 [INFO] Movimiento detenido
2025-05-22 17:46:55,589 [INFO] Movimiento detenido
2025-05-22 17:46:55,705 [INFO] Movimiento detenido
2025-05-22 17:46:55,819 [INFO] Movimiento detenido
2025-05-22 17:46:55,934 [INFO] Movimiento detenido
2025-05-22 17:46:56,049 [INFO] Movimiento detenido
2025-05-22 17:46:56,167 [INFO] Movimiento detenido
2025-05-22 17:46:56,281 [INFO] Movimiento detenido
2025-05-22 17:46:56,336 [INFO] Lectura BMP390
2025-05-22 17:46:56,397 [INFO] Movimiento detenido
2025-05-22 17:46:56,515 [INFO] Movimiento detenido
2025-05-22 17:46:56,519 [INFO] Lectura LTR390
2025-05-22 17:46:56,525 [INFO] Lectura desde ESP32-S3 por serial
2025-05-22 17:46:56,641 [INFO] Movimiento detenido
2025-05-22 17:46:56,755 [INFO] Movimiento detenido
2025-05-22 17:46:56,869 [INFO] Movimiento detenido
2025-05-22 17:46:56,983 [INFO] Movimiento detenido
2025-05-22 17:46:57,095 [INFO] Movimiento detenido
2025-05-22 17:46:57,210 [INFO] Movimiento detenido
2025-05-22 17:46:57,324 [INFO] Movimiento detenido
2025-05-22 17:46:57,436 [INFO] Movimiento detenido
2025-05-22 17:46:57,549 [INFO] Movimiento detenido
2025-05-22 17:46:57,662 [INFO] Movimiento detenido
2025-05-22 17:46:57,781 [INFO] Movimiento detenido
2025-05-22 17:46:57,902 [INFO] Movimiento detenido
2025-05-22 17:46:58,014 [INFO] Movimiento detenido
2025-05-22 17:46:58,127 [INFO] Movimiento detenido
2025-05-22 17:46:58,241 [INFO] Movimiento detenido
2025-05-22 17:46:58,352 [INFO] Movimiento detenido
2025-05-22 17:46:58,475 [INFO] Movimiento detenido
2025-05-22 17:46:58,587 [INFO] Movimiento detenido
2025-05-22 17:46:58,699 [INFO] Movimiento detenido
2025-05-22 17:46:58,813 [INFO] Movimiento detenido
2025-05-22 17:46:58,925 [INFO] Movimiento detenido
2025-05-22 17:46:59,037 [INFO] Movimiento detenido
2025-05-22 17:46:59,152 [INFO] Movimiento detenido
2025-05-22 17:46:59,269 [INFO] Movimiento detenido
2025-05-22 17:46:59,385 [INFO] Movimiento detenido
2025-05-22 17:46:59,500 [INFO] Movimiento detenido
2025-05-22 17:46:59,616 [INFO] Movimiento detenido
2025-05-22 17:46:59,735 [INFO] Movimiento detenido
2025-05-22 17:46:59,851 [INFO] Movimiento detenido
2025-05-22 17:46:59,970 [INFO] Movimiento detenido
2025-05-22 17:47:00,092 [INFO] Movimiento detenido
2025-05-22 17:47:00,153 [INFO] Lectura datos climáticos NASA
2025-05-22 17:47:00,157 [INFO] Datos JSON preparados para envío
2025-05-22 17:47:00,209 [INFO] Movimiento detenido
2025-05-22 17:47:00,322 [INFO] Movimiento detenido
2025-05-22 17:47:00,438 [INFO] Movimiento detenido
2025-05-22 17:47:00,551 [INFO] Movimiento detenido
2025-05-22 17:47:00,666 [INFO] Movimiento detenido
2025-05-22 17:47:00,780 [INFO] Movimiento detenido
2025-05-22 17:47:00,896 [INFO] Movimiento detenido
2025-05-22 17:47:01,011 [INFO] Movimiento detenido
2025-05-22 17:47:01,125 [INFO] Movimiento detenido
2025-05-22 17:47:01,208 [INFO] Lectura BMP390
2025-05-22 17:47:01,237 [INFO] Movimiento detenido
2025-05-22 17:47:01,355 [INFO] Movimiento detenido
2025-05-22 17:47:01,398 [INFO] Lectura LTR390
2025-05-22 17:47:01,402 [INFO] Lectura desde ESP32-S3 por serial
2025-05-22 17:47:01,471 [INFO] Movimiento detenido
2025-05-22 17:47:01,596 [INFO] Movimiento detenido
2025-05-22 17:47:01,711 [INFO] Movimiento detenido
2025-05-22 17:47:01,824 [INFO] Movimiento detenido
2025-05-22 17:47:01,941 [INFO] Movimiento detenido
2025-05-22 17:47:02,053 [INFO] Movimiento detenido
2025-05-22 17:47:02,166 [INFO] Movimiento detenido
2025-05-22 17:47:02,278 [INFO] Movimiento detenido
2025-05-22 17:47:02,391 [INFO] Movimiento detenido
2025-05-22 17:47:02,506 [INFO] Movimiento detenido
2025-05-22 17:47:02,620 [INFO] Movimiento detenido
2025-05-22 17:47:02,732 [INFO] Movimiento detenido
2025-05-22 17:47:02,845 [INFO] Movimiento detenido
2025-05-22 17:47:02,961 [INFO] Movimiento detenido
2025-05-22 17:47:03,079 [INFO] Movimiento detenido
2025-05-22 17:47:03,193 [INFO] Movimiento detenido
2025-05-22 17:47:03,306 [INFO] Movimiento detenido
2025-05-22 17:47:03,421 [INFO] Movimiento detenido
2025-05-22 17:47:03,537 [INFO] Movimiento detenido
2025-05-22 17:47:03,652 [INFO] Movimiento detenido
2025-05-22 17:47:03,766 [INFO] Movimiento detenido
2025-05-22 17:47:03,881 [INFO] Movimiento detenido
2025-05-22 17:47:03,996 [INFO] Movimiento detenido
2025-05-22 17:47:04,109 [INFO] Movimiento detenido
2025-05-22 17:47:04,223 [INFO] Movimiento detenido
2025-05-22 17:47:04,337 [INFO] Movimiento detenido
2025-05-22 17:47:04,451 [INFO] Movimiento detenido
2025-05-22 17:47:04,565 [INFO] Movimiento detenido
2025-05-22 17:47:04,680 [INFO] Movimiento detenido
2025-05-22 17:47:04,795 [INFO] Movimiento detenido
2025-05-22 17:47:04,910 [INFO] Movimiento detenido
2025-05-22 17:47:04,921 [INFO] Lectura datos climáticos NASA
2025-05-22 17:47:04,933 [INFO] Datos JSON preparados para envío
2025-05-22 17:47:05,030 [INFO] Movimiento detenido
2025-05-22 17:47:05,143 [INFO] Movimiento detenido
2025-05-22 17:47:05,256 [INFO] Movimiento detenido
2025-05-22 17:47:05,369 [INFO] Movimiento detenido
2025-05-22 17:47:05,482 [INFO] Movimiento detenido
2025-05-22 17:47:05,594 [INFO] Movimiento detenido
2025-05-22 17:47:05,707 [INFO] Movimiento detenido
2025-05-22 17:47:05,820 [INFO] Movimiento detenido
2025-05-22 17:47:05,941 [INFO] Movimiento detenido
2025-05-22 17:47:05,998 [INFO] Lectura BMP390
2025-05-22 17:47:06,063 [INFO] Movimiento detenido
2025-05-22 17:47:06,177 [INFO] Movimiento detenido
2025-05-22 17:47:06,181 [INFO] Lectura LTR390
2025-05-22 17:47:06,189 [INFO] Lectura desde ESP32-S3 por serial
2025-05-22 17:47:06,292 [INFO] Movimiento detenido
2025-05-22 17:47:06,405 [INFO] Movimiento detenido
2025-05-22 17:47:06,521 [INFO] Movimiento detenido
2025-05-22 17:47:06,641 [INFO] Movimiento detenido
2025-05-22 17:47:06,756 [INFO] Movimiento detenido
2025-05-22 17:47:06,871 [INFO] Movimiento detenido
2025-05-22 17:47:06,988 [INFO] Movimiento detenido
2025-05-22 17:47:07,103 [INFO] Movimiento detenido
2025-05-22 17:47:07,218 [INFO] Movimiento detenido
2025-05-22 17:47:07,333 [INFO] Movimiento detenido
2025-05-22 17:47:07,448 [INFO] Movimiento detenido
2025-05-22 17:47:07,563 [INFO] Movimiento detenido
2025-05-22 17:47:07,677 [INFO] Movimiento detenido
2025-05-22 17:47:07,791 [INFO] Movimiento detenido
2025-05-22 17:47:07,907 [INFO] Movimiento detenido
2025-05-22 17:47:08,022 [INFO] Movimiento detenido
2025-05-22 17:47:08,135 [INFO] Movimiento detenido
2025-05-22 17:47:08,251 [INFO] Movimiento detenido
2025-05-22 17:47:08,367 [INFO] Movimiento detenido
2025-05-22 17:47:08,481 [INFO] Movimiento detenido
2025-05-22 17:47:08,596 [INFO] Movimiento detenido
2025-05-22 17:47:08,715 [INFO] Movimiento detenido
2025-05-22 17:47:08,830 [INFO] Movimiento detenido
2025-05-22 17:47:08,945 [INFO] Movimiento detenido
2025-05-22 17:47:09,061 [INFO] Movimiento detenido
2025-05-22 17:47:09,180 [INFO] Movimiento detenido
2025-05-22 17:47:09,293 [INFO] Movimiento detenido
2025-05-22 17:47:09,404 [INFO] Movimiento detenido
2025-05-22 17:47:09,519 [INFO] Movimiento detenido
2025-05-22 17:47:09,632 [INFO] Movimiento detenido
2025-05-22 17:47:09,745 [INFO] Movimiento detenido
2025-05-22 17:47:09,858 [INFO] Movimiento detenido
2025-05-22 17:47:09,976 [INFO] Movimiento detenido
2025-05-22 17:47:10,090 [INFO] Lectura datos climáticos NASA
2025-05-22 17:47:10,091 [INFO] Movimiento detenido
2025-05-22 17:47:10,100 [INFO] Datos JSON preparados para envío
2025-05-22 17:47:10,205 [INFO] Movimiento detenido
2025-05-22 17:47:10,322 [INFO] Movimiento detenido
2025-05-22 17:47:10,435 [INFO] Movimiento detenido
2025-05-22 17:47:10,549 [INFO] Movimiento detenido
2025-05-22 17:47:10,665 [INFO] Movimiento detenido
2025-05-22 17:47:10,785 [INFO] Movimiento detenido
2025-05-22 17:47:10,902 [INFO] Movimiento detenido
2025-05-22 17:47:34,091 [INFO] Inicio del sistema
2025-05-22 17:47:35,155 [INFO] Movimiento detenido
2025-05-22 17:47:35,239 [INFO] Lectura BMP390
2025-05-22 17:47:35,283 [INFO] [31m[1mWARNING: This is a development server. Do not use it in a production deployment. Use a production WSGI server instead.[0m
 * Running on all addresses (0.0.0.0)
 * Running on http://127.0.0.1:5000
 * Running on http://192.168.95.239:5000
2025-05-22 17:47:35,284 [INFO] [33mPress CTRL+C to quit[0m
2025-05-22 17:47:35,289 [ERROR] Error en el servidor web: signal only works in main thread of the main interpreter
2025-05-22 17:47:35,363 [INFO] Movimiento detenido
2025-05-22 17:47:35,473 [INFO] Lectura LTR390
2025-05-22 17:47:35,476 [INFO] Movimiento detenido
2025-05-22 17:47:35,588 [INFO] Movimiento detenido
2025-05-22 17:47:35,699 [INFO] Movimiento detenido
2025-05-22 17:47:35,810 [INFO] Movimiento detenido
2025-05-22 17:49:06,455 [INFO] Inicio del sistema
2025-05-22 17:49:07,518 [INFO] Movimiento detenido
2025-05-22 17:49:07,535 [INFO] [31m[1mWARNING: This is a development server. Do not use it in a production deployment. Use a production WSGI server instead.[0m
 * Running on all addresses (0.0.0.0)
 * Running on http://127.0.0.1:5000
 * Running on http://192.168.95.239:5000
2025-05-22 17:49:07,536 [INFO] [33mPress CTRL+C to quit[0m
2025-05-22 17:49:07,576 [INFO] Lectura BMP390
2025-05-22 17:49:07,667 [INFO] Movimiento detenido
2025-05-22 17:49:07,780 [INFO] Movimiento detenido
2025-05-22 17:49:07,789 [INFO] Lectura LTR390
2025-05-22 17:49:07,795 [WARNING] Lectura serial fallida o formato incorrecto
2025-05-22 17:49:07,797 [WARNING] GPS sin señal
2025-05-22 17:49:07,800 [INFO] Datos JSON preparados para envío
2025-05-22 17:49:07,894 [INFO] Movimiento detenido
2025-05-22 17:49:08,006 [INFO] Movimiento detenido
2025-05-22 17:49:08,118 [INFO] Movimiento detenido
2025-05-22 17:49:08,231 [INFO] Movimiento detenido
2025-05-22 17:49:08,343 [INFO] Movimiento detenido
2025-05-22 17:49:08,456 [INFO] Movimiento detenido
2025-05-22 17:49:08,568 [INFO] Movimiento detenido
2025-05-22 17:49:08,681 [INFO] Movimiento detenido
2025-05-22 17:49:08,793 [INFO] Movimiento detenido
2025-05-22 17:49:08,854 [INFO] Lectura BMP390
2025-05-22 17:49:08,907 [INFO] Movimiento detenido
2025-05-22 17:49:09,028 [INFO] Movimiento detenido
2025-05-22 17:49:09,039 [INFO] Lectura LTR390
2025-05-22 17:49:09,145 [INFO] Movimiento detenido
2025-05-22 17:49:09,258 [INFO] Movimiento detenido
2025-05-22 17:49:09,371 [INFO] Movimiento detenido
2025-05-22 17:49:09,482 [INFO] Movimiento detenido
2025-05-22 17:49:09,593 [INFO] Movimiento detenido
2025-05-22 17:49:09,705 [INFO] Movimiento detenido
2025-05-22 17:49:09,815 [INFO] Movimiento detenido
2025-05-22 17:49:09,819 [INFO] Lectura desde ESP32-S3 por serial
2025-05-22 17:49:09,938 [INFO] Movimiento detenido
2025-05-22 17:49:10,050 [INFO] Movimiento detenido
2025-05-22 17:49:10,162 [INFO] Movimiento detenido
2025-05-22 17:49:10,274 [INFO] Movimiento detenido
2025-05-22 17:49:10,387 [INFO] Movimiento detenido
2025-05-22 17:49:10,499 [INFO] Movimiento detenido
2025-05-22 17:49:10,611 [INFO] Movimiento detenido
2025-05-22 17:49:10,724 [INFO] Movimiento detenido
2025-05-22 17:49:10,837 [INFO] Movimiento detenido
2025-05-22 17:49:10,949 [INFO] Movimiento detenido
2025-05-22 17:49:11,065 [INFO] Movimiento detenido
2025-05-22 17:49:11,178 [INFO] Movimiento detenido
2025-05-22 17:49:11,291 [INFO] Movimiento detenido
2025-05-22 17:49:11,404 [INFO] Movimiento detenido
2025-05-22 17:49:11,516 [INFO] Movimiento detenido
2025-05-22 17:49:11,629 [INFO] Movimiento detenido
2025-05-22 17:49:11,742 [INFO] Movimiento detenido
2025-05-22 17:49:11,857 [INFO] Movimiento detenido
2025-05-22 17:49:11,969 [INFO] Movimiento detenido
2025-05-22 17:49:12,081 [INFO] Movimiento detenido
2025-05-22 17:49:12,193 [INFO] Movimiento detenido
2025-05-22 17:49:12,305 [INFO] Movimiento detenido
2025-05-22 17:49:12,417 [INFO] Movimiento detenido
2025-05-22 17:49:12,529 [INFO] Movimiento detenido
2025-05-22 17:49:12,641 [INFO] Movimiento detenido
2025-05-22 17:49:12,753 [INFO] Movimiento detenido
2025-05-22 17:49:12,865 [INFO] Movimiento detenido
2025-05-22 17:49:12,977 [INFO] Movimiento detenido
2025-05-22 17:49:13,089 [INFO] Movimiento detenido
2025-05-22 17:49:13,201 [INFO] Movimiento detenido
2025-05-22 17:49:13,313 [INFO] Movimiento detenido
2025-05-22 17:49:13,330 [INFO] Lectura datos climáticos NASA
2025-05-22 17:49:13,335 [INFO] Datos JSON preparados para envío
2025-05-22 17:49:13,431 [INFO] Movimiento detenido
2025-05-22 17:49:13,543 [INFO] Movimiento detenido
2025-05-22 17:49:13,656 [INFO] Movimiento detenido
2025-05-22 17:49:13,768 [INFO] Movimiento detenido
2025-05-22 17:49:13,880 [INFO] Movimiento detenido
2025-05-22 17:49:13,993 [INFO] Movimiento detenido
2025-05-22 17:49:14,105 [INFO] Movimiento detenido
2025-05-22 17:49:14,217 [INFO] Movimiento detenido
2025-05-22 17:49:14,329 [INFO] Movimiento detenido
2025-05-22 17:49:14,388 [INFO] Lectura BMP390
2025-05-22 17:49:14,443 [INFO] Movimiento detenido
2025-05-22 17:49:14,555 [INFO] Movimiento detenido
2025-05-22 17:49:14,572 [INFO] Lectura LTR390
2025-05-22 17:49:14,578 [INFO] Lectura desde ESP32-S3 por serial
2025-05-22 17:49:14,669 [INFO] Movimiento detenido
2025-05-22 17:49:14,781 [INFO] Movimiento detenido
2025-05-22 17:49:14,893 [INFO] Movimiento detenido
2025-05-22 17:49:15,006 [INFO] Movimiento detenido
2025-05-22 17:49:15,118 [INFO] Movimiento detenido
2025-05-22 17:49:15,229 [INFO] Movimiento detenido
2025-05-22 17:49:15,340 [INFO] Movimiento detenido
2025-05-22 17:49:15,451 [INFO] Movimiento detenido
2025-05-22 17:49:15,562 [INFO] Movimiento detenido
2025-05-22 17:49:15,673 [INFO] Movimiento detenido
2025-05-22 17:49:15,785 [INFO] Movimiento detenido
2025-05-22 17:49:15,897 [INFO] Movimiento detenido
2025-05-22 17:49:16,009 [INFO] Movimiento detenido
2025-05-22 17:49:16,122 [INFO] Movimiento detenido
2025-05-22 17:49:16,234 [INFO] Movimiento detenido
2025-05-22 17:49:16,347 [INFO] Movimiento detenido
2025-05-22 17:49:16,459 [INFO] Movimiento detenido
2025-05-22 17:49:16,571 [INFO] Movimiento detenido
2025-05-22 17:49:16,614 [ERROR] Exception on / [GET]
Traceback (most recent call last):
  File "/home/farmtech/FarmTech/.venv/lib/python3.11/site-packages/flask/app.py", line 1511, in wsgi_app
    response = self.full_dispatch_request()
               ^^^^^^^^^^^^^^^^^^^^^^^^^^^^
  File "/home/farmtech/FarmTech/.venv/lib/python3.11/site-packages/flask/app.py", line 919, in full_dispatch_request
    rv = self.handle_user_exception(e)
         ^^^^^^^^^^^^^^^^^^^^^^^^^^^^^
  File "/home/farmtech/FarmTech/.venv/lib/python3.11/site-packages/flask/app.py", line 917, in full_dispatch_request
    rv = self.dispatch_request()
         ^^^^^^^^^^^^^^^^^^^^^^^
  File "/home/farmtech/FarmTech/.venv/lib/python3.11/site-packages/flask/app.py", line 902, in dispatch_request
    return self.ensure_sync(self.view_functions[rule.endpoint])(**view_args)  # type: ignore[no-any-return]
           ^^^^^^^^^^^^^^^^^^^^^^^^^^^^^^^^^^^^^^^^^^^^^^^^^^^^^^^^^^^^^^^^^
  File "/home/farmtech/FarmTech/utils/webserver.py", line 11, in index
    return render_template("index.html")
           ^^^^^^^^^^^^^^^^^^^^^^^^^^^^^
  File "/home/farmtech/FarmTech/.venv/lib/python3.11/site-packages/flask/templating.py", line 149, in render_template
    template = app.jinja_env.get_or_select_template(template_name_or_list)
               ^^^^^^^^^^^^^^^^^^^^^^^^^^^^^^^^^^^^^^^^^^^^^^^^^^^^^^^^^^^
  File "/home/farmtech/FarmTech/.venv/lib/python3.11/site-packages/jinja2/environment.py", line 1087, in get_or_select_template
    return self.get_template(template_name_or_list, parent, globals)
           ^^^^^^^^^^^^^^^^^^^^^^^^^^^^^^^^^^^^^^^^^^^^^^^^^^^^^^^^^
  File "/home/farmtech/FarmTech/.venv/lib/python3.11/site-packages/jinja2/environment.py", line 1016, in get_template
    return self._load_template(name, globals)
           ^^^^^^^^^^^^^^^^^^^^^^^^^^^^^^^^^^
  File "/home/farmtech/FarmTech/.venv/lib/python3.11/site-packages/jinja2/environment.py", line 975, in _load_template
    template = self.loader.load(self, name, self.make_globals(globals))
               ^^^^^^^^^^^^^^^^^^^^^^^^^^^^^^^^^^^^^^^^^^^^^^^^^^^^^^^^
  File "/home/farmtech/FarmTech/.venv/lib/python3.11/site-packages/jinja2/loaders.py", line 126, in load
    source, filename, uptodate = self.get_source(environment, name)
                                 ^^^^^^^^^^^^^^^^^^^^^^^^^^^^^^^^^^
  File "/home/farmtech/FarmTech/.venv/lib/python3.11/site-packages/flask/templating.py", line 65, in get_source
    return self._get_source_fast(environment, template)
           ^^^^^^^^^^^^^^^^^^^^^^^^^^^^^^^^^^^^^^^^^^^^
  File "/home/farmtech/FarmTech/.venv/lib/python3.11/site-packages/flask/templating.py", line 99, in _get_source_fast
    raise TemplateNotFound(template)
jinja2.exceptions.TemplateNotFound: index.html
2025-05-22 17:49:16,637 [INFO] 192.168.95.177 - - [22/May/2025 17:49:16] "[35m[1mGET / HTTP/1.1[0m" 500 -
2025-05-22 17:49:16,684 [INFO] Movimiento detenido
2025-05-22 17:49:16,796 [INFO] Movimiento detenido
2025-05-22 17:49:16,909 [INFO] Movimiento detenido
2025-05-22 17:49:17,021 [INFO] Movimiento detenido
2025-05-22 17:49:17,133 [INFO] Movimiento detenido
2025-05-22 17:49:17,245 [INFO] Movimiento detenido
2025-05-22 17:49:17,357 [INFO] Movimiento detenido
2025-05-22 17:49:17,470 [INFO] Movimiento detenido
2025-05-22 17:49:17,582 [INFO] Movimiento detenido
2025-05-22 17:49:17,605 [ERROR] Exception on / [GET]
Traceback (most recent call last):
  File "/home/farmtech/FarmTech/.venv/lib/python3.11/site-packages/flask/app.py", line 1511, in wsgi_app
    response = self.full_dispatch_request()
               ^^^^^^^^^^^^^^^^^^^^^^^^^^^^
  File "/home/farmtech/FarmTech/.venv/lib/python3.11/site-packages/flask/app.py", line 919, in full_dispatch_request
    rv = self.handle_user_exception(e)
         ^^^^^^^^^^^^^^^^^^^^^^^^^^^^^
  File "/home/farmtech/FarmTech/.venv/lib/python3.11/site-packages/flask/app.py", line 917, in full_dispatch_request
    rv = self.dispatch_request()
         ^^^^^^^^^^^^^^^^^^^^^^^
  File "/home/farmtech/FarmTech/.venv/lib/python3.11/site-packages/flask/app.py", line 902, in dispatch_request
    return self.ensure_sync(self.view_functions[rule.endpoint])(**view_args)  # type: ignore[no-any-return]
           ^^^^^^^^^^^^^^^^^^^^^^^^^^^^^^^^^^^^^^^^^^^^^^^^^^^^^^^^^^^^^^^^^
  File "/home/farmtech/FarmTech/utils/webserver.py", line 11, in index
    return render_template("index.html")
           ^^^^^^^^^^^^^^^^^^^^^^^^^^^^^
  File "/home/farmtech/FarmTech/.venv/lib/python3.11/site-packages/flask/templating.py", line 149, in render_template
    template = app.jinja_env.get_or_select_template(template_name_or_list)
               ^^^^^^^^^^^^^^^^^^^^^^^^^^^^^^^^^^^^^^^^^^^^^^^^^^^^^^^^^^^
  File "/home/farmtech/FarmTech/.venv/lib/python3.11/site-packages/jinja2/environment.py", line 1087, in get_or_select_template
    return self.get_template(template_name_or_list, parent, globals)
           ^^^^^^^^^^^^^^^^^^^^^^^^^^^^^^^^^^^^^^^^^^^^^^^^^^^^^^^^^
  File "/home/farmtech/FarmTech/.venv/lib/python3.11/site-packages/jinja2/environment.py", line 1016, in get_template
    return self._load_template(name, globals)
           ^^^^^^^^^^^^^^^^^^^^^^^^^^^^^^^^^^
  File "/home/farmtech/FarmTech/.venv/lib/python3.11/site-packages/jinja2/environment.py", line 975, in _load_template
    template = self.loader.load(self, name, self.make_globals(globals))
               ^^^^^^^^^^^^^^^^^^^^^^^^^^^^^^^^^^^^^^^^^^^^^^^^^^^^^^^^
  File "/home/farmtech/FarmTech/.venv/lib/python3.11/site-packages/jinja2/loaders.py", line 126, in load
    source, filename, uptodate = self.get_source(environment, name)
                                 ^^^^^^^^^^^^^^^^^^^^^^^^^^^^^^^^^^
  File "/home/farmtech/FarmTech/.venv/lib/python3.11/site-packages/flask/templating.py", line 65, in get_source
    return self._get_source_fast(environment, template)
           ^^^^^^^^^^^^^^^^^^^^^^^^^^^^^^^^^^^^^^^^^^^^
  File "/home/farmtech/FarmTech/.venv/lib/python3.11/site-packages/flask/templating.py", line 99, in _get_source_fast
    raise TemplateNotFound(template)
jinja2.exceptions.TemplateNotFound: index.html
2025-05-22 17:49:17,615 [INFO] 192.168.95.177 - - [22/May/2025 17:49:17] "[35m[1mGET / HTTP/1.1[0m" 500 -
2025-05-22 17:49:17,695 [INFO] Movimiento detenido
2025-05-22 17:49:17,755 [INFO] Lectura datos climáticos NASA
2025-05-22 17:49:17,761 [INFO] Datos JSON preparados para envío
2025-05-22 17:49:17,807 [INFO] Movimiento detenido
2025-05-22 17:49:17,919 [INFO] Movimiento detenido
2025-05-22 17:49:18,031 [INFO] Movimiento detenido
2025-05-22 17:49:18,054 [ERROR] Exception on / [GET]
Traceback (most recent call last):
  File "/home/farmtech/FarmTech/.venv/lib/python3.11/site-packages/flask/app.py", line 1511, in wsgi_app
    response = self.full_dispatch_request()
               ^^^^^^^^^^^^^^^^^^^^^^^^^^^^
  File "/home/farmtech/FarmTech/.venv/lib/python3.11/site-packages/flask/app.py", line 919, in full_dispatch_request
    rv = self.handle_user_exception(e)
         ^^^^^^^^^^^^^^^^^^^^^^^^^^^^^
  File "/home/farmtech/FarmTech/.venv/lib/python3.11/site-packages/flask/app.py", line 917, in full_dispatch_request
    rv = self.dispatch_request()
         ^^^^^^^^^^^^^^^^^^^^^^^
  File "/home/farmtech/FarmTech/.venv/lib/python3.11/site-packages/flask/app.py", line 902, in dispatch_request
    return self.ensure_sync(self.view_functions[rule.endpoint])(**view_args)  # type: ignore[no-any-return]
           ^^^^^^^^^^^^^^^^^^^^^^^^^^^^^^^^^^^^^^^^^^^^^^^^^^^^^^^^^^^^^^^^^
  File "/home/farmtech/FarmTech/utils/webserver.py", line 11, in index
    return render_template("index.html")
           ^^^^^^^^^^^^^^^^^^^^^^^^^^^^^
  File "/home/farmtech/FarmTech/.venv/lib/python3.11/site-packages/flask/templating.py", line 149, in render_template
    template = app.jinja_env.get_or_select_template(template_name_or_list)
               ^^^^^^^^^^^^^^^^^^^^^^^^^^^^^^^^^^^^^^^^^^^^^^^^^^^^^^^^^^^
  File "/home/farmtech/FarmTech/.venv/lib/python3.11/site-packages/jinja2/environment.py", line 1087, in get_or_select_template
    return self.get_template(template_name_or_list, parent, globals)
           ^^^^^^^^^^^^^^^^^^^^^^^^^^^^^^^^^^^^^^^^^^^^^^^^^^^^^^^^^
  File "/home/farmtech/FarmTech/.venv/lib/python3.11/site-packages/jinja2/environment.py", line 1016, in get_template
    return self._load_template(name, globals)
           ^^^^^^^^^^^^^^^^^^^^^^^^^^^^^^^^^^
  File "/home/farmtech/FarmTech/.venv/lib/python3.11/site-packages/jinja2/environment.py", line 975, in _load_template
    template = self.loader.load(self, name, self.make_globals(globals))
               ^^^^^^^^^^^^^^^^^^^^^^^^^^^^^^^^^^^^^^^^^^^^^^^^^^^^^^^^
  File "/home/farmtech/FarmTech/.venv/lib/python3.11/site-packages/jinja2/loaders.py", line 126, in load
    source, filename, uptodate = self.get_source(environment, name)
                                 ^^^^^^^^^^^^^^^^^^^^^^^^^^^^^^^^^^
  File "/home/farmtech/FarmTech/.venv/lib/python3.11/site-packages/flask/templating.py", line 65, in get_source
    return self._get_source_fast(environment, template)
           ^^^^^^^^^^^^^^^^^^^^^^^^^^^^^^^^^^^^^^^^^^^^
  File "/home/farmtech/FarmTech/.venv/lib/python3.11/site-packages/flask/templating.py", line 99, in _get_source_fast
    raise TemplateNotFound(template)
jinja2.exceptions.TemplateNotFound: index.html
2025-05-22 17:49:18,064 [INFO] 192.168.95.177 - - [22/May/2025 17:49:18] "[35m[1mGET / HTTP/1.1[0m" 500 -
2025-05-22 17:49:18,144 [INFO] Movimiento detenido
2025-05-22 17:49:18,257 [INFO] Movimiento detenido
2025-05-22 17:49:18,369 [INFO] Movimiento detenido
2025-05-22 17:49:18,481 [INFO] Movimiento detenido
2025-05-22 17:49:18,502 [ERROR] Exception on / [GET]
Traceback (most recent call last):
  File "/home/farmtech/FarmTech/.venv/lib/python3.11/site-packages/flask/app.py", line 1511, in wsgi_app
    response = self.full_dispatch_request()
               ^^^^^^^^^^^^^^^^^^^^^^^^^^^^
  File "/home/farmtech/FarmTech/.venv/lib/python3.11/site-packages/flask/app.py", line 919, in full_dispatch_request
    rv = self.handle_user_exception(e)
         ^^^^^^^^^^^^^^^^^^^^^^^^^^^^^
  File "/home/farmtech/FarmTech/.venv/lib/python3.11/site-packages/flask/app.py", line 917, in full_dispatch_request
    rv = self.dispatch_request()
         ^^^^^^^^^^^^^^^^^^^^^^^
  File "/home/farmtech/FarmTech/.venv/lib/python3.11/site-packages/flask/app.py", line 902, in dispatch_request
    return self.ensure_sync(self.view_functions[rule.endpoint])(**view_args)  # type: ignore[no-any-return]
           ^^^^^^^^^^^^^^^^^^^^^^^^^^^^^^^^^^^^^^^^^^^^^^^^^^^^^^^^^^^^^^^^^
  File "/home/farmtech/FarmTech/utils/webserver.py", line 11, in index
    return render_template("index.html")
           ^^^^^^^^^^^^^^^^^^^^^^^^^^^^^
  File "/home/farmtech/FarmTech/.venv/lib/python3.11/site-packages/flask/templating.py", line 149, in render_template
    template = app.jinja_env.get_or_select_template(template_name_or_list)
               ^^^^^^^^^^^^^^^^^^^^^^^^^^^^^^^^^^^^^^^^^^^^^^^^^^^^^^^^^^^
  File "/home/farmtech/FarmTech/.venv/lib/python3.11/site-packages/jinja2/environment.py", line 1087, in get_or_select_template
    return self.get_template(template_name_or_list, parent, globals)
           ^^^^^^^^^^^^^^^^^^^^^^^^^^^^^^^^^^^^^^^^^^^^^^^^^^^^^^^^^
  File "/home/farmtech/FarmTech/.venv/lib/python3.11/site-packages/jinja2/environment.py", line 1016, in get_template
    return self._load_template(name, globals)
           ^^^^^^^^^^^^^^^^^^^^^^^^^^^^^^^^^^
  File "/home/farmtech/FarmTech/.venv/lib/python3.11/site-packages/jinja2/environment.py", line 975, in _load_template
    template = self.loader.load(self, name, self.make_globals(globals))
               ^^^^^^^^^^^^^^^^^^^^^^^^^^^^^^^^^^^^^^^^^^^^^^^^^^^^^^^^
  File "/home/farmtech/FarmTech/.venv/lib/python3.11/site-packages/jinja2/loaders.py", line 126, in load
    source, filename, uptodate = self.get_source(environment, name)
                                 ^^^^^^^^^^^^^^^^^^^^^^^^^^^^^^^^^^
  File "/home/farmtech/FarmTech/.venv/lib/python3.11/site-packages/flask/templating.py", line 65, in get_source
    return self._get_source_fast(environment, template)
           ^^^^^^^^^^^^^^^^^^^^^^^^^^^^^^^^^^^^^^^^^^^^
  File "/home/farmtech/FarmTech/.venv/lib/python3.11/site-packages/flask/templating.py", line 99, in _get_source_fast
    raise TemplateNotFound(template)
jinja2.exceptions.TemplateNotFound: index.html
2025-05-22 17:49:18,512 [INFO] 192.168.95.177 - - [22/May/2025 17:49:18] "[35m[1mGET / HTTP/1.1[0m" 500 -
2025-05-22 17:49:18,593 [INFO] Movimiento detenido
2025-05-22 17:49:18,705 [INFO] Movimiento detenido
2025-05-22 17:49:18,813 [INFO] Lectura BMP390
2025-05-22 17:49:18,817 [INFO] Movimiento detenido
2025-05-22 17:49:18,879 [ERROR] Exception on / [GET]
Traceback (most recent call last):
  File "/home/farmtech/FarmTech/.venv/lib/python3.11/site-packages/flask/app.py", line 1511, in wsgi_app
    response = self.full_dispatch_request()
               ^^^^^^^^^^^^^^^^^^^^^^^^^^^^
  File "/home/farmtech/FarmTech/.venv/lib/python3.11/site-packages/flask/app.py", line 919, in full_dispatch_request
    rv = self.handle_user_exception(e)
         ^^^^^^^^^^^^^^^^^^^^^^^^^^^^^
  File "/home/farmtech/FarmTech/.venv/lib/python3.11/site-packages/flask/app.py", line 917, in full_dispatch_request
    rv = self.dispatch_request()
         ^^^^^^^^^^^^^^^^^^^^^^^
  File "/home/farmtech/FarmTech/.venv/lib/python3.11/site-packages/flask/app.py", line 902, in dispatch_request
    return self.ensure_sync(self.view_functions[rule.endpoint])(**view_args)  # type: ignore[no-any-return]
           ^^^^^^^^^^^^^^^^^^^^^^^^^^^^^^^^^^^^^^^^^^^^^^^^^^^^^^^^^^^^^^^^^
  File "/home/farmtech/FarmTech/utils/webserver.py", line 11, in index
    return render_template("index.html")
           ^^^^^^^^^^^^^^^^^^^^^^^^^^^^^
  File "/home/farmtech/FarmTech/.venv/lib/python3.11/site-packages/flask/templating.py", line 149, in render_template
    template = app.jinja_env.get_or_select_template(template_name_or_list)
               ^^^^^^^^^^^^^^^^^^^^^^^^^^^^^^^^^^^^^^^^^^^^^^^^^^^^^^^^^^^
  File "/home/farmtech/FarmTech/.venv/lib/python3.11/site-packages/jinja2/environment.py", line 1087, in get_or_select_template
    return self.get_template(template_name_or_list, parent, globals)
           ^^^^^^^^^^^^^^^^^^^^^^^^^^^^^^^^^^^^^^^^^^^^^^^^^^^^^^^^^
  File "/home/farmtech/FarmTech/.venv/lib/python3.11/site-packages/jinja2/environment.py", line 1016, in get_template
    return self._load_template(name, globals)
           ^^^^^^^^^^^^^^^^^^^^^^^^^^^^^^^^^^
  File "/home/farmtech/FarmTech/.venv/lib/python3.11/site-packages/jinja2/environment.py", line 975, in _load_template
    template = self.loader.load(self, name, self.make_globals(globals))
               ^^^^^^^^^^^^^^^^^^^^^^^^^^^^^^^^^^^^^^^^^^^^^^^^^^^^^^^^
  File "/home/farmtech/FarmTech/.venv/lib/python3.11/site-packages/jinja2/loaders.py", line 126, in load
    source, filename, uptodate = self.get_source(environment, name)
                                 ^^^^^^^^^^^^^^^^^^^^^^^^^^^^^^^^^^
  File "/home/farmtech/FarmTech/.venv/lib/python3.11/site-packages/flask/templating.py", line 65, in get_source
    return self._get_source_fast(environment, template)
           ^^^^^^^^^^^^^^^^^^^^^^^^^^^^^^^^^^^^^^^^^^^^
  File "/home/farmtech/FarmTech/.venv/lib/python3.11/site-packages/flask/templating.py", line 99, in _get_source_fast
    raise TemplateNotFound(template)
jinja2.exceptions.TemplateNotFound: index.html
2025-05-22 17:49:18,889 [INFO] 192.168.95.177 - - [22/May/2025 17:49:18] "[35m[1mGET / HTTP/1.1[0m" 500 -
2025-05-22 17:49:18,932 [INFO] Movimiento detenido
2025-05-22 17:49:19,006 [INFO] Lectura LTR390
2025-05-22 17:49:19,011 [INFO] Lectura desde ESP32-S3 por serial
2025-05-22 17:49:19,046 [INFO] Movimiento detenido
2025-05-22 17:49:19,157 [INFO] Movimiento detenido
2025-05-22 17:49:19,269 [INFO] Movimiento detenido
2025-05-22 17:49:19,297 [ERROR] Exception on / [GET]
Traceback (most recent call last):
  File "/home/farmtech/FarmTech/.venv/lib/python3.11/site-packages/flask/app.py", line 1511, in wsgi_app
    response = self.full_dispatch_request()
               ^^^^^^^^^^^^^^^^^^^^^^^^^^^^
  File "/home/farmtech/FarmTech/.venv/lib/python3.11/site-packages/flask/app.py", line 919, in full_dispatch_request
    rv = self.handle_user_exception(e)
         ^^^^^^^^^^^^^^^^^^^^^^^^^^^^^
  File "/home/farmtech/FarmTech/.venv/lib/python3.11/site-packages/flask/app.py", line 917, in full_dispatch_request
    rv = self.dispatch_request()
         ^^^^^^^^^^^^^^^^^^^^^^^
  File "/home/farmtech/FarmTech/.venv/lib/python3.11/site-packages/flask/app.py", line 902, in dispatch_request
    return self.ensure_sync(self.view_functions[rule.endpoint])(**view_args)  # type: ignore[no-any-return]
           ^^^^^^^^^^^^^^^^^^^^^^^^^^^^^^^^^^^^^^^^^^^^^^^^^^^^^^^^^^^^^^^^^
  File "/home/farmtech/FarmTech/utils/webserver.py", line 11, in index
    return render_template("index.html")
           ^^^^^^^^^^^^^^^^^^^^^^^^^^^^^
  File "/home/farmtech/FarmTech/.venv/lib/python3.11/site-packages/flask/templating.py", line 149, in render_template
    template = app.jinja_env.get_or_select_template(template_name_or_list)
               ^^^^^^^^^^^^^^^^^^^^^^^^^^^^^^^^^^^^^^^^^^^^^^^^^^^^^^^^^^^
  File "/home/farmtech/FarmTech/.venv/lib/python3.11/site-packages/jinja2/environment.py", line 1087, in get_or_select_template
    return self.get_template(template_name_or_list, parent, globals)
           ^^^^^^^^^^^^^^^^^^^^^^^^^^^^^^^^^^^^^^^^^^^^^^^^^^^^^^^^^
  File "/home/farmtech/FarmTech/.venv/lib/python3.11/site-packages/jinja2/environment.py", line 1016, in get_template
    return self._load_template(name, globals)
           ^^^^^^^^^^^^^^^^^^^^^^^^^^^^^^^^^^
  File "/home/farmtech/FarmTech/.venv/lib/python3.11/site-packages/jinja2/environment.py", line 975, in _load_template
    template = self.loader.load(self, name, self.make_globals(globals))
               ^^^^^^^^^^^^^^^^^^^^^^^^^^^^^^^^^^^^^^^^^^^^^^^^^^^^^^^^
  File "/home/farmtech/FarmTech/.venv/lib/python3.11/site-packages/jinja2/loaders.py", line 126, in load
    source, filename, uptodate = self.get_source(environment, name)
                                 ^^^^^^^^^^^^^^^^^^^^^^^^^^^^^^^^^^
  File "/home/farmtech/FarmTech/.venv/lib/python3.11/site-packages/flask/templating.py", line 65, in get_source
    return self._get_source_fast(environment, template)
           ^^^^^^^^^^^^^^^^^^^^^^^^^^^^^^^^^^^^^^^^^^^^
  File "/home/farmtech/FarmTech/.venv/lib/python3.11/site-packages/flask/templating.py", line 99, in _get_source_fast
    raise TemplateNotFound(template)
jinja2.exceptions.TemplateNotFound: index.html
2025-05-22 17:49:19,303 [INFO] 192.168.95.177 - - [22/May/2025 17:49:19] "[35m[1mGET / HTTP/1.1[0m" 500 -
2025-05-22 17:49:19,380 [INFO] Movimiento detenido
2025-05-22 17:49:19,491 [INFO] Movimiento detenido
2025-05-22 17:49:19,589 [ERROR] Exception on / [GET]
Traceback (most recent call last):
  File "/home/farmtech/FarmTech/.venv/lib/python3.11/site-packages/flask/app.py", line 1511, in wsgi_app
    response = self.full_dispatch_request()
               ^^^^^^^^^^^^^^^^^^^^^^^^^^^^
  File "/home/farmtech/FarmTech/.venv/lib/python3.11/site-packages/flask/app.py", line 919, in full_dispatch_request
    rv = self.handle_user_exception(e)
         ^^^^^^^^^^^^^^^^^^^^^^^^^^^^^
  File "/home/farmtech/FarmTech/.venv/lib/python3.11/site-packages/flask/app.py", line 917, in full_dispatch_request
    rv = self.dispatch_request()
         ^^^^^^^^^^^^^^^^^^^^^^^
  File "/home/farmtech/FarmTech/.venv/lib/python3.11/site-packages/flask/app.py", line 902, in dispatch_request
    return self.ensure_sync(self.view_functions[rule.endpoint])(**view_args)  # type: ignore[no-any-return]
           ^^^^^^^^^^^^^^^^^^^^^^^^^^^^^^^^^^^^^^^^^^^^^^^^^^^^^^^^^^^^^^^^^
  File "/home/farmtech/FarmTech/utils/webserver.py", line 11, in index
    return render_template("index.html")
           ^^^^^^^^^^^^^^^^^^^^^^^^^^^^^
  File "/home/farmtech/FarmTech/.venv/lib/python3.11/site-packages/flask/templating.py", line 149, in render_template
    template = app.jinja_env.get_or_select_template(template_name_or_list)
               ^^^^^^^^^^^^^^^^^^^^^^^^^^^^^^^^^^^^^^^^^^^^^^^^^^^^^^^^^^^
  File "/home/farmtech/FarmTech/.venv/lib/python3.11/site-packages/jinja2/environment.py", line 1087, in get_or_select_template
    return self.get_template(template_name_or_list, parent, globals)
           ^^^^^^^^^^^^^^^^^^^^^^^^^^^^^^^^^^^^^^^^^^^^^^^^^^^^^^^^^
  File "/home/farmtech/FarmTech/.venv/lib/python3.11/site-packages/jinja2/environment.py", line 1016, in get_template
    return self._load_template(name, globals)
           ^^^^^^^^^^^^^^^^^^^^^^^^^^^^^^^^^^
  File "/home/farmtech/FarmTech/.venv/lib/python3.11/site-packages/jinja2/environment.py", line 975, in _load_template
    template = self.loader.load(self, name, self.make_globals(globals))
               ^^^^^^^^^^^^^^^^^^^^^^^^^^^^^^^^^^^^^^^^^^^^^^^^^^^^^^^^
  File "/home/farmtech/FarmTech/.venv/lib/python3.11/site-packages/jinja2/loaders.py", line 126, in load
    source, filename, uptodate = self.get_source(environment, name)
                                 ^^^^^^^^^^^^^^^^^^^^^^^^^^^^^^^^^^
  File "/home/farmtech/FarmTech/.venv/lib/python3.11/site-packages/flask/templating.py", line 65, in get_source
    return self._get_source_fast(environment, template)
           ^^^^^^^^^^^^^^^^^^^^^^^^^^^^^^^^^^^^^^^^^^^^
  File "/home/farmtech/FarmTech/.venv/lib/python3.11/site-packages/flask/templating.py", line 99, in _get_source_fast
    raise TemplateNotFound(template)
jinja2.exceptions.TemplateNotFound: index.html
2025-05-22 17:49:19,595 [INFO] 192.168.95.177 - - [22/May/2025 17:49:19] "[35m[1mGET / HTTP/1.1[0m" 500 -
2025-05-22 17:49:19,603 [INFO] Movimiento detenido
2025-05-22 17:49:19,714 [INFO] Movimiento detenido
2025-05-22 17:49:19,826 [INFO] Movimiento detenido
2025-05-22 17:49:19,939 [INFO] Movimiento detenido
2025-05-22 17:49:20,054 [INFO] Movimiento detenido
2025-05-22 17:49:20,165 [INFO] Movimiento detenido
2025-05-22 17:49:20,276 [INFO] Movimiento detenido
2025-05-22 17:49:20,387 [INFO] Movimiento detenido
2025-05-22 17:49:20,392 [ERROR] Exception on / [GET]
Traceback (most recent call last):
  File "/home/farmtech/FarmTech/.venv/lib/python3.11/site-packages/flask/app.py", line 1511, in wsgi_app
    response = self.full_dispatch_request()
               ^^^^^^^^^^^^^^^^^^^^^^^^^^^^
  File "/home/farmtech/FarmTech/.venv/lib/python3.11/site-packages/flask/app.py", line 919, in full_dispatch_request
    rv = self.handle_user_exception(e)
         ^^^^^^^^^^^^^^^^^^^^^^^^^^^^^
  File "/home/farmtech/FarmTech/.venv/lib/python3.11/site-packages/flask/app.py", line 917, in full_dispatch_request
    rv = self.dispatch_request()
         ^^^^^^^^^^^^^^^^^^^^^^^
  File "/home/farmtech/FarmTech/.venv/lib/python3.11/site-packages/flask/app.py", line 902, in dispatch_request
    return self.ensure_sync(self.view_functions[rule.endpoint])(**view_args)  # type: ignore[no-any-return]
           ^^^^^^^^^^^^^^^^^^^^^^^^^^^^^^^^^^^^^^^^^^^^^^^^^^^^^^^^^^^^^^^^^
  File "/home/farmtech/FarmTech/utils/webserver.py", line 11, in index
    return render_template("index.html")
           ^^^^^^^^^^^^^^^^^^^^^^^^^^^^^
  File "/home/farmtech/FarmTech/.venv/lib/python3.11/site-packages/flask/templating.py", line 149, in render_template
    template = app.jinja_env.get_or_select_template(template_name_or_list)
               ^^^^^^^^^^^^^^^^^^^^^^^^^^^^^^^^^^^^^^^^^^^^^^^^^^^^^^^^^^^
  File "/home/farmtech/FarmTech/.venv/lib/python3.11/site-packages/jinja2/environment.py", line 1087, in get_or_select_template
    return self.get_template(template_name_or_list, parent, globals)
           ^^^^^^^^^^^^^^^^^^^^^^^^^^^^^^^^^^^^^^^^^^^^^^^^^^^^^^^^^
  File "/home/farmtech/FarmTech/.venv/lib/python3.11/site-packages/jinja2/environment.py", line 1016, in get_template
    return self._load_template(name, globals)
           ^^^^^^^^^^^^^^^^^^^^^^^^^^^^^^^^^^
  File "/home/farmtech/FarmTech/.venv/lib/python3.11/site-packages/jinja2/environment.py", line 975, in _load_template
    template = self.loader.load(self, name, self.make_globals(globals))
               ^^^^^^^^^^^^^^^^^^^^^^^^^^^^^^^^^^^^^^^^^^^^^^^^^^^^^^^^
  File "/home/farmtech/FarmTech/.venv/lib/python3.11/site-packages/jinja2/loaders.py", line 126, in load
    source, filename, uptodate = self.get_source(environment, name)
                                 ^^^^^^^^^^^^^^^^^^^^^^^^^^^^^^^^^^
  File "/home/farmtech/FarmTech/.venv/lib/python3.11/site-packages/flask/templating.py", line 65, in get_source
    return self._get_source_fast(environment, template)
           ^^^^^^^^^^^^^^^^^^^^^^^^^^^^^^^^^^^^^^^^^^^^
  File "/home/farmtech/FarmTech/.venv/lib/python3.11/site-packages/flask/templating.py", line 99, in _get_source_fast
    raise TemplateNotFound(template)
jinja2.exceptions.TemplateNotFound: index.html
2025-05-22 17:49:20,401 [INFO] 192.168.95.177 - - [22/May/2025 17:49:20] "[35m[1mGET / HTTP/1.1[0m" 500 -
2025-05-22 17:49:20,508 [INFO] Movimiento detenido
2025-05-22 17:49:20,621 [INFO] Movimiento detenido
2025-05-22 17:49:20,732 [INFO] Movimiento detenido
2025-05-22 17:49:20,844 [INFO] Movimiento detenido
2025-05-22 17:49:20,957 [INFO] Movimiento detenido
2025-05-22 17:49:21,069 [INFO] Movimiento detenido
2025-05-22 17:49:21,181 [INFO] Movimiento detenido
2025-05-22 17:49:21,293 [INFO] Movimiento detenido
2025-05-22 17:49:21,405 [INFO] Movimiento detenido
2025-05-22 17:49:21,517 [INFO] Movimiento detenido
2025-05-22 17:49:21,629 [INFO] Movimiento detenido
2025-05-22 17:49:21,742 [INFO] Movimiento detenido
2025-05-22 17:49:21,854 [INFO] Movimiento detenido
2025-05-22 17:49:21,966 [INFO] Movimiento detenido
2025-05-22 17:49:22,078 [INFO] Movimiento detenido
2025-05-22 17:49:22,143 [INFO] Lectura datos climáticos NASA
2025-05-22 17:49:22,147 [INFO] Datos JSON preparados para envío
2025-05-22 17:49:22,191 [INFO] Movimiento detenido
2025-05-22 17:49:22,303 [INFO] Movimiento detenido
2025-05-22 17:49:22,415 [INFO] Movimiento detenido
2025-05-22 17:49:22,527 [INFO] Movimiento detenido
2025-05-22 17:49:22,639 [INFO] Movimiento detenido
2025-05-22 17:49:22,752 [INFO] Movimiento detenido
2025-05-22 17:49:22,864 [INFO] Movimiento detenido
2025-05-22 17:49:22,976 [INFO] Movimiento detenido
2025-05-22 17:49:23,088 [INFO] Movimiento detenido
2025-05-22 17:49:23,199 [INFO] Lectura BMP390
2025-05-22 17:49:23,200 [INFO] Movimiento detenido
2025-05-22 17:49:23,315 [INFO] Movimiento detenido
2025-05-22 17:49:23,384 [INFO] Lectura LTR390
2025-05-22 17:49:23,390 [INFO] Lectura desde ESP32-S3 por serial
2025-05-22 17:49:23,429 [INFO] Movimiento detenido
2025-05-22 17:49:23,542 [INFO] Movimiento detenido
2025-05-22 17:49:23,655 [INFO] Movimiento detenido
2025-05-22 17:49:23,767 [INFO] Movimiento detenido
2025-05-22 17:49:23,879 [INFO] Movimiento detenido
2025-05-22 17:49:23,991 [INFO] Movimiento detenido
2025-05-22 17:49:24,103 [INFO] Movimiento detenido
2025-05-22 17:49:24,215 [INFO] Movimiento detenido
2025-05-22 17:49:24,327 [INFO] Movimiento detenido
2025-05-22 17:49:24,439 [INFO] Movimiento detenido
2025-05-22 17:49:24,551 [INFO] Movimiento detenido
2025-05-22 17:49:24,663 [INFO] Movimiento detenido
2025-05-22 17:49:24,776 [INFO] Movimiento detenido
2025-05-22 17:49:24,888 [INFO] Movimiento detenido
2025-05-22 17:49:25,000 [INFO] Movimiento detenido
2025-05-22 17:49:25,111 [INFO] Movimiento detenido
2025-05-22 17:49:25,222 [INFO] Movimiento detenido
2025-05-22 17:49:25,333 [INFO] Movimiento detenido
2025-05-22 17:49:25,445 [INFO] Movimiento detenido
2025-05-22 17:49:25,557 [INFO] Movimiento detenido
2025-05-22 17:49:25,668 [INFO] Movimiento detenido
2025-05-22 17:49:25,780 [INFO] Movimiento detenido
2025-05-22 17:49:25,893 [INFO] Movimiento detenido
2025-05-22 17:49:26,005 [INFO] Movimiento detenido
2025-05-22 17:49:26,120 [INFO] Movimiento detenido
2025-05-22 17:49:26,233 [INFO] Movimiento detenido
2025-05-22 17:49:26,345 [INFO] Movimiento detenido
2025-05-22 17:49:26,457 [INFO] Movimiento detenido
2025-05-22 17:49:26,569 [INFO] Movimiento detenido
2025-05-22 17:49:26,682 [INFO] Movimiento detenido
2025-05-22 17:49:26,794 [INFO] Movimiento detenido
2025-05-22 17:49:26,907 [INFO] Movimiento detenido
2025-05-22 17:49:27,019 [INFO] Movimiento detenido
2025-05-22 17:49:27,075 [INFO] Lectura datos climáticos NASA
2025-05-22 17:49:27,079 [INFO] Datos JSON preparados para envío
2025-05-22 17:49:27,132 [INFO] Movimiento detenido
2025-05-22 17:49:27,244 [INFO] Movimiento detenido
2025-05-22 17:49:27,356 [INFO] Movimiento detenido
2025-05-22 17:49:27,468 [INFO] Movimiento detenido
2025-05-22 17:49:27,580 [INFO] Movimiento detenido
2025-05-22 17:49:27,692 [INFO] Movimiento detenido
2025-05-22 17:49:27,803 [INFO] Movimiento detenido
2025-05-22 17:49:27,914 [INFO] Movimiento detenido
2025-05-22 17:49:28,025 [INFO] Movimiento detenido
2025-05-22 17:49:28,129 [INFO] Lectura BMP390
2025-05-22 17:49:28,136 [INFO] Movimiento detenido
2025-05-22 17:49:28,249 [INFO] Movimiento detenido
2025-05-22 17:49:28,310 [INFO] Lectura LTR390
2025-05-22 17:49:28,316 [INFO] Lectura desde ESP32-S3 por serial
2025-05-22 17:49:28,361 [INFO] Movimiento detenido
2025-05-22 17:49:28,481 [INFO] Movimiento detenido
2025-05-22 17:49:28,594 [INFO] Movimiento detenido
2025-05-22 17:49:28,706 [INFO] Movimiento detenido
2025-05-22 17:49:28,818 [INFO] Movimiento detenido
2025-05-22 17:49:28,930 [INFO] Movimiento detenido
2025-05-22 17:49:29,041 [INFO] Movimiento detenido
2025-05-22 17:49:29,153 [INFO] Movimiento detenido
2025-05-22 17:49:29,264 [INFO] Movimiento detenido
2025-05-22 17:49:29,376 [INFO] Movimiento detenido
2025-05-22 17:49:29,487 [INFO] Movimiento detenido
2025-05-22 17:49:29,598 [INFO] Movimiento detenido
2025-05-22 17:49:29,711 [INFO] Movimiento detenido
2025-05-22 17:49:29,823 [INFO] Movimiento detenido
2025-05-22 17:49:29,940 [INFO] Movimiento detenido
2025-05-22 17:49:30,052 [INFO] Movimiento detenido
2025-05-22 17:49:30,163 [INFO] Movimiento detenido
2025-05-22 17:49:30,275 [INFO] Movimiento detenido
2025-05-22 17:49:30,387 [INFO] Movimiento detenido
2025-05-22 17:49:30,498 [INFO] Movimiento detenido
2025-05-22 17:49:30,609 [INFO] Movimiento detenido
2025-05-22 17:49:30,720 [INFO] Movimiento detenido
2025-05-22 17:49:30,832 [INFO] Movimiento detenido
2025-05-22 17:49:30,944 [INFO] Movimiento detenido
2025-05-22 17:49:31,056 [INFO] Movimiento detenido
2025-05-22 17:49:31,168 [INFO] Movimiento detenido
2025-05-22 17:49:31,281 [INFO] Movimiento detenido
2025-05-22 17:49:31,393 [INFO] Movimiento detenido
2025-05-22 17:49:31,505 [INFO] Movimiento detenido
2025-05-22 17:49:31,617 [INFO] Movimiento detenido
2025-05-22 17:49:31,729 [INFO] Movimiento detenido
2025-05-22 17:49:31,842 [INFO] Movimiento detenido
2025-05-22 17:49:31,954 [INFO] Movimiento detenido
2025-05-22 17:49:32,066 [INFO] Movimiento detenido
2025-05-22 17:49:32,178 [INFO] Movimiento detenido
2025-05-22 17:49:32,290 [INFO] Movimiento detenido
2025-05-22 17:49:32,402 [INFO] Movimiento detenido
2025-05-22 17:49:32,514 [INFO] Movimiento detenido
2025-05-22 17:49:32,588 [INFO] Lectura datos climáticos NASA
2025-05-22 17:49:32,591 [INFO] Datos JSON preparados para envío
2025-05-22 17:49:32,626 [INFO] Movimiento detenido
2025-05-22 17:49:32,738 [INFO] Movimiento detenido
2025-05-22 17:49:32,850 [INFO] Movimiento detenido
2025-05-22 17:49:32,963 [INFO] Movimiento detenido
2025-05-22 17:49:33,075 [INFO] Movimiento detenido
2025-05-22 17:49:33,187 [INFO] Movimiento detenido
2025-05-22 17:49:33,300 [INFO] Movimiento detenido
2025-05-22 17:49:33,412 [INFO] Movimiento detenido
2025-05-22 17:49:33,524 [INFO] Movimiento detenido
2025-05-22 17:49:33,636 [INFO] Movimiento detenido
2025-05-22 17:49:33,646 [INFO] Lectura BMP390
2025-05-22 17:49:33,752 [INFO] Movimiento detenido
2025-05-22 17:49:47,127 [INFO] Inicio del sistema
2025-05-22 17:49:48,190 [INFO] Movimiento detenido
2025-05-22 17:49:48,227 [INFO] [31m[1mWARNING: This is a development server. Do not use it in a production deployment. Use a production WSGI server instead.[0m
 * Running on all addresses (0.0.0.0)
 * Running on http://127.0.0.1:5000
 * Running on http://192.168.95.239:5000
2025-05-22 17:49:48,228 [INFO] [33mPress CTRL+C to quit[0m
2025-05-22 17:49:48,256 [INFO] Lectura BMP390
2025-05-22 17:49:48,354 [INFO] Movimiento detenido
2025-05-22 17:49:48,467 [INFO] Movimiento detenido
2025-05-22 17:49:48,469 [INFO] Lectura LTR390
2025-05-22 17:49:48,583 [INFO] Movimiento detenido
2025-05-22 17:49:48,697 [INFO] Movimiento detenido
2025-05-22 17:49:48,809 [INFO] Movimiento detenido
2025-05-22 17:49:48,922 [INFO] Movimiento detenido
2025-05-22 17:49:49,034 [INFO] Movimiento detenido
2025-05-22 17:49:49,050 [WARNING] Lectura serial fallida o formato incorrecto
2025-05-22 17:49:49,147 [INFO] Movimiento detenido
2025-05-22 17:49:49,269 [INFO] Movimiento detenido
2025-05-22 17:49:49,382 [INFO] Movimiento detenido
2025-05-22 17:49:49,494 [INFO] Movimiento detenido
2025-05-22 17:49:49,607 [INFO] Movimiento detenido
2025-05-22 17:49:49,720 [INFO] Movimiento detenido
2025-05-22 17:49:49,834 [INFO] Movimiento detenido
2025-05-22 17:49:49,951 [INFO] Movimiento detenido
2025-05-22 17:49:50,066 [INFO] Movimiento detenido
2025-05-22 17:49:50,177 [INFO] Movimiento detenido
2025-05-22 17:49:50,288 [INFO] Movimiento detenido
2025-05-22 17:49:50,399 [INFO] Movimiento detenido
2025-05-22 17:49:50,510 [INFO] Movimiento detenido
2025-05-22 17:49:50,621 [INFO] Movimiento detenido
2025-05-22 17:49:50,733 [INFO] Movimiento detenido
2025-05-22 17:49:50,846 [INFO] Movimiento detenido
2025-05-22 17:49:50,960 [INFO] Movimiento detenido
2025-05-22 17:49:51,072 [INFO] Movimiento detenido
2025-05-22 17:49:51,184 [INFO] Movimiento detenido
2025-05-22 17:49:51,234 [ERROR] Exception on / [GET]
Traceback (most recent call last):
  File "/home/farmtech/FarmTech/.venv/lib/python3.11/site-packages/flask/app.py", line 1511, in wsgi_app
    response = self.full_dispatch_request()
               ^^^^^^^^^^^^^^^^^^^^^^^^^^^^
  File "/home/farmtech/FarmTech/.venv/lib/python3.11/site-packages/flask/app.py", line 919, in full_dispatch_request
    rv = self.handle_user_exception(e)
         ^^^^^^^^^^^^^^^^^^^^^^^^^^^^^
  File "/home/farmtech/FarmTech/.venv/lib/python3.11/site-packages/flask/app.py", line 917, in full_dispatch_request
    rv = self.dispatch_request()
         ^^^^^^^^^^^^^^^^^^^^^^^
  File "/home/farmtech/FarmTech/.venv/lib/python3.11/site-packages/flask/app.py", line 902, in dispatch_request
    return self.ensure_sync(self.view_functions[rule.endpoint])(**view_args)  # type: ignore[no-any-return]
           ^^^^^^^^^^^^^^^^^^^^^^^^^^^^^^^^^^^^^^^^^^^^^^^^^^^^^^^^^^^^^^^^^
  File "/home/farmtech/FarmTech/utils/webserver.py", line 11, in index
    return render_template("index.html")
           ^^^^^^^^^^^^^^^^^^^^^^^^^^^^^
  File "/home/farmtech/FarmTech/.venv/lib/python3.11/site-packages/flask/templating.py", line 149, in render_template
    template = app.jinja_env.get_or_select_template(template_name_or_list)
               ^^^^^^^^^^^^^^^^^^^^^^^^^^^^^^^^^^^^^^^^^^^^^^^^^^^^^^^^^^^
  File "/home/farmtech/FarmTech/.venv/lib/python3.11/site-packages/jinja2/environment.py", line 1087, in get_or_select_template
    return self.get_template(template_name_or_list, parent, globals)
           ^^^^^^^^^^^^^^^^^^^^^^^^^^^^^^^^^^^^^^^^^^^^^^^^^^^^^^^^^
  File "/home/farmtech/FarmTech/.venv/lib/python3.11/site-packages/jinja2/environment.py", line 1016, in get_template
    return self._load_template(name, globals)
           ^^^^^^^^^^^^^^^^^^^^^^^^^^^^^^^^^^
  File "/home/farmtech/FarmTech/.venv/lib/python3.11/site-packages/jinja2/environment.py", line 975, in _load_template
    template = self.loader.load(self, name, self.make_globals(globals))
               ^^^^^^^^^^^^^^^^^^^^^^^^^^^^^^^^^^^^^^^^^^^^^^^^^^^^^^^^
  File "/home/farmtech/FarmTech/.venv/lib/python3.11/site-packages/jinja2/loaders.py", line 126, in load
    source, filename, uptodate = self.get_source(environment, name)
                                 ^^^^^^^^^^^^^^^^^^^^^^^^^^^^^^^^^^
  File "/home/farmtech/FarmTech/.venv/lib/python3.11/site-packages/flask/templating.py", line 65, in get_source
    return self._get_source_fast(environment, template)
           ^^^^^^^^^^^^^^^^^^^^^^^^^^^^^^^^^^^^^^^^^^^^
  File "/home/farmtech/FarmTech/.venv/lib/python3.11/site-packages/flask/templating.py", line 99, in _get_source_fast
    raise TemplateNotFound(template)
jinja2.exceptions.TemplateNotFound: index.html
2025-05-22 17:49:51,256 [INFO] 192.168.95.177 - - [22/May/2025 17:49:51] "[35m[1mGET / HTTP/1.1[0m" 500 -
2025-05-22 17:49:51,297 [INFO] Movimiento detenido
2025-05-22 17:49:51,409 [INFO] Movimiento detenido
2025-05-22 17:49:51,520 [INFO] Movimiento detenido
2025-05-22 17:49:51,631 [INFO] Movimiento detenido
2025-05-22 17:49:51,743 [INFO] Movimiento detenido
2025-05-22 17:49:51,854 [INFO] Movimiento detenido
2025-05-22 17:49:51,965 [INFO] Movimiento detenido
2025-05-22 17:49:52,076 [INFO] Movimiento detenido
2025-05-22 17:49:52,188 [INFO] Movimiento detenido
2025-05-22 17:49:52,300 [INFO] Movimiento detenido
2025-05-22 17:49:52,413 [INFO] Movimiento detenido
2025-05-22 17:49:52,525 [INFO] Movimiento detenido
2025-05-22 17:49:52,545 [INFO] Lectura datos climáticos NASA
2025-05-22 17:49:52,550 [INFO] Datos JSON preparados para envío
2025-05-22 17:49:52,645 [INFO] Movimiento detenido
2025-05-22 17:49:52,757 [INFO] Movimiento detenido
2025-05-22 17:49:52,813 [ERROR] Exception on / [GET]
Traceback (most recent call last):
  File "/home/farmtech/FarmTech/.venv/lib/python3.11/site-packages/flask/app.py", line 1511, in wsgi_app
    response = self.full_dispatch_request()
               ^^^^^^^^^^^^^^^^^^^^^^^^^^^^
  File "/home/farmtech/FarmTech/.venv/lib/python3.11/site-packages/flask/app.py", line 919, in full_dispatch_request
    rv = self.handle_user_exception(e)
         ^^^^^^^^^^^^^^^^^^^^^^^^^^^^^
  File "/home/farmtech/FarmTech/.venv/lib/python3.11/site-packages/flask/app.py", line 917, in full_dispatch_request
    rv = self.dispatch_request()
         ^^^^^^^^^^^^^^^^^^^^^^^
  File "/home/farmtech/FarmTech/.venv/lib/python3.11/site-packages/flask/app.py", line 902, in dispatch_request
    return self.ensure_sync(self.view_functions[rule.endpoint])(**view_args)  # type: ignore[no-any-return]
           ^^^^^^^^^^^^^^^^^^^^^^^^^^^^^^^^^^^^^^^^^^^^^^^^^^^^^^^^^^^^^^^^^
  File "/home/farmtech/FarmTech/utils/webserver.py", line 11, in index
    return render_template("index.html")
           ^^^^^^^^^^^^^^^^^^^^^^^^^^^^^
  File "/home/farmtech/FarmTech/.venv/lib/python3.11/site-packages/flask/templating.py", line 149, in render_template
    template = app.jinja_env.get_or_select_template(template_name_or_list)
               ^^^^^^^^^^^^^^^^^^^^^^^^^^^^^^^^^^^^^^^^^^^^^^^^^^^^^^^^^^^
  File "/home/farmtech/FarmTech/.venv/lib/python3.11/site-packages/jinja2/environment.py", line 1087, in get_or_select_template
    return self.get_template(template_name_or_list, parent, globals)
           ^^^^^^^^^^^^^^^^^^^^^^^^^^^^^^^^^^^^^^^^^^^^^^^^^^^^^^^^^
  File "/home/farmtech/FarmTech/.venv/lib/python3.11/site-packages/jinja2/environment.py", line 1016, in get_template
    return self._load_template(name, globals)
           ^^^^^^^^^^^^^^^^^^^^^^^^^^^^^^^^^^
  File "/home/farmtech/FarmTech/.venv/lib/python3.11/site-packages/jinja2/environment.py", line 975, in _load_template
    template = self.loader.load(self, name, self.make_globals(globals))
               ^^^^^^^^^^^^^^^^^^^^^^^^^^^^^^^^^^^^^^^^^^^^^^^^^^^^^^^^
  File "/home/farmtech/FarmTech/.venv/lib/python3.11/site-packages/jinja2/loaders.py", line 126, in load
    source, filename, uptodate = self.get_source(environment, name)
                                 ^^^^^^^^^^^^^^^^^^^^^^^^^^^^^^^^^^
  File "/home/farmtech/FarmTech/.venv/lib/python3.11/site-packages/flask/templating.py", line 65, in get_source
    return self._get_source_fast(environment, template)
           ^^^^^^^^^^^^^^^^^^^^^^^^^^^^^^^^^^^^^^^^^^^^
  File "/home/farmtech/FarmTech/.venv/lib/python3.11/site-packages/flask/templating.py", line 99, in _get_source_fast
    raise TemplateNotFound(template)
jinja2.exceptions.TemplateNotFound: index.html
2025-05-22 17:49:52,824 [INFO] 192.168.95.177 - - [22/May/2025 17:49:52] "[35m[1mGET / HTTP/1.1[0m" 500 -
2025-05-22 17:49:52,869 [INFO] Movimiento detenido
2025-05-22 17:49:52,981 [INFO] Movimiento detenido
2025-05-22 17:49:53,093 [INFO] Movimiento detenido
2025-05-22 17:49:53,204 [INFO] Movimiento detenido
2025-05-22 17:49:53,316 [INFO] Movimiento detenido
2025-05-22 17:49:53,362 [ERROR] Exception on / [GET]
Traceback (most recent call last):
  File "/home/farmtech/FarmTech/.venv/lib/python3.11/site-packages/flask/app.py", line 1511, in wsgi_app
    response = self.full_dispatch_request()
               ^^^^^^^^^^^^^^^^^^^^^^^^^^^^
  File "/home/farmtech/FarmTech/.venv/lib/python3.11/site-packages/flask/app.py", line 919, in full_dispatch_request
    rv = self.handle_user_exception(e)
         ^^^^^^^^^^^^^^^^^^^^^^^^^^^^^
  File "/home/farmtech/FarmTech/.venv/lib/python3.11/site-packages/flask/app.py", line 917, in full_dispatch_request
    rv = self.dispatch_request()
         ^^^^^^^^^^^^^^^^^^^^^^^
  File "/home/farmtech/FarmTech/.venv/lib/python3.11/site-packages/flask/app.py", line 902, in dispatch_request
    return self.ensure_sync(self.view_functions[rule.endpoint])(**view_args)  # type: ignore[no-any-return]
           ^^^^^^^^^^^^^^^^^^^^^^^^^^^^^^^^^^^^^^^^^^^^^^^^^^^^^^^^^^^^^^^^^
  File "/home/farmtech/FarmTech/utils/webserver.py", line 11, in index
    return render_template("index.html")
           ^^^^^^^^^^^^^^^^^^^^^^^^^^^^^
  File "/home/farmtech/FarmTech/.venv/lib/python3.11/site-packages/flask/templating.py", line 149, in render_template
    template = app.jinja_env.get_or_select_template(template_name_or_list)
               ^^^^^^^^^^^^^^^^^^^^^^^^^^^^^^^^^^^^^^^^^^^^^^^^^^^^^^^^^^^
  File "/home/farmtech/FarmTech/.venv/lib/python3.11/site-packages/jinja2/environment.py", line 1087, in get_or_select_template
    return self.get_template(template_name_or_list, parent, globals)
           ^^^^^^^^^^^^^^^^^^^^^^^^^^^^^^^^^^^^^^^^^^^^^^^^^^^^^^^^^
  File "/home/farmtech/FarmTech/.venv/lib/python3.11/site-packages/jinja2/environment.py", line 1016, in get_template
    return self._load_template(name, globals)
           ^^^^^^^^^^^^^^^^^^^^^^^^^^^^^^^^^^
  File "/home/farmtech/FarmTech/.venv/lib/python3.11/site-packages/jinja2/environment.py", line 975, in _load_template
    template = self.loader.load(self, name, self.make_globals(globals))
               ^^^^^^^^^^^^^^^^^^^^^^^^^^^^^^^^^^^^^^^^^^^^^^^^^^^^^^^^
  File "/home/farmtech/FarmTech/.venv/lib/python3.11/site-packages/jinja2/loaders.py", line 126, in load
    source, filename, uptodate = self.get_source(environment, name)
                                 ^^^^^^^^^^^^^^^^^^^^^^^^^^^^^^^^^^
  File "/home/farmtech/FarmTech/.venv/lib/python3.11/site-packages/flask/templating.py", line 65, in get_source
    return self._get_source_fast(environment, template)
           ^^^^^^^^^^^^^^^^^^^^^^^^^^^^^^^^^^^^^^^^^^^^
  File "/home/farmtech/FarmTech/.venv/lib/python3.11/site-packages/flask/templating.py", line 99, in _get_source_fast
    raise TemplateNotFound(template)
jinja2.exceptions.TemplateNotFound: index.html
2025-05-22 17:49:53,369 [INFO] 192.168.95.177 - - [22/May/2025 17:49:53] "[35m[1mGET / HTTP/1.1[0m" 500 -
2025-05-22 17:49:53,429 [INFO] Movimiento detenido
2025-05-22 17:49:53,540 [INFO] Movimiento detenido
2025-05-22 17:49:53,601 [INFO] Lectura BMP390
2025-05-22 17:49:53,651 [INFO] Movimiento detenido
2025-05-22 17:49:53,763 [INFO] Movimiento detenido
2025-05-22 17:49:53,779 [INFO] Lectura LTR390
2025-05-22 17:49:53,782 [INFO] Lectura desde ESP32-S3 por serial
2025-05-22 17:49:53,874 [INFO] Movimiento detenido
2025-05-22 17:49:53,985 [INFO] Movimiento detenido
2025-05-22 17:49:54,096 [INFO] Movimiento detenido
2025-05-22 17:49:54,208 [INFO] Movimiento detenido
2025-05-22 17:49:54,321 [INFO] Movimiento detenido
2025-05-22 17:49:54,434 [INFO] Movimiento detenido
2025-05-22 17:49:54,547 [INFO] Movimiento detenido
2025-05-22 17:49:54,659 [INFO] Movimiento detenido
2025-05-22 17:49:54,771 [INFO] Movimiento detenido
2025-05-22 17:50:54,624 [INFO] Inicio del sistema
2025-05-22 17:50:55,686 [INFO] Movimiento detenido
2025-05-22 17:50:55,784 [INFO] Lectura BMP390
2025-05-22 17:50:55,806 [INFO] [31m[1mWARNING: This is a development server. Do not use it in a production deployment. Use a production WSGI server instead.[0m
 * Running on all addresses (0.0.0.0)
 * Running on http://127.0.0.1:5000
 * Running on http://192.168.95.239:5000
2025-05-22 17:50:55,807 [INFO] [33mPress CTRL+C to quit[0m
2025-05-22 17:50:55,889 [INFO] Movimiento detenido
2025-05-22 17:50:56,001 [INFO] Lectura LTR390
2025-05-22 17:50:56,002 [INFO] Movimiento detenido
2025-05-22 17:50:56,113 [INFO] Movimiento detenido
2025-05-22 17:50:56,224 [INFO] Movimiento detenido
2025-05-22 17:50:56,335 [INFO] Movimiento detenido
2025-05-22 17:50:56,446 [INFO] Movimiento detenido
2025-05-22 17:50:56,558 [INFO] Movimiento detenido
2025-05-22 17:50:56,597 [WARNING] Lectura serial fallida o formato incorrecto
2025-05-22 17:50:56,600 [WARNING] GPS sin señal
2025-05-22 17:50:56,602 [INFO] Datos JSON preparados para envío
2025-05-22 17:50:56,670 [INFO] Movimiento detenido
2025-05-22 17:50:56,782 [INFO] Movimiento detenido
2025-05-22 17:50:56,894 [INFO] Movimiento detenido
2025-05-22 17:50:57,006 [INFO] Movimiento detenido
2025-05-22 17:50:57,118 [INFO] Movimiento detenido
2025-05-22 17:50:57,231 [INFO] Movimiento detenido
2025-05-22 17:50:57,343 [INFO] Movimiento detenido
2025-05-22 17:50:57,455 [INFO] Movimiento detenido
2025-05-22 17:50:57,567 [INFO] Movimiento detenido
2025-05-22 17:50:57,655 [INFO] Lectura BMP390
2025-05-22 17:50:57,679 [INFO] Movimiento detenido
2025-05-22 17:50:57,791 [INFO] Movimiento detenido
2025-05-22 17:50:57,843 [INFO] Lectura LTR390
2025-05-22 17:50:57,905 [INFO] Movimiento detenido
2025-05-22 17:50:58,017 [INFO] Movimiento detenido
2025-05-22 17:50:58,129 [INFO] Movimiento detenido
2025-05-22 17:50:58,241 [INFO] Movimiento detenido
2025-05-22 17:50:58,354 [INFO] Movimiento detenido
2025-05-22 17:50:58,467 [INFO] Movimiento detenido
2025-05-22 17:50:58,578 [INFO] Movimiento detenido
2025-05-22 17:50:58,689 [INFO] Movimiento detenido
2025-05-22 17:50:58,774 [INFO] Lectura desde ESP32-S3 por serial
2025-05-22 17:50:58,800 [INFO] Movimiento detenido
2025-05-22 17:50:58,912 [INFO] Movimiento detenido
2025-05-22 17:50:59,023 [INFO] Movimiento detenido
2025-05-22 17:50:59,135 [INFO] Movimiento detenido
2025-05-22 17:50:59,247 [INFO] Movimiento detenido
2025-05-22 17:50:59,360 [INFO] Movimiento detenido
2025-05-22 17:50:59,473 [INFO] Movimiento detenido
2025-05-22 17:50:59,586 [INFO] Movimiento detenido
2025-05-22 17:50:59,700 [INFO] Movimiento detenido
2025-05-22 17:50:59,812 [INFO] Movimiento detenido
2025-05-22 17:50:59,926 [INFO] Movimiento detenido
2025-05-22 17:51:00,040 [INFO] Movimiento detenido
2025-05-22 17:51:00,153 [INFO] Movimiento detenido
2025-05-22 17:51:00,266 [INFO] Movimiento detenido
2025-05-22 17:51:00,377 [INFO] Movimiento detenido
2025-05-22 17:51:00,489 [INFO] Movimiento detenido
2025-05-22 17:51:00,602 [INFO] Movimiento detenido
2025-05-22 17:51:00,714 [INFO] Movimiento detenido
2025-05-22 17:51:00,826 [INFO] Movimiento detenido
2025-05-22 17:51:00,938 [INFO] Movimiento detenido
2025-05-22 17:51:01,051 [INFO] Movimiento detenido
2025-05-22 17:51:01,163 [INFO] Movimiento detenido
2025-05-22 17:51:01,276 [INFO] Movimiento detenido
2025-05-22 17:51:01,388 [INFO] Movimiento detenido
2025-05-22 17:51:01,500 [INFO] Movimiento detenido
2025-05-22 17:51:01,612 [INFO] Movimiento detenido
2025-05-22 17:51:01,725 [INFO] Movimiento detenido
2025-05-22 17:51:01,837 [INFO] Movimiento detenido
2025-05-22 17:51:01,950 [INFO] Movimiento detenido
2025-05-22 17:51:02,062 [INFO] Movimiento detenido
2025-05-22 17:51:02,175 [INFO] Movimiento detenido
2025-05-22 17:51:02,287 [INFO] Movimiento detenido
2025-05-22 17:51:02,399 [INFO] Movimiento detenido
2025-05-22 17:51:02,511 [INFO] Movimiento detenido
2025-05-22 17:51:02,623 [INFO] Movimiento detenido
2025-05-22 17:51:02,735 [INFO] Movimiento detenido
2025-05-22 17:51:02,848 [INFO] Movimiento detenido
2025-05-22 17:51:02,960 [INFO] Movimiento detenido
2025-05-22 17:51:03,004 [INFO] Lectura datos climáticos NASA
2025-05-22 17:51:03,008 [INFO] Datos JSON preparados para envío
2025-05-22 17:51:03,072 [INFO] Movimiento detenido
2025-05-22 17:51:03,184 [INFO] Movimiento detenido
2025-05-22 17:51:03,296 [INFO] Movimiento detenido
2025-05-22 17:51:03,409 [INFO] Movimiento detenido
2025-05-22 17:51:03,522 [INFO] Movimiento detenido
2025-05-22 17:51:03,633 [INFO] Movimiento detenido
2025-05-22 17:51:03,745 [INFO] Movimiento detenido
2025-05-22 17:51:03,857 [INFO] Movimiento detenido
2025-05-22 17:51:03,968 [INFO] Movimiento detenido
2025-05-22 17:51:04,058 [INFO] Lectura BMP390
2025-05-22 17:51:04,079 [INFO] Movimiento detenido
2025-05-22 17:51:04,190 [INFO] Movimiento detenido
2025-05-22 17:51:04,240 [INFO] Lectura LTR390
2025-05-22 17:51:04,247 [INFO] Lectura desde ESP32-S3 por serial
2025-05-22 17:51:04,305 [INFO] Movimiento detenido
2025-05-22 17:51:04,417 [INFO] Movimiento detenido
2025-05-22 17:51:04,529 [INFO] Movimiento detenido
2025-05-22 17:51:04,642 [INFO] Movimiento detenido
2025-05-22 17:51:04,755 [INFO] Movimiento detenido
2025-05-22 17:51:04,868 [INFO] Movimiento detenido
2025-05-22 17:51:04,980 [INFO] Movimiento detenido
2025-05-22 17:51:05,093 [INFO] Movimiento detenido
2025-05-22 17:51:05,207 [INFO] Movimiento detenido
2025-05-22 17:51:05,319 [INFO] Movimiento detenido
2025-05-22 17:51:05,431 [INFO] Movimiento detenido
2025-05-22 17:51:05,543 [INFO] Movimiento detenido
2025-05-22 17:51:05,655 [INFO] Movimiento detenido
2025-05-22 17:51:05,767 [INFO] Movimiento detenido
2025-05-22 17:51:05,879 [INFO] Movimiento detenido
2025-05-22 17:51:05,992 [INFO] Movimiento detenido
2025-05-22 17:51:06,104 [INFO] Movimiento detenido
2025-05-22 17:51:06,217 [INFO] Movimiento detenido
2025-05-22 17:51:06,329 [INFO] Movimiento detenido
2025-05-22 17:51:06,441 [INFO] Movimiento detenido
2025-05-22 17:51:06,553 [INFO] Movimiento detenido
2025-05-22 17:51:06,666 [INFO] Movimiento detenido
2025-05-22 17:51:06,779 [INFO] Movimiento detenido
2025-05-22 17:51:06,891 [INFO] Movimiento detenido
2025-05-22 17:51:07,003 [INFO] Movimiento detenido
2025-05-22 17:51:07,116 [INFO] Movimiento detenido
2025-05-22 17:51:07,228 [INFO] Movimiento detenido
2025-05-22 17:51:07,340 [INFO] Movimiento detenido
2025-05-22 17:51:07,452 [INFO] Movimiento detenido
2025-05-22 17:51:07,564 [INFO] Movimiento detenido
2025-05-22 17:51:07,611 [INFO] Lectura datos climáticos NASA
2025-05-22 17:51:07,614 [INFO] Datos JSON preparados para envío
2025-05-22 17:51:07,676 [INFO] Movimiento detenido
2025-05-22 17:51:07,788 [INFO] Movimiento detenido
2025-05-22 17:51:07,901 [INFO] Movimiento detenido
2025-05-22 17:51:08,013 [INFO] Movimiento detenido
2025-05-22 17:51:08,125 [INFO] Movimiento detenido
2025-05-22 17:51:08,237 [INFO] Movimiento detenido
2025-05-22 17:51:08,349 [INFO] Movimiento detenido
2025-05-22 17:51:08,463 [INFO] Movimiento detenido
2025-05-22 17:51:08,574 [INFO] Movimiento detenido
2025-05-22 17:51:08,664 [INFO] Lectura BMP390
2025-05-22 17:51:08,685 [INFO] Movimiento detenido
2025-05-22 17:51:08,798 [INFO] Movimiento detenido
2025-05-22 17:51:08,846 [INFO] Lectura LTR390
2025-05-22 17:51:08,849 [INFO] Lectura desde ESP32-S3 por serial
2025-05-22 17:51:08,918 [INFO] Movimiento detenido
2025-05-22 17:51:09,029 [INFO] Movimiento detenido
2025-05-22 17:51:09,140 [INFO] Movimiento detenido
2025-05-22 17:51:09,252 [INFO] Movimiento detenido
2025-05-22 17:51:09,364 [INFO] Movimiento detenido
2025-05-22 17:51:09,476 [INFO] Movimiento detenido
2025-05-22 17:51:09,589 [INFO] Movimiento detenido
2025-05-22 17:51:09,702 [INFO] Movimiento detenido
2025-05-22 17:51:09,815 [INFO] Movimiento detenido
2025-05-22 17:51:09,927 [INFO] Movimiento detenido
2025-05-22 17:51:10,060 [INFO] 192.168.95.177 - - [22/May/2025 17:51:10] "[35m[1mGET / HTTP/1.1[0m" 500 -
2025-05-22 17:51:10,061 [INFO] Movimiento detenido
2025-05-22 17:51:10,176 [INFO] Movimiento detenido
2025-05-22 17:51:10,247 [INFO] 192.168.95.177 - - [22/May/2025 17:51:10] "GET /?__debugger__=yes&cmd=resource&f=style.css HTTP/1.1" 200 -
2025-05-22 17:51:10,269 [INFO] 192.168.95.177 - - [22/May/2025 17:51:10] "GET /?__debugger__=yes&cmd=resource&f=debugger.js HTTP/1.1" 200 -
2025-05-22 17:51:10,287 [INFO] Movimiento detenido
2025-05-22 17:51:10,399 [INFO] Movimiento detenido
2025-05-22 17:51:10,510 [INFO] Movimiento detenido
2025-05-22 17:51:10,622 [INFO] Movimiento detenido
2025-05-22 17:51:10,733 [INFO] Movimiento detenido
2025-05-22 17:51:10,833 [INFO] 192.168.95.177 - - [22/May/2025 17:51:10] "[35m[1mGET / HTTP/1.1[0m" 500 -
2025-05-22 17:51:10,836 [INFO] 192.168.95.177 - - [22/May/2025 17:51:10] "GET /?__debugger__=yes&cmd=resource&f=console.png HTTP/1.1" 200 -
2025-05-22 17:51:10,844 [INFO] Movimiento detenido
2025-05-22 17:51:10,959 [INFO] Movimiento detenido
2025-05-22 17:51:11,004 [INFO] 192.168.95.177 - - [22/May/2025 17:51:11] "[36mGET /?__debugger__=yes&cmd=resource&f=style.css HTTP/1.1[0m" 304 -
2025-05-22 17:51:11,005 [INFO] 192.168.95.177 - - [22/May/2025 17:51:11] "[36mGET /?__debugger__=yes&cmd=resource&f=debugger.js HTTP/1.1[0m" 304 -
2025-05-22 17:51:11,070 [INFO] Movimiento detenido
2025-05-22 17:51:11,166 [INFO] 192.168.95.177 - - [22/May/2025 17:51:11] "[36mGET /?__debugger__=yes&cmd=resource&f=console.png HTTP/1.1[0m" 304 -
2025-05-22 17:51:11,182 [INFO] Movimiento detenido
2025-05-22 17:51:11,293 [INFO] Movimiento detenido
2025-05-22 17:51:11,404 [INFO] Movimiento detenido
2025-05-22 17:51:11,515 [INFO] Movimiento detenido
2025-05-22 17:51:11,627 [INFO] Movimiento detenido
2025-05-22 17:51:11,739 [INFO] Movimiento detenido
2025-05-22 17:51:11,852 [INFO] Movimiento detenido
2025-05-22 17:51:11,963 [INFO] Movimiento detenido
2025-05-22 17:51:12,076 [INFO] Movimiento detenido
2025-05-22 17:51:12,189 [INFO] Movimiento detenido
2025-05-22 17:51:12,302 [INFO] Movimiento detenido
2025-05-22 17:51:12,414 [INFO] Movimiento detenido
2025-05-22 17:51:12,526 [INFO] Movimiento detenido
2025-05-22 17:51:12,638 [INFO] Movimiento detenido
2025-05-22 17:51:12,750 [INFO] Movimiento detenido
2025-05-22 17:51:12,863 [INFO] Movimiento detenido
2025-05-22 17:51:12,975 [INFO] Movimiento detenido
2025-05-22 17:51:13,087 [INFO] Movimiento detenido
2025-05-22 17:51:13,199 [INFO] Movimiento detenido
2025-05-22 17:51:13,312 [INFO] Movimiento detenido
2025-05-22 17:51:13,426 [INFO] Movimiento detenido
2025-05-22 17:51:13,540 [INFO] Movimiento detenido
2025-05-22 17:51:13,651 [INFO] Movimiento detenido
2025-05-22 17:51:13,668 [INFO] Lectura datos climáticos NASA
2025-05-22 17:51:13,671 [INFO] Datos JSON preparados para envío
2025-05-22 17:51:13,762 [INFO] Movimiento detenido
2025-05-22 17:51:13,873 [INFO] Movimiento detenido
2025-05-22 17:51:13,984 [INFO] Movimiento detenido
2025-05-22 17:51:14,095 [INFO] Movimiento detenido
2025-05-22 17:51:14,206 [INFO] Movimiento detenido
2025-05-22 17:51:14,318 [INFO] Movimiento detenido
2025-05-22 17:51:14,430 [INFO] Movimiento detenido
2025-05-22 17:51:14,541 [INFO] Movimiento detenido
2025-05-22 17:51:14,652 [INFO] Movimiento detenido
2025-05-22 17:51:14,722 [INFO] Lectura BMP390
2025-05-22 17:51:14,763 [INFO] Movimiento detenido
2025-05-22 17:51:14,875 [INFO] Movimiento detenido
2025-05-22 17:51:14,899 [INFO] Lectura LTR390
2025-05-22 17:51:14,903 [INFO] Lectura desde ESP32-S3 por serial
2025-05-22 17:51:14,989 [INFO] Movimiento detenido
2025-05-22 17:51:15,101 [INFO] Movimiento detenido
2025-05-22 17:51:15,213 [INFO] Movimiento detenido
2025-05-22 17:51:15,325 [INFO] Movimiento detenido
2025-05-22 17:51:15,437 [INFO] Movimiento detenido
2025-05-22 17:51:15,549 [INFO] Movimiento detenido
2025-05-22 17:51:15,662 [INFO] Movimiento detenido
2025-05-22 17:51:15,774 [INFO] Movimiento detenido
2025-05-22 17:51:15,887 [INFO] Movimiento detenido
2025-05-22 17:51:16,000 [INFO] Movimiento detenido
2025-05-22 17:51:16,112 [INFO] Movimiento detenido
2025-05-22 17:51:16,224 [INFO] Movimiento detenido
2025-05-22 17:51:16,336 [INFO] Movimiento detenido
2025-05-22 17:51:16,449 [INFO] Movimiento detenido
2025-05-22 17:51:16,561 [INFO] Movimiento detenido
2025-05-22 17:51:16,673 [INFO] Movimiento detenido
2025-05-22 17:51:16,785 [INFO] Movimiento detenido
2025-05-22 17:51:16,897 [INFO] Movimiento detenido
2025-05-22 17:51:17,009 [INFO] Movimiento detenido
2025-05-22 17:51:17,121 [INFO] Movimiento detenido
2025-05-22 17:51:17,233 [INFO] Movimiento detenido
2025-05-22 17:51:17,345 [INFO] Movimiento detenido
2025-05-22 17:51:17,457 [INFO] Movimiento detenido
2025-05-22 17:51:17,570 [INFO] Movimiento detenido
2025-05-22 17:51:17,682 [INFO] Movimiento detenido
2025-05-22 17:51:17,796 [INFO] Movimiento detenido
2025-05-22 17:51:17,908 [INFO] Movimiento detenido
2025-05-22 17:51:18,020 [INFO] Movimiento detenido
2025-05-22 17:51:18,132 [INFO] Movimiento detenido
2025-05-22 17:51:18,244 [INFO] Movimiento detenido
2025-05-22 17:51:18,356 [INFO] Movimiento detenido
2025-05-22 17:51:18,470 [INFO] Movimiento detenido
2025-05-22 17:51:18,518 [INFO] Lectura datos climáticos NASA
2025-05-22 17:51:18,523 [INFO] Datos JSON preparados para envío
2025-05-22 17:51:18,583 [INFO] Movimiento detenido
2025-05-22 17:51:18,696 [INFO] Movimiento detenido
2025-05-22 17:51:18,809 [INFO] Movimiento detenido
2025-05-22 17:51:18,921 [INFO] Movimiento detenido
2025-05-22 17:51:19,033 [INFO] Movimiento detenido
2025-05-22 17:51:19,145 [INFO] Movimiento detenido
2025-05-22 17:51:19,257 [INFO] Movimiento detenido
2025-05-22 17:51:19,370 [INFO] Movimiento detenido
2025-05-22 17:51:19,482 [INFO] Movimiento detenido
2025-05-22 17:51:19,575 [INFO] Lectura BMP390
2025-05-22 17:51:19,593 [INFO] Movimiento detenido
2025-05-22 17:51:19,705 [INFO] Movimiento detenido
2025-05-22 17:51:19,759 [INFO] Lectura LTR390
2025-05-22 17:51:19,766 [INFO] Lectura desde ESP32-S3 por serial
2025-05-22 17:51:19,818 [INFO] Movimiento detenido
2025-05-22 17:51:19,929 [INFO] Movimiento detenido
2025-05-22 17:51:20,042 [INFO] Movimiento detenido
2025-05-22 17:51:20,155 [INFO] Movimiento detenido
2025-05-22 17:51:20,269 [INFO] Movimiento detenido
2025-05-22 17:51:20,382 [INFO] Movimiento detenido
2025-05-22 17:51:20,494 [INFO] Movimiento detenido
2025-05-22 17:51:20,605 [INFO] Movimiento detenido
2025-05-22 17:51:20,718 [INFO] Movimiento detenido
2025-05-22 17:51:20,831 [INFO] Movimiento detenido
2025-05-22 17:51:20,943 [INFO] Movimiento detenido
2025-05-22 17:51:21,055 [INFO] Movimiento detenido
2025-05-22 17:51:21,167 [INFO] Movimiento detenido
2025-05-22 17:51:21,280 [INFO] Movimiento detenido
2025-05-22 17:51:21,392 [INFO] Movimiento detenido
2025-05-22 17:51:21,504 [INFO] Movimiento detenido
2025-05-22 17:51:21,616 [INFO] Movimiento detenido
2025-05-22 17:51:21,728 [INFO] Movimiento detenido
2025-05-22 17:51:21,840 [INFO] Movimiento detenido
2025-05-22 17:51:21,957 [INFO] Movimiento detenido
2025-05-22 17:51:22,069 [INFO] Movimiento detenido
2025-05-22 17:51:22,181 [INFO] Movimiento detenido
2025-05-22 17:51:22,293 [INFO] Movimiento detenido
2025-05-22 17:51:22,406 [INFO] Movimiento detenido
2025-05-22 17:51:22,518 [INFO] Movimiento detenido
2025-05-22 17:51:22,630 [INFO] Movimiento detenido
2025-05-22 17:51:22,742 [INFO] Movimiento detenido
2025-05-22 17:51:22,854 [INFO] Movimiento detenido
2025-05-22 17:51:22,966 [INFO] Movimiento detenido
2025-05-22 17:51:23,078 [INFO] Movimiento detenido
2025-05-22 17:51:23,190 [INFO] Movimiento detenido
2025-05-22 17:51:23,302 [INFO] Movimiento detenido
2025-05-22 17:51:23,414 [INFO] Movimiento detenido
2025-05-22 17:51:23,526 [INFO] Movimiento detenido
2025-05-22 17:51:23,637 [INFO] Movimiento detenido
2025-05-22 17:51:23,698 [INFO] Lectura datos climáticos NASA
2025-05-22 17:51:23,702 [INFO] Datos JSON preparados para envío
2025-05-22 17:51:23,748 [INFO] Movimiento detenido
2025-05-22 17:51:23,859 [INFO] Movimiento detenido
2025-05-22 17:51:23,971 [INFO] Movimiento detenido
2025-05-22 17:51:24,082 [INFO] Movimiento detenido
2025-05-22 17:51:24,193 [INFO] Movimiento detenido
2025-05-22 17:51:24,306 [INFO] Movimiento detenido
2025-05-22 17:51:24,419 [INFO] Movimiento detenido
2025-05-22 17:51:24,529 [INFO] Movimiento detenido
2025-05-22 17:51:24,640 [INFO] Movimiento detenido
2025-05-22 17:51:24,752 [INFO] Lectura BMP390
2025-05-22 17:51:24,753 [INFO] Movimiento detenido
2025-05-22 17:51:24,866 [INFO] Movimiento detenido
2025-05-22 17:51:24,931 [INFO] Lectura LTR390
2025-05-22 17:51:24,934 [INFO] Lectura desde ESP32-S3 por serial
2025-05-22 17:51:24,978 [INFO] Movimiento detenido
2025-05-22 17:51:25,089 [INFO] Movimiento detenido
2025-05-22 17:51:25,200 [INFO] Movimiento detenido
2025-05-22 17:51:25,317 [INFO] Movimiento detenido
2025-05-22 17:51:25,431 [INFO] Movimiento detenido
2025-05-22 17:51:25,543 [INFO] Movimiento detenido
2025-05-22 17:51:25,655 [INFO] Movimiento detenido
2025-05-22 17:51:25,767 [INFO] Movimiento detenido
2025-05-22 17:51:25,879 [INFO] Movimiento detenido
2025-05-22 17:51:25,991 [INFO] Movimiento detenido
2025-05-22 17:51:26,104 [INFO] Movimiento detenido
2025-05-22 17:51:26,216 [INFO] Movimiento detenido
2025-05-22 17:51:26,330 [INFO] Movimiento detenido
2025-05-22 17:51:26,442 [INFO] Movimiento detenido
2025-05-22 17:51:26,555 [INFO] Movimiento detenido
2025-05-22 17:51:26,667 [INFO] Movimiento detenido
2025-05-22 17:51:26,781 [INFO] Movimiento detenido
2025-05-22 17:51:26,893 [INFO] Movimiento detenido
2025-05-22 17:51:27,004 [INFO] Movimiento detenido
2025-05-22 17:51:27,116 [INFO] Movimiento detenido
2025-05-22 17:51:27,228 [INFO] Movimiento detenido
2025-05-22 17:51:27,340 [INFO] Movimiento detenido
2025-05-22 17:51:27,452 [INFO] Movimiento detenido
2025-05-22 17:51:27,564 [INFO] Movimiento detenido
2025-05-22 17:51:27,676 [INFO] Movimiento detenido
2025-05-22 17:51:27,788 [INFO] Movimiento detenido
2025-05-22 17:51:27,901 [INFO] Movimiento detenido
2025-05-22 17:51:28,014 [INFO] Movimiento detenido
2025-05-22 17:51:28,128 [INFO] Movimiento detenido
2025-05-22 17:51:28,242 [INFO] Movimiento detenido
2025-05-22 17:51:28,351 [INFO] Lectura datos climáticos NASA
2025-05-22 17:51:28,357 [INFO] Datos JSON preparados para envío
2025-05-22 17:51:28,358 [INFO] Movimiento detenido
2025-05-22 17:51:28,474 [INFO] Movimiento detenido
2025-05-22 17:51:28,585 [INFO] Movimiento detenido
2025-05-22 17:51:28,696 [INFO] Movimiento detenido
2025-05-22 17:51:28,807 [INFO] Movimiento detenido
2025-05-22 17:51:28,919 [INFO] Movimiento detenido
2025-05-22 17:51:29,030 [INFO] Movimiento detenido
2025-05-22 17:51:29,141 [INFO] Movimiento detenido
2025-05-22 17:51:29,254 [INFO] Movimiento detenido
2025-05-22 17:51:29,366 [INFO] Movimiento detenido
2025-05-22 17:51:29,411 [INFO] Lectura BMP390
2025-05-22 17:51:29,479 [INFO] Movimiento detenido
2025-05-22 17:51:29,594 [INFO] Lectura LTR390
2025-05-22 17:51:29,595 [INFO] Movimiento detenido
2025-05-22 17:51:29,601 [INFO] Lectura desde ESP32-S3 por serial
2025-05-22 17:51:29,710 [INFO] Movimiento detenido
2025-05-22 17:51:29,822 [INFO] Movimiento detenido
2025-05-22 17:51:29,933 [INFO] Movimiento detenido
2025-05-22 17:51:30,045 [INFO] Movimiento detenido
2025-05-22 17:51:30,157 [INFO] Movimiento detenido
2025-05-22 17:51:30,272 [INFO] Movimiento detenido
2025-05-22 17:51:30,384 [INFO] Movimiento detenido
2025-05-22 17:51:30,496 [INFO] Movimiento detenido
2025-05-22 17:51:30,608 [INFO] Movimiento detenido
2025-05-22 17:51:30,720 [INFO] Movimiento detenido
2025-05-22 17:51:30,832 [INFO] Movimiento detenido
2025-05-22 17:51:30,945 [INFO] Movimiento detenido
2025-05-22 17:51:31,056 [INFO] Movimiento detenido
2025-05-22 17:51:31,169 [INFO] Movimiento detenido
2025-05-22 17:51:31,282 [INFO] Movimiento detenido
2025-05-22 17:51:31,394 [INFO] Movimiento detenido
2025-05-22 17:51:31,507 [INFO] Movimiento detenido
2025-05-22 17:51:31,619 [INFO] Movimiento detenido
2025-05-22 17:51:31,731 [INFO] Movimiento detenido
2025-05-22 17:51:31,844 [INFO] Movimiento detenido
2025-05-22 17:51:31,956 [INFO] Movimiento detenido
2025-05-22 17:51:32,068 [INFO] Movimiento detenido
2025-05-22 17:51:32,180 [INFO] Movimiento detenido
2025-05-22 17:51:32,293 [INFO] Movimiento detenido
2025-05-22 17:51:32,406 [INFO] Movimiento detenido
2025-05-22 17:51:32,518 [INFO] Movimiento detenido
2025-05-22 17:51:32,630 [INFO] Movimiento detenido
2025-05-22 17:51:32,743 [INFO] Movimiento detenido
2025-05-22 17:51:32,856 [INFO] Movimiento detenido
2025-05-22 17:51:32,973 [INFO] Movimiento detenido
2025-05-22 17:51:33,019 [INFO] Lectura datos climáticos NASA
2025-05-22 17:51:33,021 [INFO] Datos JSON preparados para envío
2025-05-22 17:51:33,084 [INFO] Movimiento detenido
2025-05-22 17:51:33,195 [INFO] Movimiento detenido
2025-05-22 17:51:33,306 [INFO] Movimiento detenido
2025-05-22 17:51:33,417 [INFO] Movimiento detenido
2025-05-22 17:51:33,528 [INFO] Movimiento detenido
2025-05-22 17:51:33,639 [INFO] Movimiento detenido
2025-05-22 17:51:33,750 [INFO] Movimiento detenido
2025-05-22 17:51:33,862 [INFO] Movimiento detenido
2025-05-22 17:51:33,975 [INFO] Movimiento detenido
2025-05-22 17:51:34,074 [INFO] Lectura BMP390
2025-05-22 17:51:34,087 [INFO] Movimiento detenido
2025-05-22 17:51:34,199 [INFO] Movimiento detenido
2025-05-22 17:51:34,255 [INFO] Lectura LTR390
2025-05-22 17:51:34,261 [INFO] Lectura desde ESP32-S3 por serial
2025-05-22 17:51:34,312 [INFO] Movimiento detenido
2025-05-22 17:51:34,424 [INFO] Movimiento detenido
2025-05-22 17:51:34,540 [INFO] Movimiento detenido
2025-05-22 17:51:34,652 [INFO] Movimiento detenido
2025-05-22 17:51:34,766 [INFO] Movimiento detenido
2025-05-22 17:51:34,878 [INFO] Movimiento detenido
2025-05-22 17:51:34,991 [INFO] Movimiento detenido
2025-05-22 17:51:35,104 [INFO] Movimiento detenido
2025-05-22 17:51:35,216 [INFO] Movimiento detenido
2025-05-22 17:51:35,328 [INFO] Movimiento detenido
2025-05-22 17:51:35,439 [INFO] Movimiento detenido
2025-05-22 17:51:35,551 [INFO] Movimiento detenido
2025-05-22 17:51:35,662 [INFO] Movimiento detenido
2025-05-22 17:51:35,774 [INFO] Movimiento detenido
2025-05-22 17:51:35,885 [INFO] Movimiento detenido
2025-05-22 17:51:35,997 [INFO] Movimiento detenido
2025-05-22 17:51:36,108 [INFO] Movimiento detenido
2025-05-22 17:51:36,219 [INFO] Movimiento detenido
2025-05-22 17:51:36,330 [INFO] Movimiento detenido
2025-05-22 17:51:36,441 [INFO] Movimiento detenido
2025-05-22 17:51:36,552 [INFO] Movimiento detenido
2025-05-22 17:51:36,665 [INFO] Movimiento detenido
2025-05-22 17:51:36,777 [INFO] Movimiento detenido
2025-05-22 17:51:36,889 [INFO] Movimiento detenido
2025-05-22 17:51:37,001 [INFO] Movimiento detenido
2025-05-22 17:51:37,114 [INFO] Movimiento detenido
2025-05-22 17:51:37,226 [INFO] Movimiento detenido
2025-05-22 17:51:37,339 [INFO] Movimiento detenido
2025-05-22 17:51:37,451 [INFO] Movimiento detenido
2025-05-22 17:51:37,562 [INFO] Movimiento detenido
2025-05-22 17:51:37,675 [INFO] Movimiento detenido
2025-05-22 17:51:37,787 [INFO] Movimiento detenido
2025-05-22 17:51:37,898 [INFO] Movimiento detenido
2025-05-22 17:51:38,009 [INFO] Lectura datos climáticos NASA
2025-05-22 17:51:38,012 [INFO] Movimiento detenido
2025-05-22 17:51:38,015 [INFO] Datos JSON preparados para envío
2025-05-22 17:51:38,125 [INFO] Movimiento detenido
2025-05-22 17:51:38,236 [INFO] Movimiento detenido
2025-05-22 17:51:38,349 [INFO] Movimiento detenido
2025-05-22 17:51:38,462 [INFO] Movimiento detenido
2025-05-22 17:51:38,573 [INFO] Movimiento detenido
2025-05-22 17:51:38,684 [INFO] Movimiento detenido
2025-05-22 17:51:38,794 [INFO] Movimiento detenido
2025-05-22 17:51:38,906 [INFO] Movimiento detenido
2025-05-22 17:51:39,018 [INFO] Movimiento detenido
2025-05-22 17:51:39,065 [INFO] Lectura BMP390
2025-05-22 17:51:39,132 [INFO] Movimiento detenido
2025-05-22 17:51:39,245 [INFO] Lectura LTR390
2025-05-22 17:51:39,246 [INFO] Movimiento detenido
2025-05-22 17:51:39,252 [INFO] Lectura desde ESP32-S3 por serial
2025-05-22 17:51:39,360 [INFO] Movimiento detenido
2025-05-22 17:51:39,473 [INFO] Movimiento detenido
2025-05-22 17:51:39,587 [INFO] Movimiento detenido
2025-05-22 17:51:39,699 [INFO] Movimiento detenido
2025-05-22 17:51:39,812 [INFO] Movimiento detenido
2025-05-22 17:51:39,924 [INFO] Movimiento detenido
2025-05-22 17:51:40,037 [INFO] Movimiento detenido
2025-05-22 17:51:40,150 [INFO] Movimiento detenido
2025-05-22 17:51:40,263 [INFO] Movimiento detenido
2025-05-22 17:51:40,375 [INFO] Movimiento detenido
2025-05-22 17:51:40,487 [INFO] Movimiento detenido
2025-05-22 17:51:40,599 [INFO] Movimiento detenido
2025-05-22 17:51:40,711 [INFO] Movimiento detenido
2025-05-22 17:51:40,822 [INFO] Movimiento detenido
2025-05-22 17:51:40,934 [INFO] Movimiento detenido
2025-05-22 17:51:41,046 [INFO] Movimiento detenido
2025-05-22 17:51:41,158 [INFO] Movimiento detenido
2025-05-22 17:51:41,271 [INFO] Movimiento detenido
2025-05-22 17:51:41,382 [INFO] Movimiento detenido
2025-05-22 17:51:41,494 [INFO] Movimiento detenido
2025-05-22 17:51:41,606 [INFO] Movimiento detenido
2025-05-22 17:51:41,718 [INFO] Movimiento detenido
2025-05-22 17:51:41,830 [INFO] Movimiento detenido
2025-05-22 17:51:41,942 [INFO] Movimiento detenido
2025-05-22 17:51:42,054 [INFO] Movimiento detenido
2025-05-22 17:51:42,166 [INFO] Movimiento detenido
2025-05-22 17:51:42,279 [INFO] Movimiento detenido
2025-05-22 17:51:42,390 [INFO] Movimiento detenido
2025-05-22 17:51:42,502 [INFO] Movimiento detenido
2025-05-22 17:51:42,614 [INFO] Movimiento detenido
2025-05-22 17:51:42,726 [INFO] Movimiento detenido
2025-05-22 17:51:42,842 [INFO] Lectura datos climáticos NASA
2025-05-22 17:51:42,843 [INFO] Movimiento detenido
2025-05-22 17:51:42,846 [INFO] Datos JSON preparados para envío
2025-05-22 17:51:42,956 [INFO] Movimiento detenido
2025-05-22 17:51:43,068 [INFO] Movimiento detenido
2025-05-22 17:51:43,180 [INFO] Movimiento detenido
2025-05-22 17:51:43,292 [INFO] Movimiento detenido
2025-05-22 17:51:43,404 [INFO] Movimiento detenido
2025-05-22 17:51:43,516 [INFO] Movimiento detenido
2025-05-22 17:51:43,627 [INFO] Movimiento detenido
2025-05-22 17:51:43,738 [INFO] Movimiento detenido
2025-05-22 17:51:43,849 [INFO] Movimiento detenido
2025-05-22 17:51:43,896 [INFO] Lectura BMP390
2025-05-22 17:51:43,964 [INFO] Movimiento detenido
2025-05-22 17:51:44,074 [INFO] Lectura LTR390
2025-05-22 17:51:44,077 [INFO] Movimiento detenido
2025-05-22 17:51:44,078 [INFO] Lectura desde ESP32-S3 por serial
2025-05-22 17:51:44,197 [INFO] Movimiento detenido
2025-05-22 17:51:44,310 [INFO] Movimiento detenido
2025-05-22 17:51:44,423 [INFO] Movimiento detenido
2025-05-22 17:51:44,535 [INFO] Movimiento detenido
2025-05-22 17:51:44,646 [INFO] Movimiento detenido
2025-05-22 17:51:44,758 [INFO] Movimiento detenido
2025-05-22 17:51:44,871 [INFO] Movimiento detenido
2025-05-22 17:51:44,983 [INFO] Movimiento detenido
2025-05-22 17:51:45,096 [INFO] Movimiento detenido
2025-05-22 17:51:45,210 [INFO] Movimiento detenido
2025-05-22 17:51:45,322 [INFO] Movimiento detenido
2025-05-22 17:51:45,435 [INFO] Movimiento detenido
2025-05-22 17:51:45,547 [INFO] Movimiento detenido
2025-05-22 17:51:45,659 [INFO] Movimiento detenido
2025-05-22 17:51:45,771 [INFO] Movimiento detenido
2025-05-22 17:51:45,883 [INFO] Movimiento detenido
2025-05-22 17:51:45,995 [INFO] Movimiento detenido
2025-05-22 17:51:46,107 [INFO] Movimiento detenido
2025-05-22 17:51:46,221 [INFO] Movimiento detenido
2025-05-22 17:51:46,334 [INFO] Movimiento detenido
2025-05-22 17:51:46,445 [INFO] Movimiento detenido
2025-05-22 17:51:46,557 [INFO] Movimiento detenido
2025-05-22 17:51:46,668 [INFO] Movimiento detenido
2025-05-22 17:51:46,779 [INFO] Movimiento detenido
2025-05-22 17:51:46,890 [INFO] Movimiento detenido
2025-05-22 17:51:47,001 [INFO] Movimiento detenido
2025-05-22 17:51:47,113 [INFO] Movimiento detenido
2025-05-22 17:51:47,225 [INFO] Movimiento detenido
2025-05-22 17:51:47,338 [INFO] Movimiento detenido
2025-05-22 17:51:47,450 [INFO] Movimiento detenido
2025-05-22 17:51:47,562 [INFO] Movimiento detenido
2025-05-22 17:51:47,674 [INFO] Movimiento detenido
2025-05-22 17:51:47,787 [INFO] Movimiento detenido
2025-05-22 17:51:47,799 [INFO] Lectura datos climáticos NASA
2025-05-22 17:51:47,806 [INFO] Datos JSON preparados para envío
2025-05-22 17:51:47,911 [INFO] Movimiento detenido
2025-05-22 17:51:48,024 [INFO] Movimiento detenido
2025-05-22 17:51:48,136 [INFO] Movimiento detenido
2025-05-22 17:51:48,248 [INFO] Movimiento detenido
2025-05-22 17:51:48,361 [INFO] Movimiento detenido
2025-05-22 17:51:48,474 [INFO] Movimiento detenido
2025-05-22 17:51:48,585 [INFO] Movimiento detenido
2025-05-22 17:51:48,696 [INFO] Movimiento detenido
2025-05-22 17:51:48,808 [INFO] Movimiento detenido
2025-05-22 17:51:48,857 [INFO] Lectura BMP390
2025-05-22 17:51:48,921 [INFO] Movimiento detenido
2025-05-22 17:51:49,033 [INFO] Movimiento detenido
2025-05-22 17:51:49,035 [INFO] Lectura LTR390
2025-05-22 17:51:49,038 [INFO] Lectura desde ESP32-S3 por serial
2025-05-22 17:51:49,151 [INFO] Movimiento detenido
2025-05-22 17:51:49,263 [INFO] Movimiento detenido
2025-05-22 17:51:49,375 [INFO] Movimiento detenido
2025-05-22 17:51:49,489 [INFO] Movimiento detenido
2025-05-22 17:51:49,601 [INFO] Movimiento detenido
2025-05-22 17:51:49,713 [INFO] Movimiento detenido
2025-05-22 17:51:49,826 [INFO] Movimiento detenido
2025-05-22 17:51:49,938 [INFO] Movimiento detenido
2025-05-22 17:51:50,050 [INFO] Movimiento detenido
2025-05-22 17:51:50,163 [INFO] Movimiento detenido
2025-05-22 17:51:50,275 [INFO] Movimiento detenido
2025-05-22 17:51:50,387 [INFO] Movimiento detenido
2025-05-22 17:51:50,499 [INFO] Movimiento detenido
2025-05-22 17:51:50,611 [INFO] Movimiento detenido
2025-05-22 17:51:50,724 [INFO] Movimiento detenido
2025-05-22 17:51:50,836 [INFO] Movimiento detenido
2025-05-22 17:51:50,948 [INFO] Movimiento detenido
2025-05-22 17:51:51,060 [INFO] Movimiento detenido
2025-05-22 17:51:51,172 [INFO] Movimiento detenido
2025-05-22 17:51:51,284 [INFO] Movimiento detenido
2025-05-22 17:51:51,396 [INFO] Movimiento detenido
2025-05-22 17:51:51,508 [INFO] Movimiento detenido
2025-05-22 17:51:51,620 [INFO] Movimiento detenido
2025-05-22 17:51:51,732 [INFO] Movimiento detenido
2025-05-22 17:51:51,844 [INFO] Movimiento detenido
2025-05-22 17:51:51,957 [INFO] Movimiento detenido
2025-05-22 17:51:52,069 [INFO] Movimiento detenido
2025-05-22 17:51:52,181 [INFO] Movimiento detenido
2025-05-22 17:51:52,294 [INFO] Movimiento detenido
2025-05-22 17:51:52,405 [INFO] Movimiento detenido
2025-05-22 17:51:52,516 [INFO] Movimiento detenido
2025-05-22 17:51:52,549 [INFO] Lectura datos climáticos NASA
2025-05-22 17:51:52,550 [INFO] Datos JSON preparados para envío
2025-05-22 17:51:52,627 [INFO] Movimiento detenido
2025-05-22 17:51:52,738 [INFO] Movimiento detenido
2025-05-22 17:51:52,849 [INFO] Movimiento detenido
2025-05-22 17:51:52,960 [INFO] Movimiento detenido
2025-05-22 17:51:53,071 [INFO] Movimiento detenido
2025-05-22 17:51:53,184 [INFO] Movimiento detenido
2025-05-22 17:51:53,296 [INFO] Movimiento detenido
2025-05-22 17:51:53,408 [INFO] Movimiento detenido
2025-05-22 17:51:53,521 [INFO] Movimiento detenido
2025-05-22 17:51:53,603 [INFO] Lectura BMP390
2025-05-22 17:51:53,633 [INFO] Movimiento detenido
2025-05-22 17:51:53,749 [INFO] Movimiento detenido
2025-05-22 17:51:53,796 [INFO] Lectura LTR390
2025-05-22 17:51:53,802 [INFO] Lectura desde ESP32-S3 por serial
2025-05-22 17:51:53,867 [INFO] Movimiento detenido
2025-05-22 17:51:53,979 [INFO] Movimiento detenido
2025-05-22 17:51:54,090 [INFO] Movimiento detenido
2025-05-22 17:51:54,203 [INFO] Movimiento detenido
2025-05-22 17:51:54,315 [INFO] Movimiento detenido
2025-05-22 17:51:54,426 [INFO] Movimiento detenido
2025-05-22 17:51:54,537 [INFO] Movimiento detenido
2025-05-22 17:51:54,648 [INFO] Movimiento detenido
2025-05-22 17:51:54,760 [INFO] Movimiento detenido
2025-05-22 17:51:54,871 [INFO] Movimiento detenido
2025-05-22 17:51:54,982 [INFO] Movimiento detenido
2025-05-22 17:51:55,094 [INFO] Movimiento detenido
2025-05-22 17:51:55,207 [INFO] Movimiento detenido
2025-05-22 17:51:55,320 [INFO] Movimiento detenido
2025-05-22 17:51:55,432 [INFO] Movimiento detenido
2025-05-22 17:51:55,544 [INFO] Movimiento detenido
2025-05-22 17:51:55,657 [INFO] Movimiento detenido
2025-05-22 17:51:55,769 [INFO] Movimiento detenido
2025-05-22 17:51:55,884 [INFO] Movimiento detenido
2025-05-22 17:51:55,997 [INFO] Movimiento detenido
2025-05-22 17:51:56,112 [INFO] Movimiento detenido
2025-05-22 17:51:56,225 [INFO] Movimiento detenido
2025-05-22 17:51:56,337 [INFO] Movimiento detenido
2025-05-22 17:51:56,451 [INFO] Movimiento detenido
2025-05-22 17:51:56,563 [INFO] Movimiento detenido
2025-05-22 17:51:56,675 [INFO] Movimiento detenido
2025-05-22 17:51:56,788 [INFO] Movimiento detenido
2025-05-22 17:51:56,900 [INFO] Movimiento detenido
2025-05-22 17:51:57,013 [INFO] Movimiento detenido
2025-05-22 17:51:57,125 [INFO] Movimiento detenido
2025-05-22 17:51:57,237 [INFO] Movimiento detenido
2025-05-22 17:51:57,349 [INFO] Movimiento detenido
2025-05-22 17:51:57,460 [INFO] Movimiento detenido
2025-05-22 17:51:57,572 [INFO] Movimiento detenido
2025-05-22 17:51:57,684 [INFO] Movimiento detenido
2025-05-22 17:51:57,762 [INFO] Lectura datos climáticos NASA
2025-05-22 17:51:57,766 [INFO] Datos JSON preparados para envío
2025-05-22 17:51:57,796 [INFO] Movimiento detenido
2025-05-22 17:51:57,916 [INFO] Movimiento detenido
2025-05-22 17:51:58,028 [INFO] Movimiento detenido
2025-05-22 17:51:58,140 [INFO] Movimiento detenido
2025-05-22 17:51:58,252 [INFO] Movimiento detenido
2025-05-22 17:51:58,367 [INFO] Movimiento detenido
2025-05-22 17:51:58,479 [INFO] Movimiento detenido
2025-05-22 17:51:58,591 [INFO] Movimiento detenido
2025-05-22 17:51:58,704 [INFO] Movimiento detenido
2025-05-22 17:51:58,816 [INFO] Movimiento detenido
2025-05-22 17:51:58,817 [INFO] Lectura BMP390
2025-05-22 17:51:58,933 [INFO] Movimiento detenido
2025-05-22 17:51:59,004 [INFO] Lectura LTR390
2025-05-22 17:51:59,007 [INFO] Lectura desde ESP32-S3 por serial
2025-05-22 17:51:59,047 [INFO] Movimiento detenido
2025-05-22 17:51:59,158 [INFO] Movimiento detenido
2025-05-22 17:51:59,276 [INFO] Movimiento detenido
2025-05-22 17:51:59,388 [INFO] Movimiento detenido
2025-05-22 17:51:59,500 [INFO] Movimiento detenido
2025-05-22 17:51:59,611 [INFO] Movimiento detenido
2025-05-22 17:51:59,723 [INFO] Movimiento detenido
2025-05-22 17:51:59,835 [INFO] Movimiento detenido
2025-05-22 17:51:59,947 [INFO] Movimiento detenido
2025-05-22 17:52:00,058 [INFO] Movimiento detenido
2025-05-22 17:52:00,170 [INFO] Movimiento detenido
2025-05-22 17:52:00,282 [INFO] Movimiento detenido
2025-05-22 17:52:00,393 [INFO] Movimiento detenido
2025-05-22 17:52:00,505 [INFO] Movimiento detenido
2025-05-22 17:52:00,619 [INFO] Movimiento detenido
2025-05-22 17:52:00,731 [INFO] Movimiento detenido
2025-05-22 17:52:00,842 [INFO] Movimiento detenido
2025-05-22 17:52:00,954 [INFO] Movimiento detenido
2025-05-22 17:52:01,066 [INFO] Movimiento detenido
2025-05-22 17:52:01,178 [INFO] Movimiento detenido
2025-05-22 17:52:01,289 [INFO] Movimiento detenido
2025-05-22 17:52:01,401 [INFO] Movimiento detenido
2025-05-22 17:52:01,513 [INFO] Movimiento detenido
2025-05-22 17:52:01,624 [INFO] Movimiento detenido
2025-05-22 17:52:01,736 [INFO] Movimiento detenido
2025-05-22 17:52:01,847 [INFO] Movimiento detenido
2025-05-22 17:52:01,958 [INFO] Movimiento detenido
2025-05-22 17:52:02,070 [INFO] Movimiento detenido
2025-05-22 17:52:02,181 [INFO] Movimiento detenido
2025-05-22 17:52:02,292 [INFO] Movimiento detenido
2025-05-22 17:52:02,403 [INFO] Movimiento detenido
2025-05-22 17:52:02,494 [INFO] Lectura datos climáticos NASA
2025-05-22 17:52:02,497 [INFO] Datos JSON preparados para envío
2025-05-22 17:52:02,515 [INFO] Movimiento detenido
2025-05-22 17:52:02,626 [INFO] Movimiento detenido
2025-05-22 17:52:02,737 [INFO] Movimiento detenido
2025-05-22 17:52:02,849 [INFO] Movimiento detenido
2025-05-22 17:52:02,960 [INFO] Movimiento detenido
2025-05-22 17:52:03,071 [INFO] Movimiento detenido
2025-05-22 17:52:03,182 [INFO] Movimiento detenido
2025-05-22 17:52:03,293 [INFO] Movimiento detenido
2025-05-22 17:52:03,404 [INFO] Movimiento detenido
2025-05-22 17:52:03,515 [INFO] Movimiento detenido
2025-05-22 17:52:03,556 [INFO] Lectura BMP390
2025-05-22 17:52:03,630 [INFO] Movimiento detenido
2025-05-22 17:52:03,735 [INFO] Lectura LTR390
2025-05-22 17:52:03,739 [INFO] Lectura desde ESP32-S3 por serial
2025-05-22 17:52:03,741 [INFO] Movimiento detenido
2025-05-22 17:52:03,859 [INFO] Movimiento detenido
2025-05-22 17:52:03,971 [INFO] Movimiento detenido
2025-05-22 17:52:04,082 [INFO] Movimiento detenido
2025-05-22 17:52:04,193 [INFO] Movimiento detenido
2025-05-22 17:52:04,305 [INFO] Movimiento detenido
2025-05-22 17:52:04,417 [INFO] Movimiento detenido
2025-05-22 17:52:04,532 [INFO] Movimiento detenido
2025-05-22 17:52:04,644 [INFO] Movimiento detenido
2025-05-22 17:52:04,756 [INFO] Movimiento detenido
2025-05-22 17:52:04,868 [INFO] Movimiento detenido
2025-05-22 17:52:04,981 [INFO] Movimiento detenido
2025-05-22 17:52:05,094 [INFO] Movimiento detenido
2025-05-22 17:52:05,206 [INFO] Movimiento detenido
2025-05-22 17:52:05,318 [INFO] Movimiento detenido
2025-05-22 17:52:05,431 [INFO] Movimiento detenido
2025-05-22 17:52:05,543 [INFO] Movimiento detenido
2025-05-22 17:52:05,655 [INFO] Movimiento detenido
2025-05-22 17:52:05,768 [INFO] Movimiento detenido
2025-05-22 17:52:05,881 [INFO] Movimiento detenido
2025-05-22 17:52:05,993 [INFO] Movimiento detenido
2025-05-22 17:52:06,105 [INFO] Movimiento detenido
2025-05-22 17:52:06,217 [INFO] Movimiento detenido
2025-05-22 17:52:06,329 [INFO] Movimiento detenido
2025-05-22 17:52:06,442 [INFO] Movimiento detenido
2025-05-22 17:52:06,553 [INFO] Movimiento detenido
2025-05-22 17:52:06,664 [INFO] Movimiento detenido
2025-05-22 17:52:06,775 [INFO] Movimiento detenido
2025-05-22 17:52:06,886 [INFO] Movimiento detenido
2025-05-22 17:52:06,997 [INFO] Movimiento detenido
2025-05-22 17:52:07,109 [INFO] Movimiento detenido
2025-05-22 17:52:07,222 [INFO] Movimiento detenido
2025-05-22 17:52:07,334 [INFO] Movimiento detenido
2025-05-22 17:52:07,446 [INFO] Movimiento detenido
2025-05-22 17:52:07,558 [INFO] Movimiento detenido
2025-05-22 17:52:07,620 [INFO] Lectura datos climáticos NASA
2025-05-22 17:52:07,627 [INFO] Datos JSON preparados para envío
2025-05-22 17:52:07,669 [INFO] Movimiento detenido
2025-05-22 17:52:07,781 [INFO] Movimiento detenido
2025-05-22 17:52:07,892 [INFO] Movimiento detenido
2025-05-22 17:52:08,004 [INFO] Movimiento detenido
2025-05-22 17:52:08,116 [INFO] Movimiento detenido
2025-05-22 17:52:08,228 [INFO] Movimiento detenido
2025-05-22 17:52:08,339 [INFO] Movimiento detenido
2025-05-22 17:52:08,452 [INFO] Movimiento detenido
2025-05-22 17:52:08,564 [INFO] Movimiento detenido
2025-05-22 17:52:08,676 [INFO] Movimiento detenido
2025-05-22 17:52:08,685 [INFO] Lectura BMP390
2025-05-22 17:52:08,793 [INFO] Movimiento detenido
2025-05-22 17:52:08,867 [INFO] Lectura LTR390
2025-05-22 17:52:08,870 [INFO] Lectura desde ESP32-S3 por serial
2025-05-22 17:52:08,905 [INFO] Movimiento detenido
2025-05-22 17:52:09,021 [INFO] Movimiento detenido
2025-05-22 17:52:09,133 [INFO] Movimiento detenido
2025-05-22 17:52:09,244 [INFO] Movimiento detenido
2025-05-22 17:52:09,355 [INFO] Movimiento detenido
2025-05-22 17:52:09,467 [INFO] Movimiento detenido
2025-05-22 17:52:09,580 [INFO] Movimiento detenido
2025-05-22 17:52:09,692 [INFO] Movimiento detenido
2025-05-22 17:52:09,804 [INFO] Movimiento detenido
2025-05-22 17:52:09,917 [INFO] Movimiento detenido
2025-05-22 17:52:10,029 [INFO] Movimiento detenido
2025-05-22 17:52:10,141 [INFO] Movimiento detenido
2025-05-22 17:52:10,255 [INFO] Movimiento detenido
2025-05-22 17:52:10,367 [INFO] Movimiento detenido
2025-05-22 17:52:10,479 [INFO] Movimiento detenido
2025-05-22 17:52:10,589 [INFO] Movimiento detenido
2025-05-22 17:52:10,700 [INFO] Movimiento detenido
2025-05-22 17:52:10,811 [INFO] Movimiento detenido
2025-05-22 17:52:10,922 [INFO] Movimiento detenido
2025-05-22 17:52:11,033 [INFO] Movimiento detenido
2025-05-22 17:52:11,144 [INFO] Movimiento detenido
2025-05-22 17:52:11,256 [INFO] Movimiento detenido
2025-05-22 17:52:11,368 [INFO] Movimiento detenido
2025-05-22 17:52:11,480 [INFO] Movimiento detenido
2025-05-22 17:52:11,593 [INFO] Movimiento detenido
2025-05-22 17:52:11,705 [INFO] Movimiento detenido
2025-05-22 17:52:11,817 [INFO] Movimiento detenido
2025-05-22 17:52:11,868 [INFO] Lectura datos climáticos NASA
2025-05-22 17:52:11,873 [INFO] Datos JSON preparados para envío
2025-05-22 17:52:11,929 [INFO] Movimiento detenido
2025-05-22 17:52:12,041 [INFO] Movimiento detenido
2025-05-22 17:52:12,153 [INFO] Movimiento detenido
2025-05-22 17:52:12,266 [INFO] Movimiento detenido
2025-05-22 17:52:12,378 [INFO] Movimiento detenido
2025-05-22 17:52:12,490 [INFO] Movimiento detenido
2025-05-22 17:52:12,601 [INFO] Movimiento detenido
2025-05-22 17:52:12,713 [INFO] Movimiento detenido
2025-05-22 17:52:12,825 [INFO] Movimiento detenido
2025-05-22 17:52:12,925 [INFO] Lectura BMP390
2025-05-22 17:52:12,937 [INFO] Movimiento detenido
2025-05-22 17:52:13,049 [INFO] Movimiento detenido
2025-05-22 17:52:13,106 [INFO] Lectura LTR390
2025-05-22 17:52:13,112 [INFO] Lectura desde ESP32-S3 por serial
2025-05-22 17:52:13,162 [INFO] Movimiento detenido
2025-05-22 17:52:13,273 [INFO] Movimiento detenido
2025-05-22 17:52:13,386 [INFO] Movimiento detenido
2025-05-22 17:52:13,499 [INFO] Movimiento detenido
2025-05-22 17:52:13,610 [INFO] Movimiento detenido
2025-05-22 17:52:13,722 [INFO] Movimiento detenido
2025-05-22 17:52:13,833 [INFO] Movimiento detenido
2025-05-22 17:52:13,944 [INFO] Movimiento detenido
2025-05-22 17:52:14,056 [INFO] Movimiento detenido
2025-05-22 17:52:14,167 [INFO] Movimiento detenido
2025-05-22 17:52:14,280 [INFO] Movimiento detenido
2025-05-22 17:52:14,392 [INFO] Movimiento detenido
2025-05-22 17:52:14,504 [INFO] Movimiento detenido
2025-05-22 17:52:14,616 [INFO] Movimiento detenido
2025-05-22 17:52:14,728 [INFO] Movimiento detenido
2025-05-22 17:52:14,840 [INFO] Movimiento detenido
2025-05-22 17:52:14,953 [INFO] Movimiento detenido
2025-05-22 17:52:15,065 [INFO] Movimiento detenido
2025-05-22 17:52:15,177 [INFO] Movimiento detenido
2025-05-22 17:52:15,289 [INFO] Movimiento detenido
2025-05-22 17:52:15,402 [INFO] Movimiento detenido
2025-05-22 17:52:15,514 [INFO] Movimiento detenido
2025-05-22 17:52:15,627 [INFO] Movimiento detenido
2025-05-22 17:52:15,740 [INFO] Movimiento detenido
2025-05-22 17:52:15,853 [INFO] Movimiento detenido
2025-05-22 17:52:15,965 [INFO] Movimiento detenido
2025-05-22 17:52:16,077 [INFO] Movimiento detenido
2025-05-22 17:52:16,189 [INFO] Movimiento detenido
2025-05-22 17:52:16,301 [INFO] Movimiento detenido
2025-05-22 17:52:16,413 [INFO] Movimiento detenido
2025-05-22 17:52:16,525 [INFO] Movimiento detenido
2025-05-22 17:52:16,617 [INFO] Lectura datos climáticos NASA
2025-05-22 17:52:16,620 [INFO] Datos JSON preparados para envío
2025-05-22 17:52:16,637 [INFO] Movimiento detenido
2025-05-22 17:52:16,749 [INFO] Movimiento detenido
2025-05-22 17:52:16,861 [INFO] Movimiento detenido
2025-05-22 17:52:16,973 [INFO] Movimiento detenido
2025-05-22 17:52:17,086 [INFO] Movimiento detenido
2025-05-22 17:52:17,198 [INFO] Movimiento detenido
2025-05-22 17:52:17,310 [INFO] Movimiento detenido
2025-05-22 17:52:17,422 [INFO] Movimiento detenido
2025-05-22 17:52:17,534 [INFO] Movimiento detenido
2025-05-22 17:52:17,647 [INFO] Movimiento detenido
2025-05-22 17:52:17,673 [INFO] Lectura BMP390
2025-05-22 17:52:17,761 [INFO] Movimiento detenido
2025-05-22 17:52:17,855 [INFO] Lectura LTR390
2025-05-22 17:52:17,862 [INFO] Lectura desde ESP32-S3 por serial
2025-05-22 17:52:17,885 [INFO] Movimiento detenido
2025-05-22 17:52:18,000 [INFO] Movimiento detenido
2025-05-22 17:52:18,112 [INFO] Movimiento detenido
2025-05-22 17:52:18,224 [INFO] Movimiento detenido
2025-05-22 17:52:18,337 [INFO] Movimiento detenido
2025-05-22 17:52:18,451 [INFO] Movimiento detenido
2025-05-22 17:52:18,562 [INFO] Movimiento detenido
2025-05-22 17:52:18,674 [INFO] Movimiento detenido
2025-05-22 17:52:18,787 [INFO] Movimiento detenido
2025-05-22 17:52:18,899 [INFO] Movimiento detenido
2025-05-22 17:52:19,011 [INFO] Movimiento detenido
2025-05-22 17:52:19,123 [INFO] Movimiento detenido
2025-05-22 17:52:19,235 [INFO] Movimiento detenido
2025-05-22 17:52:19,348 [INFO] Movimiento detenido
2025-05-22 17:52:19,460 [INFO] Movimiento detenido
2025-05-22 17:52:19,572 [INFO] Movimiento detenido
2025-05-22 17:52:19,690 [INFO] Movimiento detenido
2025-05-22 17:52:19,803 [INFO] Movimiento detenido
2025-05-22 17:52:19,914 [INFO] Movimiento detenido
2025-05-22 17:52:20,027 [INFO] Movimiento detenido
2025-05-22 17:52:20,139 [INFO] Movimiento detenido
2025-05-22 17:52:20,251 [INFO] Movimiento detenido
2025-05-22 17:52:20,364 [INFO] Movimiento detenido
2025-05-22 17:52:20,476 [INFO] Movimiento detenido
2025-05-22 17:52:20,588 [INFO] Movimiento detenido
2025-05-22 17:52:20,701 [INFO] Movimiento detenido
2025-05-22 17:52:20,813 [INFO] Movimiento detenido
2025-05-22 17:52:20,926 [INFO] Movimiento detenido
2025-05-22 17:52:21,039 [INFO] Movimiento detenido
2025-05-22 17:52:21,152 [INFO] Movimiento detenido
2025-05-22 17:52:21,211 [INFO] Lectura datos climáticos NASA
2025-05-22 17:52:21,216 [INFO] Datos JSON preparados para envío
2025-05-22 17:52:21,264 [INFO] Movimiento detenido
2025-05-22 17:52:21,376 [INFO] Movimiento detenido
2025-05-22 17:52:21,488 [INFO] Movimiento detenido
2025-05-22 17:52:21,600 [INFO] Movimiento detenido
2025-05-22 17:52:21,712 [INFO] Movimiento detenido
2025-05-22 17:52:21,824 [INFO] Movimiento detenido
2025-05-22 17:52:21,936 [INFO] Movimiento detenido
2025-05-22 17:52:22,049 [INFO] Movimiento detenido
2025-05-22 17:52:22,161 [INFO] Movimiento detenido
2025-05-22 17:52:22,269 [INFO] Lectura BMP390
2025-05-22 17:52:22,273 [INFO] Movimiento detenido
2025-05-22 17:52:22,386 [INFO] Movimiento detenido
2025-05-22 17:52:22,450 [INFO] Lectura LTR390
2025-05-22 17:52:22,456 [INFO] Lectura desde ESP32-S3 por serial
2025-05-22 17:52:22,499 [INFO] Movimiento detenido
2025-05-22 17:52:22,611 [INFO] Movimiento detenido
2025-05-22 17:52:22,723 [INFO] Movimiento detenido
2025-05-22 17:52:22,835 [INFO] Movimiento detenido
2025-05-22 17:52:22,948 [INFO] Movimiento detenido
2025-05-22 17:52:23,060 [INFO] Movimiento detenido
2025-05-22 17:52:23,172 [INFO] Movimiento detenido
2025-05-22 17:52:23,284 [INFO] Movimiento detenido
2025-05-22 17:52:23,397 [INFO] Movimiento detenido
2025-05-22 17:52:23,509 [INFO] Movimiento detenido
2025-05-22 17:52:23,620 [INFO] Movimiento detenido
2025-05-22 17:52:23,731 [INFO] Movimiento detenido
2025-05-22 17:52:23,842 [INFO] Movimiento detenido
2025-05-22 17:52:23,953 [INFO] Movimiento detenido
2025-05-22 17:52:24,064 [INFO] Movimiento detenido
2025-05-22 17:52:24,175 [INFO] Movimiento detenido
2025-05-22 17:52:24,287 [INFO] Movimiento detenido
2025-05-22 17:52:24,399 [INFO] Movimiento detenido
2025-05-22 17:52:24,511 [INFO] Movimiento detenido
2025-05-22 17:52:24,623 [INFO] Movimiento detenido
2025-05-22 17:52:24,734 [INFO] Movimiento detenido
2025-05-22 17:52:24,847 [INFO] Movimiento detenido
2025-05-22 17:52:24,958 [INFO] Movimiento detenido
2025-05-22 17:52:25,070 [INFO] Movimiento detenido
2025-05-22 17:52:25,182 [INFO] Movimiento detenido
2025-05-22 17:52:25,295 [INFO] Movimiento detenido
2025-05-22 17:52:25,406 [INFO] Movimiento detenido
2025-05-22 17:52:25,519 [INFO] Movimiento detenido
2025-05-22 17:52:25,631 [INFO] Movimiento detenido
2025-05-22 17:52:25,744 [INFO] Movimiento detenido
2025-05-22 17:52:25,856 [INFO] Movimiento detenido
2025-05-22 17:52:25,866 [INFO] Lectura datos climáticos NASA
2025-05-22 17:52:25,870 [INFO] Datos JSON preparados para envío
2025-05-22 17:52:25,973 [INFO] Movimiento detenido
2025-05-22 17:52:26,085 [INFO] Movimiento detenido
2025-05-22 17:52:26,199 [INFO] Movimiento detenido
2025-05-22 17:52:26,313 [INFO] Movimiento detenido
2025-05-22 17:52:26,425 [INFO] Movimiento detenido
2025-05-22 17:52:26,537 [INFO] Movimiento detenido
2025-05-22 17:52:26,649 [INFO] Movimiento detenido
2025-05-22 17:52:26,761 [INFO] Movimiento detenido
2025-05-22 17:52:26,873 [INFO] Movimiento detenido
2025-05-22 17:52:26,923 [INFO] Lectura BMP390
2025-05-22 17:52:26,988 [INFO] Movimiento detenido
2025-05-22 17:52:27,100 [INFO] Movimiento detenido
2025-05-22 17:52:27,107 [INFO] Lectura LTR390
2025-05-22 17:52:27,116 [INFO] Lectura desde ESP32-S3 por serial
2025-05-22 17:52:27,219 [INFO] Movimiento detenido
2025-05-22 17:52:27,331 [INFO] Movimiento detenido
2025-05-22 17:52:27,443 [INFO] Movimiento detenido
2025-05-22 17:52:27,555 [INFO] Movimiento detenido
2025-05-22 17:52:27,668 [INFO] Movimiento detenido
2025-05-22 17:52:27,780 [INFO] Movimiento detenido
2025-05-22 17:52:27,894 [INFO] Movimiento detenido
2025-05-22 17:52:28,007 [INFO] Movimiento detenido
2025-05-22 17:52:28,120 [INFO] Movimiento detenido
2025-05-22 17:52:28,232 [INFO] Movimiento detenido
2025-05-22 17:52:28,346 [INFO] Movimiento detenido
2025-05-22 17:52:28,461 [INFO] Movimiento detenido
2025-05-22 17:52:28,573 [INFO] Movimiento detenido
2025-05-22 17:52:28,685 [INFO] Movimiento detenido
2025-05-22 17:52:28,796 [INFO] Movimiento detenido
2025-05-22 17:52:28,908 [INFO] Movimiento detenido
2025-05-22 17:52:29,020 [INFO] Movimiento detenido
2025-05-22 17:52:29,131 [INFO] Movimiento detenido
2025-05-22 17:52:29,243 [INFO] Movimiento detenido
2025-05-22 17:52:29,356 [INFO] Movimiento detenido
2025-05-22 17:52:29,469 [INFO] Movimiento detenido
2025-05-22 17:52:29,583 [INFO] Movimiento detenido
2025-05-22 17:52:29,694 [INFO] Movimiento detenido
2025-05-22 17:52:29,807 [INFO] Movimiento detenido
2025-05-22 17:52:29,919 [INFO] Movimiento detenido
2025-05-22 17:52:30,031 [INFO] Movimiento detenido
2025-05-22 17:52:30,143 [INFO] Movimiento detenido
2025-05-22 17:52:30,255 [INFO] Movimiento detenido
2025-05-22 17:52:30,368 [INFO] Movimiento detenido
2025-05-22 17:52:30,480 [INFO] Movimiento detenido
2025-05-22 17:52:30,592 [INFO] Movimiento detenido
2025-05-22 17:52:30,627 [INFO] Lectura datos climáticos NASA
2025-05-22 17:52:30,631 [INFO] Datos JSON preparados para envío
2025-05-22 17:52:30,704 [INFO] Movimiento detenido
2025-05-22 17:52:30,818 [INFO] Movimiento detenido
2025-05-22 17:52:30,931 [INFO] Movimiento detenido
2025-05-22 17:52:31,045 [INFO] Movimiento detenido
2025-05-22 17:52:31,159 [INFO] Movimiento detenido
2025-05-22 17:52:31,272 [INFO] Movimiento detenido
2025-05-22 17:52:31,385 [INFO] Movimiento detenido
2025-05-22 17:52:31,497 [INFO] Movimiento detenido
2025-05-22 17:52:31,609 [INFO] Movimiento detenido
2025-05-22 17:52:31,683 [INFO] Lectura BMP390
2025-05-22 17:52:31,721 [INFO] Movimiento detenido
2025-05-22 17:52:31,835 [INFO] Movimiento detenido
2025-05-22 17:52:31,867 [INFO] Lectura LTR390
2025-05-22 17:52:31,874 [INFO] Lectura desde ESP32-S3 por serial
2025-05-22 17:52:31,948 [INFO] Movimiento detenido
2025-05-22 17:52:32,073 [INFO] Movimiento detenido
2025-05-22 17:52:32,185 [INFO] Movimiento detenido
2025-05-22 17:52:32,297 [INFO] Movimiento detenido
2025-05-22 17:52:32,409 [INFO] Movimiento detenido
2025-05-22 17:52:32,520 [INFO] Movimiento detenido
2025-05-22 17:52:32,632 [INFO] Movimiento detenido
2025-05-22 17:52:58,876 [INFO] Inicio del sistema
2025-05-22 17:52:59,939 [INFO] Movimiento detenido
2025-05-22 17:53:00,025 [INFO] Lectura BMP390
2025-05-22 17:53:00,060 [INFO] [31m[1mWARNING: This is a development server. Do not use it in a production deployment. Use a production WSGI server instead.[0m
 * Running on all addresses (0.0.0.0)
 * Running on http://127.0.0.1:5000
 * Running on http://192.168.95.239:5000
2025-05-22 17:53:00,061 [INFO] [33mPress CTRL+C to quit[0m
2025-05-22 17:53:00,141 [INFO] Movimiento detenido
2025-05-22 17:53:00,253 [INFO] Lectura LTR390
2025-05-22 17:53:00,254 [INFO] Movimiento detenido
2025-05-22 17:53:00,366 [INFO] Movimiento detenido
2025-05-22 17:53:00,477 [INFO] Movimiento detenido
2025-05-22 17:53:00,589 [INFO] Movimiento detenido
2025-05-22 17:53:00,700 [INFO] Movimiento detenido
2025-05-22 17:53:00,803 [WARNING] Lectura serial fallida o formato incorrecto
2025-05-22 17:53:00,806 [WARNING] GPS sin señal
2025-05-22 17:53:00,809 [INFO] Datos JSON preparados para envío
2025-05-22 17:53:00,811 [INFO] Movimiento detenido
2025-05-22 17:53:00,925 [INFO] Movimiento detenido
2025-05-22 17:53:01,038 [INFO] Movimiento detenido
2025-05-22 17:53:01,151 [INFO] Movimiento detenido
2025-05-22 17:53:01,265 [INFO] Movimiento detenido
2025-05-22 17:53:01,377 [INFO] Movimiento detenido
2025-05-22 17:53:01,489 [INFO] Movimiento detenido
2025-05-22 17:53:01,603 [INFO] Movimiento detenido
2025-05-22 17:53:01,716 [INFO] Movimiento detenido
2025-05-22 17:53:01,828 [INFO] Movimiento detenido
2025-05-22 17:53:01,868 [INFO] Lectura BMP390
2025-05-22 17:53:01,942 [INFO] Movimiento detenido
2025-05-22 17:53:02,049 [INFO] Lectura LTR390
2025-05-22 17:53:02,054 [INFO] Movimiento detenido
2025-05-22 17:53:02,166 [INFO] Movimiento detenido
2025-05-22 17:53:02,278 [INFO] Movimiento detenido
2025-05-22 17:53:02,390 [INFO] Movimiento detenido
2025-05-22 17:53:02,502 [INFO] Movimiento detenido
2025-05-22 17:53:02,614 [INFO] Movimiento detenido
2025-05-22 17:53:02,726 [INFO] Movimiento detenido
2025-05-22 17:53:02,838 [INFO] Movimiento detenido
2025-05-22 17:53:02,958 [INFO] 192.168.95.177 - - [22/May/2025 17:53:02] "GET / HTTP/1.1" 200 -
2025-05-22 17:53:02,958 [INFO] Movimiento detenido
2025-05-22 17:53:02,983 [INFO] Lectura desde ESP32-S3 por serial
2025-05-22 17:53:03,072 [INFO] Movimiento detenido
2025-05-22 17:53:03,183 [INFO] Movimiento detenido
2025-05-22 17:53:03,293 [INFO] Movimiento detenido
2025-05-22 17:53:03,404 [INFO] Movimiento detenido
2025-05-22 17:53:03,516 [INFO] Movimiento detenido
2025-05-22 17:53:03,629 [INFO] Movimiento detenido
2025-05-22 17:53:03,741 [INFO] Movimiento detenido
2025-05-22 17:53:03,854 [INFO] Movimiento detenido
2025-05-22 17:53:03,966 [INFO] Movimiento detenido
2025-05-22 17:53:04,078 [INFO] Movimiento detenido
2025-05-22 17:53:04,191 [INFO] Movimiento detenido
2025-05-22 17:53:04,303 [INFO] Movimiento detenido
2025-05-22 17:53:04,415 [INFO] Movimiento detenido
2025-05-22 17:53:04,529 [INFO] Movimiento detenido
2025-05-22 17:53:04,641 [INFO] Movimiento detenido
2025-05-22 17:53:04,753 [INFO] Movimiento detenido
2025-05-22 17:53:04,866 [INFO] Movimiento detenido
2025-05-22 17:53:04,980 [INFO] Movimiento detenido
2025-05-22 17:53:05,092 [INFO] Movimiento detenido
2025-05-22 17:53:05,204 [INFO] Movimiento detenido
2025-05-22 17:53:05,316 [INFO] Movimiento detenido
2025-05-22 17:53:05,428 [INFO] Movimiento detenido
2025-05-22 17:53:05,540 [INFO] Movimiento detenido
2025-05-22 17:53:05,653 [INFO] Movimiento detenido
2025-05-22 17:53:05,766 [INFO] Movimiento detenido
2025-05-22 17:53:05,878 [INFO] Movimiento detenido
2025-05-22 17:53:05,990 [INFO] Movimiento detenido
2025-05-22 17:53:06,103 [INFO] Movimiento detenido
2025-05-22 17:53:06,215 [INFO] Movimiento detenido
2025-05-22 17:53:06,327 [INFO] Movimiento detenido
2025-05-22 18:03:14,824 [INFO] Inicio del sistema
2025-05-22 18:03:15,893 [INFO] Movimiento detenido
2025-05-22 18:03:16,008 [INFO] Lectura BMP390
2025-05-22 18:03:16,028 [INFO] [31m[1mWARNING: This is a development server. Do not use it in a production deployment. Use a production WSGI server instead.[0m
 * Running on all addresses (0.0.0.0)
 * Running on http://127.0.0.1:5000
 * Running on http://192.168.95.239:5000
2025-05-22 18:03:16,029 [INFO] [33mPress CTRL+C to quit[0m
2025-05-22 18:03:16,120 [INFO] Movimiento detenido
2025-05-22 18:03:16,238 [INFO] Movimiento detenido
2025-05-22 18:03:16,241 [INFO] Lectura LTR390
2025-05-22 18:03:16,263 [WARNING] Lectura serial fallida o formato incorrecto
2025-05-22 18:03:16,269 [WARNING] GPS sin señal
2025-05-22 18:03:16,272 [INFO] Datos JSON preparados para envío
2025-05-22 18:03:16,366 [INFO] Movimiento detenido
2025-05-22 18:03:16,483 [INFO] Movimiento detenido
2025-05-22 18:03:16,602 [INFO] Movimiento detenido
2025-05-22 18:03:16,716 [INFO] Movimiento detenido
2025-05-22 18:03:16,834 [INFO] Movimiento detenido
2025-05-22 18:03:16,953 [INFO] Movimiento detenido
2025-05-22 18:03:17,071 [INFO] Movimiento detenido
2025-05-22 18:03:17,188 [INFO] Movimiento detenido
2025-05-22 18:03:17,304 [INFO] Movimiento detenido
2025-05-22 18:03:17,325 [INFO] Lectura BMP390
2025-05-22 18:03:17,421 [INFO] Movimiento detenido
2025-05-22 18:03:17,511 [INFO] Lectura LTR390
2025-05-22 18:03:17,519 [INFO] Lectura desde ESP32-S3 por serial
2025-05-22 18:03:17,547 [INFO] Movimiento detenido
2025-05-22 18:03:17,662 [INFO] Movimiento detenido
2025-05-22 18:03:17,784 [INFO] Movimiento detenido
2025-05-22 18:03:17,897 [INFO] Movimiento detenido
2025-05-22 18:03:18,009 [INFO] Movimiento detenido
2025-05-22 18:03:18,121 [INFO] Movimiento detenido
2025-05-22 18:03:18,233 [INFO] Movimiento detenido
2025-05-22 18:03:18,346 [INFO] Movimiento detenido
2025-05-22 18:03:18,458 [INFO] Movimiento detenido
2025-05-22 18:03:18,573 [INFO] Movimiento detenido
2025-05-22 18:03:18,686 [INFO] Movimiento detenido
2025-05-22 18:03:18,799 [INFO] Movimiento detenido
2025-05-22 18:03:18,913 [INFO] Movimiento detenido
2025-05-22 18:03:19,032 [INFO] Movimiento detenido
2025-05-22 18:03:19,144 [INFO] Movimiento detenido
2025-05-22 18:03:19,170 [INFO] 192.168.95.177 - - [22/May/2025 18:03:19] "GET / HTTP/1.1" 200 -
2025-05-22 18:03:19,271 [INFO] Movimiento detenido
2025-05-22 18:03:19,384 [INFO] Movimiento detenido
2025-05-22 18:03:19,503 [INFO] Movimiento detenido
2025-05-22 18:03:19,620 [INFO] Movimiento detenido
2025-05-22 18:03:19,735 [INFO] Movimiento detenido
2025-05-22 18:03:19,850 [INFO] Movimiento detenido
2025-05-22 18:03:19,964 [INFO] Movimiento detenido
2025-05-22 18:03:20,084 [INFO] Movimiento detenido
2025-05-22 18:03:20,202 [INFO] Movimiento detenido
2025-05-22 18:03:20,318 [INFO] Movimiento detenido
2025-05-22 18:03:21,628 [INFO] Lectura datos climáticos NASA
2025-05-22 18:03:21,632 [INFO] Datos JSON preparados para envío
2025-05-22 18:03:22,701 [INFO] Lectura BMP390
2025-05-22 18:03:22,748 [INFO] 192.168.95.177 - - [22/May/2025 18:03:22] "POST /mover HTTP/1.1" 200 -
2025-05-22 18:03:22,750 [INFO] Movimiento hacia adelante
2025-05-22 18:03:22,917 [INFO] Lectura LTR390
2025-05-22 18:03:22,922 [INFO] Lectura desde ESP32-S3 por serial
2025-05-22 18:03:25,102 [INFO] 192.168.95.177 - - [22/May/2025 18:03:25] "POST /mover HTTP/1.1" 200 -
2025-05-22 18:03:25,235 [INFO] Movimiento hacia atrás
2025-05-22 18:03:26,442 [INFO] Lectura datos climáticos NASA
2025-05-22 18:03:26,448 [INFO] Datos JSON preparados para envío
2025-05-22 18:03:27,392 [INFO] Movimiento hacia atrás
2025-05-22 18:03:27,502 [INFO] Lectura BMP390
2025-05-22 18:03:27,691 [INFO] Lectura LTR390
2025-05-22 18:03:27,694 [INFO] Lectura desde ESP32-S3 por serial
2025-05-22 18:03:28,666 [INFO] 192.168.95.177 - - [22/May/2025 18:03:28] "POST /mover HTTP/1.1" 200 -
2025-05-22 18:03:29,569 [INFO] Movimiento detenido
2025-05-22 18:03:29,681 [INFO] Movimiento detenido
2025-05-22 18:03:29,795 [INFO] Movimiento detenido
2025-05-22 18:03:29,910 [INFO] Movimiento detenido
2025-05-22 18:03:30,024 [INFO] Movimiento detenido
2025-05-22 18:03:30,138 [INFO] Movimiento detenido
2025-05-22 18:03:30,256 [INFO] Movimiento detenido
2025-05-22 18:03:30,370 [INFO] Movimiento detenido
2025-05-22 18:03:30,481 [INFO] Movimiento detenido
2025-05-22 18:03:30,597 [INFO] Movimiento detenido
2025-05-22 18:03:30,710 [INFO] Movimiento detenido
2025-05-22 18:03:30,824 [INFO] Movimiento detenido
2025-05-22 18:03:30,938 [INFO] Movimiento detenido
2025-05-22 18:03:31,052 [INFO] Movimiento detenido
2025-05-22 18:03:31,166 [INFO] Movimiento detenido
2025-05-22 18:03:31,207 [INFO] Lectura datos climáticos NASA
2025-05-22 18:03:31,211 [INFO] Datos JSON preparados para envío
2025-05-22 18:03:31,280 [INFO] Movimiento detenido
2025-05-22 18:03:31,412 [INFO] Movimiento detenido
2025-05-22 18:03:31,533 [INFO] Movimiento detenido
2025-05-22 18:03:31,647 [INFO] Movimiento detenido
2025-05-22 18:03:31,771 [INFO] Movimiento detenido
2025-05-22 18:03:31,889 [INFO] Movimiento detenido
2025-05-22 18:03:32,011 [INFO] Movimiento detenido
2025-05-22 18:03:32,124 [INFO] Movimiento detenido
2025-05-22 18:03:32,236 [INFO] Movimiento detenido
2025-05-22 18:03:32,270 [INFO] Lectura BMP390
2025-05-22 18:03:32,353 [INFO] Movimiento detenido
2025-05-22 18:03:32,459 [INFO] Lectura LTR390
2025-05-22 18:03:32,463 [INFO] Lectura desde ESP32-S3 por serial
2025-05-22 18:03:32,469 [INFO] Movimiento detenido
2025-05-22 18:03:32,598 [INFO] Movimiento detenido
2025-05-22 18:03:32,720 [INFO] Movimiento detenido
2025-05-22 18:03:32,855 [INFO] Movimiento detenido
2025-05-22 18:03:32,971 [INFO] Movimiento detenido
2025-05-22 18:03:33,084 [INFO] Movimiento detenido
2025-05-22 18:03:33,208 [INFO] Movimiento detenido
2025-05-22 18:03:33,332 [INFO] Movimiento detenido
2025-05-22 18:03:33,456 [INFO] Movimiento detenido
2025-05-22 18:03:33,569 [INFO] Movimiento detenido
2025-05-22 18:03:33,692 [INFO] Movimiento detenido
2025-05-22 18:03:33,804 [INFO] Movimiento detenido
2025-05-22 18:03:33,916 [INFO] Movimiento detenido
2025-05-22 18:03:34,051 [INFO] Movimiento detenido
2025-05-22 18:03:34,165 [INFO] Movimiento detenido
2025-05-22 18:03:34,281 [INFO] Movimiento detenido
2025-05-22 18:03:34,396 [INFO] Movimiento detenido
2025-05-22 18:03:34,533 [INFO] Movimiento detenido
2025-05-22 18:03:34,653 [INFO] Movimiento detenido
2025-05-22 18:03:34,777 [INFO] Movimiento detenido
2025-05-22 18:03:34,890 [INFO] Movimiento detenido
2025-05-22 18:03:35,002 [INFO] Movimiento detenido
2025-05-22 18:03:35,115 [INFO] Movimiento detenido
2025-05-22 18:03:35,234 [INFO] Movimiento detenido
2025-05-22 18:03:35,354 [INFO] Movimiento detenido
2025-05-22 18:03:35,467 [INFO] Movimiento detenido
2025-05-22 18:03:35,579 [INFO] Movimiento detenido
2025-05-22 18:03:35,695 [INFO] Movimiento detenido
2025-05-22 18:03:35,813 [INFO] Movimiento detenido
2025-05-22 18:03:35,934 [INFO] Movimiento detenido
2025-05-22 18:03:36,050 [INFO] Movimiento detenido
2025-05-22 18:03:36,172 [INFO] Movimiento detenido
2025-05-22 18:03:36,300 [INFO] Movimiento detenido
2025-05-22 18:03:36,348 [INFO] Lectura datos climáticos NASA
2025-05-22 18:03:36,353 [INFO] Datos JSON preparados para envío
2025-05-22 18:03:36,412 [INFO] Movimiento detenido
2025-05-22 18:03:36,524 [INFO] Movimiento detenido
2025-05-22 18:03:36,635 [INFO] Movimiento detenido
2025-05-22 18:03:36,747 [INFO] Movimiento detenido
2025-05-22 18:03:36,861 [INFO] Movimiento detenido
2025-05-22 18:03:36,973 [INFO] Movimiento detenido
2025-05-22 18:03:37,086 [INFO] Movimiento detenido
2025-05-22 18:03:37,199 [INFO] Movimiento detenido
2025-05-22 18:03:37,311 [INFO] Movimiento detenido
2025-05-22 18:03:37,407 [INFO] Lectura BMP390
2025-05-22 18:03:37,424 [INFO] Movimiento detenido
2025-05-22 18:03:37,537 [INFO] Movimiento detenido
2025-05-22 18:03:37,592 [INFO] Lectura LTR390
2025-05-22 18:03:37,597 [INFO] Lectura desde ESP32-S3 por serial
2025-05-22 18:03:37,650 [INFO] Movimiento detenido
2025-05-22 18:03:37,771 [INFO] Movimiento detenido
2025-05-22 18:03:37,884 [INFO] Movimiento detenido
2025-05-22 18:03:37,996 [INFO] Movimiento detenido
2025-05-22 18:03:38,108 [INFO] Movimiento detenido
2025-05-22 18:03:38,220 [INFO] Movimiento detenido
2025-05-22 18:03:38,333 [INFO] Movimiento detenido
2025-05-22 18:03:38,445 [INFO] Movimiento detenido
2025-05-22 18:03:38,557 [INFO] Movimiento detenido
2025-05-22 18:03:38,670 [INFO] Movimiento detenido
2025-05-22 18:03:38,782 [INFO] Movimiento detenido
2025-05-22 18:03:38,895 [INFO] Movimiento detenido
2025-05-22 18:03:39,009 [INFO] Movimiento detenido
2025-05-22 18:03:39,121 [INFO] Movimiento detenido
2025-05-22 18:03:39,233 [INFO] Movimiento detenido
2025-05-22 18:03:39,345 [INFO] Movimiento detenido
2025-05-22 18:03:39,457 [INFO] Movimiento detenido
2025-05-22 18:03:39,568 [INFO] Movimiento detenido
2025-05-22 18:03:39,681 [INFO] Movimiento detenido
2025-05-22 18:03:39,794 [INFO] Movimiento detenido
2025-05-22 18:03:39,906 [INFO] Movimiento detenido
2025-05-22 18:03:40,018 [INFO] Movimiento detenido
2025-05-22 18:03:40,133 [INFO] Movimiento detenido
2025-05-22 18:03:40,246 [INFO] Movimiento detenido
2025-05-22 18:03:40,360 [INFO] Movimiento detenido
2025-05-22 18:03:40,472 [INFO] Movimiento detenido
2025-05-22 18:03:40,584 [INFO] Movimiento detenido
2025-05-22 18:03:40,697 [INFO] Movimiento detenido
2025-05-22 18:03:40,809 [INFO] Movimiento detenido
2025-05-22 18:03:40,922 [INFO] Movimiento detenido
2025-05-22 18:03:40,952 [INFO] Lectura datos climáticos NASA
2025-05-22 18:03:40,964 [INFO] Datos JSON preparados para envío
2025-05-22 18:03:41,034 [INFO] Movimiento detenido
2025-05-22 18:03:41,147 [INFO] Movimiento detenido
2025-05-22 18:03:41,263 [INFO] Movimiento detenido
2025-05-22 18:03:41,377 [INFO] Movimiento detenido
2025-05-22 18:03:41,490 [INFO] Movimiento detenido
2025-05-22 18:03:41,602 [INFO] Movimiento detenido
2025-05-22 18:03:41,714 [INFO] Movimiento detenido
2025-05-22 18:03:41,827 [INFO] Movimiento detenido
2025-05-22 18:03:41,939 [INFO] Movimiento detenido
2025-05-22 18:03:42,017 [INFO] Lectura BMP390
2025-05-22 18:03:42,051 [INFO] Movimiento detenido
2025-05-22 18:03:42,169 [INFO] Movimiento detenido
2025-05-22 18:03:42,202 [INFO] Lectura LTR390
2025-05-22 18:03:42,208 [INFO] Lectura desde ESP32-S3 por serial
2025-05-22 18:03:42,282 [INFO] Movimiento detenido
2025-05-22 18:03:42,410 [INFO] Movimiento detenido
2025-05-22 18:03:42,521 [INFO] Movimiento detenido
2025-05-22 18:03:42,633 [INFO] Movimiento detenido
2025-05-22 18:03:42,745 [INFO] Movimiento detenido
2025-05-22 18:03:42,856 [INFO] Movimiento detenido
2025-05-22 18:03:42,968 [INFO] Movimiento detenido
2025-05-22 18:03:43,080 [INFO] Movimiento detenido
2025-05-22 18:03:43,194 [INFO] Movimiento detenido
2025-05-22 18:03:43,310 [INFO] Movimiento detenido
2025-05-22 18:03:43,423 [INFO] Movimiento detenido
2025-05-22 18:03:43,536 [INFO] Movimiento detenido
2025-05-22 18:03:43,648 [INFO] Movimiento detenido
2025-05-22 18:03:43,761 [INFO] Movimiento detenido
2025-05-22 18:03:43,873 [INFO] Movimiento detenido
2025-05-22 18:03:43,989 [INFO] Movimiento detenido
2025-05-22 18:03:44,103 [INFO] Movimiento detenido
2025-05-22 18:03:44,214 [INFO] Movimiento detenido
2025-05-22 18:03:44,326 [INFO] Movimiento detenido
2025-05-22 18:03:44,437 [INFO] Movimiento detenido
2025-05-22 18:03:44,548 [INFO] Movimiento detenido
2025-05-22 18:03:44,660 [INFO] Movimiento detenido
2025-05-22 18:03:44,772 [INFO] Movimiento detenido
2025-05-22 18:03:44,885 [INFO] Movimiento detenido
2025-05-22 18:03:44,998 [INFO] Movimiento detenido
2025-05-22 18:03:45,111 [INFO] Movimiento detenido
2025-05-22 18:03:45,224 [INFO] Movimiento detenido
2025-05-22 18:03:45,337 [INFO] Movimiento detenido
2025-05-22 18:03:45,449 [INFO] Movimiento detenido
2025-05-22 18:03:45,561 [INFO] Movimiento detenido
2025-05-22 18:03:45,676 [INFO] Movimiento detenido
2025-05-22 18:03:45,689 [INFO] Lectura datos climáticos NASA
2025-05-22 18:03:45,694 [INFO] Datos JSON preparados para envío
2025-05-22 18:03:45,796 [INFO] Movimiento detenido
2025-05-22 18:03:45,909 [INFO] Movimiento detenido
2025-05-22 18:03:46,022 [INFO] Movimiento detenido
2025-05-22 18:03:46,135 [INFO] Movimiento detenido
2025-05-22 18:03:46,248 [INFO] Movimiento detenido
2025-05-22 18:03:46,361 [INFO] Movimiento detenido
2025-05-22 18:03:46,473 [INFO] Movimiento detenido
2025-05-22 18:03:46,586 [INFO] Movimiento detenido
2025-05-22 18:03:46,697 [INFO] Movimiento detenido
2025-05-22 18:03:46,747 [INFO] Lectura BMP390
2025-05-22 18:03:46,812 [INFO] Movimiento detenido
2025-05-22 18:03:46,925 [INFO] Movimiento detenido
2025-05-22 18:03:46,931 [INFO] Lectura LTR390
2025-05-22 18:03:46,939 [INFO] Lectura desde ESP32-S3 por serial
2025-05-22 18:03:47,040 [INFO] Movimiento detenido
2025-05-22 18:03:47,166 [INFO] Movimiento detenido
2025-05-22 18:03:47,279 [INFO] Movimiento detenido
2025-05-22 18:03:47,392 [INFO] Movimiento detenido
2025-05-22 18:03:47,505 [INFO] Movimiento detenido
2025-05-22 18:03:47,617 [INFO] Movimiento detenido
2025-05-22 18:03:47,730 [INFO] Movimiento detenido
2025-05-22 18:03:47,842 [INFO] Movimiento detenido
2025-05-22 18:03:47,956 [INFO] Movimiento detenido
2025-05-22 18:03:48,069 [INFO] Movimiento detenido
2025-05-22 18:03:48,181 [INFO] Movimiento detenido
2025-05-22 18:03:48,294 [INFO] Movimiento detenido
2025-05-22 18:03:48,406 [INFO] Movimiento detenido
2025-05-22 18:03:48,518 [INFO] Movimiento detenido
2025-05-22 18:03:48,630 [INFO] Movimiento detenido
2025-05-22 18:03:48,742 [INFO] Movimiento detenido
2025-05-22 18:03:48,854 [INFO] Movimiento detenido
2025-05-22 18:03:48,967 [INFO] Movimiento detenido
2025-05-22 18:03:49,082 [INFO] Movimiento detenido
2025-05-22 18:03:49,193 [INFO] Movimiento detenido
2025-05-22 18:03:49,305 [INFO] Movimiento detenido
2025-05-22 18:03:49,418 [INFO] Movimiento detenido
2025-05-22 18:03:49,530 [INFO] Movimiento detenido
2025-05-22 18:03:49,642 [INFO] Movimiento detenido
2025-05-22 18:03:49,753 [INFO] Movimiento detenido
2025-05-22 18:03:49,865 [INFO] Movimiento detenido
2025-05-22 18:03:49,977 [INFO] Movimiento detenido
2025-05-22 18:03:50,089 [INFO] Movimiento detenido
2025-05-22 18:03:50,196 [INFO] Lectura datos climáticos NASA
2025-05-22 18:03:50,200 [INFO] Datos JSON preparados para envío
2025-05-22 18:03:50,201 [INFO] Movimiento detenido
2025-05-22 18:03:50,314 [INFO] Movimiento detenido
2025-05-22 18:03:50,426 [INFO] Movimiento detenido
2025-05-22 18:03:50,538 [INFO] Movimiento detenido
2025-05-22 18:03:50,651 [INFO] Movimiento detenido
2025-05-22 18:03:50,764 [INFO] Movimiento detenido
2025-05-22 18:03:50,876 [INFO] Movimiento detenido
2025-05-22 18:03:50,987 [INFO] Movimiento detenido
2025-05-22 18:03:51,099 [INFO] Movimiento detenido
2025-05-22 18:03:51,210 [INFO] Movimiento detenido
2025-05-22 18:03:51,253 [INFO] Lectura BMP390
2025-05-22 18:03:51,324 [INFO] Movimiento detenido
2025-05-22 18:03:51,433 [INFO] Lectura LTR390
2025-05-22 18:03:51,436 [INFO] Lectura desde ESP32-S3 por serial
2025-05-22 18:03:51,437 [INFO] Movimiento detenido
2025-05-22 18:03:51,556 [INFO] Movimiento detenido
2025-05-22 18:03:51,668 [INFO] Movimiento detenido
2025-05-22 18:03:51,781 [INFO] Movimiento detenido
2025-05-22 18:03:51,893 [INFO] Movimiento detenido
2025-05-22 18:03:52,005 [INFO] Movimiento detenido
2025-05-22 18:03:52,117 [INFO] Movimiento detenido
2025-05-22 18:03:52,230 [INFO] Movimiento detenido
2025-05-22 18:03:52,342 [INFO] Movimiento detenido
2025-05-22 18:03:52,455 [INFO] Movimiento detenido
2025-05-22 18:03:52,567 [INFO] Movimiento detenido
2025-05-22 18:03:52,679 [INFO] Movimiento detenido
2025-05-22 18:03:52,792 [INFO] Movimiento detenido
2025-05-22 18:03:52,907 [INFO] Movimiento detenido
2025-05-22 18:03:53,021 [INFO] Movimiento detenido
2025-05-22 18:03:53,135 [INFO] Movimiento detenido
2025-05-22 18:03:53,248 [INFO] Movimiento detenido
2025-05-22 18:03:53,362 [INFO] Movimiento detenido
2025-05-22 18:03:53,477 [INFO] Movimiento detenido
2025-05-22 18:03:53,590 [INFO] Movimiento detenido
2025-05-22 18:03:53,704 [INFO] Movimiento detenido
2025-05-22 18:03:53,817 [INFO] Movimiento detenido
2025-05-22 18:03:53,935 [INFO] Movimiento detenido
2025-05-22 18:03:54,061 [INFO] Movimiento detenido
2025-05-22 18:03:54,176 [INFO] Movimiento detenido
2025-05-22 18:03:54,304 [INFO] Movimiento detenido
2025-05-22 18:03:54,421 [INFO] Movimiento detenido
2025-05-22 18:03:54,540 [INFO] Movimiento detenido
2025-05-22 18:03:54,607 [INFO] Lectura datos climáticos NASA
2025-05-22 18:03:54,609 [INFO] Datos JSON preparados para envío
2025-05-22 18:03:54,656 [INFO] Movimiento detenido
2025-05-22 18:03:54,771 [INFO] Movimiento detenido
2025-05-22 18:03:54,886 [INFO] Movimiento detenido
2025-05-22 18:03:55,000 [INFO] Movimiento detenido
2025-05-22 18:03:55,113 [INFO] Movimiento detenido
2025-05-22 18:03:55,225 [INFO] Movimiento detenido
2025-05-22 18:03:55,341 [INFO] Movimiento detenido
2025-05-22 18:03:55,455 [INFO] Movimiento detenido
2025-05-22 18:03:55,568 [INFO] Movimiento detenido
2025-05-22 18:03:55,664 [INFO] Lectura BMP390
2025-05-22 18:03:55,682 [INFO] Movimiento detenido
2025-05-22 18:03:55,796 [INFO] Movimiento detenido
2025-05-22 18:03:55,850 [INFO] Lectura LTR390
2025-05-22 18:03:55,856 [INFO] Lectura desde ESP32-S3 por serial
2025-05-22 18:03:55,916 [INFO] Movimiento detenido
2025-05-22 18:03:56,028 [INFO] Movimiento detenido
2025-05-22 18:03:56,140 [INFO] Movimiento detenido
2025-05-22 18:03:56,254 [INFO] Movimiento detenido
2025-05-22 18:03:56,366 [INFO] Movimiento detenido
2025-05-22 18:03:56,479 [INFO] Movimiento detenido
2025-05-22 18:03:56,592 [INFO] Movimiento detenido
2025-05-22 18:03:56,704 [INFO] Movimiento detenido
2025-05-22 18:03:56,816 [INFO] Movimiento detenido
2025-05-22 18:03:56,929 [INFO] Movimiento detenido
2025-05-22 18:03:57,042 [INFO] Movimiento detenido
2025-05-22 18:03:57,162 [INFO] Movimiento detenido
2025-05-22 18:03:57,282 [INFO] Movimiento detenido
2025-05-22 18:03:57,395 [INFO] Movimiento detenido
2025-05-22 18:03:57,508 [INFO] Movimiento detenido
2025-05-22 18:03:57,620 [INFO] Movimiento detenido
2025-05-22 18:03:57,733 [INFO] Movimiento detenido
2025-05-22 18:03:57,846 [INFO] Movimiento detenido
2025-05-22 18:03:57,959 [INFO] Movimiento detenido
2025-05-22 18:03:58,072 [INFO] Movimiento detenido
2025-05-22 18:03:58,187 [INFO] Movimiento detenido
2025-05-22 18:03:58,302 [INFO] Movimiento detenido
2025-05-22 18:03:58,417 [INFO] Movimiento detenido
2025-05-22 18:03:58,531 [INFO] Movimiento detenido
2025-05-22 18:03:58,644 [INFO] Movimiento detenido
2025-05-22 18:03:58,758 [INFO] Movimiento detenido
2025-05-22 18:03:58,872 [INFO] Movimiento detenido
2025-05-22 18:03:58,992 [INFO] Movimiento detenido
2025-05-22 18:03:59,110 [INFO] Movimiento detenido
2025-05-22 18:03:59,178 [INFO] Lectura datos climáticos NASA
2025-05-22 18:03:59,185 [INFO] Datos JSON preparados para envío
2025-05-22 18:03:59,233 [INFO] Movimiento detenido
2025-05-22 18:03:59,347 [INFO] Movimiento detenido
2025-05-22 18:04:00,238 [INFO] Lectura BMP390
2025-05-22 18:04:00,427 [INFO] Lectura LTR390
2025-05-22 18:04:00,430 [INFO] Lectura desde ESP32-S3 por serial
2025-05-22 18:04:01,527 [INFO] 192.168.95.177 - - [22/May/2025 18:04:01] "POST /mover HTTP/1.1" 200 -
2025-05-22 18:04:01,528 [INFO] Movimiento hacia adelante
2025-05-22 18:04:03,530 [INFO] Lectura datos climáticos NASA
2025-05-22 18:04:03,536 [INFO] Datos JSON preparados para envío
2025-05-22 18:04:03,744 [INFO] Movimiento hacia adelante
2025-05-22 18:04:04,588 [INFO] Lectura BMP390
2025-05-22 18:04:04,775 [INFO] Lectura LTR390
2025-05-22 18:04:04,779 [INFO] Lectura desde ESP32-S3 por serial
2025-05-22 18:04:06,005 [INFO] Movimiento hacia adelante
2025-05-22 18:04:08,217 [INFO] Lectura datos climáticos NASA
2025-05-22 18:04:08,226 [INFO] Datos JSON preparados para envío
2025-05-22 18:04:08,241 [INFO] Movimiento hacia adelante
2025-05-22 18:04:09,278 [INFO] Lectura BMP390
2025-05-22 18:04:09,467 [INFO] Lectura LTR390
2025-05-22 18:04:09,472 [INFO] Lectura desde ESP32-S3 por serial
2025-05-22 18:04:10,595 [INFO] Movimiento hacia adelante
2025-05-22 18:04:12,997 [INFO] Movimiento hacia adelante
2025-05-22 18:04:13,013 [INFO] Lectura datos climáticos NASA
2025-05-22 18:04:13,019 [INFO] Datos JSON preparados para envío
2025-05-22 18:04:14,073 [INFO] Lectura BMP390
2025-05-22 18:04:14,266 [INFO] Lectura LTR390
2025-05-22 18:04:14,277 [INFO] Lectura desde ESP32-S3 por serial
2025-05-22 18:04:17,453 [INFO] 192.168.95.177 - - [22/May/2025 18:04:17] "POST /mover HTTP/1.1" 200 -
2025-05-22 18:04:17,455 [INFO] Movimiento a la izquierda
2025-05-22 18:04:17,594 [INFO] Lectura datos climáticos NASA
2025-05-22 18:04:17,598 [INFO] Datos JSON preparados para envío
2025-05-22 18:04:18,651 [INFO] Lectura BMP390
2025-05-22 18:04:18,837 [INFO] Lectura LTR390
2025-05-22 18:04:18,840 [INFO] Lectura desde ESP32-S3 por serial
2025-05-22 18:04:19,671 [INFO] Movimiento a la izquierda
2025-05-22 18:04:22,103 [INFO] Movimiento a la izquierda
2025-05-22 18:04:22,611 [INFO] Lectura datos climáticos NASA
2025-05-22 18:04:22,619 [INFO] Datos JSON preparados para envío
2025-05-22 18:04:23,677 [INFO] Lectura BMP390
2025-05-22 18:04:23,865 [INFO] Lectura LTR390
2025-05-22 18:04:23,872 [INFO] Lectura desde ESP32-S3 por serial
2025-05-22 18:04:25,591 [INFO] 192.168.95.177 - - [22/May/2025 18:04:25] "POST /mover HTTP/1.1" 200 -
2025-05-22 18:04:25,591 [INFO] Movimiento a la derecha
2025-05-22 18:04:27,271 [INFO] Lectura datos climáticos NASA
2025-05-22 18:04:27,279 [INFO] Datos JSON preparados para envío
2025-05-22 18:04:27,725 [INFO] Movimiento a la derecha
2025-05-22 18:04:28,341 [INFO] Lectura BMP390
2025-05-22 18:04:28,529 [INFO] Lectura LTR390
2025-05-22 18:04:28,535 [INFO] Lectura desde ESP32-S3 por serial
2025-05-22 18:04:29,893 [INFO] Movimiento a la derecha
2025-05-22 18:04:32,038 [INFO] Movimiento a la derecha
2025-05-22 18:04:32,304 [INFO] Lectura datos climáticos NASA
2025-05-22 18:04:32,312 [INFO] Datos JSON preparados para envío
2025-05-22 18:04:33,367 [INFO] Lectura BMP390
2025-05-22 18:04:33,554 [INFO] Lectura LTR390
2025-05-22 18:04:33,559 [INFO] Lectura desde ESP32-S3 por serial
2025-05-22 18:04:35,829 [INFO] 192.168.95.177 - - [22/May/2025 18:04:35] "POST /mover HTTP/1.1" 200 -
2025-05-22 18:04:35,829 [INFO] Movimiento hacia atrás
2025-05-22 18:04:37,656 [INFO] Lectura datos climáticos NASA
2025-05-22 18:04:37,660 [INFO] Datos JSON preparados para envío
2025-05-22 18:04:38,101 [INFO] Movimiento hacia atrás
2025-05-22 18:04:38,718 [INFO] Lectura BMP390
2025-05-22 18:04:38,906 [INFO] Lectura LTR390
2025-05-22 18:04:38,913 [INFO] Lectura desde ESP32-S3 por serial
2025-05-22 18:04:41,981 [INFO] 192.168.95.177 - - [22/May/2025 18:04:41] "POST /mover HTTP/1.1" 200 -
2025-05-22 18:04:41,982 [INFO] Movimiento hacia atrás
2025-05-22 18:04:42,318 [INFO] Lectura datos climáticos NASA
2025-05-22 18:04:42,323 [INFO] Datos JSON preparados para envío
2025-05-22 18:04:43,374 [INFO] Lectura BMP390
2025-05-22 18:04:43,567 [INFO] Lectura LTR390
2025-05-22 18:04:43,571 [INFO] Lectura desde ESP32-S3 por serial
2025-05-22 18:04:44,241 [INFO] Movimiento hacia atrás
2025-05-22 18:04:46,960 [INFO] Lectura datos climáticos NASA
2025-05-22 18:04:46,969 [INFO] Datos JSON preparados para envío
2025-05-22 18:04:47,140 [INFO] 192.168.95.177 - - [22/May/2025 18:04:47] "POST /mover HTTP/1.1" 200 -
2025-05-22 18:04:47,141 [INFO] Movimiento a la derecha
2025-05-22 18:04:48,032 [INFO] Lectura BMP390
2025-05-22 18:04:48,216 [INFO] Lectura LTR390
2025-05-22 18:04:48,221 [INFO] Lectura desde ESP32-S3 por serial
2025-05-22 18:04:49,400 [INFO] Movimiento a la derecha
2025-05-22 18:04:51,623 [INFO] Movimiento a la derecha
2025-05-22 18:04:51,865 [INFO] Lectura datos climáticos NASA
2025-05-22 18:04:51,878 [INFO] Datos JSON preparados para envío
2025-05-22 18:04:52,480 [INFO] 192.168.95.177 - - [22/May/2025 18:04:52] "POST /mover HTTP/1.1" 200 -
2025-05-22 18:04:52,942 [INFO] Lectura BMP390
2025-05-22 18:04:53,139 [INFO] Lectura LTR390
2025-05-22 18:04:53,148 [INFO] Lectura desde ESP32-S3 por serial
2025-05-22 18:04:53,936 [INFO] Movimiento detenido
2025-05-22 18:04:54,061 [INFO] Movimiento detenido
2025-05-22 18:04:54,177 [INFO] Movimiento detenido
2025-05-22 18:04:54,292 [INFO] Movimiento detenido
2025-05-22 18:04:54,423 [INFO] Movimiento detenido
2025-05-22 18:04:54,536 [INFO] Movimiento detenido
2025-05-22 18:04:54,664 [INFO] Movimiento detenido
2025-05-22 18:04:54,781 [INFO] Movimiento detenido
2025-05-22 18:04:54,895 [INFO] Movimiento detenido
2025-05-22 18:04:55,006 [INFO] Movimiento detenido
2025-05-22 18:04:55,118 [INFO] Movimiento detenido
2025-05-22 18:04:55,230 [INFO] Movimiento detenido
2025-05-22 18:04:55,342 [INFO] Movimiento detenido
2025-05-22 18:04:55,455 [INFO] Movimiento detenido
2025-05-22 18:04:55,567 [INFO] Movimiento detenido
2025-05-22 18:04:55,679 [INFO] Movimiento detenido
2025-05-22 18:04:55,793 [INFO] Movimiento detenido
2025-05-22 18:04:55,907 [INFO] Movimiento detenido
2025-05-22 18:04:56,023 [INFO] Movimiento detenido
2025-05-22 18:04:56,141 [INFO] Movimiento detenido
2025-05-22 18:04:56,256 [INFO] Movimiento detenido
2025-05-22 18:04:56,371 [INFO] Movimiento detenido
2025-05-22 18:04:56,487 [INFO] Movimiento detenido
2025-05-22 18:04:56,602 [INFO] Movimiento detenido
2025-05-22 18:04:56,718 [INFO] Movimiento detenido
2025-05-22 18:04:56,833 [INFO] Movimiento detenido
2025-05-22 18:04:56,849 [INFO] Lectura datos climáticos NASA
2025-05-22 18:04:56,855 [INFO] Datos JSON preparados para envío
2025-05-22 18:04:56,956 [INFO] Movimiento detenido
2025-05-22 18:04:57,070 [INFO] Movimiento detenido
2025-05-22 18:04:57,184 [INFO] Movimiento detenido
2025-05-22 18:04:57,299 [INFO] Movimiento detenido
2025-05-22 18:04:57,412 [INFO] Movimiento detenido
2025-05-22 18:04:57,526 [INFO] Movimiento detenido
2025-05-22 18:04:57,639 [INFO] Movimiento detenido
2025-05-22 18:04:57,755 [INFO] Movimiento detenido
2025-05-22 18:04:57,871 [INFO] Movimiento detenido
2025-05-22 18:04:57,923 [INFO] Lectura BMP390
2025-05-22 18:04:57,990 [INFO] Movimiento detenido
2025-05-22 18:04:58,104 [INFO] Lectura LTR390
2025-05-22 18:04:58,105 [INFO] Movimiento detenido
2025-05-22 18:04:58,108 [INFO] Lectura desde ESP32-S3 por serial
2025-05-22 18:04:58,227 [INFO] Movimiento detenido
2025-05-22 18:04:58,341 [INFO] Movimiento detenido
2025-05-22 18:04:58,456 [INFO] Movimiento detenido
2025-05-22 18:04:58,569 [INFO] Movimiento detenido
2025-05-22 18:04:58,684 [INFO] Movimiento detenido
2025-05-22 18:04:58,810 [INFO] Movimiento detenido
2025-05-22 18:04:58,928 [INFO] Movimiento detenido
2025-05-22 18:04:59,049 [INFO] Movimiento detenido
2025-05-22 18:04:59,167 [INFO] Movimiento detenido
2025-05-22 18:04:59,281 [INFO] Movimiento detenido
2025-05-22 18:04:59,393 [INFO] Movimiento detenido
2025-05-22 18:04:59,508 [INFO] Movimiento detenido
2025-05-22 18:04:59,622 [INFO] Movimiento detenido
2025-05-22 18:04:59,740 [INFO] Movimiento detenido
2025-05-22 18:04:59,853 [INFO] Movimiento detenido
2025-05-22 18:04:59,965 [INFO] Movimiento detenido
2025-05-22 18:05:00,078 [INFO] Movimiento detenido
2025-05-22 18:05:00,197 [INFO] Movimiento detenido
2025-05-22 18:05:00,309 [INFO] Movimiento detenido
2025-05-22 18:05:00,423 [INFO] Movimiento detenido
2025-05-22 18:05:00,546 [INFO] Movimiento detenido
2025-05-22 18:05:00,661 [INFO] Movimiento detenido
2025-05-22 18:05:00,792 [INFO] Movimiento detenido
2025-05-22 18:05:00,905 [INFO] Movimiento detenido
2025-05-22 18:05:01,022 [INFO] Movimiento detenido
2025-05-22 18:05:01,134 [INFO] Movimiento detenido
2025-05-22 18:05:01,247 [INFO] Movimiento detenido
2025-05-22 18:05:01,360 [INFO] Movimiento detenido
2025-05-22 18:05:01,472 [INFO] Movimiento detenido
2025-05-22 18:05:01,586 [INFO] Movimiento detenido
2025-05-22 18:05:01,698 [INFO] Movimiento detenido
2025-05-22 18:05:01,812 [INFO] Movimiento detenido
2025-05-22 18:05:01,925 [INFO] Movimiento detenido
2025-05-22 18:05:01,959 [INFO] Lectura datos climáticos NASA
2025-05-22 18:05:01,963 [INFO] Datos JSON preparados para envío
2025-05-22 18:05:02,038 [INFO] Movimiento detenido
2025-05-22 18:05:02,154 [INFO] Movimiento detenido
2025-05-22 18:05:02,269 [INFO] Movimiento detenido
2025-05-22 18:05:02,387 [INFO] Movimiento detenido
2025-05-22 18:05:02,521 [INFO] Movimiento detenido
2025-05-22 18:05:02,642 [INFO] Movimiento detenido
2025-05-22 18:05:02,760 [INFO] Movimiento detenido
2025-05-22 18:05:02,877 [INFO] Movimiento detenido
2025-05-22 18:05:02,992 [INFO] Movimiento detenido
2025-05-22 18:05:03,016 [INFO] Lectura BMP390
2025-05-22 18:05:03,107 [INFO] Movimiento detenido
2025-05-22 18:05:03,203 [INFO] Lectura LTR390
2025-05-22 18:05:03,209 [INFO] Lectura desde ESP32-S3 por serial
2025-05-22 18:05:03,248 [INFO] Movimiento detenido
2025-05-22 18:05:03,362 [INFO] Movimiento detenido
2025-05-22 18:05:03,493 [INFO] Movimiento detenido
2025-05-22 18:05:03,611 [INFO] Movimiento detenido
2025-05-22 18:05:03,734 [INFO] Movimiento detenido
2025-05-22 18:05:03,852 [INFO] Movimiento detenido
2025-05-22 18:05:03,971 [INFO] Movimiento detenido
2025-05-22 18:05:04,085 [INFO] Movimiento detenido
2025-05-22 18:05:04,198 [INFO] Movimiento detenido
2025-05-22 18:05:04,314 [INFO] Movimiento detenido
2025-05-22 18:05:04,431 [INFO] Movimiento detenido
2025-05-22 18:05:04,546 [INFO] Movimiento detenido
2025-05-22 18:05:04,672 [INFO] Movimiento detenido
2025-05-22 18:05:04,784 [INFO] Movimiento detenido
2025-05-22 18:05:04,903 [INFO] Movimiento detenido
2025-05-22 18:05:05,015 [INFO] Movimiento detenido
2025-05-22 18:05:05,133 [INFO] Movimiento detenido
2025-05-22 18:05:05,253 [INFO] Movimiento detenido
2025-05-22 18:05:05,370 [INFO] Movimiento detenido
2025-05-22 18:05:05,502 [INFO] Movimiento detenido
2025-05-22 18:05:05,614 [INFO] Movimiento detenido
2025-05-22 18:05:05,738 [INFO] Movimiento detenido
2025-05-22 18:05:05,856 [INFO] Movimiento detenido
2025-05-22 18:05:05,974 [INFO] Movimiento detenido
2025-05-22 18:05:06,093 [INFO] Movimiento detenido
2025-05-22 18:05:06,209 [INFO] Movimiento detenido
2025-05-22 18:05:06,329 [INFO] Movimiento detenido
2025-05-22 18:05:06,442 [INFO] Movimiento detenido
2025-05-22 18:05:06,554 [INFO] Movimiento detenido
2025-05-22 18:05:06,644 [INFO] Lectura datos climáticos NASA
2025-05-22 18:05:06,647 [INFO] Datos JSON preparados para envío
2025-05-22 18:05:06,666 [INFO] Movimiento detenido
2025-05-22 18:05:06,778 [INFO] Movimiento detenido
2025-05-22 18:05:06,890 [INFO] Movimiento detenido
2025-05-22 18:05:07,002 [INFO] Movimiento detenido
2025-05-22 18:05:07,114 [INFO] Movimiento detenido
2025-05-22 18:05:07,226 [INFO] Movimiento detenido
2025-05-22 18:05:07,339 [INFO] Movimiento detenido
2025-05-22 18:05:07,450 [INFO] Movimiento detenido
2025-05-22 18:05:07,561 [INFO] Movimiento detenido
2025-05-22 18:05:07,674 [INFO] Movimiento detenido
2025-05-22 18:05:07,698 [INFO] Lectura BMP390
2025-05-22 18:05:07,789 [INFO] Movimiento detenido
2025-05-22 18:05:07,877 [INFO] Lectura LTR390
2025-05-22 18:05:07,880 [INFO] Lectura desde ESP32-S3 por serial
2025-05-22 18:05:07,901 [INFO] Movimiento detenido
2025-05-22 18:05:08,013 [INFO] Movimiento detenido
2025-05-22 18:05:08,125 [INFO] Movimiento detenido
2025-05-22 18:05:08,238 [INFO] Movimiento detenido
2025-05-22 18:05:08,350 [INFO] Movimiento detenido
2025-05-22 18:05:08,463 [INFO] Movimiento detenido
2025-05-22 18:05:08,575 [INFO] Movimiento detenido
2025-05-22 18:05:08,687 [INFO] Movimiento detenido
2025-05-22 18:05:08,799 [INFO] Movimiento detenido
2025-05-22 18:05:08,912 [INFO] Movimiento detenido
2025-05-22 18:05:09,026 [INFO] Movimiento detenido
2025-05-22 18:05:09,138 [INFO] Movimiento detenido
2025-05-22 18:05:09,250 [INFO] Movimiento detenido
2025-05-22 18:05:09,365 [INFO] Movimiento detenido
2025-05-22 18:05:09,477 [INFO] Movimiento detenido
2025-05-22 18:05:09,589 [INFO] Movimiento detenido
2025-05-22 18:05:09,701 [INFO] Movimiento detenido
2025-05-22 18:05:09,815 [INFO] Movimiento detenido
2025-05-22 18:05:09,928 [INFO] Movimiento detenido
2025-05-22 18:05:10,040 [INFO] Movimiento detenido
2025-05-22 18:05:10,155 [INFO] Movimiento detenido
2025-05-22 18:05:10,268 [INFO] Movimiento detenido
2025-05-22 18:05:10,380 [INFO] Movimiento detenido
2025-05-22 18:05:10,492 [INFO] Movimiento detenido
2025-05-22 18:05:10,604 [INFO] Movimiento detenido
2025-05-22 18:05:10,717 [INFO] Movimiento detenido
2025-05-22 18:05:10,831 [INFO] Movimiento detenido
2025-05-22 18:05:10,945 [INFO] Movimiento detenido
2025-05-22 18:05:11,057 [INFO] Movimiento detenido
2025-05-22 18:05:11,169 [INFO] Movimiento detenido
2025-05-22 18:05:11,281 [INFO] Movimiento detenido
2025-05-22 18:05:11,394 [INFO] Movimiento detenido
2025-05-22 18:05:11,506 [INFO] Movimiento detenido
2025-05-22 18:05:11,514 [INFO] Lectura datos climáticos NASA
2025-05-22 18:05:11,519 [INFO] Datos JSON preparados para envío
2025-05-22 18:05:11,625 [INFO] Movimiento detenido
2025-05-22 18:05:11,737 [INFO] Movimiento detenido
2025-05-22 18:05:11,848 [INFO] Movimiento detenido
2025-05-22 18:05:11,959 [INFO] Movimiento detenido
2025-05-22 18:05:12,071 [INFO] Movimiento detenido
2025-05-22 18:05:12,182 [INFO] Movimiento detenido
2025-05-22 18:05:12,293 [INFO] Movimiento detenido
2025-05-22 18:05:12,406 [INFO] Movimiento detenido
2025-05-22 18:05:12,518 [INFO] Movimiento detenido
2025-05-22 18:05:12,573 [INFO] Lectura BMP390
2025-05-22 18:05:12,633 [INFO] Movimiento detenido
2025-05-22 18:05:12,746 [INFO] Movimiento detenido
2025-05-22 18:05:12,757 [INFO] Lectura LTR390
2025-05-22 18:05:12,764 [INFO] Lectura desde ESP32-S3 por serial
2025-05-22 18:05:12,862 [INFO] Movimiento detenido
2025-05-22 18:05:12,975 [INFO] Movimiento detenido
2025-05-22 18:05:13,088 [INFO] Movimiento detenido
2025-05-22 18:05:13,201 [INFO] Movimiento detenido
2025-05-22 18:05:13,313 [INFO] Movimiento detenido
2025-05-22 18:05:13,426 [INFO] Movimiento detenido
2025-05-22 18:05:13,539 [INFO] Movimiento detenido
2025-05-22 18:05:13,651 [INFO] Movimiento detenido
2025-05-22 18:05:13,764 [INFO] Movimiento detenido
2025-05-22 18:05:13,880 [INFO] Movimiento detenido
2025-05-22 18:05:13,996 [INFO] Movimiento detenido
2025-05-22 18:05:14,113 [INFO] Movimiento detenido
2025-05-22 18:05:14,225 [INFO] Movimiento detenido
2025-05-22 18:05:14,336 [INFO] Movimiento detenido
2025-05-22 18:05:14,447 [INFO] Movimiento detenido
2025-05-22 18:05:14,558 [INFO] Movimiento detenido
2025-05-22 18:05:14,669 [INFO] Movimiento detenido
2025-05-22 18:05:14,780 [INFO] Movimiento detenido
2025-05-22 18:05:14,892 [INFO] Movimiento detenido
2025-05-22 18:05:15,005 [INFO] Movimiento detenido
2025-05-22 18:05:15,117 [INFO] Movimiento detenido
2025-05-22 18:05:15,229 [INFO] Movimiento detenido
2025-05-22 18:05:15,342 [INFO] Movimiento detenido
2025-05-22 18:05:15,454 [INFO] Movimiento detenido
2025-05-22 18:05:15,565 [INFO] Movimiento detenido
2025-05-22 18:05:15,677 [INFO] Movimiento detenido
2025-05-22 18:05:15,790 [INFO] Movimiento detenido
2025-05-22 18:05:15,902 [INFO] Movimiento detenido
2025-05-22 18:05:16,015 [INFO] Movimiento detenido
2025-05-22 18:05:16,127 [INFO] Movimiento detenido
2025-05-22 18:05:16,239 [INFO] Movimiento detenido
2025-05-22 18:05:16,352 [INFO] Movimiento detenido
2025-05-22 18:05:16,465 [INFO] Movimiento detenido
2025-05-22 18:05:16,577 [INFO] Movimiento detenido
2025-05-22 18:05:16,689 [INFO] Movimiento detenido
2025-05-22 18:05:16,801 [INFO] Movimiento detenido
2025-05-22 18:05:16,913 [INFO] Movimiento detenido
2025-05-22 18:05:17,025 [INFO] Movimiento detenido
2025-05-22 18:05:17,137 [INFO] Movimiento detenido
2025-05-22 18:05:17,249 [INFO] Movimiento detenido
2025-05-22 18:05:17,312 [INFO] Lectura datos climáticos NASA
2025-05-22 18:05:17,316 [INFO] Datos JSON preparados para envío
2025-05-22 18:05:17,361 [INFO] Movimiento detenido
2025-05-22 18:05:17,473 [INFO] Movimiento detenido
2025-05-22 18:05:17,585 [INFO] Movimiento detenido
2025-05-22 18:05:17,697 [INFO] Movimiento detenido
2025-05-22 18:05:17,811 [INFO] Movimiento detenido
2025-05-22 18:05:17,923 [INFO] Movimiento detenido
2025-05-22 18:05:18,035 [INFO] Movimiento detenido
2025-05-22 18:05:18,148 [INFO] Movimiento detenido
2025-05-22 18:05:18,260 [INFO] Movimiento detenido
2025-05-22 18:05:18,372 [INFO] Lectura BMP390
2025-05-22 18:05:18,374 [INFO] Movimiento detenido
2025-05-22 18:05:18,489 [INFO] Movimiento detenido
2025-05-22 18:05:18,556 [INFO] Lectura LTR390
2025-05-22 18:05:18,559 [INFO] Lectura desde ESP32-S3 por serial
2025-05-22 18:05:18,601 [INFO] Movimiento detenido
2025-05-22 18:05:18,712 [INFO] Movimiento detenido
2025-05-22 18:05:18,823 [INFO] Movimiento detenido
2025-05-22 18:05:18,936 [INFO] Movimiento detenido
2025-05-22 18:05:19,049 [INFO] Movimiento detenido
2025-05-22 18:05:19,160 [INFO] Movimiento detenido
2025-05-22 18:05:19,273 [INFO] Movimiento detenido
2025-05-22 18:05:19,385 [INFO] Movimiento detenido
2025-05-22 18:05:19,497 [INFO] Movimiento detenido
2025-05-22 18:05:19,610 [INFO] Movimiento detenido
2025-05-22 18:05:19,722 [INFO] Movimiento detenido
2025-05-22 18:05:19,835 [INFO] Movimiento detenido
2025-05-22 18:05:19,948 [INFO] Movimiento detenido
2025-05-22 18:05:20,060 [INFO] Movimiento detenido
2025-05-22 18:05:20,171 [INFO] Movimiento detenido
2025-05-22 18:05:20,284 [INFO] Movimiento detenido
2025-05-22 18:05:20,396 [INFO] Movimiento detenido
2025-05-22 18:05:20,508 [INFO] Movimiento detenido
2025-05-22 18:05:20,620 [INFO] Movimiento detenido
2025-05-22 18:05:20,732 [INFO] Movimiento detenido
2025-05-22 18:05:20,844 [INFO] Movimiento detenido
2025-05-22 18:05:20,957 [INFO] Movimiento detenido
2025-05-22 18:05:21,069 [INFO] Movimiento detenido
2025-05-22 18:05:21,181 [INFO] Movimiento detenido
2025-05-22 18:05:21,293 [INFO] Movimiento detenido
2025-05-22 18:05:21,406 [INFO] Movimiento detenido
2025-05-22 18:05:21,518 [INFO] Movimiento detenido
2025-05-22 18:05:21,630 [INFO] Movimiento detenido
2025-05-22 18:05:21,742 [INFO] Movimiento detenido
2025-05-22 18:05:21,854 [INFO] Movimiento detenido
2025-05-22 18:05:21,966 [INFO] Movimiento detenido
2025-05-22 18:05:22,078 [INFO] Movimiento detenido
2025-05-22 18:05:22,180 [INFO] Lectura datos climáticos NASA
2025-05-22 18:05:22,184 [INFO] Datos JSON preparados para envío
2025-05-22 18:05:22,192 [INFO] Movimiento detenido
2025-05-22 18:05:22,307 [INFO] Movimiento detenido
2025-05-22 18:05:22,419 [INFO] Movimiento detenido
2025-05-22 18:05:22,532 [INFO] Movimiento detenido
2025-05-22 18:05:22,644 [INFO] Movimiento detenido
2025-05-22 18:05:22,756 [INFO] Movimiento detenido
2025-05-22 18:05:22,867 [INFO] Movimiento detenido
2025-05-22 18:05:22,979 [INFO] Movimiento detenido
2025-05-22 18:05:23,092 [INFO] Movimiento detenido
2025-05-22 18:05:23,204 [INFO] Movimiento detenido
2025-05-22 18:05:23,240 [INFO] Lectura BMP390
2025-05-22 18:05:23,320 [INFO] Movimiento detenido
2025-05-22 18:05:23,424 [INFO] Lectura LTR390
2025-05-22 18:05:23,430 [INFO] Lectura desde ESP32-S3 por serial
2025-05-22 18:05:23,433 [INFO] Movimiento detenido
2025-05-22 18:05:23,551 [INFO] Movimiento detenido
2025-05-22 18:05:23,664 [INFO] Movimiento detenido
2025-05-22 18:05:23,777 [INFO] Movimiento detenido
2025-05-22 18:05:23,889 [INFO] Movimiento detenido
2025-05-22 18:05:24,004 [INFO] Movimiento detenido
2025-05-22 18:05:24,115 [INFO] Movimiento detenido
2025-05-22 18:05:24,227 [INFO] Movimiento detenido
2025-05-22 18:05:24,340 [INFO] Movimiento detenido
2025-05-22 18:05:24,452 [INFO] Movimiento detenido
2025-05-22 18:05:24,564 [INFO] Movimiento detenido
2025-05-22 18:05:24,676 [INFO] Movimiento detenido
2025-05-22 18:05:24,788 [INFO] Movimiento detenido
2025-05-22 18:05:24,900 [INFO] Movimiento detenido
2025-05-22 18:05:25,017 [INFO] Movimiento detenido
2025-05-22 18:05:25,131 [INFO] Movimiento detenido
2025-05-22 18:05:25,243 [INFO] Movimiento detenido
2025-05-22 18:05:25,355 [INFO] Movimiento detenido
2025-05-22 18:05:25,467 [INFO] Movimiento detenido
2025-05-22 18:05:25,579 [INFO] Movimiento detenido
2025-05-22 18:05:25,691 [INFO] Movimiento detenido
2025-05-22 18:05:25,804 [INFO] Movimiento detenido
2025-05-22 18:05:25,916 [INFO] Movimiento detenido
2025-05-22 18:05:26,028 [INFO] Movimiento detenido
2025-05-22 18:05:26,140 [INFO] Movimiento detenido
2025-05-22 18:05:26,252 [INFO] Movimiento detenido
2025-05-22 18:05:26,365 [INFO] Movimiento detenido
2025-05-22 18:05:26,477 [INFO] Movimiento detenido
2025-05-22 18:05:26,590 [INFO] Movimiento detenido
2025-05-22 18:05:26,702 [INFO] Movimiento detenido
2025-05-22 18:05:26,815 [INFO] Movimiento detenido
2025-05-22 18:05:26,927 [INFO] Movimiento detenido
2025-05-22 18:05:27,039 [INFO] Movimiento detenido
2025-05-22 18:05:27,152 [INFO] Movimiento detenido
2025-05-22 18:05:27,189 [INFO] Lectura datos climáticos NASA
2025-05-22 18:05:27,196 [INFO] Datos JSON preparados para envío
2025-05-22 18:05:27,264 [INFO] Movimiento detenido
2025-05-22 18:05:27,376 [INFO] Movimiento detenido
2025-05-22 18:05:27,488 [INFO] Movimiento detenido
2025-05-22 18:05:27,602 [INFO] Movimiento detenido
2025-05-22 18:05:27,714 [INFO] Movimiento detenido
2025-05-22 18:05:27,827 [INFO] Movimiento detenido
2025-05-22 18:05:27,939 [INFO] Movimiento detenido
2025-05-22 18:05:28,051 [INFO] Movimiento detenido
2025-05-22 18:05:28,163 [INFO] Movimiento detenido
2025-05-22 18:05:28,251 [INFO] Lectura BMP390
2025-05-22 18:05:28,275 [INFO] Movimiento detenido
2025-05-22 18:05:28,387 [INFO] Movimiento detenido
2025-05-22 18:05:28,437 [INFO] Lectura LTR390
2025-05-22 18:05:28,445 [INFO] Lectura desde ESP32-S3 por serial
2025-05-22 18:05:28,502 [INFO] Movimiento detenido
2025-05-22 18:05:28,614 [INFO] Movimiento detenido
2025-05-22 18:05:28,726 [INFO] Movimiento detenido
2025-05-22 18:05:28,838 [INFO] Movimiento detenido
2025-05-22 18:05:28,951 [INFO] Movimiento detenido
2025-05-22 18:05:29,064 [INFO] Movimiento detenido
2025-05-22 18:05:29,176 [INFO] Movimiento detenido
2025-05-22 18:05:29,288 [INFO] Movimiento detenido
2025-05-22 18:05:29,400 [INFO] Movimiento detenido
2025-05-22 18:05:29,511 [INFO] Movimiento detenido
2025-05-22 18:05:29,622 [INFO] Movimiento detenido
2025-05-22 18:05:29,733 [INFO] Movimiento detenido
2025-05-22 18:05:29,845 [INFO] Movimiento detenido
2025-05-22 18:05:29,956 [INFO] Movimiento detenido
2025-05-22 18:05:30,068 [INFO] Movimiento detenido
2025-05-22 18:05:30,179 [INFO] Movimiento detenido
2025-05-22 18:05:30,291 [INFO] Movimiento detenido
2025-05-22 18:05:30,404 [INFO] Movimiento detenido
2025-05-22 18:05:30,515 [INFO] Movimiento detenido
2025-05-22 18:05:30,627 [INFO] Movimiento detenido
2025-05-22 18:05:30,740 [INFO] Movimiento detenido
2025-05-22 18:05:30,853 [INFO] Movimiento detenido
2025-05-22 18:05:30,967 [INFO] Movimiento detenido
2025-05-22 18:05:31,080 [INFO] Movimiento detenido
2025-05-22 18:05:31,192 [INFO] Movimiento detenido
2025-05-22 18:05:31,304 [INFO] Movimiento detenido
2025-05-22 18:05:31,415 [INFO] Movimiento detenido
2025-05-22 18:05:31,526 [INFO] Movimiento detenido
2025-05-22 18:05:31,637 [INFO] Movimiento detenido
2025-05-22 18:05:31,748 [INFO] Movimiento detenido
2025-05-22 18:05:31,859 [INFO] Movimiento detenido
2025-05-22 18:05:31,961 [INFO] Lectura datos climáticos NASA
2025-05-22 18:05:31,965 [INFO] Datos JSON preparados para envío
2025-05-22 18:05:31,971 [INFO] Movimiento detenido
2025-05-22 18:05:32,083 [INFO] Movimiento detenido
2025-05-22 18:05:32,196 [INFO] Movimiento detenido
2025-05-22 18:05:32,308 [INFO] Movimiento detenido
2025-05-22 18:05:32,420 [INFO] Movimiento detenido
2025-05-22 18:05:32,532 [INFO] Movimiento detenido
2025-05-22 18:05:32,644 [INFO] Movimiento detenido
2025-05-22 18:05:32,756 [INFO] Movimiento detenido
2025-05-22 18:05:32,868 [INFO] Movimiento detenido
2025-05-22 18:05:32,980 [INFO] Movimiento detenido
2025-05-22 18:05:33,021 [INFO] Lectura BMP390
2025-05-22 18:05:33,094 [INFO] Movimiento detenido
2025-05-22 18:05:33,203 [INFO] Lectura LTR390
2025-05-22 18:05:33,207 [INFO] Movimiento detenido
2025-05-22 18:05:33,210 [INFO] Lectura desde ESP32-S3 por serial
2025-05-22 18:05:33,322 [INFO] Movimiento detenido
2025-05-22 18:05:33,433 [INFO] Movimiento detenido
2025-05-22 18:05:33,545 [INFO] Movimiento detenido
2025-05-22 18:05:33,657 [INFO] Movimiento detenido
2025-05-22 18:05:33,769 [INFO] Movimiento detenido
2025-05-22 18:05:33,882 [INFO] Movimiento detenido
2025-05-22 18:05:33,997 [INFO] Movimiento detenido
2025-05-22 18:05:34,112 [INFO] Movimiento detenido
2025-05-22 18:05:34,223 [INFO] Movimiento detenido
2025-05-22 18:05:34,336 [INFO] Movimiento detenido
2025-05-22 18:05:34,448 [INFO] Movimiento detenido
2025-05-22 18:05:34,560 [INFO] Movimiento detenido
2025-05-22 18:05:34,671 [INFO] Movimiento detenido
2025-05-22 18:05:34,782 [INFO] Movimiento detenido
2025-05-22 18:05:34,894 [INFO] Movimiento detenido
2025-05-22 18:05:35,006 [INFO] Movimiento detenido
2025-05-22 18:05:35,119 [INFO] Movimiento detenido
2025-05-22 18:05:35,231 [INFO] Movimiento detenido
2025-05-22 18:05:35,342 [INFO] Movimiento detenido
2025-05-22 18:05:35,454 [INFO] Movimiento detenido
2025-05-22 18:05:35,566 [INFO] Movimiento detenido
2025-05-22 18:05:35,678 [INFO] Movimiento detenido
2025-05-22 18:05:35,790 [INFO] Movimiento detenido
2025-05-22 18:05:35,902 [INFO] Movimiento detenido
2025-05-22 18:05:36,014 [INFO] Movimiento detenido
2025-05-22 18:05:36,126 [INFO] Movimiento detenido
2025-05-22 18:05:36,238 [INFO] Movimiento detenido
2025-05-22 18:05:36,768 [INFO] Lectura datos climáticos NASA
2025-05-22 18:05:36,772 [INFO] Datos JSON preparados para envío
2025-05-22 18:05:37,831 [INFO] Lectura BMP390
2025-05-22 18:05:38,018 [INFO] Lectura LTR390
2025-05-22 18:05:38,025 [INFO] Lectura desde ESP32-S3 por serial
2025-05-22 18:05:38,401 [INFO] 192.168.95.177 - - [22/May/2025 18:05:38] "POST /mover HTTP/1.1" 200 -
2025-05-22 18:05:38,403 [INFO] Movimiento hacia adelante
2025-05-22 18:05:40,535 [INFO] Movimiento hacia adelante
2025-05-22 18:05:42,206 [INFO] Lectura datos climáticos NASA
2025-05-22 18:05:42,210 [INFO] Datos JSON preparados para envío
2025-05-22 18:05:42,678 [INFO] Movimiento hacia adelante
2025-05-22 18:05:43,269 [INFO] Lectura BMP390
2025-05-22 18:05:43,462 [INFO] Lectura LTR390
2025-05-22 18:05:43,468 [INFO] Lectura desde ESP32-S3 por serial
2025-05-22 18:05:44,864 [INFO] Movimiento hacia adelante
2025-05-22 18:05:47,004 [INFO] Movimiento hacia adelante
2025-05-22 18:05:47,373 [INFO] Lectura datos climáticos NASA
2025-05-22 18:05:47,380 [INFO] Datos JSON preparados para envío
2025-05-22 18:05:48,442 [INFO] Lectura BMP390
2025-05-22 18:05:48,640 [INFO] Lectura LTR390
2025-05-22 18:05:48,647 [INFO] Lectura desde ESP32-S3 por serial
2025-05-22 18:05:49,224 [INFO] Movimiento hacia adelante
2025-05-22 18:05:51,346 [INFO] Movimiento hacia adelante
2025-05-22 18:05:52,349 [INFO] Lectura datos climáticos NASA
2025-05-22 18:05:52,354 [INFO] Datos JSON preparados para envío
2025-05-22 18:05:53,411 [INFO] Lectura BMP390
2025-05-22 18:05:53,496 [INFO] Movimiento hacia adelante
2025-05-22 18:05:53,596 [INFO] Lectura LTR390
2025-05-22 18:05:53,602 [INFO] Lectura desde ESP32-S3 por serial
2025-05-22 18:05:55,647 [INFO] Movimiento hacia adelante
2025-05-22 18:05:57,034 [INFO] Lectura datos climáticos NASA
2025-05-22 18:05:57,040 [INFO] Datos JSON preparados para envío
2025-05-22 18:05:57,798 [INFO] Movimiento hacia adelante
2025-05-22 18:05:58,092 [INFO] Lectura BMP390
2025-05-22 18:05:58,279 [INFO] Lectura LTR390
2025-05-22 18:05:58,286 [INFO] Lectura desde ESP32-S3 por serial
2025-05-22 18:05:59,954 [INFO] Movimiento hacia adelante
2025-05-22 18:06:01,806 [INFO] Lectura datos climáticos NASA
2025-05-22 18:06:01,810 [INFO] Datos JSON preparados para envío
2025-05-22 18:06:02,083 [INFO] Movimiento hacia adelante
2025-05-22 18:06:02,868 [INFO] Lectura BMP390
2025-05-22 18:06:03,066 [INFO] Lectura LTR390
2025-05-22 18:06:03,073 [INFO] Lectura desde ESP32-S3 por serial
2025-05-22 18:06:04,273 [INFO] Movimiento hacia adelante
2025-05-22 18:06:06,408 [INFO] Movimiento hacia adelante
2025-05-22 18:06:07,211 [INFO] Lectura datos climáticos NASA
2025-05-22 18:06:07,215 [INFO] Datos JSON preparados para envío
2025-05-22 18:06:08,268 [INFO] Lectura BMP390
2025-05-22 18:06:08,455 [INFO] Lectura LTR390
2025-05-22 18:06:08,458 [INFO] Lectura desde ESP32-S3 por serial
2025-05-22 18:06:08,560 [INFO] Movimiento hacia adelante
2025-05-22 18:06:10,678 [INFO] Movimiento hacia adelante
2025-05-22 18:06:12,567 [INFO] Lectura datos climáticos NASA
2025-05-22 18:06:12,569 [INFO] Datos JSON preparados para envío
2025-05-22 18:06:12,772 [INFO] Movimiento hacia adelante
2025-05-22 18:06:13,621 [INFO] Lectura BMP390
2025-05-22 18:06:13,810 [INFO] Lectura LTR390
2025-05-22 18:06:13,814 [INFO] Lectura desde ESP32-S3 por serial
2025-05-22 18:06:14,904 [INFO] Movimiento hacia adelante
2025-05-22 18:06:17,050 [INFO] Movimiento hacia adelante
2025-05-22 18:06:17,215 [INFO] Lectura datos climáticos NASA
2025-05-22 18:06:17,220 [INFO] Datos JSON preparados para envío
2025-05-22 18:06:18,278 [INFO] Lectura BMP390
2025-05-22 18:06:18,469 [INFO] Lectura LTR390
2025-05-22 18:06:18,477 [INFO] Lectura desde ESP32-S3 por serial
2025-05-22 18:06:19,242 [INFO] Movimiento hacia adelante
2025-05-22 18:06:21,374 [INFO] Movimiento hacia adelante
2025-05-22 18:06:22,694 [INFO] Lectura datos climáticos NASA
2025-05-22 18:06:22,697 [INFO] Datos JSON preparados para envío
2025-05-22 18:06:23,749 [INFO] Lectura BMP390
2025-05-22 18:06:23,937 [INFO] Lectura LTR390
2025-05-22 18:06:23,943 [INFO] Lectura desde ESP32-S3 por serial
2025-05-22 18:06:24,490 [INFO] 192.168.95.177 - - [22/May/2025 18:06:24] "POST /mover HTTP/1.1" 200 -
2025-05-22 18:06:24,491 [INFO] Movimiento hacia atrás
2025-05-22 18:06:26,623 [INFO] Movimiento hacia atrás
2025-05-22 18:06:27,457 [INFO] Lectura datos climáticos NASA
2025-05-22 18:06:27,462 [INFO] Datos JSON preparados para envío
2025-05-22 18:06:28,521 [INFO] Lectura BMP390
2025-05-22 18:06:28,705 [INFO] Lectura LTR390
2025-05-22 18:06:28,712 [INFO] Lectura desde ESP32-S3 por serial
2025-05-22 18:06:28,774 [INFO] Movimiento hacia atrás
2025-05-22 18:06:30,914 [INFO] Movimiento hacia atrás
2025-05-22 18:06:32,167 [INFO] Lectura datos climáticos NASA
2025-05-22 18:06:32,171 [INFO] Datos JSON preparados para envío
2025-05-22 18:06:33,058 [INFO] Movimiento hacia atrás
2025-05-22 18:06:33,226 [INFO] Lectura BMP390
2025-05-22 18:06:33,412 [INFO] Lectura LTR390
2025-05-22 18:06:33,416 [INFO] Lectura desde ESP32-S3 por serial
2025-05-22 18:06:35,211 [INFO] Movimiento hacia atrás
2025-05-22 18:06:37,307 [INFO] Lectura datos climáticos NASA
2025-05-22 18:06:37,310 [INFO] Datos JSON preparados para envío
2025-05-22 18:06:37,347 [INFO] Movimiento hacia atrás
2025-05-22 18:06:38,370 [INFO] Lectura BMP390
2025-05-22 18:06:38,562 [INFO] Lectura LTR390
2025-05-22 18:06:38,568 [INFO] Lectura desde ESP32-S3 por serial
2025-05-22 18:06:39,526 [INFO] Movimiento hacia atrás
2025-05-22 18:06:41,671 [INFO] Movimiento hacia atrás
2025-05-22 18:06:43,088 [INFO] Lectura datos climáticos NASA
2025-05-22 18:06:43,092 [INFO] Datos JSON preparados para envío
2025-05-22 18:06:43,801 [INFO] Movimiento hacia atrás
2025-05-22 18:06:44,149 [INFO] Lectura BMP390
2025-05-22 18:06:44,336 [INFO] Lectura LTR390
2025-05-22 18:06:44,339 [INFO] Lectura desde ESP32-S3 por serial
2025-05-22 18:06:45,947 [INFO] Movimiento hacia atrás
2025-05-22 18:06:47,991 [INFO] Lectura datos climáticos NASA
2025-05-22 18:06:47,996 [INFO] Datos JSON preparados para envío
2025-05-22 18:06:48,082 [INFO] Movimiento hacia atrás
2025-05-22 18:06:49,048 [INFO] Lectura BMP390
2025-05-22 18:06:49,234 [INFO] Lectura LTR390
2025-05-22 18:06:49,237 [INFO] Lectura desde ESP32-S3 por serial
2025-05-22 18:06:50,210 [INFO] Movimiento hacia atrás
2025-05-22 18:06:52,345 [INFO] Movimiento hacia atrás
2025-05-22 18:06:52,703 [INFO] Lectura datos climáticos NASA
2025-05-22 18:06:52,711 [INFO] Datos JSON preparados para envío
2025-05-22 18:06:53,770 [INFO] Lectura BMP390
2025-05-22 18:06:53,959 [INFO] Lectura LTR390
2025-05-22 18:06:53,964 [INFO] Lectura desde ESP32-S3 por serial
2025-05-22 18:06:54,511 [INFO] Movimiento hacia atrás
2025-05-22 18:06:56,641 [INFO] Movimiento hacia atrás
2025-05-22 18:06:57,498 [INFO] Lectura datos climáticos NASA
2025-05-22 18:06:57,504 [INFO] Datos JSON preparados para envío
2025-05-22 18:06:58,561 [INFO] Lectura BMP390
2025-05-22 18:06:58,744 [INFO] Lectura LTR390
2025-05-22 18:06:58,750 [INFO] Lectura desde ESP32-S3 por serial
2025-05-22 18:06:58,793 [INFO] Movimiento hacia atrás
2025-05-22 18:07:00,937 [INFO] Movimiento hacia atrás
2025-05-22 18:07:02,655 [INFO] Lectura datos climáticos NASA
2025-05-22 18:07:02,659 [INFO] Datos JSON preparados para envío
2025-05-22 18:07:03,085 [INFO] Movimiento hacia atrás
2025-05-22 18:07:03,720 [INFO] Lectura BMP390
2025-05-22 18:07:03,912 [INFO] Lectura LTR390
2025-05-22 18:07:03,923 [INFO] Lectura desde ESP32-S3 por serial
2025-05-22 18:07:05,247 [INFO] Movimiento hacia atrás
2025-05-22 18:07:07,358 [INFO] Movimiento hacia atrás
2025-05-22 18:07:07,423 [INFO] Lectura datos climáticos NASA
2025-05-22 18:07:07,427 [INFO] Datos JSON preparados para envío
2025-05-22 18:07:08,484 [INFO] Lectura BMP390
2025-05-22 18:07:08,672 [INFO] Lectura LTR390
2025-05-22 18:07:08,678 [INFO] Lectura desde ESP32-S3 por serial
2025-05-22 18:07:09,547 [INFO] Movimiento hacia atrás
2025-05-22 18:07:11,689 [INFO] Movimiento hacia atrás
2025-05-22 18:07:12,859 [INFO] Lectura datos climáticos NASA
2025-05-22 18:07:12,866 [INFO] Datos JSON preparados para envío
2025-05-22 18:07:13,834 [INFO] Movimiento hacia atrás
2025-05-22 18:07:13,920 [INFO] Lectura BMP390
2025-05-22 18:07:14,113 [INFO] Lectura LTR390
2025-05-22 18:07:14,118 [INFO] Lectura desde ESP32-S3 por serial
2025-05-22 18:07:16,008 [INFO] Movimiento hacia atrás
2025-05-22 18:07:18,140 [INFO] Movimiento hacia atrás
2025-05-22 18:07:18,387 [INFO] Lectura datos climáticos NASA
2025-05-22 18:07:18,393 [INFO] Datos JSON preparados para envío
2025-05-22 18:07:19,445 [INFO] Lectura BMP390
2025-05-22 18:07:19,633 [INFO] Lectura LTR390
2025-05-22 18:07:19,637 [INFO] Lectura desde ESP32-S3 por serial
2025-05-22 18:07:20,308 [INFO] Movimiento hacia atrás
2025-05-22 18:07:22,448 [INFO] Movimiento hacia atrás
2025-05-22 18:07:23,244 [INFO] Lectura datos climáticos NASA
2025-05-22 18:07:23,249 [INFO] Datos JSON preparados para envío
2025-05-22 18:07:24,307 [INFO] Lectura BMP390
2025-05-22 18:07:24,496 [INFO] Lectura LTR390
2025-05-22 18:07:24,502 [INFO] Lectura desde ESP32-S3 por serial
2025-05-22 18:07:24,609 [INFO] Movimiento hacia atrás
2025-05-22 18:07:26,750 [INFO] Movimiento hacia atrás
2025-05-22 18:07:27,898 [INFO] Lectura datos climáticos NASA
2025-05-22 18:07:27,902 [INFO] Datos JSON preparados para envío
2025-05-22 18:09:32,529 [INFO] Inicio del sistema
2025-05-22 18:09:33,593 [INFO] Movimiento detenido
2025-05-22 18:09:33,689 [INFO] Lectura BMP390
2025-05-22 18:09:33,703 [INFO] [31m[1mWARNING: This is a development server. Do not use it in a production deployment. Use a production WSGI server instead.[0m
 * Running on all addresses (0.0.0.0)
 * Running on http://127.0.0.1:5000
 * Running on http://192.168.95.239:5000
2025-05-22 18:09:33,703 [INFO] [33mPress CTRL+C to quit[0m
2025-05-22 18:09:33,794 [INFO] Movimiento detenido
2025-05-22 18:09:33,902 [INFO] Lectura LTR390
2025-05-22 18:09:33,906 [INFO] Movimiento detenido
2025-05-22 18:09:34,017 [INFO] Movimiento detenido
2025-05-22 18:09:34,057 [WARNING] Lectura serial fallida o formato incorrecto
2025-05-22 18:09:34,059 [WARNING] GPS sin señal
2025-05-22 18:09:34,065 [INFO] Datos JSON preparados para envío
2025-05-22 18:09:34,128 [INFO] Movimiento detenido
2025-05-22 18:09:34,239 [INFO] Movimiento detenido
2025-05-22 18:09:34,351 [INFO] Movimiento detenido
2025-05-22 18:09:34,463 [INFO] Movimiento detenido
2025-05-22 18:09:34,574 [INFO] Movimiento detenido
2025-05-22 18:09:34,686 [INFO] Movimiento detenido
2025-05-22 18:09:34,798 [INFO] Movimiento detenido
2025-05-22 18:09:34,911 [INFO] Movimiento detenido
2025-05-22 18:09:35,022 [INFO] Movimiento detenido
2025-05-22 18:09:35,116 [INFO] Lectura BMP390
2025-05-22 18:09:35,133 [INFO] Movimiento detenido
2025-05-22 18:09:35,244 [INFO] Movimiento detenido
2025-05-22 18:09:35,295 [INFO] Lectura LTR390
2025-05-22 18:09:35,356 [INFO] Movimiento detenido
2025-05-22 18:09:35,468 [INFO] Movimiento detenido
2025-05-22 18:09:35,580 [INFO] Movimiento detenido
2025-05-22 18:09:35,692 [INFO] Movimiento detenido
2025-05-22 18:09:35,805 [INFO] Movimiento detenido
2025-05-22 18:09:35,918 [INFO] Movimiento detenido
2025-05-22 18:09:36,030 [INFO] Movimiento detenido
2025-05-22 18:09:36,143 [INFO] Movimiento detenido
2025-05-22 18:09:36,243 [INFO] Lectura desde ESP32-S3 por serial
2025-05-22 18:09:36,263 [INFO] Movimiento detenido
2025-05-22 18:09:36,384 [INFO] Movimiento detenido
2025-05-22 18:09:36,496 [INFO] Movimiento detenido
2025-05-22 18:09:36,608 [INFO] Movimiento detenido
2025-05-22 18:09:36,721 [INFO] Movimiento detenido
2025-05-22 18:09:36,833 [INFO] Movimiento detenido
2025-05-22 18:09:36,945 [INFO] Movimiento detenido
2025-05-22 18:09:37,057 [INFO] Movimiento detenido
2025-05-22 18:09:37,170 [INFO] Movimiento detenido
2025-05-22 18:09:37,282 [INFO] Movimiento detenido
2025-05-22 18:09:37,395 [INFO] Movimiento detenido
2025-05-22 18:09:37,508 [INFO] Movimiento detenido
2025-05-22 18:09:37,620 [INFO] Movimiento detenido
2025-05-22 18:09:37,732 [INFO] Movimiento detenido
2025-05-22 18:09:37,844 [INFO] Movimiento detenido
2025-05-22 18:09:37,956 [INFO] Movimiento detenido
2025-05-22 18:09:38,068 [INFO] Movimiento detenido
2025-05-22 18:09:38,181 [INFO] Movimiento detenido
2025-05-22 18:09:38,293 [INFO] Movimiento detenido
2025-05-22 18:09:38,405 [INFO] Movimiento detenido
2025-05-22 18:09:38,517 [INFO] Movimiento detenido
2025-05-22 18:09:38,629 [INFO] Movimiento detenido
2025-05-22 18:09:38,741 [INFO] Movimiento detenido
2025-05-22 18:09:38,853 [INFO] Movimiento detenido
2025-05-22 18:09:38,965 [INFO] Movimiento detenido
2025-05-22 18:09:39,078 [INFO] Movimiento detenido
2025-05-22 18:09:39,190 [INFO] Movimiento detenido
2025-05-22 18:09:39,302 [INFO] Movimiento detenido
2025-05-22 18:09:39,414 [INFO] Movimiento detenido
2025-05-22 18:09:39,526 [INFO] Movimiento detenido
2025-05-22 18:09:39,638 [INFO] Movimiento detenido
2025-05-22 18:09:39,750 [INFO] Movimiento detenido
2025-05-22 18:09:39,865 [INFO] Movimiento detenido
2025-05-22 18:09:39,947 [INFO] Lectura datos climáticos NASA
2025-05-22 18:09:39,952 [INFO] Datos JSON preparados para envío
2025-05-22 18:09:39,980 [INFO] Movimiento detenido
2025-05-22 18:09:40,093 [INFO] Movimiento detenido
2025-05-22 18:09:40,204 [INFO] Movimiento detenido
2025-05-22 18:09:40,315 [INFO] Movimiento detenido
2025-05-22 18:09:40,426 [INFO] Movimiento detenido
2025-05-22 18:09:40,537 [INFO] Movimiento detenido
2025-05-22 18:09:40,648 [INFO] Movimiento detenido
2025-05-22 18:09:40,759 [INFO] Movimiento detenido
2025-05-22 18:09:40,871 [INFO] Movimiento detenido
2025-05-22 18:09:40,985 [INFO] Movimiento detenido
2025-05-22 18:09:41,003 [INFO] Lectura BMP390
2025-05-22 18:09:41,100 [INFO] Movimiento detenido
2025-05-22 18:09:41,184 [INFO] Lectura LTR390
2025-05-22 18:09:41,191 [INFO] Lectura desde ESP32-S3 por serial
2025-05-22 18:09:41,213 [INFO] Movimiento detenido
2025-05-22 18:09:41,325 [INFO] Movimiento detenido
2025-05-22 18:09:41,436 [INFO] Movimiento detenido
2025-05-22 18:09:41,549 [INFO] Movimiento detenido
2025-05-22 18:09:41,662 [INFO] Movimiento detenido
2025-05-22 18:09:41,773 [INFO] Movimiento detenido
2025-05-22 18:09:41,884 [INFO] Movimiento detenido
2025-05-22 18:09:41,995 [INFO] Movimiento detenido
2025-05-22 18:09:42,106 [INFO] Movimiento detenido
2025-05-22 18:09:42,217 [INFO] Movimiento detenido
2025-05-22 18:09:42,329 [INFO] Movimiento detenido
2025-05-22 18:09:42,441 [INFO] Movimiento detenido
2025-05-22 18:09:42,553 [INFO] Movimiento detenido
2025-05-22 18:09:42,665 [INFO] Movimiento detenido
2025-05-22 18:09:42,779 [INFO] Movimiento detenido
2025-05-22 18:09:42,892 [INFO] Movimiento detenido
2025-05-22 18:09:43,004 [INFO] Movimiento detenido
2025-05-22 18:09:43,117 [INFO] Movimiento detenido
2025-05-22 18:09:43,230 [INFO] Movimiento detenido
2025-05-22 18:09:43,343 [INFO] Movimiento detenido
2025-05-22 18:09:43,455 [INFO] Movimiento detenido
2025-05-22 18:09:43,566 [INFO] Movimiento detenido
2025-05-22 18:09:43,678 [INFO] Movimiento detenido
2025-05-22 18:09:43,791 [INFO] Movimiento detenido
2025-05-22 18:09:43,903 [INFO] Movimiento detenido
2025-05-22 18:09:44,016 [INFO] Movimiento detenido
2025-05-22 18:09:44,128 [INFO] Movimiento detenido
2025-05-22 18:09:44,241 [INFO] Movimiento detenido
2025-05-22 18:09:44,353 [INFO] Movimiento detenido
2025-05-22 18:09:44,465 [INFO] Movimiento detenido
2025-05-22 18:09:44,509 [INFO] Lectura datos climáticos NASA
2025-05-22 18:09:44,512 [INFO] Datos JSON preparados para envío
2025-05-22 18:09:44,578 [INFO] Movimiento detenido
2025-05-22 18:09:44,690 [INFO] Movimiento detenido
2025-05-22 18:09:44,803 [INFO] Movimiento detenido
2025-05-22 18:09:44,915 [INFO] Movimiento detenido
2025-05-22 18:09:45,027 [INFO] Movimiento detenido
2025-05-22 18:09:45,139 [INFO] Movimiento detenido
2025-05-22 18:09:45,251 [INFO] Movimiento detenido
2025-05-22 18:09:45,363 [INFO] Movimiento detenido
2025-05-22 18:09:45,474 [INFO] Movimiento detenido
2025-05-22 18:09:45,563 [INFO] Lectura BMP390
2025-05-22 18:09:45,585 [INFO] Movimiento detenido
2025-05-22 18:09:45,697 [INFO] Movimiento detenido
2025-05-22 18:09:45,744 [INFO] Lectura LTR390
2025-05-22 18:09:45,747 [INFO] Lectura desde ESP32-S3 por serial
2025-05-22 18:09:45,811 [INFO] Movimiento detenido
2025-05-22 18:09:45,931 [INFO] Movimiento detenido
2025-05-22 18:09:46,042 [INFO] Movimiento detenido
2025-05-22 18:09:46,154 [INFO] Movimiento detenido
2025-05-22 18:09:46,266 [INFO] Movimiento detenido
2025-05-22 18:09:46,379 [INFO] Movimiento detenido
2025-05-22 18:09:46,491 [INFO] Movimiento detenido
2025-05-22 18:09:46,607 [INFO] Movimiento detenido
2025-05-22 18:09:46,722 [INFO] Movimiento detenido
2025-05-22 18:09:46,834 [INFO] Movimiento detenido
2025-05-22 18:09:46,946 [INFO] Movimiento detenido
2025-05-22 18:09:47,058 [INFO] Movimiento detenido
2025-05-22 18:09:47,170 [INFO] Movimiento detenido
2025-05-22 18:09:47,287 [INFO] Movimiento detenido
2025-05-22 18:09:47,399 [INFO] Movimiento detenido
2025-05-22 18:09:47,511 [INFO] Movimiento detenido
2025-05-22 18:09:47,623 [INFO] Movimiento detenido
2025-05-22 18:09:47,735 [INFO] Movimiento detenido
2025-05-22 18:09:47,846 [INFO] Movimiento detenido
2025-05-22 18:09:47,958 [INFO] Movimiento detenido
2025-05-22 18:09:48,069 [INFO] Movimiento detenido
2025-05-22 18:09:48,183 [INFO] Movimiento detenido
2025-05-22 18:09:48,297 [INFO] Movimiento detenido
2025-05-22 18:09:48,409 [INFO] Movimiento detenido
2025-05-22 18:09:48,521 [INFO] Movimiento detenido
2025-05-22 18:09:48,633 [INFO] Movimiento detenido
2025-05-22 18:09:48,745 [INFO] Movimiento detenido
2025-05-22 18:09:48,857 [INFO] Movimiento detenido
2025-05-22 18:09:48,969 [INFO] Movimiento detenido
2025-05-22 18:09:49,081 [INFO] Movimiento detenido
2025-05-22 18:09:49,193 [INFO] Movimiento detenido
2025-05-22 18:09:49,305 [INFO] Movimiento detenido
2025-05-22 18:09:49,393 [INFO] Lectura datos climáticos NASA
2025-05-22 18:09:49,397 [INFO] Datos JSON preparados para envío
2025-05-22 18:09:49,417 [INFO] Movimiento detenido
2025-05-22 18:09:49,529 [INFO] Movimiento detenido
2025-05-22 18:09:49,640 [INFO] Movimiento detenido
2025-05-22 18:09:49,753 [INFO] Movimiento detenido
2025-05-22 18:09:49,867 [INFO] Movimiento detenido
2025-05-22 18:09:49,980 [INFO] Movimiento detenido
2025-05-22 18:09:50,093 [INFO] Movimiento detenido
2025-05-22 18:09:50,205 [INFO] Movimiento detenido
2025-05-22 18:09:50,318 [INFO] Movimiento detenido
2025-05-22 18:09:50,430 [INFO] Movimiento detenido
2025-05-22 18:09:50,451 [INFO] Lectura BMP390
2025-05-22 18:09:50,545 [INFO] Movimiento detenido
2025-05-22 18:09:50,632 [INFO] Lectura LTR390
2025-05-22 18:09:50,638 [INFO] Lectura desde ESP32-S3 por serial
2025-05-22 18:09:50,658 [INFO] Movimiento detenido
2025-05-22 18:09:50,771 [INFO] Movimiento detenido
2025-05-22 18:09:50,884 [INFO] Movimiento detenido
2025-05-22 18:09:50,996 [INFO] Movimiento detenido
2025-05-22 18:09:51,108 [INFO] Movimiento detenido
2025-05-22 18:09:51,220 [INFO] Movimiento detenido
2025-05-22 18:09:51,334 [INFO] Movimiento detenido
2025-05-22 18:09:51,446 [INFO] Movimiento detenido
2025-05-22 18:09:51,558 [INFO] Movimiento detenido
2025-05-22 18:09:51,670 [INFO] Movimiento detenido
2025-05-22 18:09:51,782 [INFO] Movimiento detenido
2025-05-22 18:09:51,894 [INFO] Movimiento detenido
2025-05-22 18:09:52,007 [INFO] Movimiento detenido
2025-05-22 18:09:52,119 [INFO] Movimiento detenido
2025-05-22 18:09:52,231 [INFO] Movimiento detenido
2025-05-22 18:09:52,344 [INFO] Movimiento detenido
2025-05-22 18:09:52,455 [INFO] Movimiento detenido
2025-05-22 18:09:52,567 [INFO] Movimiento detenido
2025-05-22 18:09:52,679 [INFO] Movimiento detenido
2025-05-22 18:09:52,794 [INFO] Movimiento detenido
2025-05-22 18:09:52,906 [INFO] Movimiento detenido
2025-05-22 18:09:53,018 [INFO] Movimiento detenido
2025-05-22 18:09:53,131 [INFO] Movimiento detenido
2025-05-22 18:09:53,244 [INFO] Movimiento detenido
2025-05-22 18:09:53,356 [INFO] Movimiento detenido
2025-05-22 18:09:53,469 [INFO] Movimiento detenido
2025-05-22 18:09:53,581 [INFO] Movimiento detenido
2025-05-22 18:09:53,693 [INFO] Movimiento detenido
2025-05-22 18:09:53,805 [INFO] Movimiento detenido
2025-05-22 18:09:53,918 [INFO] Movimiento detenido
2025-05-22 18:09:54,029 [INFO] Movimiento detenido
2025-05-22 18:09:54,142 [INFO] Movimiento detenido
2025-05-22 18:09:54,254 [INFO] Movimiento detenido
2025-05-22 18:09:54,366 [INFO] Movimiento detenido
2025-05-22 18:09:54,411 [INFO] Lectura datos climáticos NASA
2025-05-22 18:09:54,415 [INFO] Datos JSON preparados para envío
2025-05-22 18:09:54,478 [INFO] Movimiento detenido
2025-05-22 18:09:54,590 [INFO] Movimiento detenido
2025-05-22 18:09:54,702 [INFO] Movimiento detenido
2025-05-22 18:09:54,814 [INFO] Movimiento detenido
2025-05-22 18:09:54,926 [INFO] Movimiento detenido
2025-05-22 18:09:55,038 [INFO] Movimiento detenido
2025-05-22 18:09:55,150 [INFO] Movimiento detenido
2025-05-22 18:09:55,261 [INFO] Movimiento detenido
2025-05-22 18:09:55,373 [INFO] Movimiento detenido
2025-05-22 18:09:55,467 [INFO] Lectura BMP390
2025-05-22 18:09:55,485 [INFO] Movimiento detenido
2025-05-22 18:09:55,597 [INFO] Movimiento detenido
2025-05-22 18:09:55,649 [INFO] Lectura LTR390
2025-05-22 18:09:55,656 [INFO] Lectura desde ESP32-S3 por serial
2025-05-22 18:09:55,709 [INFO] Movimiento detenido
2025-05-22 18:09:55,822 [INFO] Movimiento detenido
2025-05-22 18:09:55,936 [INFO] Movimiento detenido
2025-05-22 18:09:56,049 [INFO] Movimiento detenido
2025-05-22 18:09:56,162 [INFO] Movimiento detenido
2025-05-22 18:09:56,274 [INFO] Movimiento detenido
2025-05-22 18:09:56,387 [INFO] Movimiento detenido
2025-05-22 18:09:56,500 [INFO] Movimiento detenido
2025-05-22 18:09:56,617 [INFO] Movimiento detenido
2025-05-22 18:09:56,731 [INFO] Movimiento detenido
2025-05-22 18:09:56,842 [INFO] Movimiento detenido
2025-05-22 18:09:56,953 [INFO] Movimiento detenido
2025-05-22 18:09:57,064 [INFO] Movimiento detenido
2025-05-22 18:09:57,175 [INFO] Movimiento detenido
2025-05-22 18:09:57,286 [INFO] Movimiento detenido
2025-05-22 18:09:57,397 [INFO] Movimiento detenido
2025-05-22 18:09:57,510 [INFO] Movimiento detenido
2025-05-22 18:09:57,622 [INFO] Movimiento detenido
2025-05-22 18:09:57,734 [INFO] Movimiento detenido
2025-05-22 18:09:57,846 [INFO] Movimiento detenido
2025-05-22 18:09:57,958 [INFO] Movimiento detenido
2025-05-22 18:09:58,071 [INFO] Movimiento detenido
2025-05-22 18:09:58,183 [INFO] Movimiento detenido
2025-05-22 18:09:58,295 [INFO] Movimiento detenido
2025-05-22 18:09:58,407 [INFO] Movimiento detenido
2025-05-22 18:09:58,519 [INFO] Movimiento detenido
2025-05-22 18:09:58,632 [INFO] Movimiento detenido
2025-05-22 18:09:58,743 [INFO] Movimiento detenido
2025-05-22 18:09:58,856 [INFO] Movimiento detenido
2025-05-22 18:09:58,968 [INFO] Movimiento detenido
2025-05-22 18:09:59,080 [INFO] Movimiento detenido
2025-05-22 18:09:59,192 [INFO] Movimiento detenido
2025-05-22 18:09:59,305 [INFO] Movimiento detenido
2025-05-22 18:09:59,419 [INFO] Movimiento detenido
2025-05-22 18:09:59,531 [INFO] Movimiento detenido
2025-05-22 18:09:59,643 [INFO] Movimiento detenido
2025-05-22 18:09:59,755 [INFO] Movimiento detenido
2025-05-22 18:09:59,867 [INFO] Movimiento detenido
2025-05-22 18:09:59,980 [INFO] Movimiento detenido
2025-05-22 18:10:00,037 [INFO] Lectura datos climáticos NASA
2025-05-22 18:10:00,041 [INFO] Datos JSON preparados para envío
2025-05-22 18:10:00,093 [INFO] Movimiento detenido
2025-05-22 18:10:00,205 [INFO] Movimiento detenido
2025-05-22 18:10:00,318 [INFO] Movimiento detenido
2025-05-22 18:10:00,431 [INFO] Movimiento detenido
2025-05-22 18:10:00,542 [INFO] Movimiento detenido
2025-05-22 18:10:00,654 [INFO] Movimiento detenido
2025-05-22 18:10:00,766 [INFO] Movimiento detenido
2025-05-22 18:10:00,878 [INFO] Movimiento detenido
2025-05-22 18:10:00,990 [INFO] Movimiento detenido
2025-05-22 18:10:01,095 [INFO] Lectura BMP390
2025-05-22 18:10:01,103 [INFO] Movimiento detenido
2025-05-22 18:10:01,215 [INFO] Movimiento detenido
2025-05-22 18:10:01,277 [INFO] Lectura LTR390
2025-05-22 18:10:01,283 [INFO] Lectura desde ESP32-S3 por serial
2025-05-22 18:10:01,327 [INFO] Movimiento detenido
2025-05-22 18:10:01,439 [INFO] Movimiento detenido
2025-05-22 18:10:01,561 [INFO] Movimiento detenido
2025-05-22 18:10:01,673 [INFO] Movimiento detenido
2025-05-22 18:10:01,785 [INFO] Movimiento detenido
2025-05-22 18:10:01,897 [INFO] Movimiento detenido
2025-05-22 18:10:02,010 [INFO] Movimiento detenido
2025-05-22 18:10:02,122 [INFO] Movimiento detenido
2025-05-22 18:10:02,235 [INFO] Movimiento detenido
2025-05-22 18:10:02,347 [INFO] Movimiento detenido
2025-05-22 18:10:02,459 [INFO] Movimiento detenido
2025-05-22 18:10:02,571 [INFO] Movimiento detenido
2025-05-22 18:10:02,684 [INFO] Movimiento detenido
2025-05-22 18:10:02,796 [INFO] Movimiento detenido
2025-05-22 18:10:02,908 [INFO] Movimiento detenido
2025-05-22 18:10:03,021 [INFO] Movimiento detenido
2025-05-22 18:10:03,134 [INFO] Movimiento detenido
2025-05-22 18:10:03,246 [INFO] Movimiento detenido
2025-05-22 18:10:03,358 [INFO] Movimiento detenido
2025-05-22 18:10:03,470 [INFO] Movimiento detenido
2025-05-22 18:10:03,583 [INFO] Movimiento detenido
2025-05-22 18:10:03,696 [INFO] Movimiento detenido
2025-05-22 18:10:03,808 [INFO] Movimiento detenido
2025-05-22 18:10:03,920 [INFO] Movimiento detenido
2025-05-22 18:10:04,032 [INFO] Movimiento detenido
2025-05-22 18:10:04,145 [INFO] Movimiento detenido
2025-05-22 18:10:04,258 [INFO] Movimiento detenido
2025-05-22 18:10:04,371 [INFO] Movimiento detenido
2025-05-22 18:10:04,488 [INFO] Movimiento detenido
2025-05-22 18:10:04,600 [INFO] Movimiento detenido
2025-05-22 18:10:04,713 [INFO] Movimiento detenido
2025-05-22 18:10:04,825 [INFO] Movimiento detenido
2025-05-22 18:10:04,895 [INFO] Lectura datos climáticos NASA
2025-05-22 18:10:04,900 [INFO] Datos JSON preparados para envío
2025-05-22 18:10:04,938 [INFO] Movimiento detenido
2025-05-22 18:10:05,050 [INFO] Movimiento detenido
2025-05-22 18:10:05,163 [INFO] Movimiento detenido
2025-05-22 18:10:05,275 [INFO] Movimiento detenido
2025-05-22 18:10:05,388 [INFO] Movimiento detenido
2025-05-22 18:10:05,500 [INFO] Movimiento detenido
2025-05-22 18:10:05,612 [INFO] Movimiento detenido
2025-05-22 18:10:05,724 [INFO] Movimiento detenido
2025-05-22 18:10:05,836 [INFO] Movimiento detenido
2025-05-22 18:10:05,949 [INFO] Movimiento detenido
2025-05-22 18:10:05,954 [INFO] Lectura BMP390
2025-05-22 18:10:06,067 [INFO] Movimiento detenido
2025-05-22 18:10:06,140 [INFO] Lectura LTR390
2025-05-22 18:10:06,145 [INFO] Lectura desde ESP32-S3 por serial
2025-05-22 18:10:06,180 [INFO] Movimiento detenido
2025-05-22 18:10:06,292 [INFO] Movimiento detenido
2025-05-22 18:10:06,405 [INFO] Movimiento detenido
2025-05-22 18:10:06,517 [INFO] Movimiento detenido
2025-05-22 18:11:25,145 [INFO] Inicio del sistema
2025-05-22 18:11:26,210 [INFO] Movimiento detenido
2025-05-22 18:11:26,287 [INFO] Lectura BMP390
2025-05-22 18:11:26,301 [INFO] [31m[1mWARNING: This is a development server. Do not use it in a production deployment. Use a production WSGI server instead.[0m
 * Running on all addresses (0.0.0.0)
 * Running on http://127.0.0.1:5000
 * Running on http://192.168.95.239:5000
2025-05-22 18:11:26,302 [INFO] [33mPress CTRL+C to quit[0m
2025-05-22 18:11:26,401 [INFO] Movimiento detenido
2025-05-22 18:11:26,502 [INFO] Lectura LTR390
2025-05-22 18:11:26,507 [WARNING] Lectura serial fallida o formato incorrecto
2025-05-22 18:11:26,524 [INFO] Movimiento detenido
2025-05-22 18:11:26,637 [INFO] Movimiento detenido
2025-05-22 18:11:26,749 [INFO] Movimiento detenido
2025-05-22 18:11:26,875 [INFO] Movimiento detenido
2025-05-22 18:11:26,992 [INFO] Movimiento detenido
2025-05-22 18:11:27,110 [INFO] Movimiento detenido
2025-05-22 18:11:27,225 [INFO] Movimiento detenido
2025-05-22 18:11:27,353 [INFO] Movimiento detenido
2025-05-22 18:11:27,468 [INFO] Movimiento detenido
2025-05-22 18:11:27,583 [INFO] Movimiento detenido
2025-05-22 18:11:27,697 [INFO] Movimiento detenido
2025-05-22 18:11:27,831 [INFO] Movimiento detenido
2025-05-22 18:11:27,952 [INFO] Movimiento detenido
2025-05-22 18:11:28,066 [INFO] Movimiento detenido
2025-05-22 18:11:28,183 [INFO] Movimiento detenido
2025-05-22 18:11:28,300 [INFO] Movimiento detenido
2025-05-22 18:11:28,424 [INFO] Movimiento detenido
2025-05-22 18:11:28,540 [INFO] Movimiento detenido
2025-05-22 18:11:28,654 [INFO] Movimiento detenido
2025-05-22 18:11:28,769 [INFO] Movimiento detenido
2025-05-22 18:11:28,884 [INFO] Movimiento detenido
2025-05-22 18:11:29,002 [INFO] Movimiento detenido
2025-05-22 18:11:29,117 [INFO] Movimiento detenido
2025-05-22 18:11:29,231 [INFO] Movimiento detenido
2025-05-22 18:11:29,347 [INFO] Movimiento detenido
2025-05-22 18:11:30,337 [INFO] Lectura datos climáticos NASA
2025-05-22 18:11:30,346 [INFO] Datos JSON preparados para envío
2025-05-22 18:11:31,405 [INFO] Lectura BMP390
2025-05-22 18:11:31,593 [INFO] Lectura LTR390
2025-05-22 18:11:31,605 [INFO] Lectura desde ESP32-S3 por serial
2025-05-22 18:11:31,662 [INFO] 192.168.95.177 - - [22/May/2025 18:11:31] "POST /mover HTTP/1.1" 200 -
2025-05-22 18:11:31,666 [INFO] Movimiento hacia adelante
2025-05-22 18:11:33,970 [INFO] Movimiento hacia adelante
2025-05-22 18:11:36,081 [INFO] Lectura datos climáticos NASA
2025-05-22 18:11:36,087 [INFO] Datos JSON preparados para envío
2025-05-22 18:11:36,201 [INFO] Movimiento hacia adelante
2025-05-22 18:11:37,145 [INFO] Lectura BMP390
2025-05-22 18:11:37,358 [INFO] Lectura LTR390
2025-05-22 18:11:37,361 [INFO] Lectura desde ESP32-S3 por serial
2025-05-22 18:11:38,594 [INFO] Movimiento hacia adelante
2025-05-22 18:11:40,827 [INFO] Lectura datos climáticos NASA
2025-05-22 18:11:40,830 [INFO] Datos JSON preparados para envío
2025-05-22 18:11:40,890 [INFO] Movimiento hacia adelante
2025-05-22 18:11:41,887 [INFO] Lectura BMP390
2025-05-22 18:11:42,080 [INFO] Lectura LTR390
2025-05-22 18:11:42,085 [INFO] Lectura desde ESP32-S3 por serial
2025-05-22 18:11:43,083 [INFO] Movimiento hacia adelante
2025-05-22 18:11:45,193 [INFO] Movimiento hacia adelante
2025-05-22 18:11:45,473 [INFO] Lectura datos climáticos NASA
2025-05-22 18:11:45,477 [INFO] Datos JSON preparados para envío
2025-05-22 18:11:46,538 [INFO] Lectura BMP390
2025-05-22 18:11:46,726 [INFO] Lectura LTR390
2025-05-22 18:11:46,730 [INFO] Lectura desde ESP32-S3 por serial
2025-05-22 18:11:47,381 [INFO] Movimiento hacia adelante
2025-05-22 18:11:49,760 [INFO] Movimiento hacia adelante
2025-05-22 18:11:50,475 [INFO] Lectura datos climáticos NASA
2025-05-22 18:11:50,481 [INFO] Datos JSON preparados para envío
2025-05-22 18:11:51,535 [INFO] Lectura BMP390
2025-05-22 18:11:51,731 [INFO] Lectura LTR390
2025-05-22 18:11:51,741 [INFO] Lectura desde ESP32-S3 por serial
2025-05-22 18:11:52,196 [INFO] Movimiento hacia adelante
2025-05-22 18:11:54,338 [INFO] Movimiento hacia adelante
2025-05-22 18:11:56,014 [INFO] Lectura datos climáticos NASA
2025-05-22 18:11:56,018 [INFO] Datos JSON preparados para envío
2025-05-22 18:11:56,478 [INFO] Movimiento hacia adelante
2025-05-22 18:11:57,078 [INFO] Lectura BMP390
2025-05-22 18:11:57,270 [INFO] Lectura LTR390
2025-05-22 18:11:57,273 [INFO] Lectura desde ESP32-S3 por serial
2025-05-22 18:11:59,493 [INFO] 192.168.95.177 - - [22/May/2025 18:11:59] "POST /mover HTTP/1.1" 200 -
2025-05-22 18:11:59,495 [INFO] Movimiento hacia atrás
2025-05-22 18:12:00,723 [INFO] Lectura datos climáticos NASA
2025-05-22 18:12:00,727 [INFO] Datos JSON preparados para envío
2025-05-22 18:12:01,638 [INFO] Movimiento hacia atrás
2025-05-22 18:12:01,785 [INFO] Lectura BMP390
2025-05-22 18:12:01,972 [INFO] Lectura LTR390
2025-05-22 18:12:01,979 [INFO] Lectura desde ESP32-S3 por serial
2025-05-22 18:12:03,815 [INFO] Movimiento hacia atrás
2025-05-22 18:12:05,740 [INFO] Lectura datos climáticos NASA
2025-05-22 18:12:05,745 [INFO] Datos JSON preparados para envío
2025-05-22 18:12:05,957 [INFO] Movimiento hacia atrás
2025-05-22 18:12:06,799 [INFO] Lectura BMP390
2025-05-22 18:12:06,989 [INFO] Lectura LTR390
2025-05-22 18:12:06,995 [INFO] Lectura desde ESP32-S3 por serial
2025-05-22 18:12:08,132 [INFO] Movimiento hacia atrás
2025-05-22 18:12:10,362 [INFO] Movimiento hacia atrás
2025-05-22 18:12:10,700 [INFO] Lectura datos climáticos NASA
2025-05-22 18:12:10,703 [INFO] Datos JSON preparados para envío
2025-05-22 18:12:11,759 [INFO] Lectura BMP390
2025-05-22 18:12:11,949 [INFO] Lectura LTR390
2025-05-22 18:12:11,958 [INFO] Lectura desde ESP32-S3 por serial
2025-05-22 18:12:12,651 [INFO] Movimiento hacia atrás
2025-05-22 18:12:15,083 [INFO] Movimiento hacia atrás
2025-05-22 18:12:15,561 [INFO] Lectura datos climáticos NASA
2025-05-22 18:12:15,568 [INFO] Datos JSON preparados para envío
2025-05-22 18:12:16,627 [INFO] Lectura BMP390
2025-05-22 18:12:16,815 [INFO] Lectura LTR390
2025-05-22 18:12:16,819 [INFO] Lectura desde ESP32-S3 por serial
2025-05-22 18:12:17,294 [INFO] Movimiento hacia atrás
2025-05-22 18:12:19,487 [INFO] Movimiento hacia atrás
2025-05-22 18:12:20,872 [INFO] Lectura datos climáticos NASA
2025-05-22 18:12:20,876 [INFO] Datos JSON preparados para envío
2025-05-22 18:12:21,702 [INFO] Movimiento hacia atrás
2025-05-22 18:12:21,933 [INFO] Lectura BMP390
2025-05-22 18:12:22,117 [INFO] Lectura LTR390
2025-05-22 18:12:22,121 [INFO] Lectura desde ESP32-S3 por serial
2025-05-22 18:12:24,928 [INFO] 192.168.95.177 - - [22/May/2025 18:12:24] "POST /mover HTTP/1.1" 200 -
2025-05-22 18:12:24,928 [INFO] Movimiento a la derecha
2025-05-22 18:12:25,528 [INFO] Lectura datos climáticos NASA
2025-05-22 18:12:25,533 [INFO] Datos JSON preparados para envío
2025-05-22 18:12:26,585 [INFO] Lectura BMP390
2025-05-22 18:12:26,777 [INFO] Lectura LTR390
2025-05-22 18:12:26,781 [INFO] Lectura desde ESP32-S3 por serial
2025-05-22 18:12:27,380 [INFO] Movimiento a la derecha
2025-05-22 18:12:29,775 [INFO] Movimiento a la derecha
2025-05-22 18:12:30,187 [INFO] Lectura datos climáticos NASA
2025-05-22 18:12:30,193 [INFO] Datos JSON preparados para envío
2025-05-22 18:12:31,248 [INFO] Lectura BMP390
2025-05-22 18:12:31,439 [INFO] Lectura LTR390
2025-05-22 18:12:31,443 [INFO] Lectura desde ESP32-S3 por serial
2025-05-22 18:12:32,057 [INFO] Movimiento a la derecha
2025-05-22 18:12:34,264 [INFO] Movimiento a la derecha
2025-05-22 18:12:35,551 [INFO] Lectura datos climáticos NASA
2025-05-22 18:12:35,559 [INFO] Datos JSON preparados para envío
2025-05-22 18:12:36,618 [INFO] Lectura BMP390
2025-05-22 18:12:36,715 [INFO] Movimiento a la derecha
2025-05-22 18:12:36,814 [INFO] Lectura LTR390
2025-05-22 18:12:36,819 [INFO] Lectura desde ESP32-S3 por serial
2025-05-22 18:12:39,007 [INFO] Movimiento a la derecha
2025-05-22 18:12:40,557 [INFO] Lectura datos climáticos NASA
2025-05-22 18:12:40,563 [INFO] Datos JSON preparados para envío
2025-05-22 18:12:41,135 [INFO] Movimiento a la derecha
2025-05-22 18:12:41,619 [INFO] Lectura BMP390
2025-05-22 18:12:41,806 [INFO] Lectura LTR390
2025-05-22 18:12:41,812 [INFO] Lectura desde ESP32-S3 por serial
2025-05-22 18:12:43,291 [INFO] Movimiento a la derecha
2025-05-22 18:12:50,338 [INFO] Inicio del sistema
2025-05-22 18:12:51,402 [INFO] Movimiento detenido
2025-05-22 18:12:51,480 [INFO] Lectura BMP390
2025-05-22 18:12:51,494 [INFO] [31m[1mWARNING: This is a development server. Do not use it in a production deployment. Use a production WSGI server instead.[0m
 * Running on all addresses (0.0.0.0)
 * Running on http://127.0.0.1:5000
 * Running on http://192.168.95.239:5000
2025-05-22 18:12:51,495 [INFO] [33mPress CTRL+C to quit[0m
2025-05-22 18:12:51,584 [INFO] Movimiento detenido
2025-05-22 18:12:51,697 [INFO] Movimiento detenido
2025-05-22 18:12:51,698 [INFO] Lectura LTR390
2025-05-22 18:12:51,811 [INFO] Movimiento detenido
2025-05-22 18:12:51,924 [INFO] Movimiento detenido
2025-05-22 18:12:52,038 [INFO] Movimiento detenido
2025-05-22 18:12:52,150 [INFO] Movimiento detenido
2025-05-22 18:12:52,263 [INFO] Movimiento detenido
2025-05-22 18:12:52,369 [WARNING] Lectura serial fallida o formato incorrecto
2025-05-22 18:12:52,373 [WARNING] GPS sin señal
2025-05-22 18:12:52,377 [INFO] Datos JSON preparados para envío
2025-05-22 18:12:52,378 [INFO] Movimiento detenido
2025-05-22 18:12:52,493 [INFO] Movimiento detenido
2025-05-22 18:12:52,606 [INFO] Movimiento detenido
2025-05-22 18:12:52,720 [INFO] Movimiento detenido
2025-05-22 18:12:52,833 [INFO] Movimiento detenido
2025-05-22 18:12:52,950 [INFO] Movimiento detenido
2025-05-22 18:12:53,066 [INFO] Movimiento detenido
2025-05-22 18:12:53,179 [INFO] Movimiento detenido
2025-05-22 18:12:53,292 [INFO] Movimiento detenido
2025-05-22 18:12:53,405 [INFO] Movimiento detenido
2025-05-22 18:12:53,430 [INFO] Lectura BMP390
2025-05-22 18:12:53,520 [INFO] Movimiento detenido
2025-05-22 18:12:53,612 [INFO] Lectura LTR390
2025-05-22 18:12:53,634 [INFO] Movimiento detenido
2025-05-22 18:12:53,747 [INFO] Movimiento detenido
2025-05-22 18:12:53,859 [INFO] Movimiento detenido
2025-05-22 18:12:53,972 [INFO] Movimiento detenido
2025-05-22 18:12:54,085 [INFO] Movimiento detenido
2025-05-22 18:12:54,199 [INFO] Movimiento detenido
2025-05-22 18:12:54,279 [INFO] 192.168.95.177 - - [22/May/2025 18:12:54] "GET / HTTP/1.1" 200 -
2025-05-22 18:12:54,311 [INFO] Movimiento detenido
2025-05-22 18:12:54,424 [INFO] Movimiento detenido
2025-05-22 18:12:54,537 [INFO] Movimiento detenido
2025-05-22 18:12:54,549 [INFO] Lectura desde ESP32-S3 por serial
2025-05-22 18:12:54,551 [WARNING] GPS sin señal
2025-05-22 18:12:54,562 [INFO] Datos JSON preparados para envío
2025-05-22 18:12:54,650 [INFO] Movimiento detenido
2025-05-22 18:12:54,762 [INFO] Movimiento detenido
2025-05-22 18:12:54,875 [INFO] Movimiento detenido
2025-05-22 18:12:54,986 [INFO] Movimiento detenido
2025-05-22 18:12:55,098 [INFO] Movimiento detenido
2025-05-22 18:12:55,211 [INFO] Movimiento detenido
2025-05-22 18:12:55,323 [INFO] Movimiento detenido
2025-05-22 18:12:55,437 [INFO] Movimiento detenido
2025-05-22 18:12:55,621 [INFO] Lectura BMP390
2025-05-22 18:12:55,813 [INFO] Lectura LTR390
2025-05-22 18:12:56,728 [INFO] Lectura desde ESP32-S3 por serial
2025-05-22 18:12:57,698 [INFO] 192.168.95.177 - - [22/May/2025 18:12:57] "POST /mover HTTP/1.1" 200 -
2025-05-22 18:12:57,707 [INFO] Movimiento hacia adelante
2025-05-22 18:12:59,910 [INFO] Movimiento hacia adelante
2025-05-22 18:13:00,320 [INFO] Lectura datos climáticos NASA
2025-05-22 18:13:00,326 [INFO] Datos JSON preparados para envío
2025-05-22 18:13:01,393 [INFO] Lectura BMP390
2025-05-22 18:13:01,593 [INFO] Lectura LTR390
2025-05-22 18:13:01,597 [INFO] Lectura desde ESP32-S3 por serial
2025-05-22 18:13:02,576 [INFO] 192.168.95.177 - - [22/May/2025 18:13:02] "POST /mover HTTP/1.1" 200 -
2025-05-22 18:13:02,577 [INFO] Movimiento hacia atrás
2025-05-22 18:13:04,791 [INFO] Movimiento hacia atrás
2025-05-22 18:13:05,364 [INFO] Lectura datos climáticos NASA
2025-05-22 18:13:05,366 [INFO] Datos JSON preparados para envío
2025-05-22 18:13:06,420 [INFO] Lectura BMP390
2025-05-22 18:13:06,619 [INFO] Lectura LTR390
2025-05-22 18:13:06,623 [INFO] Lectura desde ESP32-S3 por serial
2025-05-22 18:13:08,753 [INFO] 192.168.95.177 - - [22/May/2025 18:13:08] "POST /mover HTTP/1.1" 200 -
2025-05-22 18:13:08,753 [INFO] Movimiento a la derecha
2025-05-22 18:13:10,234 [INFO] Lectura datos climáticos NASA
2025-05-22 18:13:10,238 [INFO] Datos JSON preparados para envío
2025-05-22 18:13:11,054 [INFO] Movimiento a la derecha
2025-05-22 18:13:11,292 [INFO] Lectura BMP390
2025-05-22 18:13:11,483 [INFO] Lectura LTR390
2025-05-22 18:13:11,487 [INFO] Lectura desde ESP32-S3 por serial
2025-05-22 18:13:13,548 [INFO] Movimiento a la derecha
2025-05-22 18:13:15,519 [INFO] Lectura datos climáticos NASA
2025-05-22 18:13:15,523 [INFO] Datos JSON preparados para envío
2025-05-22 18:13:15,804 [INFO] Movimiento a la derecha
2025-05-22 18:13:16,578 [INFO] Lectura BMP390
2025-05-22 18:13:16,769 [INFO] Lectura LTR390
2025-05-22 18:13:16,773 [INFO] Lectura desde ESP32-S3 por serial
2025-05-22 18:13:18,015 [INFO] Movimiento a la derecha
2025-05-22 18:13:20,120 [INFO] Lectura datos climáticos NASA
2025-05-22 18:13:20,124 [INFO] Datos JSON preparados para envío
2025-05-22 18:13:20,491 [INFO] Movimiento a la derecha
2025-05-22 18:13:21,205 [INFO] Lectura BMP390
2025-05-22 18:13:21,393 [INFO] Lectura LTR390
2025-05-22 18:13:21,397 [INFO] Lectura desde ESP32-S3 por serial
2025-05-22 18:13:22,940 [INFO] Movimiento a la derecha
2025-05-22 18:13:25,107 [INFO] Movimiento a la derecha
2025-05-22 18:13:25,851 [INFO] Lectura datos climáticos NASA
2025-05-22 18:13:25,856 [INFO] Datos JSON preparados para envío
2025-05-22 18:13:26,908 [INFO] Lectura BMP390
2025-05-22 18:13:27,094 [INFO] Lectura LTR390
2025-05-22 18:13:27,099 [INFO] Lectura desde ESP32-S3 por serial
2025-05-22 18:13:27,276 [INFO] Movimiento a la derecha
2025-05-22 18:13:29,409 [INFO] Movimiento a la derecha
2025-05-22 18:13:30,947 [INFO] Lectura datos climáticos NASA
2025-05-22 18:13:30,952 [INFO] Datos JSON preparados para envío
2025-05-22 18:13:31,557 [INFO] Movimiento a la derecha
2025-05-22 18:13:32,012 [INFO] Lectura BMP390
2025-05-22 18:13:36,794 [INFO] Inicio del sistema
2025-05-22 18:13:37,858 [INFO] Movimiento detenido
2025-05-22 18:13:37,950 [INFO] Lectura BMP390
2025-05-22 18:13:37,972 [INFO] [31m[1mWARNING: This is a development server. Do not use it in a production deployment. Use a production WSGI server instead.[0m
 * Running on all addresses (0.0.0.0)
 * Running on http://127.0.0.1:5000
 * Running on http://192.168.95.239:5000
2025-05-22 18:13:37,973 [INFO] [33mPress CTRL+C to quit[0m
2025-05-22 18:13:38,062 [INFO] Movimiento detenido
2025-05-22 18:13:38,167 [INFO] Lectura LTR390
2025-05-22 18:13:38,173 [WARNING] Lectura serial fallida o formato incorrecto
2025-05-22 18:13:38,173 [INFO] Movimiento detenido
2025-05-22 18:13:38,176 [WARNING] GPS sin señal
2025-05-22 18:13:38,177 [INFO] Datos JSON preparados para envío
2025-05-22 18:13:38,287 [INFO] Movimiento detenido
2025-05-22 18:13:38,398 [INFO] Movimiento detenido
2025-05-22 18:13:38,510 [INFO] Movimiento detenido
2025-05-22 18:13:38,623 [INFO] Movimiento detenido
2025-05-22 18:13:38,735 [INFO] Movimiento detenido
2025-05-22 18:13:38,847 [INFO] Movimiento detenido
2025-05-22 18:13:38,960 [INFO] Movimiento detenido
2025-05-22 18:13:39,072 [INFO] Movimiento detenido
2025-05-22 18:13:39,184 [INFO] Movimiento detenido
2025-05-22 18:13:39,230 [INFO] Lectura BMP390
2025-05-22 18:13:39,298 [INFO] Movimiento detenido
2025-05-22 18:13:39,411 [INFO] Movimiento detenido
2025-05-22 18:13:39,412 [INFO] Lectura LTR390
2025-05-22 18:13:39,526 [INFO] Movimiento detenido
2025-05-22 18:13:39,639 [INFO] Movimiento detenido
2025-05-22 18:13:39,752 [INFO] Movimiento detenido
2025-05-22 18:13:39,866 [INFO] Movimiento detenido
2025-05-22 18:13:39,980 [INFO] Movimiento detenido
2025-05-22 18:13:40,093 [INFO] Movimiento detenido
2025-05-22 18:13:40,208 [INFO] Movimiento detenido
2025-05-22 18:13:40,282 [INFO] Lectura desde ESP32-S3 por serial
2025-05-22 18:13:40,321 [INFO] Movimiento detenido
2025-05-22 18:13:40,433 [INFO] Movimiento detenido
2025-05-22 18:13:40,549 [INFO] Movimiento detenido
2025-05-22 18:13:40,662 [INFO] Movimiento detenido
2025-05-22 18:13:40,773 [INFO] Movimiento detenido
2025-05-22 18:13:40,887 [INFO] Movimiento detenido
2025-05-22 18:13:40,999 [INFO] Movimiento detenido
2025-05-22 18:13:41,111 [INFO] Movimiento detenido
2025-05-22 18:13:41,224 [INFO] Movimiento detenido
2025-05-22 18:13:41,336 [INFO] Movimiento detenido
2025-05-22 18:13:41,447 [INFO] Movimiento detenido
2025-05-22 18:13:41,558 [INFO] Movimiento detenido
2025-05-22 18:13:41,670 [INFO] Movimiento detenido
2025-05-22 18:13:43,771 [INFO] 192.168.95.177 - - [22/May/2025 18:13:43] "POST /mover HTTP/1.1" 200 -
2025-05-22 18:13:43,771 [INFO] Movimiento hacia adelante
2025-05-22 18:13:44,303 [INFO] Lectura datos climáticos NASA
2025-05-22 18:13:44,313 [INFO] Datos JSON preparados para envío
2025-05-22 18:13:45,366 [INFO] Lectura BMP390
2025-05-22 18:13:45,552 [INFO] Lectura LTR390
2025-05-22 18:13:45,558 [INFO] Lectura desde ESP32-S3 por serial
2025-05-22 18:13:47,773 [INFO] 192.168.95.177 - - [22/May/2025 18:13:47] "POST /mover HTTP/1.1" 200 -
2025-05-22 18:13:47,774 [INFO] Movimiento hacia atrás
2025-05-22 18:13:49,507 [INFO] Lectura datos climáticos NASA
2025-05-22 18:13:49,512 [INFO] Datos JSON preparados para envío
2025-05-22 18:13:50,568 [INFO] Lectura BMP390
2025-05-22 18:13:50,754 [INFO] Lectura LTR390
2025-05-22 18:13:50,758 [INFO] Lectura desde ESP32-S3 por serial
2025-05-22 18:13:51,389 [INFO] 192.168.95.177 - - [22/May/2025 18:13:51] "POST /mover HTTP/1.1" 200 -
2025-05-22 18:13:51,391 [INFO] Movimiento a la derecha
2025-05-22 18:13:53,514 [INFO] Movimiento a la derecha
2025-05-22 18:13:54,253 [INFO] Lectura datos climáticos NASA
2025-05-22 18:13:54,259 [INFO] Datos JSON preparados para envío
2025-05-22 18:13:55,318 [INFO] Lectura BMP390
2025-05-22 18:13:55,509 [INFO] Lectura LTR390
2025-05-22 18:13:55,518 [INFO] Lectura desde ESP32-S3 por serial
2025-05-22 18:13:55,689 [INFO] 192.168.95.177 - - [22/May/2025 18:13:55] "POST /mover HTTP/1.1" 200 -
2025-05-22 18:13:55,738 [INFO] Movimiento a la izquierda
2025-05-22 18:13:57,883 [INFO] Movimiento a la izquierda
2025-05-22 18:13:59,096 [INFO] Lectura datos climáticos NASA
2025-05-22 18:13:59,102 [INFO] Datos JSON preparados para envío
2025-05-22 18:14:00,029 [INFO] Movimiento a la izquierda
2025-05-22 18:14:00,157 [INFO] Lectura BMP390
2025-05-22 18:14:00,342 [INFO] Lectura LTR390
2025-05-22 18:14:00,348 [INFO] Lectura desde ESP32-S3 por serial
2025-05-22 18:14:02,168 [INFO] Movimiento a la izquierda
2025-05-22 18:14:02,578 [INFO] 192.168.95.177 - - [22/May/2025 18:14:02] "POST /mover HTTP/1.1" 200 -
2025-05-22 18:14:04,275 [INFO] Lectura datos climáticos NASA
2025-05-22 18:14:04,278 [INFO] Datos JSON preparados para envío
2025-05-22 18:14:04,296 [INFO] Movimiento detenido
2025-05-22 18:14:04,409 [INFO] Movimiento detenido
2025-05-22 18:14:04,521 [INFO] Movimiento detenido
2025-05-22 18:14:04,633 [INFO] Movimiento detenido
2025-05-22 18:14:04,745 [INFO] Movimiento detenido
2025-05-22 18:14:04,857 [INFO] Movimiento detenido
2025-05-22 18:14:04,970 [INFO] Movimiento detenido
2025-05-22 18:14:05,082 [INFO] Movimiento detenido
2025-05-22 18:14:05,195 [INFO] Movimiento detenido
2025-05-22 18:14:05,307 [INFO] Movimiento detenido
2025-05-22 18:14:05,329 [INFO] Lectura BMP390
2025-05-22 18:14:05,420 [INFO] Movimiento detenido
2025-05-22 18:14:05,509 [INFO] Lectura LTR390
2025-05-22 18:14:05,512 [INFO] Lectura desde ESP32-S3 por serial
2025-05-22 18:14:05,532 [INFO] Movimiento detenido
2025-05-22 18:14:05,644 [INFO] Movimiento detenido
2025-05-22 18:14:05,755 [INFO] Movimiento detenido
2025-05-22 18:14:05,866 [INFO] Movimiento detenido
2025-05-22 18:14:05,979 [INFO] Movimiento detenido
2025-05-22 18:14:06,093 [INFO] Movimiento detenido
2025-05-22 18:14:06,206 [INFO] Movimiento detenido
2025-05-22 18:14:06,320 [INFO] Movimiento detenido
2025-05-22 18:14:06,433 [INFO] Movimiento detenido
2025-05-22 18:14:06,545 [INFO] Movimiento detenido
2025-05-22 18:14:06,657 [INFO] Movimiento detenido
2025-05-22 18:14:06,769 [INFO] Movimiento detenido
2025-05-22 18:14:06,882 [INFO] Movimiento detenido
2025-05-22 18:14:06,995 [INFO] Movimiento detenido
2025-05-22 18:14:07,108 [INFO] Movimiento detenido
2025-05-22 18:14:07,221 [INFO] Movimiento detenido
2025-05-22 18:14:07,334 [INFO] Movimiento detenido
2025-05-22 18:14:07,445 [INFO] Movimiento detenido
2025-05-22 18:14:07,558 [INFO] Movimiento detenido
2025-05-22 18:14:07,673 [INFO] Movimiento detenido
2025-05-22 18:14:07,787 [INFO] Movimiento detenido
2025-05-22 18:14:07,901 [INFO] Movimiento detenido
2025-05-22 18:14:08,015 [INFO] Movimiento detenido
2025-05-22 18:14:08,127 [INFO] Movimiento detenido
2025-05-22 18:14:08,240 [INFO] Movimiento detenido
2025-05-22 18:14:08,353 [INFO] Movimiento detenido
2025-05-22 18:14:08,465 [INFO] Movimiento detenido
2025-05-22 18:14:08,578 [INFO] Movimiento detenido
2025-05-22 18:14:08,690 [INFO] Movimiento detenido
2025-05-22 18:14:08,802 [INFO] Movimiento detenido
2025-05-22 18:14:08,914 [INFO] Movimiento detenido
2025-05-22 18:14:09,027 [INFO] Movimiento detenido
2025-05-22 18:14:09,139 [INFO] Movimiento detenido
2025-05-22 18:14:09,245 [INFO] Lectura datos climáticos NASA
2025-05-22 18:14:09,250 [INFO] Datos JSON preparados para envío
2025-05-22 18:14:09,251 [INFO] Movimiento detenido
2025-05-22 18:14:09,364 [INFO] Movimiento detenido
2025-05-22 18:14:09,476 [INFO] Movimiento detenido
2025-05-22 18:14:09,588 [INFO] Movimiento detenido
2025-05-22 18:14:09,701 [INFO] Movimiento detenido
2025-05-22 18:14:09,813 [INFO] Movimiento detenido
2025-05-22 18:14:09,925 [INFO] Movimiento detenido
2025-05-22 18:14:10,038 [INFO] Movimiento detenido
2025-05-22 18:14:10,150 [INFO] Movimiento detenido
2025-05-22 18:14:10,262 [INFO] Movimiento detenido
2025-05-22 18:14:10,305 [INFO] Lectura BMP390
2025-05-22 18:14:10,376 [INFO] Movimiento detenido
2025-05-22 18:14:10,486 [INFO] Lectura LTR390
2025-05-22 18:14:10,489 [INFO] Movimiento detenido
2025-05-22 18:14:10,495 [INFO] Lectura desde ESP32-S3 por serial
2025-05-22 18:14:10,603 [INFO] Movimiento detenido
2025-05-22 18:14:10,714 [INFO] Movimiento detenido
2025-05-22 18:14:10,826 [INFO] Movimiento detenido
2025-05-22 18:14:10,938 [INFO] Movimiento detenido
2025-05-22 18:14:11,051 [INFO] Movimiento detenido
2025-05-22 18:14:11,163 [INFO] Movimiento detenido
2025-05-22 18:14:11,276 [INFO] Movimiento detenido
2025-05-22 18:14:11,388 [INFO] Movimiento detenido
2025-05-22 18:14:11,500 [INFO] Movimiento detenido
2025-05-22 18:14:11,612 [INFO] Movimiento detenido
2025-05-22 18:14:11,724 [INFO] Movimiento detenido
2025-05-22 18:14:11,837 [INFO] Movimiento detenido
2025-05-22 18:14:11,949 [INFO] Movimiento detenido
2025-05-22 18:14:12,062 [INFO] Movimiento detenido
2025-05-22 18:14:12,175 [INFO] Movimiento detenido
2025-05-22 18:14:12,288 [INFO] Movimiento detenido
2025-05-22 18:14:12,400 [INFO] Movimiento detenido
2025-05-22 18:14:12,511 [INFO] Movimiento detenido
2025-05-22 18:14:12,622 [INFO] Movimiento detenido
2025-05-22 18:14:12,734 [INFO] Movimiento detenido
2025-05-22 18:14:12,845 [INFO] Movimiento detenido
2025-05-22 18:14:12,956 [INFO] Movimiento detenido
2025-05-22 18:14:13,068 [INFO] Movimiento detenido
2025-05-22 18:14:13,180 [INFO] Movimiento detenido
2025-05-22 18:14:13,293 [INFO] Movimiento detenido
2025-05-22 18:14:13,407 [INFO] Movimiento detenido
2025-05-22 18:14:13,519 [INFO] Movimiento detenido
2025-05-22 18:14:13,631 [INFO] Movimiento detenido
2025-05-22 18:14:13,744 [INFO] Movimiento detenido
2025-05-22 18:14:13,857 [INFO] Movimiento detenido
2025-05-22 18:14:13,969 [INFO] Movimiento detenido
2025-05-22 18:14:14,082 [INFO] Movimiento detenido
2025-05-22 18:14:14,195 [INFO] Movimiento detenido
2025-05-22 18:14:14,308 [INFO] Movimiento detenido
2025-05-22 18:14:14,334 [INFO] Lectura datos climáticos NASA
2025-05-22 18:14:14,340 [INFO] Datos JSON preparados para envío
2025-05-22 18:14:14,420 [INFO] Movimiento detenido
2025-05-22 18:14:14,532 [INFO] Movimiento detenido
2025-05-22 18:14:14,644 [INFO] Movimiento detenido
2025-05-22 18:14:14,756 [INFO] Movimiento detenido
2025-05-22 18:14:14,869 [INFO] Movimiento detenido
2025-05-22 18:14:14,981 [INFO] Movimiento detenido
2025-05-22 18:14:15,094 [INFO] Movimiento detenido
2025-05-22 18:14:15,206 [INFO] Movimiento detenido
2025-05-22 18:14:15,318 [INFO] Movimiento detenido
2025-05-22 18:14:15,393 [INFO] Lectura BMP390
2025-05-22 18:14:15,430 [INFO] Movimiento detenido
2025-05-22 18:14:15,547 [INFO] Movimiento detenido
2025-05-22 18:14:15,579 [INFO] Lectura LTR390
2025-05-22 18:14:15,587 [INFO] Lectura desde ESP32-S3 por serial
2025-05-22 18:14:15,659 [INFO] Movimiento detenido
2025-05-22 18:14:15,771 [INFO] Movimiento detenido
2025-05-22 18:14:15,884 [INFO] Movimiento detenido
2025-05-22 18:14:15,996 [INFO] Movimiento detenido
2025-05-22 18:14:16,108 [INFO] Movimiento detenido
2025-05-22 18:14:16,220 [INFO] Movimiento detenido
2025-05-22 18:14:16,332 [INFO] Movimiento detenido
2025-05-22 18:14:16,444 [INFO] Movimiento detenido
2025-05-22 18:14:16,556 [INFO] Movimiento detenido
2025-05-22 18:14:16,668 [INFO] Movimiento detenido
2025-05-22 18:14:16,781 [INFO] Movimiento detenido
2025-05-22 18:14:16,893 [INFO] Movimiento detenido
2025-05-22 18:14:17,005 [INFO] Movimiento detenido
2025-05-22 18:14:17,117 [INFO] Movimiento detenido
2025-05-22 18:14:17,230 [INFO] Movimiento detenido
2025-05-22 18:14:17,343 [INFO] Movimiento detenido
2025-05-22 18:14:17,454 [INFO] Movimiento detenido
2025-05-22 18:14:17,565 [INFO] Movimiento detenido
2025-05-22 18:14:17,677 [INFO] Movimiento detenido
2025-05-22 18:14:17,789 [INFO] Movimiento detenido
2025-05-22 18:14:17,900 [INFO] Movimiento detenido
2025-05-22 18:14:18,011 [INFO] Movimiento detenido
2025-05-22 18:14:18,123 [INFO] Movimiento detenido
2025-05-22 18:14:18,235 [INFO] Movimiento detenido
2025-05-22 18:14:18,348 [INFO] Movimiento detenido
2025-05-22 18:14:18,461 [INFO] Movimiento detenido
2025-05-22 18:14:18,572 [INFO] Movimiento detenido
2025-05-22 18:14:18,686 [INFO] Movimiento detenido
2025-05-22 18:14:18,801 [INFO] Movimiento detenido
2025-05-22 18:14:18,913 [INFO] Movimiento detenido
2025-05-22 18:14:19,025 [INFO] Movimiento detenido
2025-05-22 18:14:19,137 [INFO] Movimiento detenido
2025-05-22 18:14:19,250 [INFO] Movimiento detenido
2025-05-22 18:14:19,312 [INFO] Lectura datos climáticos NASA
2025-05-22 18:14:19,316 [INFO] Datos JSON preparados para envío
2025-05-22 18:14:19,362 [INFO] Movimiento detenido
2025-05-22 18:14:19,475 [INFO] Movimiento detenido
2025-05-22 18:14:19,587 [INFO] Movimiento detenido
2025-05-22 18:14:19,699 [INFO] Movimiento detenido
2025-05-22 18:14:19,811 [INFO] Movimiento detenido
2025-05-22 18:14:19,924 [INFO] Movimiento detenido
2025-05-22 18:14:20,036 [INFO] Movimiento detenido
2025-05-22 18:14:20,149 [INFO] Movimiento detenido
2025-05-22 18:14:20,262 [INFO] Movimiento detenido
2025-05-22 18:14:20,369 [INFO] Lectura BMP390
2025-05-22 18:14:20,375 [INFO] Movimiento detenido
2025-05-22 18:14:20,489 [INFO] Movimiento detenido
2025-05-22 18:14:20,553 [INFO] Lectura LTR390
2025-05-22 18:14:20,559 [INFO] Lectura desde ESP32-S3 por serial
2025-05-22 18:14:20,602 [INFO] Movimiento detenido
2025-05-22 18:14:20,714 [INFO] Movimiento detenido
2025-05-22 18:14:20,826 [INFO] Movimiento detenido
2025-05-22 18:14:20,937 [INFO] Movimiento detenido
2025-05-22 18:14:21,048 [INFO] Movimiento detenido
2025-05-22 18:14:21,160 [INFO] Movimiento detenido
2025-05-22 18:14:21,271 [INFO] Movimiento detenido
2025-05-22 18:14:21,383 [INFO] Movimiento detenido
2025-05-22 18:14:21,495 [INFO] Movimiento detenido
2025-05-22 18:14:21,607 [INFO] Movimiento detenido
2025-05-22 18:14:21,719 [INFO] Movimiento detenido
2025-05-22 18:14:21,831 [INFO] Movimiento detenido
2025-05-22 18:14:21,944 [INFO] Movimiento detenido
2025-05-22 18:14:22,056 [INFO] Movimiento detenido
2025-05-22 18:14:22,168 [INFO] Movimiento detenido
2025-05-22 18:14:22,282 [INFO] Movimiento detenido
2025-05-22 18:14:22,395 [INFO] Movimiento detenido
2025-05-22 18:14:22,507 [INFO] Movimiento detenido
2025-05-22 18:14:22,618 [INFO] Movimiento detenido
2025-05-22 18:14:22,731 [INFO] Movimiento detenido
2025-05-22 18:14:22,843 [INFO] Movimiento detenido
2025-05-22 18:14:22,954 [INFO] Movimiento detenido
2025-05-22 18:14:23,066 [INFO] Movimiento detenido
2025-05-22 18:14:23,177 [INFO] Movimiento detenido
2025-05-22 18:14:23,290 [INFO] Movimiento detenido
2025-05-22 18:14:23,403 [INFO] Movimiento detenido
2025-05-22 18:14:23,516 [INFO] Movimiento detenido
2025-05-22 18:14:23,628 [INFO] Movimiento detenido
2025-05-22 18:14:23,742 [INFO] Movimiento detenido
2025-05-22 18:14:23,836 [INFO] Lectura datos climáticos NASA
2025-05-22 18:14:23,840 [INFO] Datos JSON preparados para envío
2025-05-22 18:14:23,855 [INFO] Movimiento detenido
2025-05-22 18:14:23,967 [INFO] Movimiento detenido
2025-05-22 18:14:24,081 [INFO] Movimiento detenido
2025-05-22 18:14:24,193 [INFO] Movimiento detenido
2025-05-22 18:14:24,305 [INFO] Movimiento detenido
2025-05-22 18:14:24,417 [INFO] Movimiento detenido
2025-05-22 18:14:24,530 [INFO] Movimiento detenido
2025-05-22 18:14:24,642 [INFO] Movimiento detenido
2025-05-22 18:14:24,755 [INFO] Movimiento detenido
2025-05-22 18:14:24,867 [INFO] Movimiento detenido
2025-05-22 18:14:24,893 [INFO] Lectura BMP390
2025-05-22 18:14:24,981 [INFO] Movimiento detenido
2025-05-22 18:14:25,075 [INFO] Lectura LTR390
2025-05-22 18:14:25,082 [INFO] Lectura desde ESP32-S3 por serial
2025-05-22 18:14:25,095 [INFO] Movimiento detenido
2025-05-22 18:14:25,207 [INFO] Movimiento detenido
2025-05-22 18:14:25,318 [INFO] Movimiento detenido
2025-05-22 18:14:25,430 [INFO] Movimiento detenido
2025-05-22 18:14:25,541 [INFO] Movimiento detenido
2025-05-22 18:14:25,652 [INFO] Movimiento detenido
2025-05-22 18:14:25,763 [INFO] Movimiento detenido
2025-05-22 18:14:25,875 [INFO] Movimiento detenido
2025-05-22 18:14:25,988 [INFO] Movimiento detenido
2025-05-22 18:14:26,101 [INFO] Movimiento detenido
2025-05-22 18:14:26,213 [INFO] Movimiento detenido
2025-05-22 18:14:26,324 [INFO] Movimiento detenido
2025-05-22 18:14:26,435 [INFO] Movimiento detenido
2025-05-22 18:14:26,546 [INFO] Movimiento detenido
2025-05-22 18:14:26,657 [INFO] Movimiento detenido
2025-05-22 18:14:26,768 [INFO] Movimiento detenido
2025-05-22 18:14:26,879 [INFO] Movimiento detenido
2025-05-22 18:14:26,990 [INFO] Movimiento detenido
2025-05-22 18:14:27,102 [INFO] Movimiento detenido
2025-05-22 18:14:27,214 [INFO] Movimiento detenido
2025-05-22 18:14:27,327 [INFO] Movimiento detenido
2025-05-22 18:14:27,441 [INFO] Movimiento detenido
2025-05-22 18:14:27,552 [INFO] Movimiento detenido
2025-05-22 18:14:27,664 [INFO] Movimiento detenido
2025-05-22 18:14:27,777 [INFO] Movimiento detenido
2025-05-22 18:14:27,890 [INFO] Movimiento detenido
2025-05-22 18:14:28,002 [INFO] Movimiento detenido
2025-05-22 18:14:28,114 [INFO] Movimiento detenido
2025-05-22 18:14:28,226 [INFO] Movimiento detenido
2025-05-22 18:14:28,339 [INFO] Movimiento detenido
2025-05-22 18:14:28,452 [INFO] Movimiento detenido
2025-05-22 18:14:28,564 [INFO] Movimiento detenido
2025-05-22 18:14:28,646 [INFO] Lectura datos climáticos NASA
2025-05-22 18:14:28,649 [INFO] Datos JSON preparados para envío
2025-05-22 18:14:28,676 [INFO] Movimiento detenido
2025-05-22 18:14:28,788 [INFO] Movimiento detenido
2025-05-22 18:14:28,900 [INFO] Movimiento detenido
2025-05-22 18:14:29,013 [INFO] Movimiento detenido
2025-05-22 18:14:29,125 [INFO] Movimiento detenido
2025-05-22 18:14:29,237 [INFO] Movimiento detenido
2025-05-22 18:14:29,349 [INFO] Movimiento detenido
2025-05-22 18:14:29,461 [INFO] Movimiento detenido
2025-05-22 18:14:29,573 [INFO] Movimiento detenido
2025-05-22 18:14:29,686 [INFO] Movimiento detenido
2025-05-22 18:14:29,703 [INFO] Lectura BMP390
2025-05-22 18:14:29,801 [INFO] Movimiento detenido
2025-05-22 18:14:29,885 [INFO] Lectura LTR390
2025-05-22 18:14:29,892 [INFO] Lectura desde ESP32-S3 por serial
2025-05-22 18:14:29,915 [INFO] Movimiento detenido
2025-05-22 18:14:30,028 [INFO] Movimiento detenido
2025-05-22 18:14:30,140 [INFO] Movimiento detenido
2025-05-22 18:14:30,253 [INFO] Movimiento detenido
2025-05-22 18:14:30,366 [INFO] Movimiento detenido
2025-05-22 18:14:30,478 [INFO] Movimiento detenido
2025-05-22 18:14:30,591 [INFO] Movimiento detenido
2025-05-22 18:14:30,703 [INFO] Movimiento detenido
2025-05-22 18:14:30,816 [INFO] Movimiento detenido
2025-05-22 18:14:30,928 [INFO] Movimiento detenido
2025-05-22 18:14:31,041 [INFO] Movimiento detenido
2025-05-22 18:14:31,153 [INFO] Movimiento detenido
2025-05-22 18:14:31,265 [INFO] Movimiento detenido
2025-05-22 18:14:31,377 [INFO] Movimiento detenido
2025-05-22 18:14:31,489 [INFO] Movimiento detenido
2025-05-22 18:14:31,601 [INFO] Movimiento detenido
2025-05-22 18:14:31,713 [INFO] Movimiento detenido
2025-05-22 18:14:31,825 [INFO] Movimiento detenido
2025-05-22 18:14:31,936 [INFO] Movimiento detenido
2025-05-22 18:14:32,047 [INFO] Movimiento detenido
2025-05-22 18:14:32,158 [INFO] Movimiento detenido
2025-05-22 18:14:32,270 [INFO] Movimiento detenido
2025-05-22 18:14:32,381 [INFO] Movimiento detenido
2025-05-22 18:14:32,492 [INFO] Movimiento detenido
2025-05-22 18:14:32,603 [INFO] Movimiento detenido
2025-05-22 18:14:32,715 [INFO] Movimiento detenido
2025-05-22 18:14:32,828 [INFO] Movimiento detenido
2025-05-22 18:14:32,940 [INFO] Movimiento detenido
2025-05-22 18:14:33,053 [INFO] Movimiento detenido
2025-05-22 18:14:33,165 [INFO] Movimiento detenido
2025-05-22 18:14:33,278 [INFO] Movimiento detenido
2025-05-22 18:14:33,392 [INFO] Movimiento detenido
2025-05-22 18:14:33,503 [INFO] Movimiento detenido
2025-05-22 18:14:33,615 [INFO] Movimiento detenido
2025-05-22 18:14:33,726 [INFO] Movimiento detenido
2025-05-22 18:14:33,838 [INFO] Movimiento detenido
2025-05-22 18:14:33,950 [INFO] Movimiento detenido
2025-05-22 18:14:34,021 [INFO] Lectura datos climáticos NASA
2025-05-22 18:14:34,024 [INFO] Datos JSON preparados para envío
2025-05-22 18:14:34,061 [INFO] Movimiento detenido
2025-05-22 18:14:34,173 [INFO] Movimiento detenido
2025-05-22 18:14:34,284 [INFO] Movimiento detenido
2025-05-22 18:14:34,395 [INFO] Movimiento detenido
2025-05-22 18:14:34,507 [INFO] Movimiento detenido
2025-05-22 18:14:34,618 [INFO] Movimiento detenido
2025-05-22 18:14:34,730 [INFO] Movimiento detenido
2025-05-22 18:14:34,842 [INFO] Movimiento detenido
2025-05-22 18:14:34,954 [INFO] Movimiento detenido
2025-05-22 18:14:35,067 [INFO] Movimiento detenido
2025-05-22 18:14:35,082 [INFO] Lectura BMP390
2025-05-22 18:14:35,183 [INFO] Movimiento detenido
2025-05-22 18:14:35,266 [INFO] Lectura LTR390
2025-05-22 18:14:35,272 [INFO] Lectura desde ESP32-S3 por serial
2025-05-22 18:14:35,298 [INFO] Movimiento detenido
2025-05-22 18:14:35,411 [INFO] Movimiento detenido
2025-05-22 18:14:35,523 [INFO] Movimiento detenido
2025-05-22 18:14:35,635 [INFO] Movimiento detenido
2025-05-22 18:14:35,748 [INFO] Movimiento detenido
2025-05-22 18:14:35,860 [INFO] Movimiento detenido
2025-05-22 18:14:35,973 [INFO] Movimiento detenido
2025-05-22 18:14:36,085 [INFO] Movimiento detenido
2025-05-22 18:14:36,198 [INFO] Movimiento detenido
2025-05-22 18:14:36,312 [INFO] Movimiento detenido
2025-05-22 18:14:36,424 [INFO] Movimiento detenido
2025-05-22 18:14:36,536 [INFO] Movimiento detenido
2025-05-22 18:14:36,648 [INFO] Movimiento detenido
2025-05-22 18:14:36,761 [INFO] Movimiento detenido
2025-05-22 18:14:36,873 [INFO] Movimiento detenido
2025-05-22 18:14:36,984 [INFO] Movimiento detenido
2025-05-22 18:14:37,095 [INFO] Movimiento detenido
2025-05-22 18:14:37,207 [INFO] Movimiento detenido
2025-05-22 18:14:37,319 [INFO] Movimiento detenido
2025-05-22 18:14:37,430 [INFO] Movimiento detenido
2025-05-22 18:14:37,541 [INFO] Movimiento detenido
2025-05-22 18:14:37,652 [INFO] Movimiento detenido
2025-05-22 18:14:37,764 [INFO] Movimiento detenido
2025-05-22 18:14:37,877 [INFO] Movimiento detenido
2025-05-22 18:14:37,989 [INFO] Movimiento detenido
2025-05-22 18:14:38,102 [INFO] Movimiento detenido
2025-05-22 18:14:38,216 [INFO] Movimiento detenido
2025-05-22 18:14:38,329 [INFO] Movimiento detenido
2025-05-22 18:14:38,443 [INFO] Movimiento detenido
2025-05-22 18:14:38,557 [INFO] Movimiento detenido
2025-05-22 18:14:38,670 [INFO] Movimiento detenido
2025-05-22 18:14:38,783 [INFO] Movimiento detenido
2025-05-22 18:14:38,894 [INFO] Movimiento detenido
2025-05-22 18:14:38,921 [INFO] Lectura datos climáticos NASA
2025-05-22 18:14:38,925 [INFO] Datos JSON preparados para envío
2025-05-22 18:14:39,007 [INFO] Movimiento detenido
2025-05-22 18:14:39,120 [INFO] Movimiento detenido
2025-05-22 18:14:39,233 [INFO] Movimiento detenido
2025-05-22 18:14:39,345 [INFO] Movimiento detenido
2025-05-22 18:14:39,458 [INFO] Movimiento detenido
2025-05-22 18:14:39,571 [INFO] Movimiento detenido
2025-05-22 18:14:39,683 [INFO] Movimiento detenido
2025-05-22 18:14:39,796 [INFO] Movimiento detenido
2025-05-22 18:14:39,909 [INFO] Movimiento detenido
2025-05-22 18:14:39,977 [INFO] Lectura BMP390
2025-05-22 18:14:40,021 [INFO] Movimiento detenido
2025-05-22 18:14:40,134 [INFO] Movimiento detenido
2025-05-22 18:14:40,158 [INFO] Lectura LTR390
2025-05-22 18:14:40,166 [INFO] Lectura desde ESP32-S3 por serial
2025-05-22 18:14:40,256 [INFO] Movimiento detenido
2025-05-22 18:14:40,368 [INFO] Movimiento detenido
2025-05-22 18:14:40,480 [INFO] Movimiento detenido
2025-05-22 18:14:40,592 [INFO] Movimiento detenido
2025-05-22 18:14:40,704 [INFO] Movimiento detenido
2025-05-22 18:14:40,816 [INFO] Movimiento detenido
2025-05-22 18:14:40,928 [INFO] Movimiento detenido
2025-05-22 18:14:41,041 [INFO] Movimiento detenido
2025-05-22 18:14:41,153 [INFO] Movimiento detenido
2025-05-22 18:14:41,266 [INFO] Movimiento detenido
2025-05-22 18:14:41,377 [INFO] Movimiento detenido
2025-05-22 18:14:41,489 [INFO] Movimiento detenido
2025-05-22 18:14:41,602 [INFO] Movimiento detenido
2025-05-22 18:14:41,714 [INFO] Movimiento detenido
2025-05-22 18:14:41,826 [INFO] Movimiento detenido
2025-05-22 18:14:41,938 [INFO] Movimiento detenido
2025-05-22 18:14:42,050 [INFO] Movimiento detenido
2025-05-22 18:14:42,162 [INFO] Movimiento detenido
2025-05-22 18:14:42,274 [INFO] Movimiento detenido
2025-05-22 18:14:42,386 [INFO] Movimiento detenido
2025-05-22 18:14:42,497 [INFO] Movimiento detenido
2025-05-22 18:14:42,608 [INFO] Movimiento detenido
2025-05-22 18:14:42,720 [INFO] Movimiento detenido
2025-05-22 18:14:42,831 [INFO] Movimiento detenido
2025-05-22 18:14:42,943 [INFO] Movimiento detenido
2025-05-22 18:14:43,054 [INFO] Movimiento detenido
2025-05-22 18:14:43,166 [INFO] Movimiento detenido
2025-05-22 18:14:43,279 [INFO] Movimiento detenido
2025-05-22 18:14:43,391 [INFO] Movimiento detenido
2025-05-22 18:14:43,503 [INFO] Movimiento detenido
2025-05-22 18:14:43,532 [INFO] Lectura datos climáticos NASA
2025-05-22 18:14:43,535 [INFO] Datos JSON preparados para envío
2025-05-22 18:14:43,617 [INFO] Movimiento detenido
2025-05-22 18:14:43,729 [INFO] Movimiento detenido
2025-05-22 18:14:43,841 [INFO] Movimiento detenido
2025-05-22 18:14:43,953 [INFO] Movimiento detenido
2025-05-22 18:14:44,066 [INFO] Movimiento detenido
2025-05-22 18:14:44,179 [INFO] Movimiento detenido
2025-05-22 18:14:44,291 [INFO] Movimiento detenido
2025-05-22 18:14:44,405 [INFO] Movimiento detenido
2025-05-22 18:14:44,517 [INFO] Movimiento detenido
2025-05-22 18:14:44,587 [INFO] Lectura BMP390
2025-05-22 18:14:44,629 [INFO] Movimiento detenido
2025-05-22 18:14:44,742 [INFO] Movimiento detenido
2025-05-22 18:14:44,770 [INFO] Lectura LTR390
2025-05-22 18:14:44,777 [INFO] Lectura desde ESP32-S3 por serial
2025-05-22 18:14:44,855 [INFO] Movimiento detenido
2025-05-22 18:14:44,969 [INFO] Movimiento detenido
2025-05-22 18:14:45,081 [INFO] Movimiento detenido
2025-05-22 18:14:45,193 [INFO] Movimiento detenido
2025-05-22 18:14:45,307 [INFO] Movimiento detenido
2025-05-22 18:14:45,419 [INFO] Movimiento detenido
2025-05-22 18:14:45,531 [INFO] Movimiento detenido
2025-05-22 18:14:45,643 [INFO] Movimiento detenido
2025-05-22 18:14:45,756 [INFO] Movimiento detenido
2025-05-22 18:14:45,868 [INFO] Movimiento detenido
2025-05-22 18:14:45,980 [INFO] Movimiento detenido
2025-05-22 18:14:46,092 [INFO] Movimiento detenido
2025-05-22 18:14:46,204 [INFO] Movimiento detenido
2025-05-22 18:14:46,316 [INFO] Movimiento detenido
2025-05-22 18:14:46,428 [INFO] Movimiento detenido
2025-05-22 18:14:46,540 [INFO] Movimiento detenido
2025-05-22 18:14:46,652 [INFO] Movimiento detenido
2025-05-22 18:14:46,764 [INFO] Movimiento detenido
2025-05-22 18:14:46,876 [INFO] Movimiento detenido
2025-05-22 18:14:46,988 [INFO] Movimiento detenido
2025-05-22 18:14:47,101 [INFO] Movimiento detenido
2025-05-22 18:14:47,213 [INFO] Movimiento detenido
2025-05-22 18:14:47,326 [INFO] Movimiento detenido
2025-05-22 18:14:47,437 [INFO] Movimiento detenido
2025-05-22 18:14:47,550 [INFO] Movimiento detenido
2025-05-22 18:14:47,663 [INFO] Movimiento detenido
2025-05-22 18:14:47,775 [INFO] Movimiento detenido
2025-05-22 18:14:47,888 [INFO] Movimiento detenido
2025-05-22 18:14:48,000 [INFO] Movimiento detenido
2025-05-22 18:14:48,112 [INFO] Movimiento detenido
2025-05-22 18:14:48,224 [INFO] Movimiento detenido
2025-05-22 18:14:48,337 [INFO] Movimiento detenido
2025-05-22 18:14:48,451 [INFO] Movimiento detenido
2025-05-22 18:14:48,563 [INFO] Movimiento detenido
2025-05-22 18:14:48,642 [INFO] Lectura datos climáticos NASA
2025-05-22 18:14:48,645 [INFO] Datos JSON preparados para envío
2025-05-22 18:14:48,677 [INFO] Movimiento detenido
2025-05-22 18:14:48,790 [INFO] Movimiento detenido
2025-05-22 18:14:48,903 [INFO] Movimiento detenido
2025-05-22 18:14:49,016 [INFO] Movimiento detenido
2025-05-22 18:14:49,128 [INFO] Movimiento detenido
2025-05-22 18:14:49,240 [INFO] Movimiento detenido
2025-05-22 18:14:49,352 [INFO] Movimiento detenido
2025-05-22 18:14:49,464 [INFO] Movimiento detenido
2025-05-22 18:14:49,576 [INFO] Movimiento detenido
2025-05-22 18:14:49,688 [INFO] Movimiento detenido
2025-05-22 18:14:49,700 [INFO] Lectura BMP390
2025-05-22 18:14:49,807 [INFO] Movimiento detenido
2025-05-22 18:14:49,884 [INFO] Lectura LTR390
2025-05-22 18:14:49,889 [INFO] Lectura desde ESP32-S3 por serial
2025-05-22 18:14:49,920 [INFO] Movimiento detenido
2025-05-22 18:14:50,032 [INFO] Movimiento detenido
2025-05-22 18:14:50,150 [INFO] Movimiento detenido
2025-05-22 18:14:50,263 [INFO] Movimiento detenido
2025-05-22 18:14:50,376 [INFO] Movimiento detenido
2025-05-22 18:14:50,488 [INFO] Movimiento detenido
2025-05-22 18:14:50,600 [INFO] Movimiento detenido
2025-05-22 18:14:50,713 [INFO] Movimiento detenido
2025-05-22 18:14:50,825 [INFO] Movimiento detenido
2025-05-22 18:14:50,938 [INFO] Movimiento detenido
2025-05-22 18:14:51,051 [INFO] Movimiento detenido
2025-05-22 18:14:51,163 [INFO] Movimiento detenido
2025-05-22 18:14:51,276 [INFO] Movimiento detenido
2025-05-22 18:14:51,388 [INFO] Movimiento detenido
2025-05-22 18:14:51,500 [INFO] Movimiento detenido
2025-05-22 18:14:51,612 [INFO] Movimiento detenido
2025-05-22 18:14:51,724 [INFO] Movimiento detenido
2025-05-22 18:14:51,837 [INFO] Movimiento detenido
2025-05-22 18:14:51,950 [INFO] Movimiento detenido
2025-05-22 18:14:52,063 [INFO] Movimiento detenido
2025-05-22 18:14:52,176 [INFO] Movimiento detenido
2025-05-22 18:14:52,289 [INFO] Movimiento detenido
2025-05-22 18:14:52,401 [INFO] Movimiento detenido
2025-05-22 18:14:52,512 [INFO] Movimiento detenido
2025-05-22 18:14:52,624 [INFO] Movimiento detenido
2025-05-22 18:14:52,735 [INFO] Movimiento detenido
2025-05-22 18:14:52,847 [INFO] Movimiento detenido
2025-05-22 18:14:52,958 [INFO] Movimiento detenido
2025-05-22 18:14:53,070 [INFO] Movimiento detenido
2025-05-22 18:14:53,183 [INFO] Movimiento detenido
2025-05-22 18:14:53,295 [INFO] Movimiento detenido
2025-05-22 18:14:53,408 [INFO] Movimiento detenido
2025-05-22 18:14:53,508 [INFO] Lectura datos climáticos NASA
2025-05-22 18:14:53,513 [INFO] Datos JSON preparados para envío
2025-05-22 18:14:53,519 [INFO] Movimiento detenido
2025-05-22 18:14:53,632 [INFO] Movimiento detenido
2025-05-22 18:14:53,743 [INFO] Movimiento detenido
2025-05-22 18:14:53,856 [INFO] Movimiento detenido
2025-05-22 18:14:53,968 [INFO] Movimiento detenido
2025-05-22 18:14:54,080 [INFO] Movimiento detenido
2025-05-22 18:14:54,192 [INFO] Movimiento detenido
2025-05-22 18:14:54,305 [INFO] Movimiento detenido
2025-05-22 18:14:54,417 [INFO] Movimiento detenido
2025-05-22 18:14:54,529 [INFO] Movimiento detenido
2025-05-22 18:14:54,569 [INFO] Lectura BMP390
2025-05-22 18:14:54,644 [INFO] Movimiento detenido
2025-05-22 18:14:54,749 [INFO] Lectura LTR390
2025-05-22 18:14:54,752 [INFO] Lectura desde ESP32-S3 por serial
2025-05-22 18:14:54,756 [INFO] Movimiento detenido
2025-05-22 18:14:54,873 [INFO] Movimiento detenido
2025-05-22 18:14:54,984 [INFO] Movimiento detenido
2025-05-22 18:14:55,095 [INFO] Movimiento detenido
2025-05-22 18:14:55,207 [INFO] Movimiento detenido
2025-05-22 18:14:55,318 [INFO] Movimiento detenido
2025-05-22 18:14:55,429 [INFO] Movimiento detenido
2025-05-22 18:14:55,540 [INFO] Movimiento detenido
2025-05-22 18:14:55,653 [INFO] Movimiento detenido
2025-05-22 18:14:55,765 [INFO] Movimiento detenido
2025-05-22 18:14:55,878 [INFO] Movimiento detenido
2025-05-22 18:14:55,990 [INFO] Movimiento detenido
2025-05-22 18:14:56,102 [INFO] Movimiento detenido
2025-05-22 18:14:56,214 [INFO] Movimiento detenido
2025-05-22 18:14:56,326 [INFO] Movimiento detenido
2025-05-22 18:14:56,438 [INFO] Movimiento detenido
2025-05-22 18:14:56,550 [INFO] Movimiento detenido
2025-05-22 18:14:56,662 [INFO] Movimiento detenido
2025-05-22 18:14:56,777 [INFO] Movimiento detenido
2025-05-22 18:14:56,891 [INFO] Movimiento detenido
2025-05-22 18:14:57,003 [INFO] Movimiento detenido
2025-05-22 18:14:57,116 [INFO] Movimiento detenido
2025-05-22 18:14:57,228 [INFO] Movimiento detenido
2025-05-22 18:14:57,341 [INFO] Movimiento detenido
2025-05-22 18:14:57,452 [INFO] Movimiento detenido
2025-05-22 18:14:57,564 [INFO] Movimiento detenido
2025-05-22 18:14:57,676 [INFO] Movimiento detenido
2025-05-22 18:14:57,787 [INFO] Movimiento detenido
2025-05-22 18:14:57,899 [INFO] Movimiento detenido
2025-05-22 18:14:58,012 [INFO] Movimiento detenido
2025-05-22 18:14:58,124 [INFO] Movimiento detenido
2025-05-22 18:14:58,193 [INFO] Lectura datos climáticos NASA
2025-05-22 18:14:58,197 [INFO] Datos JSON preparados para envío
2025-05-22 18:14:58,237 [INFO] Movimiento detenido
2025-05-22 18:14:58,350 [INFO] Movimiento detenido
2025-05-22 18:14:58,464 [INFO] Movimiento detenido
2025-05-22 18:14:58,576 [INFO] Movimiento detenido
2025-05-22 18:14:58,688 [INFO] Movimiento detenido
2025-05-22 18:14:58,800 [INFO] Movimiento detenido
2025-05-22 18:14:58,912 [INFO] Movimiento detenido
2025-05-22 18:14:59,025 [INFO] Movimiento detenido
2025-05-22 18:14:59,137 [INFO] Movimiento detenido
2025-05-22 18:14:59,249 [INFO] Movimiento detenido
2025-05-22 18:14:59,251 [INFO] Lectura BMP390
2025-05-22 18:14:59,365 [INFO] Movimiento detenido
2025-05-22 18:14:59,436 [INFO] Lectura LTR390
2025-05-22 18:14:59,441 [INFO] Lectura desde ESP32-S3 por serial
2025-05-22 18:14:59,478 [INFO] Movimiento detenido
2025-05-22 18:14:59,590 [INFO] Movimiento detenido
2025-05-22 18:14:59,702 [INFO] Movimiento detenido
2025-05-22 18:14:59,816 [INFO] Movimiento detenido
2025-05-22 18:14:59,930 [INFO] Movimiento detenido
2025-05-22 18:15:00,042 [INFO] Movimiento detenido
2025-05-22 18:15:00,154 [INFO] Movimiento detenido
2025-05-22 18:15:00,267 [INFO] Movimiento detenido
2025-05-22 18:15:00,379 [INFO] Movimiento detenido
2025-05-22 18:15:00,491 [INFO] Movimiento detenido
2025-05-22 18:15:00,603 [INFO] Movimiento detenido
2025-05-22 18:15:00,715 [INFO] Movimiento detenido
2025-05-22 18:15:00,827 [INFO] Movimiento detenido
2025-05-22 18:15:00,939 [INFO] Movimiento detenido
2025-05-22 18:15:01,051 [INFO] Movimiento detenido
2025-05-22 18:15:01,164 [INFO] Movimiento detenido
2025-05-22 18:15:01,276 [INFO] Movimiento detenido
2025-05-22 18:15:01,388 [INFO] Movimiento detenido
2025-05-22 18:15:01,500 [INFO] Movimiento detenido
2025-05-22 18:15:01,612 [INFO] Movimiento detenido
2025-05-22 18:15:01,724 [INFO] Movimiento detenido
2025-05-22 18:15:01,836 [INFO] Movimiento detenido
2025-05-22 18:15:01,950 [INFO] Movimiento detenido
2025-05-22 18:15:02,062 [INFO] Movimiento detenido
2025-05-22 18:15:02,175 [INFO] Movimiento detenido
2025-05-22 18:15:02,288 [INFO] Movimiento detenido
2025-05-22 18:15:02,400 [INFO] Movimiento detenido
2025-05-22 18:15:02,511 [INFO] Movimiento detenido
2025-05-22 18:15:02,622 [INFO] Movimiento detenido
2025-05-22 18:15:02,733 [INFO] Movimiento detenido
2025-05-22 18:15:02,844 [INFO] Movimiento detenido
2025-05-22 18:15:02,955 [INFO] Movimiento detenido
2025-05-22 18:15:03,067 [INFO] Movimiento detenido
2025-05-22 18:15:03,179 [INFO] Movimiento detenido
2025-05-22 18:15:03,291 [INFO] Movimiento detenido
2025-05-22 18:15:03,340 [INFO] Lectura datos climáticos NASA
2025-05-22 18:15:03,348 [INFO] Datos JSON preparados para envío
2025-05-22 18:15:03,404 [INFO] Movimiento detenido
2025-05-22 18:15:03,516 [INFO] Movimiento detenido
2025-05-22 18:15:03,628 [INFO] Movimiento detenido
2025-05-22 18:15:03,741 [INFO] Movimiento detenido
2025-05-22 18:15:03,853 [INFO] Movimiento detenido
2025-05-22 18:15:03,966 [INFO] Movimiento detenido
2025-05-22 18:15:04,078 [INFO] Movimiento detenido
2025-05-22 18:15:04,190 [INFO] Movimiento detenido
2025-05-22 18:15:04,303 [INFO] Movimiento detenido
2025-05-22 18:15:04,401 [INFO] Lectura BMP390
2025-05-22 18:15:04,416 [INFO] Movimiento detenido
2025-05-22 18:15:04,529 [INFO] Movimiento detenido
2025-05-22 18:15:04,582 [INFO] Lectura LTR390
2025-05-22 18:15:04,589 [INFO] Lectura desde ESP32-S3 por serial
2025-05-22 18:15:04,642 [INFO] Movimiento detenido
2025-05-22 18:15:04,754 [INFO] Movimiento detenido
2025-05-22 18:15:04,867 [INFO] Movimiento detenido
2025-05-22 18:15:04,979 [INFO] Movimiento detenido
2025-05-22 18:15:05,091 [INFO] Movimiento detenido
2025-05-22 18:15:05,204 [INFO] Movimiento detenido
2025-05-22 18:15:05,316 [INFO] Movimiento detenido
2025-05-22 18:15:05,428 [INFO] Movimiento detenido
2025-05-22 18:15:05,539 [INFO] Movimiento detenido
2025-05-22 18:15:05,651 [INFO] Movimiento detenido
2025-05-22 18:15:05,762 [INFO] Movimiento detenido
2025-05-22 18:15:05,873 [INFO] Movimiento detenido
2025-05-22 18:15:05,985 [INFO] Movimiento detenido
2025-05-22 18:15:06,096 [INFO] Movimiento detenido
2025-05-22 18:15:06,207 [INFO] Movimiento detenido
2025-05-22 18:15:06,318 [INFO] Movimiento detenido
2025-05-22 18:15:06,429 [INFO] Movimiento detenido
2025-05-22 18:15:06,540 [INFO] Movimiento detenido
2025-05-22 18:15:06,651 [INFO] Movimiento detenido
2025-05-22 18:15:06,762 [INFO] Movimiento detenido
2025-05-22 18:15:06,878 [INFO] Movimiento detenido
2025-05-22 18:15:06,990 [INFO] Movimiento detenido
2025-05-22 18:15:07,102 [INFO] Movimiento detenido
2025-05-22 18:15:07,215 [INFO] Movimiento detenido
2025-05-22 18:15:07,329 [INFO] Movimiento detenido
2025-05-22 18:15:07,440 [INFO] Movimiento detenido
2025-05-22 18:15:07,552 [INFO] Movimiento detenido
2025-05-22 18:15:07,664 [INFO] Movimiento detenido
2025-05-22 18:15:07,777 [INFO] Movimiento detenido
2025-05-22 18:15:07,890 [INFO] Movimiento detenido
2025-05-22 18:15:08,002 [INFO] Movimiento detenido
2025-05-22 18:15:08,113 [INFO] Movimiento detenido
2025-05-22 18:15:08,226 [INFO] Movimiento detenido
2025-05-22 18:15:08,338 [INFO] Movimiento detenido
2025-05-22 18:15:08,395 [INFO] Lectura datos climáticos NASA
2025-05-22 18:15:08,399 [INFO] Datos JSON preparados para envío
2025-05-22 18:15:08,452 [INFO] Movimiento detenido
2025-05-22 18:15:08,564 [INFO] Movimiento detenido
2025-05-22 18:15:08,678 [INFO] Movimiento detenido
2025-05-22 18:15:08,792 [INFO] Movimiento detenido
2025-05-22 18:15:08,906 [INFO] Movimiento detenido
2025-05-22 18:15:09,020 [INFO] Movimiento detenido
2025-05-22 18:15:09,132 [INFO] Movimiento detenido
2025-05-22 18:15:09,244 [INFO] Movimiento detenido
2025-05-22 18:15:09,357 [INFO] Movimiento detenido
2025-05-22 18:15:09,451 [INFO] Lectura BMP390
2025-05-22 18:15:09,469 [INFO] Movimiento detenido
2025-05-22 18:15:09,582 [INFO] Movimiento detenido
2025-05-22 18:15:09,633 [INFO] Lectura LTR390
2025-05-22 18:15:09,639 [INFO] Lectura desde ESP32-S3 por serial
2025-05-22 18:15:09,694 [INFO] Movimiento detenido
2025-05-22 18:15:09,805 [INFO] Movimiento detenido
2025-05-22 18:15:09,918 [INFO] Movimiento detenido
2025-05-22 18:15:10,030 [INFO] Movimiento detenido
2025-05-22 18:15:10,142 [INFO] Movimiento detenido
2025-05-22 18:15:10,254 [INFO] Movimiento detenido
2025-05-22 18:15:10,367 [INFO] Movimiento detenido
2025-05-22 18:15:10,479 [INFO] Movimiento detenido
2025-05-22 18:15:10,592 [INFO] Movimiento detenido
2025-05-22 18:15:10,705 [INFO] Movimiento detenido
2025-05-22 18:15:10,818 [INFO] Movimiento detenido
2025-05-22 18:15:10,930 [INFO] Movimiento detenido
2025-05-22 18:15:11,042 [INFO] Movimiento detenido
2025-05-22 18:15:11,155 [INFO] Movimiento detenido
2025-05-22 18:15:11,267 [INFO] Movimiento detenido
2025-05-22 18:15:11,379 [INFO] Movimiento detenido
2025-05-22 18:15:11,490 [INFO] Movimiento detenido
2025-05-22 18:15:11,602 [INFO] Movimiento detenido
2025-05-22 18:15:11,714 [INFO] Movimiento detenido
2025-05-22 18:15:11,826 [INFO] Movimiento detenido
2025-05-22 18:15:11,938 [INFO] Movimiento detenido
2025-05-22 18:15:12,050 [INFO] Movimiento detenido
2025-05-22 18:15:12,162 [INFO] Movimiento detenido
2025-05-22 18:15:12,275 [INFO] Movimiento detenido
2025-05-22 18:15:12,388 [INFO] Movimiento detenido
2025-05-22 18:15:12,499 [INFO] Movimiento detenido
2025-05-22 18:15:12,610 [INFO] Movimiento detenido
2025-05-22 18:15:12,721 [INFO] Movimiento detenido
2025-05-22 18:15:12,833 [INFO] Movimiento detenido
2025-05-22 18:15:12,944 [INFO] Movimiento detenido
2025-05-22 18:15:13,056 [INFO] Movimiento detenido
2025-05-22 18:15:13,169 [INFO] Movimiento detenido
2025-05-22 18:15:13,200 [INFO] Lectura datos climáticos NASA
2025-05-22 18:15:13,204 [INFO] Datos JSON preparados para envío
2025-05-22 18:15:13,282 [INFO] Movimiento detenido
2025-05-22 18:15:13,394 [INFO] Movimiento detenido
2025-05-22 18:15:13,505 [INFO] Movimiento detenido
2025-05-22 18:15:13,617 [INFO] Movimiento detenido
2025-05-22 18:15:13,730 [INFO] Movimiento detenido
2025-05-22 18:15:13,842 [INFO] Movimiento detenido
2025-05-22 18:15:13,955 [INFO] Movimiento detenido
2025-05-22 18:15:14,067 [INFO] Movimiento detenido
2025-05-22 18:15:14,179 [INFO] Movimiento detenido
2025-05-22 18:15:14,256 [INFO] Lectura BMP390
2025-05-22 18:15:14,292 [INFO] Movimiento detenido
2025-05-22 18:15:14,409 [INFO] Movimiento detenido
2025-05-22 18:15:14,442 [INFO] Lectura LTR390
2025-05-22 18:15:14,445 [INFO] Lectura desde ESP32-S3 por serial
2025-05-22 18:15:14,521 [INFO] Movimiento detenido
2025-05-22 18:15:14,640 [INFO] Movimiento detenido
2025-05-22 18:15:14,751 [INFO] Movimiento detenido
2025-05-22 18:15:14,862 [INFO] Movimiento detenido
2025-05-22 18:15:14,972 [INFO] Movimiento detenido
2025-05-22 18:15:15,083 [INFO] Movimiento detenido
2025-05-22 18:15:15,195 [INFO] Movimiento detenido
2025-05-22 18:15:15,307 [INFO] Movimiento detenido
2025-05-22 18:15:15,419 [INFO] Movimiento detenido
2025-05-22 18:15:15,531 [INFO] Movimiento detenido
2025-05-22 18:15:15,643 [INFO] Movimiento detenido
2025-05-22 18:15:15,755 [INFO] Movimiento detenido
2025-05-22 18:15:15,867 [INFO] Movimiento detenido
2025-05-22 18:15:15,979 [INFO] Movimiento detenido
2025-05-22 18:15:16,092 [INFO] Movimiento detenido
2025-05-22 18:15:16,204 [INFO] Movimiento detenido
2025-05-22 18:15:16,316 [INFO] Movimiento detenido
2025-05-22 18:15:16,428 [INFO] Movimiento detenido
2025-05-22 18:15:16,541 [INFO] Movimiento detenido
2025-05-22 18:15:16,653 [INFO] Movimiento detenido
2025-05-22 18:15:16,765 [INFO] Movimiento detenido
2025-05-22 18:15:16,878 [INFO] Movimiento detenido
2025-05-22 18:15:16,991 [INFO] Movimiento detenido
2025-05-22 18:15:17,103 [INFO] Movimiento detenido
2025-05-22 18:15:17,215 [INFO] Movimiento detenido
2025-05-22 18:15:17,327 [INFO] Movimiento detenido
2025-05-22 18:15:17,438 [INFO] Movimiento detenido
2025-05-22 18:15:17,549 [INFO] Movimiento detenido
2025-05-22 18:15:17,660 [INFO] Movimiento detenido
2025-05-22 18:15:17,771 [INFO] Movimiento detenido
2025-05-22 18:15:17,883 [INFO] Movimiento detenido
2025-05-22 18:15:17,994 [INFO] Movimiento detenido
2025-05-22 18:15:18,015 [INFO] Lectura datos climáticos NASA
2025-05-22 18:15:18,021 [INFO] Datos JSON preparados para envío
2025-05-22 18:15:18,106 [INFO] Movimiento detenido
2025-05-22 18:15:18,218 [INFO] Movimiento detenido
2025-05-22 18:15:18,330 [INFO] Movimiento detenido
2025-05-22 18:15:18,443 [INFO] Movimiento detenido
2025-05-22 18:15:18,554 [INFO] Movimiento detenido
2025-05-22 18:15:18,666 [INFO] Movimiento detenido
2025-05-22 18:15:18,778 [INFO] Movimiento detenido
2025-05-22 18:15:18,890 [INFO] Movimiento detenido
2025-05-22 18:15:19,002 [INFO] Movimiento detenido
2025-05-22 18:15:19,074 [INFO] Lectura BMP390
2025-05-22 18:15:19,114 [INFO] Movimiento detenido
2025-05-22 18:15:19,227 [INFO] Movimiento detenido
2025-05-22 18:15:19,256 [INFO] Lectura LTR390
2025-05-22 18:15:19,263 [INFO] Lectura desde ESP32-S3 por serial
2025-05-22 18:15:19,339 [INFO] Movimiento detenido
2025-05-22 18:15:19,461 [INFO] Movimiento detenido
2025-05-22 18:15:19,573 [INFO] Movimiento detenido
2025-05-22 18:15:19,686 [INFO] Movimiento detenido
2025-05-22 18:15:19,798 [INFO] Movimiento detenido
2025-05-22 18:15:19,910 [INFO] Movimiento detenido
2025-05-22 18:15:20,022 [INFO] Movimiento detenido
2025-05-22 18:15:20,135 [INFO] Movimiento detenido
2025-05-22 18:15:20,248 [INFO] Movimiento detenido
2025-05-22 18:15:20,360 [INFO] Movimiento detenido
2025-05-22 18:15:20,473 [INFO] Movimiento detenido
2025-05-22 18:15:20,585 [INFO] Movimiento detenido
2025-05-22 18:15:20,697 [INFO] Movimiento detenido
2025-05-22 18:15:20,809 [INFO] Movimiento detenido
2025-05-22 18:15:20,920 [INFO] Movimiento detenido
2025-05-22 18:15:21,032 [INFO] Movimiento detenido
2025-05-22 18:15:21,145 [INFO] Movimiento detenido
2025-05-22 18:15:21,258 [INFO] Movimiento detenido
2025-05-22 18:15:21,370 [INFO] Movimiento detenido
2025-05-22 18:15:21,482 [INFO] Movimiento detenido
2025-05-22 18:15:21,594 [INFO] Movimiento detenido
2025-05-22 18:15:21,706 [INFO] Movimiento detenido
2025-05-22 18:15:21,818 [INFO] Movimiento detenido
2025-05-22 18:15:21,931 [INFO] Movimiento detenido
2025-05-22 18:15:22,043 [INFO] Movimiento detenido
2025-05-22 18:15:22,155 [INFO] Movimiento detenido
2025-05-22 18:15:22,267 [INFO] Movimiento detenido
2025-05-22 18:15:22,380 [INFO] Movimiento detenido
2025-05-22 18:15:22,491 [INFO] Movimiento detenido
2025-05-22 18:15:22,602 [INFO] Movimiento detenido
2025-05-22 18:15:22,712 [INFO] Movimiento detenido
2025-05-22 18:15:22,823 [INFO] Movimiento detenido
2025-05-22 18:15:22,934 [INFO] Movimiento detenido
2025-05-22 18:15:23,045 [INFO] Movimiento detenido
2025-05-22 18:15:23,158 [INFO] Movimiento detenido
2025-05-22 18:15:23,270 [INFO] Movimiento detenido
2025-05-22 18:15:23,382 [INFO] Movimiento detenido
2025-05-22 18:15:23,494 [INFO] Movimiento detenido
2025-05-22 18:15:23,606 [INFO] Movimiento detenido
2025-05-22 18:15:23,718 [INFO] Movimiento detenido
2025-05-22 18:15:23,830 [INFO] Movimiento detenido
2025-05-22 18:15:23,942 [INFO] Movimiento detenido
2025-05-22 18:15:24,026 [INFO] Lectura datos climáticos NASA
2025-05-22 18:15:24,030 [INFO] Datos JSON preparados para envío
2025-05-22 18:15:24,055 [INFO] Movimiento detenido
2025-05-22 18:15:24,167 [INFO] Movimiento detenido
2025-05-22 18:15:24,280 [INFO] Movimiento detenido
2025-05-22 18:15:24,393 [INFO] Movimiento detenido
2025-05-22 18:15:24,506 [INFO] Movimiento detenido
2025-05-22 18:15:24,618 [INFO] Movimiento detenido
2025-05-22 18:15:24,732 [INFO] Movimiento detenido
2025-05-22 18:15:24,846 [INFO] Movimiento detenido
2025-05-22 18:15:24,961 [INFO] Movimiento detenido
2025-05-22 18:15:25,074 [INFO] Movimiento detenido
2025-05-22 18:15:25,084 [INFO] Lectura BMP390
2025-05-22 18:15:25,192 [INFO] Movimiento detenido
2025-05-22 18:15:25,268 [INFO] Lectura LTR390
2025-05-22 18:15:25,275 [INFO] Lectura desde ESP32-S3 por serial
2025-05-22 18:15:25,305 [INFO] Movimiento detenido
2025-05-22 18:15:25,417 [INFO] Movimiento detenido
2025-05-22 18:15:25,528 [INFO] Movimiento detenido
2025-05-22 18:15:25,640 [INFO] Movimiento detenido
2025-05-22 18:15:25,753 [INFO] Movimiento detenido
2025-05-22 18:15:25,865 [INFO] Movimiento detenido
2025-05-22 18:15:25,977 [INFO] Movimiento detenido
2025-05-22 18:15:26,090 [INFO] Movimiento detenido
2025-05-22 18:15:26,203 [INFO] Movimiento detenido
2025-05-22 18:15:26,316 [INFO] Movimiento detenido
2025-05-22 18:15:26,428 [INFO] Movimiento detenido
2025-05-22 18:15:26,541 [INFO] Movimiento detenido
2025-05-22 18:15:26,652 [INFO] Movimiento detenido
2025-05-22 18:15:26,763 [INFO] Movimiento detenido
2025-05-22 18:15:26,875 [INFO] Movimiento detenido
2025-05-22 18:15:26,986 [INFO] Movimiento detenido
2025-05-22 18:15:27,097 [INFO] Movimiento detenido
2025-05-22 18:15:27,208 [INFO] Movimiento detenido
2025-05-22 18:15:27,321 [INFO] Movimiento detenido
2025-05-22 18:15:27,435 [INFO] Movimiento detenido
2025-05-22 18:15:27,547 [INFO] Movimiento detenido
2025-05-22 18:15:27,659 [INFO] Movimiento detenido
2025-05-22 18:15:27,773 [INFO] Movimiento detenido
2025-05-22 18:15:27,885 [INFO] Movimiento detenido
2025-05-22 18:15:27,998 [INFO] Movimiento detenido
2025-05-22 18:15:28,112 [INFO] Movimiento detenido
2025-05-22 18:15:28,226 [INFO] Movimiento detenido
2025-05-22 18:15:28,339 [INFO] Movimiento detenido
2025-05-22 18:15:28,451 [INFO] Movimiento detenido
2025-05-22 18:15:28,563 [INFO] Movimiento detenido
2025-05-22 18:15:28,675 [INFO] Movimiento detenido
2025-05-22 18:15:28,788 [INFO] Movimiento detenido
2025-05-22 18:15:28,834 [INFO] Lectura datos climáticos NASA
2025-05-22 18:15:28,838 [INFO] Datos JSON preparados para envío
2025-05-22 18:15:28,900 [INFO] Movimiento detenido
2025-05-22 18:15:29,012 [INFO] Movimiento detenido
2025-05-22 18:15:29,124 [INFO] Movimiento detenido
2025-05-22 18:15:29,236 [INFO] Movimiento detenido
2025-05-22 18:15:29,349 [INFO] Movimiento detenido
2025-05-22 18:15:29,461 [INFO] Movimiento detenido
2025-05-22 18:15:29,572 [INFO] Movimiento detenido
2025-05-22 18:15:29,684 [INFO] Movimiento detenido
2025-05-22 18:15:29,796 [INFO] Movimiento detenido
2025-05-22 18:15:29,889 [INFO] Lectura BMP390
2025-05-22 18:15:29,909 [INFO] Movimiento detenido
2025-05-22 18:15:30,020 [INFO] Movimiento detenido
2025-05-22 18:15:30,069 [INFO] Lectura LTR390
2025-05-22 18:15:30,073 [INFO] Lectura desde ESP32-S3 por serial
2025-05-22 18:15:30,131 [INFO] Movimiento detenido
2025-05-22 18:15:30,242 [INFO] Movimiento detenido
2025-05-22 18:15:30,353 [INFO] Movimiento detenido
2025-05-22 18:15:30,464 [INFO] Movimiento detenido
2025-05-22 18:15:30,575 [INFO] Movimiento detenido
2025-05-22 18:15:30,687 [INFO] Movimiento detenido
2025-05-22 18:15:30,799 [INFO] Movimiento detenido
2025-05-22 18:15:30,912 [INFO] Movimiento detenido
2025-05-22 18:15:31,025 [INFO] Movimiento detenido
2025-05-22 18:15:31,137 [INFO] Movimiento detenido
2025-05-22 18:15:31,250 [INFO] Movimiento detenido
2025-05-22 18:15:31,363 [INFO] Movimiento detenido
2025-05-22 18:15:31,475 [INFO] Movimiento detenido
2025-05-22 18:15:31,587 [INFO] Movimiento detenido
2025-05-22 18:15:31,698 [INFO] Movimiento detenido
2025-05-22 18:15:31,810 [INFO] Movimiento detenido
2025-05-22 18:15:31,922 [INFO] Movimiento detenido
2025-05-22 18:17:19,203 [INFO] Inicio del sistema
2025-05-22 18:17:20,266 [INFO] Movimiento detenido
2025-05-22 18:17:20,368 [INFO] Lectura BMP390
2025-05-22 18:17:20,386 [INFO] [31m[1mWARNING: This is a development server. Do not use it in a production deployment. Use a production WSGI server instead.[0m
 * Running on all addresses (0.0.0.0)
 * Running on http://127.0.0.1:5000
 * Running on http://192.168.95.239:5000
2025-05-22 18:17:20,387 [INFO] [33mPress CTRL+C to quit[0m
2025-05-22 18:17:20,462 [INFO] Movimiento detenido
2025-05-22 18:17:20,573 [INFO] Movimiento detenido
2025-05-22 18:17:20,584 [INFO] Lectura LTR390
2025-05-22 18:17:20,590 [WARNING] Lectura serial fallida o formato incorrecto
2025-05-22 18:17:20,594 [WARNING] GPS sin señal
2025-05-22 18:17:20,596 [INFO] Datos JSON preparados para envío
2025-05-22 18:17:20,688 [INFO] Movimiento detenido
2025-05-22 18:17:20,800 [INFO] Movimiento detenido
2025-05-22 18:17:20,911 [INFO] Movimiento detenido
2025-05-22 18:17:21,023 [INFO] Movimiento detenido
2025-05-22 18:17:21,134 [INFO] Movimiento detenido
2025-05-22 18:17:21,247 [INFO] Movimiento detenido
2025-05-22 18:17:21,359 [INFO] Movimiento detenido
2025-05-22 18:17:21,470 [INFO] Movimiento detenido
2025-05-22 18:17:21,582 [INFO] Movimiento detenido
2025-05-22 18:17:21,649 [INFO] Lectura BMP390
2025-05-22 18:17:21,696 [INFO] Movimiento detenido
2025-05-22 18:17:21,809 [INFO] Movimiento detenido
2025-05-22 18:17:21,830 [INFO] Lectura LTR390
2025-05-22 18:17:21,921 [INFO] Movimiento detenido
2025-05-22 18:17:22,033 [INFO] Movimiento detenido
2025-05-22 18:17:22,146 [INFO] Movimiento detenido
2025-05-22 18:17:22,258 [INFO] Movimiento detenido
2025-05-22 18:17:22,370 [INFO] Movimiento detenido
2025-05-22 18:17:22,421 [INFO] Lectura desde ESP32-S3 por serial
2025-05-22 18:17:22,482 [INFO] Movimiento detenido
2025-05-22 18:17:22,594 [INFO] Movimiento detenido
2025-05-22 18:17:22,706 [INFO] Movimiento detenido
2025-05-22 18:17:22,818 [INFO] Movimiento detenido
2025-05-22 18:17:22,929 [INFO] Movimiento detenido
2025-05-22 18:17:23,041 [INFO] Movimiento detenido
2025-05-22 18:17:23,153 [INFO] Movimiento detenido
2025-05-22 18:17:23,266 [INFO] Movimiento detenido
2025-05-22 18:17:23,380 [INFO] Movimiento detenido
2025-05-22 18:17:23,491 [INFO] Movimiento detenido
2025-05-22 18:17:23,602 [INFO] Movimiento detenido
2025-05-22 18:17:23,713 [INFO] Movimiento detenido
2025-05-22 18:17:23,824 [INFO] Movimiento detenido
2025-05-22 18:17:23,935 [INFO] Movimiento detenido
2025-05-22 18:17:24,046 [INFO] Movimiento detenido
2025-05-22 18:17:24,158 [INFO] Movimiento detenido
2025-05-22 18:17:24,270 [INFO] Movimiento detenido
2025-05-22 18:17:24,382 [INFO] Movimiento detenido
2025-05-22 18:17:24,495 [INFO] Movimiento detenido
2025-05-22 18:17:25,113 [INFO] 192.168.95.177 - - [22/May/2025 18:17:25] "POST /mover HTTP/1.1" 200 -
2025-05-22 18:17:25,114 [INFO] Movimiento hacia adelante
2025-05-22 18:17:25,725 [INFO] Movimiento hacia adelante
2025-05-22 18:17:26,335 [INFO] Movimiento hacia adelante
2025-05-22 18:17:26,689 [INFO] Lectura datos climáticos NASA
2025-05-22 18:17:26,693 [INFO] Datos JSON preparados para envío
2025-05-22 18:17:26,953 [INFO] Movimiento hacia adelante
2025-05-22 18:17:27,566 [INFO] Movimiento hacia adelante
2025-05-22 18:17:27,749 [INFO] Lectura BMP390
2025-05-22 18:17:27,937 [INFO] Lectura LTR390
2025-05-22 18:17:27,945 [INFO] Lectura desde ESP32-S3 por serial
2025-05-22 18:17:28,240 [INFO] Movimiento hacia adelante
2025-05-22 18:17:28,831 [INFO] Movimiento hacia adelante
2025-05-22 18:17:29,444 [INFO] Movimiento hacia adelante
2025-05-22 18:17:30,055 [INFO] Movimiento hacia adelante
2025-05-22 18:17:30,666 [INFO] Movimiento hacia adelante
2025-05-22 18:17:31,276 [INFO] Movimiento hacia adelante
2025-05-22 18:17:31,887 [INFO] Movimiento hacia adelante
2025-05-22 18:17:32,397 [INFO] Lectura datos climáticos NASA
2025-05-22 18:17:32,402 [INFO] Datos JSON preparados para envío
2025-05-22 18:17:32,513 [INFO] Movimiento hacia adelante
2025-05-22 18:17:33,099 [INFO] Movimiento hacia adelante
2025-05-22 18:17:33,465 [INFO] Lectura BMP390
2025-05-22 18:17:33,648 [INFO] Lectura LTR390
2025-05-22 18:17:33,651 [INFO] Lectura desde ESP32-S3 por serial
2025-05-22 18:17:33,744 [INFO] Movimiento hacia adelante
2025-05-22 18:17:34,349 [INFO] Movimiento hacia adelante
2025-05-22 18:17:34,940 [INFO] Movimiento hacia adelante
2025-05-22 18:17:35,533 [INFO] Movimiento hacia adelante
2025-05-22 18:17:36,147 [INFO] Movimiento hacia adelante
2025-05-22 18:17:36,762 [INFO] Movimiento hacia adelante
2025-05-22 18:17:37,376 [INFO] Lectura datos climáticos NASA
2025-05-22 18:17:37,378 [INFO] Datos JSON preparados para envío
2025-05-22 18:17:37,380 [INFO] Movimiento hacia adelante
2025-05-22 18:17:37,993 [INFO] Movimiento hacia adelante
2025-05-22 18:17:38,441 [INFO] Lectura BMP390
2025-05-22 18:17:38,628 [INFO] Lectura LTR390
2025-05-22 18:17:38,631 [INFO] Lectura desde ESP32-S3 por serial
2025-05-22 18:17:38,642 [INFO] Movimiento hacia adelante
2025-05-22 18:17:39,243 [INFO] Movimiento hacia adelante
2025-05-22 18:17:39,859 [INFO] Movimiento hacia adelante
2025-05-22 18:17:40,470 [INFO] Movimiento hacia adelante
2025-05-22 18:17:41,080 [INFO] Movimiento hacia adelante
2025-05-22 18:17:41,690 [INFO] Movimiento hacia adelante
2025-05-22 18:17:42,302 [INFO] Movimiento hacia adelante
2025-05-22 18:17:42,393 [INFO] Lectura datos climáticos NASA
2025-05-22 18:17:42,397 [INFO] Datos JSON preparados para envío
2025-05-22 18:17:42,925 [INFO] Movimiento hacia adelante
2025-05-22 18:17:43,460 [INFO] Lectura BMP390
2025-05-22 18:17:43,563 [INFO] Movimiento hacia adelante
2025-05-22 18:17:43,647 [INFO] Lectura LTR390
2025-05-22 18:17:43,650 [INFO] Lectura desde ESP32-S3 por serial
2025-05-22 18:17:44,181 [INFO] Movimiento hacia adelante
2025-05-22 18:19:17,535 [INFO] Inicio del sistema
2025-05-22 18:19:18,602 [INFO] Movimiento detenido
2025-05-22 18:19:18,678 [INFO] Lectura BMP390
2025-05-22 18:19:18,690 [INFO] [31m[1mWARNING: This is a development server. Do not use it in a production deployment. Use a production WSGI server instead.[0m
 * Running on all addresses (0.0.0.0)
 * Running on http://127.0.0.1:5000
 * Running on http://192.168.95.239:5000
2025-05-22 18:19:18,692 [INFO] [33mPress CTRL+C to quit[0m
2025-05-22 18:19:18,780 [INFO] Movimiento detenido
2025-05-22 18:19:18,894 [INFO] Movimiento detenido
2025-05-22 18:19:18,899 [INFO] Lectura LTR390
2025-05-22 18:19:18,906 [WARNING] Lectura serial fallida o formato incorrecto
2025-05-22 18:19:18,909 [WARNING] GPS sin señal
2025-05-22 18:19:18,913 [INFO] Datos JSON preparados para envío
2025-05-22 18:19:19,007 [INFO] Movimiento detenido
2025-05-22 18:19:19,132 [INFO] Movimiento detenido
2025-05-22 18:19:19,252 [INFO] Movimiento detenido
2025-05-22 18:19:19,364 [INFO] Movimiento detenido
2025-05-22 18:19:19,477 [INFO] Movimiento detenido
2025-05-22 18:19:19,593 [INFO] Movimiento detenido
2025-05-22 18:19:19,713 [INFO] Movimiento detenido
2025-05-22 18:19:19,829 [INFO] Movimiento detenido
2025-05-22 18:19:19,946 [INFO] Movimiento detenido
2025-05-22 18:19:19,970 [INFO] Lectura BMP390
2025-05-22 18:19:20,068 [INFO] Movimiento detenido
2025-05-22 18:19:20,155 [INFO] Lectura LTR390
2025-05-22 18:19:20,159 [INFO] Lectura desde ESP32-S3 por serial
2025-05-22 18:19:20,190 [INFO] Movimiento detenido
2025-05-22 18:19:20,305 [INFO] Movimiento detenido
2025-05-22 18:19:20,427 [INFO] Movimiento detenido
2025-05-22 18:19:20,543 [INFO] Movimiento detenido
2025-05-22 18:19:20,660 [INFO] Movimiento detenido
2025-05-22 18:19:20,777 [INFO] Movimiento detenido
2025-05-22 18:19:20,891 [INFO] Movimiento detenido
2025-05-22 18:19:21,008 [INFO] Movimiento detenido
2025-05-22 18:19:21,123 [INFO] Movimiento detenido
2025-05-22 18:19:21,239 [INFO] Movimiento detenido
2025-05-22 18:19:21,368 [INFO] Movimiento detenido
2025-05-22 18:19:21,486 [INFO] Movimiento detenido
2025-05-22 18:19:21,599 [INFO] Movimiento detenido
2025-05-22 18:19:21,714 [INFO] Movimiento detenido
2025-05-22 18:19:21,828 [INFO] Movimiento detenido
2025-05-22 18:19:21,941 [INFO] Movimiento detenido
2025-05-22 18:19:22,053 [INFO] Movimiento detenido
2025-05-22 18:19:22,111 [INFO] 192.168.95.177 - - [22/May/2025 18:19:22] "GET / HTTP/1.1" 200 -
2025-05-22 18:19:22,167 [INFO] Movimiento detenido
2025-05-22 18:19:22,282 [INFO] Movimiento detenido
2025-05-22 18:19:22,397 [INFO] Movimiento detenido
2025-05-22 18:19:22,518 [INFO] Movimiento detenido
2025-05-22 18:19:22,633 [INFO] Movimiento detenido
2025-05-22 18:19:22,748 [INFO] Movimiento detenido
2025-05-22 18:19:22,863 [INFO] Movimiento detenido
2025-05-22 18:19:22,983 [INFO] Movimiento detenido
2025-05-22 18:19:23,098 [INFO] Movimiento detenido
2025-05-22 18:19:23,212 [INFO] Movimiento detenido
2025-05-22 18:19:23,333 [INFO] Movimiento detenido
2025-05-22 18:19:23,447 [INFO] Movimiento detenido
2025-05-22 18:19:23,561 [INFO] Movimiento detenido
2025-05-22 18:19:23,675 [INFO] Movimiento detenido
2025-05-22 18:19:23,791 [INFO] Movimiento detenido
2025-05-22 18:19:23,911 [INFO] Movimiento detenido
2025-05-22 18:19:24,031 [INFO] Movimiento detenido
2025-05-22 18:19:24,161 [INFO] Movimiento detenido
2025-05-22 18:19:24,195 [INFO] Lectura datos climáticos NASA
2025-05-22 18:19:24,199 [INFO] Datos JSON preparados para envío
2025-05-22 18:19:24,276 [INFO] Movimiento detenido
2025-05-22 18:19:24,393 [INFO] Movimiento detenido
2025-05-22 18:19:24,508 [INFO] Movimiento detenido
2025-05-22 18:19:24,621 [INFO] Movimiento detenido
2025-05-22 18:19:24,742 [INFO] Movimiento detenido
2025-05-22 18:19:24,855 [INFO] Movimiento detenido
2025-05-22 18:19:24,969 [INFO] Movimiento detenido
2025-05-22 18:19:25,084 [INFO] Movimiento detenido
2025-05-22 18:19:25,199 [INFO] Movimiento detenido
2025-05-22 18:19:25,253 [INFO] Lectura BMP390
2025-05-22 18:19:25,315 [INFO] Movimiento detenido
2025-05-22 18:19:25,432 [INFO] Movimiento detenido
2025-05-22 18:19:25,441 [INFO] Lectura LTR390
2025-05-22 18:19:25,446 [INFO] Lectura desde ESP32-S3 por serial
2025-05-22 18:19:25,550 [INFO] Movimiento detenido
2025-05-22 18:19:25,665 [INFO] Movimiento detenido
2025-05-22 18:19:25,778 [INFO] Movimiento detenido
2025-05-22 18:19:25,892 [INFO] Movimiento detenido
2025-05-22 18:19:26,012 [INFO] Movimiento detenido
2025-05-22 18:19:26,127 [INFO] Movimiento detenido
2025-05-22 18:19:26,261 [INFO] Movimiento detenido
2025-05-22 18:19:26,375 [INFO] Movimiento detenido
2025-05-22 18:19:28,914 [INFO] Lectura datos climáticos NASA
2025-05-22 18:19:28,917 [INFO] Datos JSON preparados para envío
2025-05-22 18:19:29,925 [INFO] 192.168.95.177 - - [22/May/2025 18:19:29] "POST /mover HTTP/1.1" 200 -
2025-05-22 18:19:29,926 [INFO] Movimiento hacia adelante
2025-05-22 18:19:29,973 [INFO] Lectura BMP390
2025-05-22 18:19:30,174 [INFO] Lectura LTR390
2025-05-22 18:19:30,181 [INFO] Lectura desde ESP32-S3 por serial
2025-05-22 18:19:33,496 [INFO] Movimiento hacia adelante
2025-05-22 18:19:34,155 [INFO] Lectura datos climáticos NASA
2025-05-22 18:19:34,159 [INFO] Datos JSON preparados para envío
2025-05-22 18:19:35,224 [INFO] Lectura BMP390
2025-05-22 18:19:35,415 [INFO] Lectura LTR390
2025-05-22 18:19:35,421 [INFO] Lectura desde ESP32-S3 por serial
2025-05-22 18:19:37,244 [INFO] Movimiento hacia adelante
2025-05-22 18:19:39,487 [INFO] Lectura datos climáticos NASA
2025-05-22 18:19:39,493 [INFO] Datos JSON preparados para envío
2025-05-22 18:19:40,550 [INFO] Lectura BMP390
2025-05-22 18:19:40,723 [INFO] Movimiento hacia adelante
2025-05-22 18:19:40,743 [INFO] Lectura LTR390
2025-05-22 18:19:40,750 [INFO] Lectura desde ESP32-S3 por serial
2025-05-22 18:19:42,208 [INFO] 192.168.95.177 - - [22/May/2025 18:19:42] "POST /mover HTTP/1.1" 200 -
2025-05-22 18:19:43,932 [INFO] Movimiento detenido
2025-05-22 18:19:44,044 [INFO] Movimiento detenido
2025-05-22 18:19:44,157 [INFO] Movimiento detenido
2025-05-22 18:19:44,269 [INFO] Movimiento detenido
2025-05-22 18:19:44,382 [INFO] Movimiento detenido
2025-05-22 18:19:44,494 [INFO] Movimiento detenido
2025-05-22 18:19:44,607 [INFO] Movimiento detenido
2025-05-22 18:19:44,719 [INFO] Movimiento detenido
2025-05-22 18:19:44,833 [INFO] Movimiento detenido
2025-05-22 18:19:44,945 [INFO] Movimiento detenido
2025-05-22 18:19:45,056 [INFO] Lectura datos climáticos NASA
2025-05-22 18:19:45,059 [INFO] Datos JSON preparados para envío
2025-05-22 18:19:45,060 [INFO] Movimiento detenido
2025-05-22 18:19:45,177 [INFO] Movimiento detenido
2025-05-22 18:19:45,289 [INFO] Movimiento detenido
2025-05-22 18:19:45,402 [INFO] Movimiento detenido
2025-05-22 18:19:45,515 [INFO] Movimiento detenido
2025-05-22 18:19:45,628 [INFO] Movimiento detenido
2025-05-22 18:19:45,740 [INFO] Movimiento detenido
2025-05-22 18:19:45,852 [INFO] Movimiento detenido
2025-05-22 18:19:45,964 [INFO] Movimiento detenido
2025-05-22 18:19:46,076 [INFO] Movimiento detenido
2025-05-22 18:19:46,118 [INFO] Lectura BMP390
2025-05-22 18:19:46,192 [INFO] Movimiento detenido
2025-05-22 18:19:46,300 [INFO] Lectura LTR390
2025-05-22 18:19:46,305 [INFO] Movimiento detenido
2025-05-22 18:19:46,308 [INFO] Lectura desde ESP32-S3 por serial
2025-05-22 18:19:46,431 [INFO] Movimiento detenido
2025-05-22 18:19:46,544 [INFO] Movimiento detenido
2025-05-22 18:19:46,656 [INFO] Movimiento detenido
2025-05-22 18:19:46,769 [INFO] Movimiento detenido
2025-05-22 18:19:46,881 [INFO] Movimiento detenido
2025-05-22 18:19:46,993 [INFO] Movimiento detenido
2025-05-22 18:19:47,105 [INFO] Movimiento detenido
2025-05-22 18:19:47,218 [INFO] Movimiento detenido
2025-05-22 18:19:47,330 [INFO] Movimiento detenido
2025-05-22 18:19:47,443 [INFO] Movimiento detenido
2025-05-22 18:19:47,555 [INFO] Movimiento detenido
2025-05-22 18:19:47,667 [INFO] Movimiento detenido
2025-05-22 18:19:47,779 [INFO] Movimiento detenido
2025-05-22 18:19:47,892 [INFO] Movimiento detenido
2025-05-22 18:19:48,004 [INFO] Movimiento detenido
2025-05-22 18:19:48,116 [INFO] Movimiento detenido
2025-05-22 18:19:48,228 [INFO] Movimiento detenido
2025-05-22 18:19:48,340 [INFO] Movimiento detenido
2025-05-22 18:19:48,452 [INFO] Movimiento detenido
2025-05-22 18:19:48,565 [INFO] Movimiento detenido
2025-05-22 18:19:48,676 [INFO] Movimiento detenido
2025-05-22 18:19:48,789 [INFO] Movimiento detenido
2025-05-22 18:19:48,901 [INFO] Movimiento detenido
2025-05-22 18:19:49,013 [INFO] Movimiento detenido
2025-05-22 18:19:49,125 [INFO] Movimiento detenido
2025-05-22 18:19:49,238 [INFO] Movimiento detenido
2025-05-22 18:19:49,350 [INFO] Movimiento detenido
2025-05-22 18:19:49,462 [INFO] Movimiento detenido
2025-05-22 18:19:49,574 [INFO] Movimiento detenido
2025-05-22 18:19:49,686 [INFO] Movimiento detenido
2025-05-22 18:19:49,799 [INFO] Movimiento detenido
2025-05-22 18:19:49,911 [INFO] Movimiento detenido
2025-05-22 18:19:50,022 [INFO] Movimiento detenido
2025-05-22 18:19:50,084 [INFO] Lectura datos climáticos NASA
2025-05-22 18:19:50,087 [INFO] Datos JSON preparados para envío
2025-05-22 18:19:50,134 [INFO] Movimiento detenido
2025-05-22 18:19:50,247 [INFO] Movimiento detenido
2025-05-22 18:19:50,360 [INFO] Movimiento detenido
2025-05-22 18:19:50,472 [INFO] Movimiento detenido
2025-05-22 18:19:50,585 [INFO] Movimiento detenido
2025-05-22 18:19:50,697 [INFO] Movimiento detenido
2025-05-22 18:19:50,809 [INFO] Movimiento detenido
2025-05-22 18:19:50,923 [INFO] Movimiento detenido
2025-05-22 18:19:51,036 [INFO] Movimiento detenido
2025-05-22 18:19:51,140 [INFO] Lectura BMP390
2025-05-22 18:19:51,148 [INFO] Movimiento detenido
2025-05-22 18:19:51,263 [INFO] Movimiento detenido
2025-05-22 18:19:51,323 [INFO] Lectura LTR390
2025-05-22 18:19:51,329 [INFO] Lectura desde ESP32-S3 por serial
2025-05-22 18:19:51,377 [INFO] Movimiento detenido
2025-05-22 18:19:51,491 [INFO] Movimiento detenido
2025-05-22 18:19:51,603 [INFO] Movimiento detenido
2025-05-22 18:19:51,715 [INFO] Movimiento detenido
2025-05-22 18:19:51,827 [INFO] Movimiento detenido
2025-05-22 18:19:51,940 [INFO] Movimiento detenido
2025-05-22 18:19:52,053 [INFO] Movimiento detenido
2025-05-22 18:19:52,165 [INFO] Movimiento detenido
2025-05-22 18:19:52,277 [INFO] Movimiento detenido
2025-05-22 18:19:52,390 [INFO] Movimiento detenido
2025-05-22 18:19:52,507 [INFO] Movimiento detenido
2025-05-22 18:19:52,620 [INFO] Movimiento detenido
2025-05-22 18:19:52,733 [INFO] Movimiento detenido
2025-05-22 18:19:52,845 [INFO] Movimiento detenido
2025-05-22 18:19:52,959 [INFO] Movimiento detenido
2025-05-22 18:19:53,077 [INFO] Movimiento detenido
2025-05-22 18:19:53,194 [INFO] Movimiento detenido
2025-05-22 18:19:53,310 [INFO] Movimiento detenido
2025-05-22 18:19:53,441 [INFO] Movimiento detenido
2025-05-22 18:19:53,568 [INFO] Movimiento detenido
2025-05-22 18:19:53,706 [INFO] Movimiento detenido
2025-05-22 18:19:53,827 [INFO] Movimiento detenido
2025-05-22 18:19:53,958 [INFO] Movimiento detenido
2025-05-22 18:19:54,071 [INFO] Movimiento detenido
2025-05-22 18:19:54,189 [INFO] Movimiento detenido
2025-05-22 18:19:54,312 [INFO] Movimiento detenido
2025-05-22 18:19:54,424 [INFO] Movimiento detenido
2025-05-22 18:19:54,536 [INFO] Movimiento detenido
2025-05-22 18:19:54,648 [INFO] Movimiento detenido
2025-05-22 18:19:54,762 [INFO] Movimiento detenido
2025-05-22 18:19:54,874 [INFO] Movimiento detenido
2025-05-22 18:19:54,987 [INFO] Movimiento detenido
2025-05-22 18:19:55,065 [INFO] Lectura datos climáticos NASA
2025-05-22 18:19:55,069 [INFO] Datos JSON preparados para envío
2025-05-22 18:19:55,102 [INFO] Movimiento detenido
2025-05-22 18:19:55,217 [INFO] Movimiento detenido
2025-05-22 18:19:55,330 [INFO] Movimiento detenido
2025-05-22 18:19:55,442 [INFO] Movimiento detenido
2025-05-22 18:19:55,555 [INFO] Movimiento detenido
2025-05-22 18:19:55,669 [INFO] Movimiento detenido
2025-05-22 18:19:55,791 [INFO] Movimiento detenido
2025-05-22 18:19:55,917 [INFO] Movimiento detenido
2025-05-22 18:19:56,032 [INFO] Movimiento detenido
2025-05-22 18:19:56,123 [INFO] Lectura BMP390
2025-05-22 18:19:56,146 [INFO] Movimiento detenido
2025-05-22 18:19:56,259 [INFO] Movimiento detenido
2025-05-22 18:19:56,312 [INFO] Lectura LTR390
2025-05-22 18:19:56,316 [INFO] Lectura desde ESP32-S3 por serial
2025-05-22 18:19:56,376 [INFO] Movimiento detenido
2025-05-22 18:19:56,489 [INFO] Movimiento detenido
2025-05-22 18:19:56,602 [INFO] Movimiento detenido
2025-05-22 18:19:56,715 [INFO] Movimiento detenido
2025-05-22 18:19:56,828 [INFO] Movimiento detenido
2025-05-22 18:19:56,941 [INFO] Movimiento detenido
2025-05-22 18:19:57,056 [INFO] Movimiento detenido
2025-05-22 18:19:57,171 [INFO] Movimiento detenido
2025-05-22 18:19:57,284 [INFO] Movimiento detenido
2025-05-22 18:19:57,397 [INFO] Movimiento detenido
2025-05-22 18:19:57,510 [INFO] Movimiento detenido
2025-05-22 18:19:57,632 [INFO] Movimiento detenido
2025-05-22 18:19:57,747 [INFO] Movimiento detenido
2025-05-22 18:19:57,872 [INFO] Movimiento detenido
2025-05-22 18:19:57,986 [INFO] Movimiento detenido
2025-05-22 18:19:58,109 [INFO] Movimiento detenido
2025-05-22 18:19:58,222 [INFO] Movimiento detenido
2025-05-22 18:19:58,335 [INFO] Movimiento detenido
2025-05-22 18:19:58,447 [INFO] Movimiento detenido
2025-05-22 18:19:58,559 [INFO] Movimiento detenido
2025-05-22 18:19:58,671 [INFO] Movimiento detenido
2025-05-22 18:19:58,784 [INFO] Movimiento detenido
2025-05-22 18:19:58,897 [INFO] Movimiento detenido
2025-05-22 18:19:59,010 [INFO] Movimiento detenido
2025-05-22 18:19:59,122 [INFO] Movimiento detenido
2025-05-22 18:19:59,235 [INFO] Movimiento detenido
2025-05-22 18:19:59,348 [INFO] Movimiento detenido
2025-05-22 18:19:59,460 [INFO] Movimiento detenido
2025-05-22 18:19:59,572 [INFO] Movimiento detenido
2025-05-22 18:19:59,684 [INFO] Movimiento detenido
2025-05-22 18:19:59,797 [INFO] Movimiento detenido
2025-05-22 18:19:59,909 [INFO] Movimiento detenido
2025-05-22 18:20:00,022 [INFO] Movimiento detenido
2025-05-22 18:20:00,134 [INFO] Movimiento detenido
2025-05-22 18:20:00,246 [INFO] Movimiento detenido
2025-05-22 18:20:00,352 [INFO] Lectura datos climáticos NASA
2025-05-22 18:20:00,355 [INFO] Datos JSON preparados para envío
2025-05-22 18:20:00,358 [INFO] Movimiento detenido
2025-05-22 18:20:00,469 [INFO] Movimiento detenido
2025-05-22 18:20:00,600 [INFO] Movimiento detenido
2025-05-22 18:20:00,712 [INFO] Movimiento detenido
2025-05-22 18:20:00,827 [INFO] Movimiento detenido
2025-05-22 18:20:00,940 [INFO] Movimiento detenido
2025-05-22 18:20:01,052 [INFO] Movimiento detenido
2025-05-22 18:20:01,164 [INFO] Movimiento detenido
2025-05-22 18:20:01,276 [INFO] Movimiento detenido
2025-05-22 18:20:01,388 [INFO] Movimiento detenido
2025-05-22 18:20:01,407 [INFO] Lectura BMP390
2025-05-22 18:20:01,502 [INFO] Movimiento detenido
2025-05-22 18:20:01,590 [INFO] Lectura LTR390
2025-05-22 18:20:01,594 [INFO] Lectura desde ESP32-S3 por serial
2025-05-22 18:20:01,615 [INFO] Movimiento detenido
2025-05-22 18:20:01,727 [INFO] Movimiento detenido
2025-05-22 18:20:01,841 [INFO] Movimiento detenido
2025-05-22 18:20:01,953 [INFO] Movimiento detenido
2025-05-22 18:20:02,066 [INFO] Movimiento detenido
2025-05-22 18:20:02,178 [INFO] Movimiento detenido
2025-05-22 18:20:02,290 [INFO] Movimiento detenido
2025-05-22 18:20:02,405 [INFO] Movimiento detenido
2025-05-22 18:20:02,517 [INFO] Movimiento detenido
2025-05-22 18:20:02,629 [INFO] Movimiento detenido
2025-05-22 18:20:02,742 [INFO] Movimiento detenido
2025-05-22 18:20:02,854 [INFO] Movimiento detenido
2025-05-22 18:50:33,561 [INFO] Inicio del sistema
2025-05-22 18:50:34,626 [INFO] Movimiento detenido
2025-05-22 18:50:34,695 [INFO] Lectura BMP390
2025-05-22 18:50:34,732 [INFO] [31m[1mWARNING: This is a development server. Do not use it in a production deployment. Use a production WSGI server instead.[0m
 * Running on all addresses (0.0.0.0)
 * Running on http://127.0.0.1:5000
 * Running on http://192.168.95.239:5000
2025-05-22 18:50:34,733 [INFO] [33mPress CTRL+C to quit[0m
2025-05-22 18:50:34,796 [INFO] Movimiento detenido
2025-05-22 18:50:34,921 [INFO] Movimiento detenido
2025-05-22 18:50:34,937 [INFO] Lectura LTR390
2025-05-22 18:50:35,039 [INFO] Movimiento detenido
2025-05-22 18:50:35,114 [WARNING] Lectura serial fallida o formato incorrecto
2025-05-22 18:50:35,118 [WARNING] GPS sin señal
2025-05-22 18:50:35,121 [INFO] Datos JSON preparados para envío
2025-05-22 18:50:35,152 [INFO] Movimiento detenido
2025-05-22 18:50:35,266 [INFO] Movimiento detenido
2025-05-22 18:50:35,378 [INFO] Movimiento detenido
2025-05-22 18:50:35,491 [INFO] Movimiento detenido
2025-05-22 18:50:35,609 [INFO] Movimiento detenido
2025-05-22 18:50:35,723 [INFO] Movimiento detenido
2025-05-22 18:50:35,838 [INFO] Movimiento detenido
2025-05-22 18:50:35,953 [INFO] Movimiento detenido
2025-05-22 18:50:36,066 [INFO] Movimiento detenido
2025-05-22 18:50:36,174 [INFO] Lectura BMP390
2025-05-22 18:50:36,181 [INFO] Movimiento detenido
2025-05-22 18:50:36,293 [INFO] Movimiento detenido
2025-05-22 18:50:36,360 [INFO] Lectura LTR390
2025-05-22 18:50:36,407 [INFO] Movimiento detenido
2025-05-22 18:50:36,522 [INFO] Movimiento detenido
2025-05-22 18:50:36,635 [INFO] Movimiento detenido
2025-05-22 18:50:36,750 [INFO] Movimiento detenido
2025-05-22 18:50:36,863 [INFO] Movimiento detenido
2025-05-22 18:50:36,976 [INFO] Movimiento detenido
2025-05-22 18:50:37,090 [INFO] Movimiento detenido
2025-05-22 18:50:37,202 [INFO] Movimiento detenido
2025-05-22 18:50:37,286 [INFO] Lectura desde ESP32-S3 por serial
2025-05-22 18:50:37,316 [INFO] Movimiento detenido
2025-05-22 18:50:37,429 [INFO] Movimiento detenido
2025-05-22 18:50:37,548 [INFO] Movimiento detenido
2025-05-22 18:50:37,662 [INFO] Movimiento detenido
2025-05-22 18:50:37,776 [INFO] Movimiento detenido
2025-05-22 18:50:37,889 [INFO] Movimiento detenido
2025-05-22 18:50:38,003 [INFO] Movimiento detenido
2025-05-22 18:50:38,116 [INFO] Movimiento detenido
2025-05-22 18:50:38,232 [INFO] Movimiento detenido
2025-05-22 18:50:38,346 [INFO] Movimiento detenido
2025-05-22 18:50:38,459 [INFO] Movimiento detenido
2025-05-22 18:50:38,579 [INFO] Movimiento detenido
2025-05-22 18:50:38,693 [INFO] Movimiento detenido
2025-05-22 18:50:38,807 [INFO] Movimiento detenido
2025-05-22 18:50:38,921 [INFO] Movimiento detenido
2025-05-22 18:50:39,036 [INFO] Movimiento detenido
2025-05-22 18:50:39,152 [INFO] Movimiento detenido
2025-05-22 18:50:39,266 [INFO] Movimiento detenido
2025-05-22 18:50:39,380 [INFO] Movimiento detenido
2025-05-22 18:50:39,494 [INFO] Movimiento detenido
2025-05-22 18:50:39,608 [INFO] Movimiento detenido
2025-05-22 18:50:39,722 [INFO] Movimiento detenido
2025-05-22 18:50:39,838 [INFO] Movimiento detenido
2025-05-22 18:50:39,966 [INFO] Movimiento detenido
2025-05-22 18:50:40,084 [INFO] Movimiento detenido
2025-05-22 18:50:40,200 [INFO] Movimiento detenido
2025-05-22 18:50:40,315 [INFO] Movimiento detenido
2025-05-22 18:50:40,429 [INFO] Movimiento detenido
2025-05-22 18:50:40,543 [INFO] Movimiento detenido
2025-05-22 18:50:40,657 [INFO] Movimiento detenido
2025-05-22 18:50:40,771 [INFO] Movimiento detenido
2025-05-22 18:50:41,951 [INFO] Lectura datos climáticos NASA
2025-05-22 18:50:41,957 [INFO] Datos JSON preparados para envío
2025-05-22 18:50:43,017 [INFO] Lectura BMP390
2025-05-22 18:50:43,214 [INFO] Lectura LTR390
2025-05-22 18:50:43,219 [INFO] Lectura desde ESP32-S3 por serial
2025-05-22 18:50:44,092 [INFO] 192.168.95.177 - - [22/May/2025 18:50:44] "POST /mover HTTP/1.1" 200 -
2025-05-22 18:50:44,094 [INFO] Movimiento hacia adelante
2025-05-22 18:50:46,860 [INFO] Lectura datos climáticos NASA
2025-05-22 18:50:46,865 [INFO] Datos JSON preparados para envío
2025-05-22 18:50:47,463 [INFO] Movimiento hacia adelante
2025-05-22 18:50:47,927 [INFO] Lectura BMP390
2025-05-22 18:50:48,118 [INFO] Lectura LTR390
2025-05-22 18:50:48,123 [INFO] Lectura desde ESP32-S3 por serial
2025-05-22 18:50:49,993 [INFO] 192.168.95.177 - - [22/May/2025 18:50:49] "POST /mover HTTP/1.1" 200 -
2025-05-22 18:50:51,095 [INFO] Movimiento detenido
2025-05-22 18:50:51,208 [INFO] Movimiento detenido
2025-05-22 18:50:51,320 [INFO] Movimiento detenido
2025-05-22 18:50:51,431 [INFO] Movimiento detenido
2025-05-22 18:50:51,543 [INFO] Movimiento detenido
2025-05-22 18:50:51,660 [INFO] Movimiento detenido
2025-05-22 18:50:51,775 [INFO] Movimiento detenido
2025-05-22 18:50:51,889 [INFO] Movimiento detenido
2025-05-22 18:50:52,001 [INFO] Movimiento detenido
2025-05-22 18:50:52,113 [INFO] Movimiento detenido
2025-05-22 18:50:52,135 [INFO] Lectura datos climáticos NASA
2025-05-22 18:50:52,143 [INFO] Datos JSON preparados para envío
2025-05-22 18:50:52,235 [INFO] Movimiento detenido
2025-05-22 18:50:52,355 [INFO] Movimiento detenido
2025-05-22 18:50:52,475 [INFO] Movimiento detenido
2025-05-22 18:50:52,587 [INFO] Movimiento detenido
2025-05-22 18:50:52,701 [INFO] Movimiento detenido
2025-05-22 18:50:52,819 [INFO] Movimiento detenido
2025-05-22 18:50:52,934 [INFO] Movimiento detenido
2025-05-22 18:50:53,047 [INFO] Movimiento detenido
2025-05-22 18:50:53,161 [INFO] Movimiento detenido
2025-05-22 18:50:53,207 [INFO] Lectura BMP390
2025-05-22 18:50:53,281 [INFO] Movimiento detenido
2025-05-22 18:50:53,398 [INFO] Movimiento detenido
2025-05-22 18:50:53,400 [INFO] Lectura LTR390
2025-05-22 18:50:53,404 [INFO] Lectura desde ESP32-S3 por serial
2025-05-22 18:50:53,520 [INFO] Movimiento detenido
2025-05-22 18:50:53,635 [INFO] Movimiento detenido
2025-05-22 18:50:53,752 [INFO] Movimiento detenido
2025-05-22 18:50:53,872 [INFO] Movimiento detenido
2025-05-22 18:50:53,986 [INFO] Movimiento detenido
2025-05-22 18:50:54,100 [INFO] Movimiento detenido
2025-05-22 18:50:54,213 [INFO] Movimiento detenido
2025-05-22 18:50:54,330 [INFO] Movimiento detenido
2025-05-22 18:50:54,445 [INFO] Movimiento detenido
2025-05-22 18:50:54,562 [INFO] Movimiento detenido
2025-05-22 18:50:54,678 [INFO] Movimiento detenido
2025-05-22 18:50:54,793 [INFO] Movimiento detenido
2025-05-22 18:50:54,917 [INFO] Movimiento detenido
2025-05-22 18:50:55,032 [INFO] Movimiento detenido
2025-05-22 18:50:55,147 [INFO] Movimiento detenido
2025-05-22 18:50:55,266 [INFO] Movimiento detenido
2025-05-22 18:50:55,393 [INFO] Movimiento detenido
2025-05-22 18:50:55,506 [INFO] Movimiento detenido
2025-05-22 18:50:55,621 [INFO] Movimiento detenido
2025-05-22 18:50:55,735 [INFO] Movimiento detenido
2025-05-22 18:50:55,850 [INFO] Movimiento detenido
2025-05-22 18:50:55,964 [INFO] Movimiento detenido
2025-05-22 18:50:56,079 [INFO] Movimiento detenido
2025-05-22 18:50:56,195 [INFO] Movimiento detenido
2025-05-22 18:50:56,308 [INFO] Movimiento detenido
2025-05-22 18:50:56,421 [INFO] Movimiento detenido
2025-05-22 18:50:56,535 [INFO] Movimiento detenido
2025-05-22 18:50:56,649 [INFO] Movimiento detenido
2025-05-22 18:50:56,763 [INFO] Movimiento detenido
2025-05-22 18:50:56,876 [INFO] Movimiento detenido
2025-05-22 18:50:56,904 [INFO] Lectura datos climáticos NASA
2025-05-22 18:50:56,910 [INFO] Datos JSON preparados para envío
2025-05-22 18:50:56,989 [INFO] Movimiento detenido
2025-05-22 18:50:57,103 [INFO] Movimiento detenido
2025-05-22 18:50:57,216 [INFO] Movimiento detenido
2025-05-22 18:50:57,330 [INFO] Movimiento detenido
2025-05-22 18:50:57,444 [INFO] Movimiento detenido
2025-05-22 18:50:57,557 [INFO] Movimiento detenido
2025-05-22 18:50:57,671 [INFO] Movimiento detenido
2025-05-22 18:50:57,785 [INFO] Movimiento detenido
2025-05-22 18:52:57,858 [INFO] Inicio del sistema
2025-05-22 18:52:58,922 [INFO] Movimiento detenido
2025-05-22 18:52:59,018 [INFO] Lectura BMP390
2025-05-22 18:52:59,035 [INFO] [31m[1mWARNING: This is a development server. Do not use it in a production deployment. Use a production WSGI server instead.[0m
 * Running on all addresses (0.0.0.0)
 * Running on http://127.0.0.1:5000
 * Running on http://192.168.95.239:5000
2025-05-22 18:52:59,036 [INFO] [33mPress CTRL+C to quit[0m
2025-05-22 18:52:59,117 [INFO] Movimiento detenido
2025-05-22 18:52:59,229 [INFO] Movimiento detenido
2025-05-22 18:52:59,245 [INFO] Lectura LTR390
2025-05-22 18:52:59,251 [WARNING] Lectura serial fallida o formato incorrecto
2025-05-22 18:52:59,253 [WARNING] GPS sin señal
2025-05-22 18:52:59,256 [INFO] Datos JSON preparados para envío
2025-05-22 18:52:59,342 [INFO] Movimiento detenido
2025-05-22 18:52:59,453 [INFO] Movimiento detenido
2025-05-22 18:52:59,565 [INFO] Movimiento detenido
2025-05-22 18:52:59,676 [INFO] Movimiento detenido
2025-05-22 18:52:59,788 [INFO] Movimiento detenido
2025-05-22 18:52:59,901 [INFO] Movimiento detenido
2025-05-22 18:53:00,013 [INFO] Movimiento detenido
2025-05-22 18:53:00,126 [INFO] Movimiento detenido
2025-05-22 18:53:00,238 [INFO] Movimiento detenido
2025-05-22 18:53:00,311 [INFO] Lectura BMP390
2025-05-22 18:53:00,352 [INFO] Movimiento detenido
2025-05-22 18:53:00,464 [INFO] Movimiento detenido
2025-05-22 18:53:00,495 [INFO] Lectura LTR390
2025-05-22 18:53:00,579 [INFO] Movimiento detenido
2025-05-22 18:53:00,691 [INFO] Movimiento detenido
2025-05-22 18:53:00,804 [INFO] Movimiento detenido
2025-05-22 18:53:00,916 [INFO] Movimiento detenido
2025-05-22 18:53:00,978 [INFO] Lectura desde ESP32-S3 por serial
2025-05-22 18:53:01,028 [INFO] Movimiento detenido
2025-05-22 18:53:01,152 [INFO] Movimiento detenido
2025-05-22 18:53:01,265 [INFO] Movimiento detenido
2025-05-22 18:53:01,377 [INFO] Movimiento detenido
2025-05-22 18:53:01,491 [INFO] Movimiento detenido
2025-05-22 18:53:01,605 [INFO] Movimiento detenido
2025-05-22 18:53:01,717 [INFO] Movimiento detenido
2025-05-22 18:53:01,832 [INFO] Movimiento detenido
2025-05-22 18:53:01,944 [INFO] Movimiento detenido
2025-05-22 18:53:02,057 [INFO] Movimiento detenido
2025-05-22 18:53:02,169 [INFO] Movimiento detenido
2025-05-22 18:53:02,282 [INFO] Movimiento detenido
2025-05-22 18:53:02,394 [INFO] Movimiento detenido
2025-05-22 18:53:02,506 [INFO] Movimiento detenido
2025-05-22 18:53:02,618 [INFO] Movimiento detenido
2025-05-22 18:53:02,731 [INFO] Movimiento detenido
2025-05-22 18:53:02,842 [INFO] Movimiento detenido
2025-05-22 18:53:02,954 [INFO] Movimiento detenido
2025-05-22 18:53:03,068 [INFO] Movimiento detenido
2025-05-22 18:53:03,182 [INFO] Movimiento detenido
2025-05-22 18:53:03,295 [INFO] Movimiento detenido
2025-05-22 18:53:03,408 [INFO] Movimiento detenido
2025-05-22 18:53:03,521 [INFO] Movimiento detenido
2025-05-22 18:53:03,635 [INFO] Movimiento detenido
2025-05-22 18:53:03,747 [INFO] Movimiento detenido
2025-05-22 18:53:03,860 [INFO] Movimiento detenido
2025-05-22 18:53:03,992 [INFO] Movimiento detenido
2025-05-22 18:53:04,103 [INFO] Movimiento detenido
2025-05-22 18:53:04,215 [INFO] Movimiento detenido
2025-05-22 18:53:04,328 [INFO] Movimiento detenido
2025-05-22 18:53:04,440 [INFO] Movimiento detenido
2025-05-22 18:53:04,555 [INFO] Movimiento detenido
2025-05-22 18:53:04,666 [INFO] Movimiento detenido
2025-05-22 18:53:04,783 [INFO] Movimiento detenido
2025-05-22 18:53:04,897 [INFO] Movimiento detenido
2025-05-22 18:53:04,921 [INFO] Lectura datos climáticos NASA
2025-05-22 18:53:04,927 [INFO] Datos JSON preparados para envío
2025-05-22 18:53:05,989 [INFO] Lectura BMP390
2025-05-22 18:53:06,186 [INFO] Lectura LTR390
2025-05-22 18:53:06,192 [INFO] Lectura desde ESP32-S3 por serial
2025-05-22 18:53:08,118 [INFO] 192.168.95.177 - - [22/May/2025 18:53:08] "POST /mover HTTP/1.1" 200 -
2025-05-22 18:53:08,119 [INFO] Movimiento hacia adelante
2025-05-22 18:53:10,437 [INFO] Lectura datos climáticos NASA
2025-05-22 18:53:10,441 [INFO] Datos JSON preparados para envío
2025-05-22 18:53:11,294 [INFO] Movimiento hacia adelante
2025-05-22 18:53:11,502 [INFO] Lectura BMP390
2025-05-22 18:53:11,693 [INFO] Lectura LTR390
2025-05-22 18:53:11,701 [INFO] Lectura desde ESP32-S3 por serial
2025-05-22 18:53:14,539 [INFO] Movimiento hacia adelante
2025-05-22 18:53:16,053 [INFO] Lectura datos climáticos NASA
2025-05-22 18:53:16,056 [INFO] Datos JSON preparados para envío
2025-05-22 18:53:17,115 [INFO] Lectura BMP390
2025-05-22 18:53:17,315 [INFO] Lectura LTR390
2025-05-22 18:53:17,319 [INFO] Lectura desde ESP32-S3 por serial
2025-05-22 18:53:17,789 [INFO] Movimiento hacia adelante
2025-05-22 18:53:20,909 [INFO] Movimiento hacia adelante
2025-05-22 18:53:21,724 [INFO] Lectura datos climáticos NASA
2025-05-22 18:53:21,728 [INFO] Datos JSON preparados para envío
2025-05-22 18:53:22,789 [INFO] Lectura BMP390
2025-05-22 18:53:22,997 [INFO] Lectura LTR390
2025-05-22 18:53:23,004 [INFO] Lectura desde ESP32-S3 por serial
2025-05-22 18:53:24,133 [INFO] Movimiento hacia adelante
2025-05-22 18:53:26,610 [INFO] Lectura datos climáticos NASA
2025-05-22 18:53:26,614 [INFO] Datos JSON preparados para envío
2025-05-22 18:53:27,306 [INFO] Movimiento hacia adelante
2025-05-22 18:53:27,397 [INFO] 192.168.95.177 - - [22/May/2025 18:53:27] "POST /mover HTTP/1.1" 200 -
2025-05-22 18:53:27,669 [INFO] Lectura BMP390
2025-05-22 18:53:27,859 [INFO] Lectura LTR390
2025-05-22 18:53:27,865 [INFO] Lectura desde ESP32-S3 por serial
2025-05-22 18:53:30,528 [INFO] Movimiento detenido
2025-05-22 18:53:30,641 [INFO] Movimiento detenido
2025-05-22 18:53:30,754 [INFO] Movimiento detenido
2025-05-22 18:53:30,867 [INFO] Movimiento detenido
2025-05-22 18:53:30,981 [INFO] Movimiento detenido
2025-05-22 18:53:31,093 [INFO] Movimiento detenido
2025-05-22 18:53:31,206 [INFO] Movimiento detenido
2025-05-22 18:53:31,323 [INFO] Movimiento detenido
2025-05-22 18:53:31,435 [INFO] Movimiento detenido
2025-05-22 18:53:31,548 [INFO] Movimiento detenido
2025-05-22 18:53:31,660 [INFO] Movimiento detenido
2025-05-22 18:53:31,774 [INFO] Movimiento detenido
2025-05-22 18:53:31,886 [INFO] Movimiento detenido
2025-05-22 18:53:31,999 [INFO] Movimiento detenido
2025-05-22 18:53:32,111 [INFO] Movimiento detenido
2025-05-22 18:53:32,224 [INFO] Movimiento detenido
2025-05-22 18:53:32,337 [INFO] Movimiento detenido
2025-05-22 18:53:32,449 [INFO] Movimiento detenido
2025-05-22 18:53:32,476 [INFO] Lectura datos climáticos NASA
2025-05-22 18:53:32,479 [INFO] Datos JSON preparados para envío
2025-05-22 18:53:32,562 [INFO] Movimiento detenido
2025-05-22 18:53:32,674 [INFO] Movimiento detenido
2025-05-22 18:53:32,785 [INFO] Movimiento detenido
2025-05-22 18:53:32,896 [INFO] Movimiento detenido
2025-05-22 18:53:33,009 [INFO] Movimiento detenido
2025-05-22 18:53:33,124 [INFO] Movimiento detenido
2025-05-22 18:53:33,236 [INFO] Movimiento detenido
2025-05-22 18:53:33,348 [INFO] Movimiento detenido
2025-05-22 18:53:33,459 [INFO] Movimiento detenido
2025-05-22 18:53:33,535 [INFO] Lectura BMP390
2025-05-22 18:53:33,571 [INFO] Movimiento detenido
2025-05-22 18:53:33,689 [INFO] Movimiento detenido
2025-05-22 18:53:33,723 [INFO] Lectura LTR390
2025-05-22 18:53:33,728 [INFO] Lectura desde ESP32-S3 por serial
2025-05-22 18:53:33,811 [INFO] Movimiento detenido
2025-05-22 18:53:33,935 [INFO] Movimiento detenido
2025-05-22 18:53:34,047 [INFO] Movimiento detenido
2025-05-22 18:53:34,158 [INFO] Movimiento detenido
2025-05-22 18:53:34,269 [INFO] Movimiento detenido
2025-05-22 18:53:34,381 [INFO] Movimiento detenido
2025-05-22 18:53:34,494 [INFO] Movimiento detenido
2025-05-22 18:53:34,605 [INFO] Movimiento detenido
2025-05-22 18:53:34,722 [INFO] Movimiento detenido
2025-05-22 18:53:34,835 [INFO] Movimiento detenido
2025-05-22 18:53:34,946 [INFO] Movimiento detenido
2025-05-22 18:53:35,059 [INFO] Movimiento detenido
2025-05-22 18:53:35,171 [INFO] Movimiento detenido
2025-05-22 18:53:35,283 [INFO] Movimiento detenido
2025-05-22 18:53:35,395 [INFO] Movimiento detenido
2025-05-22 18:53:35,506 [INFO] Movimiento detenido
2025-05-22 18:53:35,626 [INFO] Movimiento detenido
2025-05-22 18:53:35,741 [INFO] Movimiento detenido
2025-05-22 18:53:35,853 [INFO] Movimiento detenido
2025-05-22 18:53:35,965 [INFO] Movimiento detenido
2025-05-22 18:53:36,077 [INFO] Movimiento detenido
2025-05-22 18:53:36,192 [INFO] Movimiento detenido
2025-05-22 18:53:36,306 [INFO] Movimiento detenido
2025-05-22 18:53:36,419 [INFO] Movimiento detenido
2025-05-22 18:53:36,533 [INFO] Movimiento detenido
2025-05-22 18:53:36,645 [INFO] Movimiento detenido
2025-05-22 18:53:36,757 [INFO] Movimiento detenido
2025-05-22 18:53:36,869 [INFO] Movimiento detenido
2025-05-22 18:53:36,981 [INFO] Movimiento detenido
2025-05-22 18:53:37,095 [INFO] Movimiento detenido
2025-05-22 18:53:37,207 [INFO] Movimiento detenido
2025-05-22 18:53:37,320 [INFO] Movimiento detenido
2025-05-22 18:53:37,442 [INFO] Movimiento detenido
2025-05-22 18:53:37,554 [INFO] Movimiento detenido
2025-05-22 18:53:37,666 [INFO] Movimiento detenido
2025-05-22 18:53:37,778 [INFO] Movimiento detenido
2025-05-22 18:53:37,890 [INFO] Movimiento detenido
2025-05-22 18:53:38,004 [INFO] Movimiento detenido
2025-05-22 18:53:38,116 [INFO] Movimiento detenido
2025-05-22 18:53:38,228 [INFO] Movimiento detenido
2025-05-22 18:53:38,343 [INFO] Movimiento detenido
2025-05-22 18:53:38,372 [INFO] Lectura datos climáticos NASA
2025-05-22 18:53:38,375 [INFO] Datos JSON preparados para envío
2025-05-22 18:53:38,454 [INFO] Movimiento detenido
2025-05-22 18:53:38,565 [INFO] Movimiento detenido
2025-05-22 18:53:38,677 [INFO] Movimiento detenido
2025-05-22 18:53:38,788 [INFO] Movimiento detenido
2025-05-22 18:53:38,902 [INFO] Movimiento detenido
2025-05-22 18:53:39,015 [INFO] Movimiento detenido
2025-05-22 18:53:39,130 [INFO] Movimiento detenido
2025-05-22 18:53:39,244 [INFO] Movimiento detenido
2025-05-22 18:53:39,355 [INFO] Movimiento detenido
2025-05-22 18:53:39,427 [INFO] Lectura BMP390
2025-05-22 18:53:39,469 [INFO] Movimiento detenido
2025-05-22 18:53:39,582 [INFO] Movimiento detenido
2025-05-22 18:53:39,613 [INFO] Lectura LTR390
2025-05-22 18:53:39,617 [INFO] Lectura desde ESP32-S3 por serial
2025-05-22 18:53:39,703 [INFO] Movimiento detenido
2025-05-22 18:53:39,816 [INFO] Movimiento detenido
2025-05-22 18:53:39,929 [INFO] Movimiento detenido
2025-05-22 18:53:40,041 [INFO] Movimiento detenido
2025-05-22 18:53:40,154 [INFO] Movimiento detenido
2025-05-22 18:53:40,266 [INFO] Movimiento detenido
2025-05-22 18:53:40,378 [INFO] Movimiento detenido
2025-05-22 18:53:40,502 [INFO] Movimiento detenido
2025-05-22 18:53:40,617 [INFO] Movimiento detenido
2025-05-22 18:53:40,728 [INFO] Movimiento detenido
2025-05-22 18:53:40,840 [INFO] Movimiento detenido
2025-05-22 18:53:40,951 [INFO] Movimiento detenido
2025-05-22 18:53:41,063 [INFO] Movimiento detenido
2025-05-22 18:53:41,175 [INFO] Movimiento detenido
2025-05-22 18:53:41,287 [INFO] Movimiento detenido
2025-05-22 18:53:41,399 [INFO] Movimiento detenido
2025-05-22 18:53:41,512 [INFO] Movimiento detenido
2025-05-22 18:53:41,625 [INFO] Movimiento detenido
2025-05-22 18:53:41,738 [INFO] Movimiento detenido
2025-05-22 18:53:41,850 [INFO] Movimiento detenido
2025-05-22 18:53:41,961 [INFO] Movimiento detenido
2025-05-22 18:53:42,074 [INFO] Movimiento detenido
2025-05-22 18:53:42,186 [INFO] Movimiento detenido
2025-05-22 18:53:42,299 [INFO] Movimiento detenido
2025-05-22 18:53:42,413 [INFO] Movimiento detenido
2025-05-22 18:53:42,524 [INFO] Movimiento detenido
2025-05-22 18:53:42,635 [INFO] Movimiento detenido
2025-05-22 18:53:42,747 [INFO] Movimiento detenido
2025-05-22 18:53:42,858 [INFO] Movimiento detenido
2025-05-22 18:53:42,969 [INFO] Movimiento detenido
2025-05-22 18:53:43,086 [INFO] Movimiento detenido
2025-05-22 18:53:43,199 [INFO] Movimiento detenido
2025-05-22 18:53:43,310 [INFO] Movimiento detenido
2025-05-22 18:53:43,422 [INFO] Movimiento detenido
2025-05-22 18:53:43,536 [INFO] Movimiento detenido
2025-05-22 18:53:43,647 [INFO] Movimiento detenido
2025-05-22 18:53:43,761 [INFO] Movimiento detenido
2025-05-22 18:53:43,874 [INFO] Movimiento detenido
2025-05-22 18:53:43,987 [INFO] Movimiento detenido
2025-05-22 18:53:44,100 [INFO] Movimiento detenido
2025-05-22 18:53:44,199 [INFO] Lectura datos climáticos NASA
2025-05-22 18:53:44,203 [INFO] Datos JSON preparados para envío
2025-05-22 18:53:44,212 [INFO] Movimiento detenido
2025-05-22 18:53:44,324 [INFO] Movimiento detenido
2025-05-22 18:53:44,439 [INFO] Movimiento detenido
2025-05-22 18:53:44,552 [INFO] Movimiento detenido
2025-05-22 18:53:44,666 [INFO] Movimiento detenido
2025-05-22 18:53:44,777 [INFO] Movimiento detenido
2025-05-22 18:53:44,891 [INFO] Movimiento detenido
2025-05-22 18:53:45,005 [INFO] Movimiento detenido
2025-05-22 18:53:45,118 [INFO] Movimiento detenido
2025-05-22 18:53:45,230 [INFO] Movimiento detenido
2025-05-22 18:53:45,254 [INFO] Lectura BMP390
2025-05-22 18:53:45,343 [INFO] Movimiento detenido
2025-05-22 18:53:45,433 [INFO] Lectura LTR390
2025-05-22 18:53:45,436 [INFO] Lectura desde ESP32-S3 por serial
2025-05-22 18:53:45,456 [INFO] Movimiento detenido
2025-05-22 18:53:45,568 [INFO] Movimiento detenido
2025-05-22 18:53:45,682 [INFO] Movimiento detenido
2025-05-22 18:53:45,796 [INFO] Movimiento detenido
2025-05-22 18:53:45,907 [INFO] Movimiento detenido
2025-05-22 18:53:46,020 [INFO] Movimiento detenido
2025-05-22 18:53:46,133 [INFO] Movimiento detenido
2025-05-22 18:53:46,249 [INFO] Movimiento detenido
2025-05-22 18:53:46,361 [INFO] Movimiento detenido
2025-05-22 18:53:46,475 [INFO] Movimiento detenido
2025-05-22 18:53:46,587 [INFO] Movimiento detenido
2025-05-22 18:53:46,703 [INFO] Movimiento detenido
2025-05-22 18:53:46,822 [INFO] Movimiento detenido
2025-05-22 18:53:46,934 [INFO] Movimiento detenido
2025-05-22 18:53:47,045 [INFO] Movimiento detenido
2025-05-22 18:53:47,157 [INFO] Movimiento detenido
2025-05-22 18:53:47,268 [INFO] Movimiento detenido
2025-05-22 18:53:47,379 [INFO] Movimiento detenido
2025-05-22 18:53:47,490 [INFO] Movimiento detenido
2025-05-22 18:53:47,601 [INFO] Movimiento detenido
2025-05-22 18:53:47,713 [INFO] Movimiento detenido
2025-05-22 18:53:47,825 [INFO] Movimiento detenido
2025-05-22 18:53:47,937 [INFO] Movimiento detenido
2025-05-22 18:53:48,051 [INFO] Movimiento detenido
2025-05-22 18:53:48,163 [INFO] Movimiento detenido
2025-05-22 18:53:48,275 [INFO] Movimiento detenido
2025-05-22 18:53:48,388 [INFO] Movimiento detenido
2025-05-22 18:53:48,499 [INFO] Movimiento detenido
2025-05-22 18:53:48,610 [INFO] Movimiento detenido
2025-05-22 18:53:48,731 [INFO] Movimiento detenido
2025-05-22 18:53:48,844 [INFO] Movimiento detenido
2025-05-22 18:53:48,956 [INFO] Movimiento detenido
2025-05-22 18:53:49,067 [INFO] Movimiento detenido
2025-05-22 18:53:49,178 [INFO] Movimiento detenido
2025-05-22 18:53:49,290 [INFO] Movimiento detenido
2025-05-22 18:53:49,401 [INFO] Movimiento detenido
2025-05-22 18:53:49,516 [INFO] Movimiento detenido
2025-05-22 18:53:49,629 [INFO] Movimiento detenido
2025-05-22 18:53:49,694 [INFO] Lectura datos climáticos NASA
2025-05-22 18:53:49,701 [INFO] Datos JSON preparados para envío
2025-05-22 18:53:49,743 [INFO] Movimiento detenido
2025-05-22 18:53:49,857 [INFO] Movimiento detenido
2025-05-22 18:53:49,971 [INFO] Movimiento detenido
2025-05-22 18:53:50,084 [INFO] Movimiento detenido
2025-05-22 18:53:50,199 [INFO] Movimiento detenido
2025-05-22 18:53:50,313 [INFO] Movimiento detenido
2025-05-22 18:53:50,426 [INFO] Movimiento detenido
2025-05-22 18:53:50,538 [INFO] Movimiento detenido
2025-05-22 18:53:50,649 [INFO] Movimiento detenido
2025-05-22 18:53:50,752 [INFO] Lectura BMP390
2025-05-22 18:53:50,761 [INFO] Movimiento detenido
2025-05-22 18:53:50,873 [INFO] Movimiento detenido
2025-05-22 18:53:50,933 [INFO] Lectura LTR390
2025-05-22 18:53:50,937 [INFO] Lectura desde ESP32-S3 por serial
2025-05-22 18:53:50,987 [INFO] Movimiento detenido
2025-05-22 18:53:51,098 [INFO] Movimiento detenido
2025-05-22 18:53:51,210 [INFO] Movimiento detenido
2025-05-22 18:53:51,322 [INFO] Movimiento detenido
2025-05-22 18:53:51,435 [INFO] Movimiento detenido
2025-05-22 18:53:51,547 [INFO] Movimiento detenido
2025-05-22 18:53:51,659 [INFO] Movimiento detenido
2025-05-22 18:53:51,772 [INFO] Movimiento detenido
2025-05-22 18:53:51,885 [INFO] Movimiento detenido
2025-05-22 18:53:51,998 [INFO] Movimiento detenido
2025-05-22 18:53:52,111 [INFO] Movimiento detenido
2025-05-22 18:53:52,232 [INFO] Movimiento detenido
2025-05-22 18:53:52,345 [INFO] Movimiento detenido
2025-05-22 18:53:52,456 [INFO] Movimiento detenido
2025-05-22 18:53:52,569 [INFO] Movimiento detenido
2025-05-22 18:53:52,681 [INFO] Movimiento detenido
2025-05-22 18:53:52,792 [INFO] Movimiento detenido
2025-05-22 18:53:52,904 [INFO] Movimiento detenido
2025-05-22 18:53:53,016 [INFO] Movimiento detenido
2025-05-22 18:53:53,130 [INFO] Movimiento detenido
2025-05-22 18:53:53,243 [INFO] Movimiento detenido
2025-05-22 18:53:53,356 [INFO] Movimiento detenido
2025-05-22 18:53:53,468 [INFO] Movimiento detenido
2025-05-22 18:53:53,582 [INFO] Movimiento detenido
2025-05-22 18:53:53,706 [INFO] Movimiento detenido
2025-05-22 18:53:53,820 [INFO] Movimiento detenido
2025-05-22 18:53:53,934 [INFO] Movimiento detenido
2025-05-22 18:53:54,047 [INFO] Movimiento detenido
2025-05-22 18:53:54,158 [INFO] Movimiento detenido
2025-05-22 18:53:54,270 [INFO] Movimiento detenido
2025-05-22 18:53:54,306 [INFO] Lectura datos climáticos NASA
2025-05-22 18:53:54,312 [INFO] Datos JSON preparados para envío
2025-05-22 18:53:54,382 [INFO] Movimiento detenido
2025-05-22 18:53:54,495 [INFO] Movimiento detenido
2025-05-22 18:53:54,606 [INFO] Movimiento detenido
2025-05-22 18:53:54,718 [INFO] Movimiento detenido
2025-05-22 18:53:54,831 [INFO] Movimiento detenido
2025-05-22 18:53:54,943 [INFO] Movimiento detenido
2025-05-22 18:53:55,055 [INFO] Movimiento detenido
2025-05-22 18:53:55,166 [INFO] Movimiento detenido
2025-05-22 18:53:55,278 [INFO] Movimiento detenido
2025-05-22 18:53:55,365 [INFO] Lectura BMP390
2025-05-22 18:53:55,391 [INFO] Movimiento detenido
2025-05-22 18:53:55,504 [INFO] Movimiento detenido
2025-05-22 18:53:55,564 [INFO] Lectura LTR390
2025-05-22 18:53:55,568 [INFO] Lectura desde ESP32-S3 por serial
2025-05-22 18:53:55,626 [INFO] Movimiento detenido
2025-05-22 18:53:55,738 [INFO] Movimiento detenido
2025-05-22 18:53:55,849 [INFO] Movimiento detenido
2025-05-22 18:55:10,984 [INFO] Inicio del sistema
2025-05-22 18:55:12,135 [INFO] Lectura BMP390
2025-05-22 18:55:12,166 [INFO] [31m[1mWARNING: This is a development server. Do not use it in a production deployment. Use a production WSGI server instead.[0m
 * Running on all addresses (0.0.0.0)
 * Running on http://127.0.0.1:5000
 * Running on http://192.168.95.239:5000
2025-05-22 18:55:12,167 [INFO] [33mPress CTRL+C to quit[0m
2025-05-22 18:55:12,359 [INFO] Lectura LTR390
2025-05-22 18:55:12,365 [WARNING] Lectura serial fallida o formato incorrecto
2025-05-22 18:55:17,347 [INFO] Lectura datos climáticos NASA
2025-05-22 18:55:17,350 [INFO] Datos JSON preparados para envío
2025-05-22 18:55:18,403 [INFO] Lectura BMP390
2025-05-22 18:55:18,587 [INFO] Lectura LTR390
2025-05-22 18:55:18,592 [INFO] Lectura desde ESP32-S3 por serial
2025-05-22 18:55:23,099 [INFO] Lectura datos climáticos NASA
2025-05-22 18:55:23,105 [INFO] Datos JSON preparados para envío
2025-05-22 18:55:24,158 [INFO] Lectura BMP390
2025-05-22 18:55:24,344 [INFO] Lectura LTR390
2025-05-22 18:55:24,348 [INFO] Lectura desde ESP32-S3 por serial
2025-05-22 18:55:28,166 [INFO] Lectura datos climáticos NASA
2025-05-22 18:55:28,173 [INFO] Datos JSON preparados para envío
2025-05-22 18:55:29,227 [INFO] Lectura BMP390
2025-05-22 18:55:29,409 [INFO] Lectura LTR390
2025-05-22 18:55:29,414 [INFO] Lectura desde ESP32-S3 por serial
2025-05-22 18:55:32,807 [INFO] Lectura datos climáticos NASA
2025-05-22 18:55:32,813 [INFO] Datos JSON preparados para envío
2025-05-22 18:55:33,408 [INFO] 192.168.95.177 - - [22/May/2025 18:55:33] "POST /mover HTTP/1.1" 200 -
2025-05-22 18:55:33,409 [INFO] Movimiento hacia adelante
2025-05-22 18:55:33,872 [INFO] Lectura BMP390
2025-05-22 18:55:34,072 [INFO] Lectura LTR390
2025-05-22 18:55:34,080 [INFO] Lectura desde ESP32-S3 por serial
2025-05-22 18:55:36,635 [INFO] Movimiento hacia adelante
2025-05-22 18:55:37,933 [INFO] Lectura datos climáticos NASA
2025-05-22 18:55:37,936 [INFO] Datos JSON preparados para envío
2025-05-22 18:55:38,998 [INFO] Lectura BMP390
2025-05-22 18:55:39,187 [INFO] Lectura LTR390
2025-05-22 18:55:39,194 [INFO] Lectura desde ESP32-S3 por serial
2025-05-22 18:55:39,848 [INFO] Movimiento hacia adelante
2025-05-22 18:55:40,217 [INFO] 192.168.95.177 - - [22/May/2025 18:55:40] "POST /mover HTTP/1.1" 200 -
2025-05-22 18:55:42,957 [INFO] Lectura datos climáticos NASA
2025-05-22 18:55:42,963 [INFO] Datos JSON preparados para envío
2025-05-22 18:55:44,017 [INFO] Lectura BMP390
2025-05-22 18:55:44,202 [INFO] Lectura LTR390
2025-05-22 18:55:44,205 [INFO] Lectura desde ESP32-S3 por serial
2025-05-22 18:55:48,531 [INFO] Lectura datos climáticos NASA
2025-05-22 18:55:48,535 [INFO] Datos JSON preparados para envío
2025-05-22 18:55:49,592 [INFO] Lectura BMP390
2025-05-22 18:55:49,783 [INFO] Lectura LTR390
2025-05-22 18:55:49,788 [INFO] Lectura desde ESP32-S3 por serial
2025-05-22 18:55:53,273 [INFO] Lectura datos climáticos NASA
2025-05-22 18:55:53,279 [INFO] Datos JSON preparados para envío
2025-05-22 18:55:54,332 [INFO] Lectura BMP390
2025-05-22 18:55:54,513 [INFO] Lectura LTR390
2025-05-22 18:55:54,518 [INFO] Lectura desde ESP32-S3 por serial
2025-05-22 18:55:58,574 [INFO] Lectura datos climáticos NASA
2025-05-22 18:55:58,576 [INFO] Datos JSON preparados para envío
2025-05-22 18:55:59,628 [INFO] Lectura BMP390
2025-05-22 18:55:59,811 [INFO] Lectura LTR390
2025-05-22 18:55:59,818 [INFO] Lectura desde ESP32-S3 por serial
2025-05-22 18:56:04,302 [INFO] Lectura datos climáticos NASA
2025-05-22 18:56:04,305 [INFO] Datos JSON preparados para envío
2025-05-22 18:56:05,359 [INFO] Lectura BMP390
2025-05-22 18:56:05,540 [INFO] Lectura LTR390
2025-05-22 18:56:05,546 [INFO] Lectura desde ESP32-S3 por serial
2025-05-22 18:56:09,517 [INFO] Lectura datos climáticos NASA
2025-05-22 18:56:09,519 [INFO] Datos JSON preparados para envío
2025-05-22 18:56:10,572 [INFO] Lectura BMP390
2025-05-22 18:56:10,753 [INFO] Lectura LTR390
2025-05-22 18:56:10,760 [INFO] Lectura desde ESP32-S3 por serial
2025-05-22 18:56:14,842 [INFO] Lectura datos climáticos NASA
2025-05-22 18:56:14,845 [INFO] Datos JSON preparados para envío
2025-05-22 18:56:15,897 [INFO] Lectura BMP390
2025-05-22 18:56:16,081 [INFO] Lectura LTR390
2025-05-22 18:56:16,088 [INFO] Lectura desde ESP32-S3 por serial
2025-05-22 18:56:21,086 [INFO] Lectura datos climáticos NASA
2025-05-22 18:56:21,092 [INFO] Datos JSON preparados para envío
2025-05-22 18:56:22,146 [INFO] Lectura BMP390
2025-05-22 18:56:22,327 [INFO] Lectura LTR390
2025-05-22 18:56:22,333 [INFO] Lectura desde ESP32-S3 por serial
2025-05-22 18:56:26,098 [INFO] Lectura datos climáticos NASA
2025-05-22 18:56:26,104 [INFO] Datos JSON preparados para envío
2025-05-22 18:56:27,157 [INFO] Lectura BMP390
2025-05-22 18:56:27,338 [INFO] Lectura LTR390
2025-05-22 18:56:27,343 [INFO] Lectura desde ESP32-S3 por serial
2025-05-22 18:56:31,007 [INFO] Lectura datos climáticos NASA
2025-05-22 18:56:31,009 [INFO] Datos JSON preparados para envío
2025-05-22 18:56:32,062 [INFO] Lectura BMP390
2025-05-22 18:56:32,242 [INFO] Lectura LTR390
2025-05-22 18:56:32,249 [INFO] Lectura desde ESP32-S3 por serial
2025-05-22 18:56:40,527 [INFO] Lectura datos climáticos NASA
2025-05-22 18:56:40,530 [INFO] Datos JSON preparados para envío
2025-05-22 18:56:41,585 [INFO] Lectura BMP390
2025-05-22 18:56:41,763 [INFO] Lectura LTR390
2025-05-22 18:56:41,767 [INFO] Lectura desde ESP32-S3 por serial
